INSERT INTO "LOCATION" ("LOCATION_ID","LOCATION_TYPE","ADDRESS","LONGITUDE","LATITUDE")VALUES('1','R','Bernburger Str. 3510963 BerlinGermany','13.380618','52.504779');
INSERT INTO "RESTAURANT" ("RESTAURANT_ID","PRICERANGE","PHONE_NUMBER","WEBSITE")VALUES('25974184','€','+49 30 51056381','stadtklause.de');
INSERT INTO "CUISINE" ("RESTAURANT_ID","CUISINE_TYPE")VALUES('25974184','German');
INSERT INTO "RESTAURANT_RATING" ("RESTAURANT_ID","SCALE","OVERALL_RATING","SOURCE")VALUES('25974184','5','4.5','Yelp');
INSERT INTO "RESTAURANT_FEATURE" ("RESTAURANT_ID","FEATURE_NAME","DESCRIPTION")VALUES('25974184','Takes Reservations','No');
INSERT INTO "RESTAURANT_FEATURE" ("RESTAURANT_ID","FEATURE_NAME","DESCRIPTION")VALUES('25974184','Delivery','No');
INSERT INTO "RESTAURANT_FEATURE" ("RESTAURANT_ID","FEATURE_NAME","DESCRIPTION")VALUES('25974184','Take-out','No');
INSERT INTO "RESTAURANT_FEATURE" ("RESTAURANT_ID","FEATURE_NAME","DESCRIPTION")VALUES('25974184','Accepted Cards','None');
INSERT INTO "RESTAURANT_FEATURE" ("RESTAURANT_ID","FEATURE_NAME","DESCRIPTION")VALUES('25974184','Good For','Dinner');
INSERT INTO "RESTAURANT_FEATURE" ("RESTAURANT_ID","FEATURE_NAME","DESCRIPTION")VALUES('25974184','Parking','Street');
INSERT INTO "RESTAURANT_FEATURE" ("RESTAURANT_ID","FEATURE_NAME","DESCRIPTION")VALUES('25974184','Good for Kids','No');
INSERT INTO "RESTAURANT_FEATURE" ("RESTAURANT_ID","FEATURE_NAME","DESCRIPTION")VALUES('25974184','Good for Groups','Yes');
INSERT INTO "RESTAURANT_FEATURE" ("RESTAURANT_ID","FEATURE_NAME","DESCRIPTION")VALUES('25974184','Attire','Casual');
INSERT INTO "RESTAURANT_FEATURE" ("RESTAURANT_ID","FEATURE_NAME","DESCRIPTION")VALUES('25974184','Ambience','Casual');
INSERT INTO "RESTAURANT_FEATURE" ("RESTAURANT_ID","FEATURE_NAME","DESCRIPTION")VALUES('25974184','Noise Level','Average');
INSERT INTO "RESTAURANT_FEATURE" ("RESTAURANT_ID","FEATURE_NAME","DESCRIPTION")VALUES('25974184','Alcohol','Beer & Wine Only');
INSERT INTO "RESTAURANT_FEATURE" ("RESTAURANT_ID","FEATURE_NAME","DESCRIPTION")VALUES('25974184','Outdoor Seating','Yes');
INSERT INTO "RESTAURANT_FEATURE" ("RESTAURANT_ID","FEATURE_NAME","DESCRIPTION")VALUES('25974184','Wi-Fi','No');
INSERT INTO "RESTAURANT_FEATURE" ("RESTAURANT_ID","FEATURE_NAME","DESCRIPTION")VALUES('25974184','Has TV','No');
INSERT INTO "RESTAURANT_FEATURE" ("RESTAURANT_ID","FEATURE_NAME","DESCRIPTION")VALUES('25974184','Waiter Service','Yes');
INSERT INTO "RESTAURANT_FEATURE" ("RESTAURANT_ID","FEATURE_NAME","DESCRIPTION")VALUES('25974184','Caters','No');
INSERT INTO "OPENING_HOUR" ("DAY","RESTAURANT_ID","OPENING_TIME","CLOSING_TIME")VALUES('Mon','25974184','4:00 pm','12:00 am');
INSERT INTO "OPENING_HOUR" ("DAY","RESTAURANT_ID","OPENING_TIME","CLOSING_TIME")VALUES('Tue','25974184','4:00 pm','12:00 am');
INSERT INTO "OPENING_HOUR" ("DAY","RESTAURANT_ID","OPENING_TIME","CLOSING_TIME")VALUES('Wed','25974184','4:00 pm','12:00 am');
INSERT INTO "OPENING_HOUR" ("DAY","RESTAURANT_ID","OPENING_TIME","CLOSING_TIME")VALUES('Thu','25974184','4:00 pm','12:00 am');
INSERT INTO "OPENING_HOUR" ("DAY","RESTAURANT_ID","OPENING_TIME","CLOSING_TIME")VALUES('Fri','25974184','4:00 pm','12:00 am');
INSERT INTO "OPENING_HOUR" ("DAY","RESTAURANT_ID","OPENING_TIME","CLOSING_TIME")VALUES('Sat','25974184','4:00 pm','12:00 am');
INSERT INTO "OPENING_HOUR" ("DAY","RESTAURANT_ID","OPENING_TIME","CLOSING_TIME")VALUES('Sun','25974184','Open now','12:00 am');
INSERT INTO "USER_REVIEW" ("RESTAURANT_ID","REVIEW_DATE","COMMENT","REVIEW_RATING")VALUES('25974184','2017-09-05 12:53:57','Awesome schnitzel!! Definitely add the eggs

Great atmosphere 

Staff very friendly 

Price was brilliant','5');
INSERT INTO "PHOTO" ("RESTAURANT_ID","PICTURE_URL")VALUES('25974184','https://s3-media2.fl.yelpcdn.com/photo/apoboCduyc8AgoNJAGMSVw/o.jpg');
INSERT INTO "USER_REVIEW" ("RESTAURANT_ID","REVIEW_DATE","COMMENT","REVIEW_RATING")VALUES('25974184','2018-01-06 09:35:56','This was my first official meal in Berlin, and it seemed very authentic!

Service: I was seated right away, and the waiter was extremely friendly and always...','4');
INSERT INTO "PHOTO" ("RESTAURANT_ID","PICTURE_URL")VALUES('25974184','https://s3-media2.fl.yelpcdn.com/photo/jqrjUvG8U1wFY0d4g-qhfg/o.jpg');
INSERT INTO "USER_REVIEW" ("RESTAURANT_ID","REVIEW_DATE","COMMENT","REVIEW_RATING")VALUES('25974184','2017-09-04 10:03:39','My favorite place! I don''t know better place in Berlin to get real German homemade food! Prices are 
low, service is different from other restaurants in...','5');
INSERT INTO "PHOTO" ("RESTAURANT_ID","PICTURE_URL")VALUES('25974184','https://s3-media1.fl.yelpcdn.com/photo/IzyVvU7XgvdaPe_P10BtPQ/o.jpg');
INSERT INTO "RESTAURANT_RATING" ("RESTAURANT_ID","SCALE","OVERALL_RATING","SOURCE")VALUES('25974184','5','4.3','Google Map');
INSERT INTO "USER_REVIEW" ("RESTAURANT_ID","REVIEW_DATE","COMMENT","REVIEW_RATING")VALUES('25974184','2017-10-07','The food was GREAT and the service was fast. When you walk in the restaurant is divided into two halves, the first half is wooden tables and benches then when you go a little further in it''s more traditional tables and chairs. I would suggest going to the back section as the wooden benches weren''t very comfortable. I ordered the Schnitzel dish which came with potatoes two eggs and salad, everything down to the cabbage salad had an amazing taste. Everything was well seasoned and cooked and the portions were quite big. The price was decent, for two main plates and two sodas we paid a total of €24. It''s also quite easy to get to by transit. I definitely recommend this place.','4');
INSERT INTO "USER_REVIEW" ("RESTAURANT_ID","REVIEW_DATE","COMMENT","REVIEW_RATING")VALUES('25974184','2017-12-17','Absolutely love this place! The staff and clientele are lovely and the food is awesome. Drinks are super gorgeous and I will return again and again! X','5');
INSERT INTO "USER_REVIEW" ("RESTAURANT_ID","REVIEW_DATE","COMMENT","REVIEW_RATING")VALUES('25974184','2017-11-20','Cheap eat tucked away down a cozy cave-like building that could possibly have been here hundreds of years. Schnitzel and rissoles we''re amazing. Highly recommend.','5');
INSERT INTO "USER_REVIEW" ("RESTAURANT_ID","REVIEW_DATE","COMMENT","REVIEW_RATING")VALUES('25974184','2017-12-09','Wonderful German pub with decent prices. And, of course Gigi the "crazy man" will serve you. Highly recommend this place.','5');
INSERT INTO "USER_REVIEW" ("RESTAURANT_ID","REVIEW_DATE","COMMENT","REVIEW_RATING")VALUES('25974184','2017-09-27','Amazing find around the corner from our hotel. Was full the first time we tried but we got lucky on a return visit. Massive servings of hearty food. And for an Australian to be able to get rissoles... Amazing.','5');
INSERT INTO "LOCATION" ("LOCATION_ID","LOCATION_TYPE","ADDRESS","LONGITUDE","LATITUDE")VALUES('2','R','Fuggerstr. 1810777 BerlinGermany','13.3453693','52.4989484');
INSERT INTO "RESTAURANT" ("RESTAURANT_ID","PRICERANGE","PHONE_NUMBER","WEBSITE")VALUES('6617916','€€','+49 30 23607346','elefantrestaurant.de');
INSERT INTO "CUISINE" ("RESTAURANT_ID","CUISINE_TYPE")VALUES('6617916','German');
INSERT INTO "RESTAURANT_RATING" ("RESTAURANT_ID","SCALE","OVERALL_RATING","SOURCE")VALUES('6617916','5','4.5','Yelp');
INSERT INTO "RESTAURANT_FEATURE" ("RESTAURANT_ID","FEATURE_NAME","DESCRIPTION")VALUES('6617916','Takes Reservations','Yes');
INSERT INTO "RESTAURANT_FEATURE" ("RESTAURANT_ID","FEATURE_NAME","DESCRIPTION")VALUES('6617916','Delivery','No');
INSERT INTO "RESTAURANT_FEATURE" ("RESTAURANT_ID","FEATURE_NAME","DESCRIPTION")VALUES('6617916','Take-out','Yes');
INSERT INTO "RESTAURANT_FEATURE" ("RESTAURANT_ID","FEATURE_NAME","DESCRIPTION")VALUES('6617916','Accepted Cards','Credit, Debit');
INSERT INTO "RESTAURANT_FEATURE" ("RESTAURANT_ID","FEATURE_NAME","DESCRIPTION")VALUES('6617916','Accepts Bitcoin','No');
INSERT INTO "RESTAURANT_FEATURE" ("RESTAURANT_ID","FEATURE_NAME","DESCRIPTION")VALUES('6617916','Good For','Dinner');
INSERT INTO "RESTAURANT_FEATURE" ("RESTAURANT_ID","FEATURE_NAME","DESCRIPTION")VALUES('6617916','Parking','Street');
INSERT INTO "RESTAURANT_FEATURE" ("RESTAURANT_ID","FEATURE_NAME","DESCRIPTION")VALUES('6617916','Wheelchair Accessible','No');
INSERT INTO "RESTAURANT_FEATURE" ("RESTAURANT_ID","FEATURE_NAME","DESCRIPTION")VALUES('6617916','Good for Kids','Yes');
INSERT INTO "RESTAURANT_FEATURE" ("RESTAURANT_ID","FEATURE_NAME","DESCRIPTION")VALUES('6617916','Good for Groups','Yes');
INSERT INTO "RESTAURANT_FEATURE" ("RESTAURANT_ID","FEATURE_NAME","DESCRIPTION")VALUES('6617916','Attire','Casual');
INSERT INTO "RESTAURANT_FEATURE" ("RESTAURANT_ID","FEATURE_NAME","DESCRIPTION")VALUES('6617916','Noise Level','Average');
INSERT INTO "RESTAURANT_FEATURE" ("RESTAURANT_ID","FEATURE_NAME","DESCRIPTION")VALUES('6617916','Alcohol','Full Bar');
INSERT INTO "RESTAURANT_FEATURE" ("RESTAURANT_ID","FEATURE_NAME","DESCRIPTION")VALUES('6617916','Outdoor Seating','Yes');
INSERT INTO "RESTAURANT_FEATURE" ("RESTAURANT_ID","FEATURE_NAME","DESCRIPTION")VALUES('6617916','Wi-Fi','Free');
INSERT INTO "RESTAURANT_FEATURE" ("RESTAURANT_ID","FEATURE_NAME","DESCRIPTION")VALUES('6617916','Has TV','Yes');
INSERT INTO "RESTAURANT_FEATURE" ("RESTAURANT_ID","FEATURE_NAME","DESCRIPTION")VALUES('6617916','Dogs Allowed','Yes');
INSERT INTO "RESTAURANT_FEATURE" ("RESTAURANT_ID","FEATURE_NAME","DESCRIPTION")VALUES('6617916','Waiter Service','Yes');
INSERT INTO "RESTAURANT_FEATURE" ("RESTAURANT_ID","FEATURE_NAME","DESCRIPTION")VALUES('6617916','Caters','No');
INSERT INTO "OPENING_HOUR" ("DAY","RESTAURANT_ID","OPENING_TIME","CLOSING_TIME")VALUES('Mon','6617916','12:00 pm','11:00 pm');
INSERT INTO "OPENING_HOUR" ("DAY","RESTAURANT_ID","OPENING_TIME","CLOSING_TIME")VALUES('Tue','6617916','12:00 pm','11:00 pm');
INSERT INTO "OPENING_HOUR" ("DAY","RESTAURANT_ID","OPENING_TIME","CLOSING_TIME")VALUES('Wed','6617916','12:00 pm','11:00 pm');
INSERT INTO "OPENING_HOUR" ("DAY","RESTAURANT_ID","OPENING_TIME","CLOSING_TIME")VALUES('Thu','6617916','12:00 pm','11:00 pm');
INSERT INTO "OPENING_HOUR" ("DAY","RESTAURANT_ID","OPENING_TIME","CLOSING_TIME")VALUES('Fri','6617916','12:00 pm','11:00 pm');
INSERT INTO "OPENING_HOUR" ("DAY","RESTAURANT_ID","OPENING_TIME","CLOSING_TIME")VALUES('Sat','6617916','12:00 pm','11:00 pm');
INSERT INTO "OPENING_HOUR" ("DAY","RESTAURANT_ID","OPENING_TIME","CLOSING_TIME")VALUES('Sun','6617916','Open now','11:00 pm');
INSERT INTO "USER_REVIEW" ("RESTAURANT_ID","REVIEW_DATE","COMMENT","REVIEW_RATING")VALUES('6617916','2018-01-08 23:54:33','My wife says that this is one of the best Schnitzels she has had in Berlin.  I ordered the Swiss Schnitzel and she ordered a plain one.  Both came with...','5');
INSERT INTO "PHOTO" ("RESTAURANT_ID","PICTURE_URL")VALUES('6617916','https://s3-media2.fl.yelpcdn.com/photo/zZaCJlxISpeutfiP-p50ew/o.jpg');
INSERT INTO "USER_REVIEW" ("RESTAURANT_ID","REVIEW_DATE","COMMENT","REVIEW_RATING")VALUES('6617916','2017-11-23 09:59:21','Nicely tucked away in corner - great for a quiet evening. Ordered the Schnitzel Hunter style and flying kangaroo - both are amazing.

Great ambience and...','5');
INSERT INTO "PHOTO" ("RESTAURANT_ID","PICTURE_URL")VALUES('6617916','https://s3-media4.fl.yelpcdn.com/photo/xeVWlxxU6Gb6KYvir9qHaA/o.jpg');
INSERT INTO "USER_REVIEW" ("RESTAURANT_ID","REVIEW_DATE","COMMENT","REVIEW_RATING")VALUES('6617916','2017-11-07 13:31:37','I had a pretty good experience at Elefant. After finding this place (due to Yelp reviews) I had no trouble getting seated or waited upon. Actually the place...','4');
INSERT INTO "PHOTO" ("RESTAURANT_ID","PICTURE_URL")VALUES('6617916','https://s3-media2.fl.yelpcdn.com/photo/MUNnSmcQUZg8bftYVwnTsQ/o.jpg');
INSERT INTO "RESTAURANT_RATING" ("RESTAURANT_ID","SCALE","OVERALL_RATING","SOURCE")VALUES('6617916','5','4.4','Google Map');
INSERT INTO "USER_REVIEW" ("RESTAURANT_ID","REVIEW_DATE","COMMENT","REVIEW_RATING")VALUES('6617916','2018-01-03','On a windy, rainswept night this was a warm and inviting retreat. Schnitzel is the speciality of the house and they have many variations. I had the Munich variation and it was exactly what I was looking for. Tasty, hearty German food. One of the most satisfying meals I’ve had out in a very long time   Friendly, attentive staff and was pleasantly busy on a miserable, midweek evening. Highly recommended.','5');
INSERT INTO "USER_REVIEW" ("RESTAURANT_ID","REVIEW_DATE","COMMENT","REVIEW_RATING")VALUES('6617916','2017-09-23','Allegedly the place is owned by a gay couple, and seems to be situated in a gay area of Berlin (supported by the colourful businesses that surround it), but that should have no bearing on your choice to eat at this fine restaurant. The food is well-prepared and the portions are fit for a truly satisfying meal. Along with that, the staff are quite friendly and service is fairly fast. There''s a reason Elefant is rated highly overall; I''d have given 5 stars if only they hadn''t first sent me the wrong plate.','4');
INSERT INTO "USER_REVIEW" ("RESTAURANT_ID","REVIEW_DATE","COMMENT","REVIEW_RATING")VALUES('6617916','2017-10-28','I had the Pork Paris Style. The meat was too well done and kind of dry. But sides and croquettes were fine. The place was crowded with homosexuals, some of which had physical interactions with the waitors. I prefer the service to bee much more professional. Main course around 14 EUR.','2');
INSERT INTO "USER_REVIEW" ("RESTAURANT_ID","REVIEW_DATE","COMMENT","REVIEW_RATING")VALUES('6617916','2018-01-15','Great food, great service, expansive choice of German food for everyone. Dusseldorfer schnitzel was amazing, cleaned out the sinuses (mustard). Staff are great but not totally attentive.','4');
INSERT INTO "USER_REVIEW" ("RESTAURANT_ID","REVIEW_DATE","COMMENT","REVIEW_RATING")VALUES('6617916','2018-01-09','staff are very friendly. food is stunning and the portions are huge. we also had a lovely bottle of gavi di gavi','5');
INSERT INTO "LOCATION" ("LOCATION_ID","LOCATION_TYPE","ADDRESS","LONGITUDE","LATITUDE")VALUES('3','R','Unter den Linden 7710117 BerlinGermany','13.38003','52.51612');
INSERT INTO "RESTAURANT" ("RESTAURANT_ID","PRICERANGE","PHONE_NUMBER","WEBSITE")VALUES('32107037','€€€€','+49 30 22611960','lorenzadlon-esszimmer.de');
INSERT INTO "CUISINE" ("RESTAURANT_ID","CUISINE_TYPE")VALUES('32107037','Modern European');
INSERT INTO "RESTAURANT_RATING" ("RESTAURANT_ID","SCALE","OVERALL_RATING","SOURCE")VALUES('32107037','5','5.0','Yelp');
INSERT INTO "RESTAURANT_FEATURE" ("RESTAURANT_ID","FEATURE_NAME","DESCRIPTION")VALUES('32107037','Takes Reservations','Yes');
INSERT INTO "RESTAURANT_FEATURE" ("RESTAURANT_ID","FEATURE_NAME","DESCRIPTION")VALUES('32107037','Delivery','No');
INSERT INTO "RESTAURANT_FEATURE" ("RESTAURANT_ID","FEATURE_NAME","DESCRIPTION")VALUES('32107037','Take-out','No');
INSERT INTO "RESTAURANT_FEATURE" ("RESTAURANT_ID","FEATURE_NAME","DESCRIPTION")VALUES('32107037','Accepted Cards','Credit, Debit');
INSERT INTO "RESTAURANT_FEATURE" ("RESTAURANT_ID","FEATURE_NAME","DESCRIPTION")VALUES('32107037','Good For','Dinner');
INSERT INTO "RESTAURANT_FEATURE" ("RESTAURANT_ID","FEATURE_NAME","DESCRIPTION")VALUES('32107037','Parking','Garage');
INSERT INTO "RESTAURANT_FEATURE" ("RESTAURANT_ID","FEATURE_NAME","DESCRIPTION")VALUES('32107037','Good for Kids','No');
INSERT INTO "RESTAURANT_FEATURE" ("RESTAURANT_ID","FEATURE_NAME","DESCRIPTION")VALUES('32107037','Good for Groups','No');
INSERT INTO "RESTAURANT_FEATURE" ("RESTAURANT_ID","FEATURE_NAME","DESCRIPTION")VALUES('32107037','Attire','Dressy');
INSERT INTO "RESTAURANT_FEATURE" ("RESTAURANT_ID","FEATURE_NAME","DESCRIPTION")VALUES('32107037','Ambience','Upscale');
INSERT INTO "RESTAURANT_FEATURE" ("RESTAURANT_ID","FEATURE_NAME","DESCRIPTION")VALUES('32107037','Noise Level','Quiet');
INSERT INTO "RESTAURANT_FEATURE" ("RESTAURANT_ID","FEATURE_NAME","DESCRIPTION")VALUES('32107037','Alcohol','Full Bar');
INSERT INTO "RESTAURANT_FEATURE" ("RESTAURANT_ID","FEATURE_NAME","DESCRIPTION")VALUES('32107037','Outdoor Seating','No');
INSERT INTO "RESTAURANT_FEATURE" ("RESTAURANT_ID","FEATURE_NAME","DESCRIPTION")VALUES('32107037','Wi-Fi','Paid');
INSERT INTO "RESTAURANT_FEATURE" ("RESTAURANT_ID","FEATURE_NAME","DESCRIPTION")VALUES('32107037','Has TV','No');
INSERT INTO "RESTAURANT_FEATURE" ("RESTAURANT_ID","FEATURE_NAME","DESCRIPTION")VALUES('32107037','Caters','No');
INSERT INTO "OPENING_HOUR" ("DAY","RESTAURANT_ID","OPENING_TIME","CLOSING_TIME")VALUES('Mon','32107037','7:00 pm','10:00 pm');
INSERT INTO "OPENING_HOUR" ("DAY","RESTAURANT_ID","OPENING_TIME","CLOSING_TIME")VALUES('Tue','32107037','7:00 pm','10:00 pm');
INSERT INTO "OPENING_HOUR" ("DAY","RESTAURANT_ID","OPENING_TIME","CLOSING_TIME")VALUES('Wed','32107037','7:00 pm','10:00 pm');
INSERT INTO "OPENING_HOUR" ("DAY","RESTAURANT_ID","OPENING_TIME","CLOSING_TIME")VALUES('Thu','32107037','7:00 pm','10:00 pm');
INSERT INTO "USER_REVIEW" ("RESTAURANT_ID","REVIEW_DATE","COMMENT","REVIEW_RATING")VALUES('32107037','2017-01-28 12:19:25','I walked 10+ miles around Berlin as I am only here for one day.  At the end of my world wind tour, I was starving!!! I stopped in a Starbucks by the...','5');
INSERT INTO "PHOTO" ("RESTAURANT_ID","PICTURE_URL")VALUES('32107037','https://s3-media1.fl.yelpcdn.com/photo/lUdRqsA_gkfubdK85JM_IA/o.jpg');
INSERT INTO "USER_REVIEW" ("RESTAURANT_ID","REVIEW_DATE","COMMENT","REVIEW_RATING")VALUES('32107037','2016-07-09 22:22:16','My boyfriend and I are fans of fine dining, so on our last Europe trip, we wanted to visit at least one fine dining place at every city we stopped by....','5');
INSERT INTO "PHOTO" ("RESTAURANT_ID","PICTURE_URL")VALUES('32107037','https://s3-media4.fl.yelpcdn.com/photo/jxVuaOoATGK7aI6BxqhHlw/o.jpg');
INSERT INTO "USER_REVIEW" ("RESTAURANT_ID","REVIEW_DATE","COMMENT","REVIEW_RATING")VALUES('32107037','2017-03-12 08:46:37','Celebrated my anniversary here. Had a 8-course dinner. The food was amazing. True art. Service incredibly friendly. Everything went smoothly. The dessert...','5');
INSERT INTO "PHOTO" ("RESTAURANT_ID","PICTURE_URL")VALUES('32107037','https://s3-media1.fl.yelpcdn.com/photo/uqdqFZTG-5lKWoIIZGZvlA/o.jpg');
INSERT INTO "LOCATION" ("LOCATION_ID","LOCATION_TYPE","ADDRESS","LONGITUDE","LATITUDE")VALUES('4','R','Gertraudenstr. 10 - 1210178 BerlinGermany','13.4034261','52.5126768');
INSERT INTO "RESTAURANT" ("RESTAURANT_ID","PRICERANGE","PHONE_NUMBER","WEBSITE")VALUES('96619238','€€€','+49 30 20621900','rotisserie-weingruen.de');
INSERT INTO "CUISINE" ("RESTAURANT_ID","CUISINE_TYPE")VALUES('96619238','Barbeque');
INSERT INTO "CUISINE" ("RESTAURANT_ID","CUISINE_TYPE")VALUES('96619238','German');
INSERT INTO "RESTAURANT_RATING" ("RESTAURANT_ID","SCALE","OVERALL_RATING","SOURCE")VALUES('96619238','5','4.5','Yelp');
INSERT INTO "RESTAURANT_FEATURE" ("RESTAURANT_ID","FEATURE_NAME","DESCRIPTION")VALUES('96619238','Takes Reservations','Yes');
INSERT INTO "RESTAURANT_FEATURE" ("RESTAURANT_ID","FEATURE_NAME","DESCRIPTION")VALUES('96619238','Delivery','No');
INSERT INTO "RESTAURANT_FEATURE" ("RESTAURANT_ID","FEATURE_NAME","DESCRIPTION")VALUES('96619238','Take-out','No');
INSERT INTO "RESTAURANT_FEATURE" ("RESTAURANT_ID","FEATURE_NAME","DESCRIPTION")VALUES('96619238','Accepted Cards','Credit, Debit');
INSERT INTO "RESTAURANT_FEATURE" ("RESTAURANT_ID","FEATURE_NAME","DESCRIPTION")VALUES('96619238','Good For','Dinner');
INSERT INTO "RESTAURANT_FEATURE" ("RESTAURANT_ID","FEATURE_NAME","DESCRIPTION")VALUES('96619238','Parking','Street');
INSERT INTO "RESTAURANT_FEATURE" ("RESTAURANT_ID","FEATURE_NAME","DESCRIPTION")VALUES('96619238','Good for Kids','No');
INSERT INTO "RESTAURANT_FEATURE" ("RESTAURANT_ID","FEATURE_NAME","DESCRIPTION")VALUES('96619238','Good for Groups','Yes');
INSERT INTO "RESTAURANT_FEATURE" ("RESTAURANT_ID","FEATURE_NAME","DESCRIPTION")VALUES('96619238','Attire','Casual');
INSERT INTO "RESTAURANT_FEATURE" ("RESTAURANT_ID","FEATURE_NAME","DESCRIPTION")VALUES('96619238','Ambience','Casual');
INSERT INTO "RESTAURANT_FEATURE" ("RESTAURANT_ID","FEATURE_NAME","DESCRIPTION")VALUES('96619238','Noise Level','Average');
INSERT INTO "RESTAURANT_FEATURE" ("RESTAURANT_ID","FEATURE_NAME","DESCRIPTION")VALUES('96619238','Alcohol','Full Bar');
INSERT INTO "RESTAURANT_FEATURE" ("RESTAURANT_ID","FEATURE_NAME","DESCRIPTION")VALUES('96619238','Outdoor Seating','Yes');
INSERT INTO "RESTAURANT_FEATURE" ("RESTAURANT_ID","FEATURE_NAME","DESCRIPTION")VALUES('96619238','Wi-Fi','No');
INSERT INTO "RESTAURANT_FEATURE" ("RESTAURANT_ID","FEATURE_NAME","DESCRIPTION")VALUES('96619238','Has TV','No');
INSERT INTO "RESTAURANT_FEATURE" ("RESTAURANT_ID","FEATURE_NAME","DESCRIPTION")VALUES('96619238','Caters','Yes');
INSERT INTO "OPENING_HOUR" ("DAY","RESTAURANT_ID","OPENING_TIME","CLOSING_TIME")VALUES('Mon','96619238','5:00 pm','11:00 pm');
INSERT INTO "OPENING_HOUR" ("DAY","RESTAURANT_ID","OPENING_TIME","CLOSING_TIME")VALUES('Tue','96619238','5:00 pm','11:00 pm');
INSERT INTO "OPENING_HOUR" ("DAY","RESTAURANT_ID","OPENING_TIME","CLOSING_TIME")VALUES('Wed','96619238','5:00 pm','11:00 pm');
INSERT INTO "OPENING_HOUR" ("DAY","RESTAURANT_ID","OPENING_TIME","CLOSING_TIME")VALUES('Thu','96619238','5:00 pm','11:00 pm');
INSERT INTO "OPENING_HOUR" ("DAY","RESTAURANT_ID","OPENING_TIME","CLOSING_TIME")VALUES('Fri','96619238','5:00 pm','11:00 pm');
INSERT INTO "OPENING_HOUR" ("DAY","RESTAURANT_ID","OPENING_TIME","CLOSING_TIME")VALUES('Sat','96619238','5:00 pm','11:00 pm');
INSERT INTO "USER_REVIEW" ("RESTAURANT_ID","REVIEW_DATE","COMMENT","REVIEW_RATING")VALUES('96619238','2017-09-05 08:59:07','Tasty, with decent service 

- service: 4 stars
- ambiance: 4 stars
- food: 3.5 stars

Service was friendly but felt rushed... ambiance was modern (wood...','4');
INSERT INTO "PHOTO" ("RESTAURANT_ID","PICTURE_URL")VALUES('96619238','https://s3-media3.fl.yelpcdn.com/photo/YnRdhGBd9e0CwfugvKSHFw/o.jpg');
INSERT INTO "USER_REVIEW" ("RESTAURANT_ID","REVIEW_DATE","COMMENT","REVIEW_RATING")VALUES('96619238','2017-08-03 04:37:05','We had a relaxed dinner here at 7pm on a Tue. We had the combo plate ("for those who cannot decide") which included rotisserie chicken, ribs, and pork...','4');
INSERT INTO "PHOTO" ("RESTAURANT_ID","PICTURE_URL")VALUES('96619238','https://s3-media2.fl.yelpcdn.com/photo/umONs-YK16makWum8CsgLQ/o.jpg');
INSERT INTO "USER_REVIEW" ("RESTAURANT_ID","REVIEW_DATE","COMMENT","REVIEW_RATING")VALUES('96619238','2017-05-07 20:28:58','Stop what you''re doing and make a reservation at Rotisserie Weingrün. The chicken was cooked perfectly. I''m talking moist, juicy, and definitely a generous...','5');
INSERT INTO "PHOTO" ("RESTAURANT_ID","PICTURE_URL")VALUES('96619238','https://s3-media3.fl.yelpcdn.com/photo/gMKG3jwZJCih4aUG7mDSIw/o.jpg');
INSERT INTO "LOCATION" ("LOCATION_ID","LOCATION_TYPE","ADDRESS","LONGITUDE","LATITUDE")VALUES('5','R','Hausvogteiplatz 3 - 410117 BerlinGermany','13.39611','52.51336');
INSERT INTO "RESTAURANT" ("RESTAURANT_ID","PRICERANGE","PHONE_NUMBER","WEBSITE")VALUES('8616325','€€','+49 30 55872562','dasmeisterstueck.de');
INSERT INTO "CUISINE" ("RESTAURANT_ID","CUISINE_TYPE")VALUES('8616325','German');
INSERT INTO "RESTAURANT_RATING" ("RESTAURANT_ID","SCALE","OVERALL_RATING","SOURCE")VALUES('8616325','5','4.0','Yelp');
INSERT INTO "RESTAURANT_FEATURE" ("RESTAURANT_ID","FEATURE_NAME","DESCRIPTION")VALUES('8616325','Takes Reservations','Yes');
INSERT INTO "RESTAURANT_FEATURE" ("RESTAURANT_ID","FEATURE_NAME","DESCRIPTION")VALUES('8616325','Delivery','No');
INSERT INTO "RESTAURANT_FEATURE" ("RESTAURANT_ID","FEATURE_NAME","DESCRIPTION")VALUES('8616325','Take-out','Yes');
INSERT INTO "RESTAURANT_FEATURE" ("RESTAURANT_ID","FEATURE_NAME","DESCRIPTION")VALUES('8616325','Accepted Cards','Credit, Debit');
INSERT INTO "RESTAURANT_FEATURE" ("RESTAURANT_ID","FEATURE_NAME","DESCRIPTION")VALUES('8616325','Good For','Dinner');
INSERT INTO "RESTAURANT_FEATURE" ("RESTAURANT_ID","FEATURE_NAME","DESCRIPTION")VALUES('8616325','Parking','Street');
INSERT INTO "RESTAURANT_FEATURE" ("RESTAURANT_ID","FEATURE_NAME","DESCRIPTION")VALUES('8616325','Good for Kids','Yes');
INSERT INTO "RESTAURANT_FEATURE" ("RESTAURANT_ID","FEATURE_NAME","DESCRIPTION")VALUES('8616325','Good for Groups','Yes');
INSERT INTO "RESTAURANT_FEATURE" ("RESTAURANT_ID","FEATURE_NAME","DESCRIPTION")VALUES('8616325','Attire','Casual');
INSERT INTO "RESTAURANT_FEATURE" ("RESTAURANT_ID","FEATURE_NAME","DESCRIPTION")VALUES('8616325','Noise Level','Average');
INSERT INTO "RESTAURANT_FEATURE" ("RESTAURANT_ID","FEATURE_NAME","DESCRIPTION")VALUES('8616325','Alcohol','Full Bar');
INSERT INTO "RESTAURANT_FEATURE" ("RESTAURANT_ID","FEATURE_NAME","DESCRIPTION")VALUES('8616325','Outdoor Seating','Yes');
INSERT INTO "RESTAURANT_FEATURE" ("RESTAURANT_ID","FEATURE_NAME","DESCRIPTION")VALUES('8616325','Wi-Fi','Free');
INSERT INTO "RESTAURANT_FEATURE" ("RESTAURANT_ID","FEATURE_NAME","DESCRIPTION")VALUES('8616325','Has TV','No');
INSERT INTO "RESTAURANT_FEATURE" ("RESTAURANT_ID","FEATURE_NAME","DESCRIPTION")VALUES('8616325','Waiter Service','Yes');
INSERT INTO "RESTAURANT_FEATURE" ("RESTAURANT_ID","FEATURE_NAME","DESCRIPTION")VALUES('8616325','Caters','Yes');
INSERT INTO "OPENING_HOUR" ("DAY","RESTAURANT_ID","OPENING_TIME","CLOSING_TIME")VALUES('Mon','8616325','12:00 pm','12:00 am');
INSERT INTO "OPENING_HOUR" ("DAY","RESTAURANT_ID","OPENING_TIME","CLOSING_TIME")VALUES('Tue','8616325','12:00 pm','12:00 am');
INSERT INTO "OPENING_HOUR" ("DAY","RESTAURANT_ID","OPENING_TIME","CLOSING_TIME")VALUES('Wed','8616325','12:00 pm','12:00 am');
INSERT INTO "OPENING_HOUR" ("DAY","RESTAURANT_ID","OPENING_TIME","CLOSING_TIME")VALUES('Thu','8616325','12:00 pm','12:00 am');
INSERT INTO "OPENING_HOUR" ("DAY","RESTAURANT_ID","OPENING_TIME","CLOSING_TIME")VALUES('Fri','8616325','12:00 pm','12:00 am');
INSERT INTO "OPENING_HOUR" ("DAY","RESTAURANT_ID","OPENING_TIME","CLOSING_TIME")VALUES('Sat','8616325','12:00 pm','12:00 am');
INSERT INTO "OPENING_HOUR" ("DAY","RESTAURANT_ID","OPENING_TIME","CLOSING_TIME")VALUES('Sun','8616325','Open now','12:00 am');
INSERT INTO "USER_REVIEW" ("RESTAURANT_ID","REVIEW_DATE","COMMENT","REVIEW_RATING")VALUES('8616325','2017-11-05 11:53:00','This place was one of my favorite meals during my trip to Berlin. Perfect authentic German food to start off the trip. 

The ambience in this place is cozy....','5');
INSERT INTO "PHOTO" ("RESTAURANT_ID","PICTURE_URL")VALUES('8616325','https://s3-media2.fl.yelpcdn.com/photo/oA05rGHs4uu1X8aPbkCQkA/o.jpg');
INSERT INTO "USER_REVIEW" ("RESTAURANT_ID","REVIEW_DATE","COMMENT","REVIEW_RATING")VALUES('8616325','2017-11-01 06:27:13','The yelp reviews were so positive, I was really looking forward to this place. It pains me to write a "MEH" review. I should have left when we walked in the...','2');
INSERT INTO "PHOTO" ("RESTAURANT_ID","PICTURE_URL")VALUES('8616325','https://s3-media3.fl.yelpcdn.com/photo/KaTLEdbdFYsdV_gOpxBkJQ/o.jpg');
INSERT INTO "USER_REVIEW" ("RESTAURANT_ID","REVIEW_DATE","COMMENT","REVIEW_RATING")VALUES('8616325','2017-09-06 02:49:03','Super cool place! The coocko clocks are so cool!
The staff is very nice and has good recommendations regarding food and drinks!
They have a machine that...','5');
INSERT INTO "PHOTO" ("RESTAURANT_ID","PICTURE_URL")VALUES('8616325','https://s3-media2.fl.yelpcdn.com/photo/VoxerIN6C-ly5MtJrfkmog/o.jpg');
INSERT INTO "LOCATION" ("LOCATION_ID","LOCATION_TYPE","ADDRESS","LONGITUDE","LATITUDE")VALUES('6','R','Glinkastr. 2310117 BerlinGermany','13.38625','52.51327');
INSERT INTO "RESTAURANT" ("RESTAURANT_ID","PRICERANGE","PHONE_NUMBER","WEBSITE")VALUES('8377021','€€','+49 30 2010871','cafe-noe.de');
INSERT INTO "CUISINE" ("RESTAURANT_ID","CUISINE_TYPE")VALUES('8377021','Wine Bars');
INSERT INTO "CUISINE" ("RESTAURANT_ID","CUISINE_TYPE")VALUES('8377021','Mediterranean');
INSERT INTO "CUISINE" ("RESTAURANT_ID","CUISINE_TYPE")VALUES('8377021','Flatbread');
INSERT INTO "RESTAURANT_RATING" ("RESTAURANT_ID","SCALE","OVERALL_RATING","SOURCE")VALUES('8377021','5','4.5','Yelp');
INSERT INTO "RESTAURANT_FEATURE" ("RESTAURANT_ID","FEATURE_NAME","DESCRIPTION")VALUES('8377021','Takes Reservations','Yes');
INSERT INTO "RESTAURANT_FEATURE" ("RESTAURANT_ID","FEATURE_NAME","DESCRIPTION")VALUES('8377021','Delivery','No');
INSERT INTO "RESTAURANT_FEATURE" ("RESTAURANT_ID","FEATURE_NAME","DESCRIPTION")VALUES('8377021','Take-out','No');
INSERT INTO "RESTAURANT_FEATURE" ("RESTAURANT_ID","FEATURE_NAME","DESCRIPTION")VALUES('8377021','Accepted Cards','Credit, Debit');
INSERT INTO "RESTAURANT_FEATURE" ("RESTAURANT_ID","FEATURE_NAME","DESCRIPTION")VALUES('8377021','Parking','Street');
INSERT INTO "RESTAURANT_FEATURE" ("RESTAURANT_ID","FEATURE_NAME","DESCRIPTION")VALUES('8377021','Good for Kids','No');
INSERT INTO "RESTAURANT_FEATURE" ("RESTAURANT_ID","FEATURE_NAME","DESCRIPTION")VALUES('8377021','Good for Groups','Yes');
INSERT INTO "RESTAURANT_FEATURE" ("RESTAURANT_ID","FEATURE_NAME","DESCRIPTION")VALUES('8377021','Attire','Casual');
INSERT INTO "RESTAURANT_FEATURE" ("RESTAURANT_ID","FEATURE_NAME","DESCRIPTION")VALUES('8377021','Ambience','Casual');
INSERT INTO "RESTAURANT_FEATURE" ("RESTAURANT_ID","FEATURE_NAME","DESCRIPTION")VALUES('8377021','Noise Level','Average');
INSERT INTO "RESTAURANT_FEATURE" ("RESTAURANT_ID","FEATURE_NAME","DESCRIPTION")VALUES('8377021','Alcohol','Full Bar');
INSERT INTO "RESTAURANT_FEATURE" ("RESTAURANT_ID","FEATURE_NAME","DESCRIPTION")VALUES('8377021','Outdoor Seating','Yes');
INSERT INTO "RESTAURANT_FEATURE" ("RESTAURANT_ID","FEATURE_NAME","DESCRIPTION")VALUES('8377021','Wi-Fi','No');
INSERT INTO "RESTAURANT_FEATURE" ("RESTAURANT_ID","FEATURE_NAME","DESCRIPTION")VALUES('8377021','Has TV','No');
INSERT INTO "RESTAURANT_FEATURE" ("RESTAURANT_ID","FEATURE_NAME","DESCRIPTION")VALUES('8377021','Caters','Yes');
INSERT INTO "OPENING_HOUR" ("DAY","RESTAURANT_ID","OPENING_TIME","CLOSING_TIME")VALUES('Mon','8377021','12:00 pm','1:00 am');
INSERT INTO "OPENING_HOUR" ("DAY","RESTAURANT_ID","OPENING_TIME","CLOSING_TIME")VALUES('Tue','8377021','12:00 pm','1:00 am');
INSERT INTO "OPENING_HOUR" ("DAY","RESTAURANT_ID","OPENING_TIME","CLOSING_TIME")VALUES('Wed','8377021','12:00 pm','1:00 am');
INSERT INTO "OPENING_HOUR" ("DAY","RESTAURANT_ID","OPENING_TIME","CLOSING_TIME")VALUES('Thu','8377021','12:00 pm','1:00 am');
INSERT INTO "OPENING_HOUR" ("DAY","RESTAURANT_ID","OPENING_TIME","CLOSING_TIME")VALUES('Fri','8377021','12:00 pm','1:00 am');
INSERT INTO "USER_REVIEW" ("RESTAURANT_ID","REVIEW_DATE","COMMENT","REVIEW_RATING")VALUES('8377021','2017-08-04 06:39:53','Wonderful little spot on a quiet street. I had the chorizo flatbread with mushrooms. I don''t normally like mushrooms but it was fantastic. The thinnest and...','5');
INSERT INTO "PHOTO" ("RESTAURANT_ID","PICTURE_URL")VALUES('8377021','https://s3-media3.fl.yelpcdn.com/photo/NuaqGUmcKdPjFfsc-6-XZg/o.jpg');
INSERT INTO "USER_REVIEW" ("RESTAURANT_ID","REVIEW_DATE","COMMENT","REVIEW_RATING")VALUES('8377021','2016-10-09 10:11:44','Lovely outdoor seating area and the inside ambiance is very decorated as well! 

Opted to sit outside on a sunny, beautiful day!

It was a leisurely...','5');
INSERT INTO "PHOTO" ("RESTAURANT_ID","PICTURE_URL")VALUES('8377021','https://s3-media3.fl.yelpcdn.com/photo/EuNR3yJwMt9D3y5MVBzrnA/o.jpg');
INSERT INTO "USER_REVIEW" ("RESTAURANT_ID","REVIEW_DATE","COMMENT","REVIEW_RATING")VALUES('8377021','2016-07-22 15:46:03','This is a great little spot if you''d like a leisurely meal or several glasses of wine. Service can be exceedingly slow, but everyone is very nice and the...','4');
INSERT INTO "PHOTO" ("RESTAURANT_ID","PICTURE_URL")VALUES('8377021','https://s3-media1.fl.yelpcdn.com/photo/5oImEX6jGjqcciJG41J5zg/o.jpg');
INSERT INTO "LOCATION" ("LOCATION_ID","LOCATION_TYPE","ADDRESS","LONGITUDE","LATITUDE")VALUES('7','R','Hindenburgdamm 57a12203 BerlinGermany','13.3155596','52.4462206');
INSERT INTO "RESTAURANT" ("RESTAURANT_ID","PRICERANGE","PHONE_NUMBER","WEBSITE")VALUES('52014315','€€','+49 30 83203483','bao-cooking.de');
INSERT INTO "CUISINE" ("RESTAURANT_ID","CUISINE_TYPE")VALUES('52014315','Vietnamese');
INSERT INTO "RESTAURANT_RATING" ("RESTAURANT_ID","SCALE","OVERALL_RATING","SOURCE")VALUES('52014315','5','4.5','Yelp');
INSERT INTO "RESTAURANT_FEATURE" ("RESTAURANT_ID","FEATURE_NAME","DESCRIPTION")VALUES('52014315','Takes Reservations','Yes');
INSERT INTO "RESTAURANT_FEATURE" ("RESTAURANT_ID","FEATURE_NAME","DESCRIPTION")VALUES('52014315','Delivery','Yes');
INSERT INTO "RESTAURANT_FEATURE" ("RESTAURANT_ID","FEATURE_NAME","DESCRIPTION")VALUES('52014315','Take-out','Yes');
INSERT INTO "RESTAURANT_FEATURE" ("RESTAURANT_ID","FEATURE_NAME","DESCRIPTION")VALUES('52014315','Good For','Dinner');
INSERT INTO "RESTAURANT_FEATURE" ("RESTAURANT_ID","FEATURE_NAME","DESCRIPTION")VALUES('52014315','Parking','Street');
INSERT INTO "RESTAURANT_FEATURE" ("RESTAURANT_ID","FEATURE_NAME","DESCRIPTION")VALUES('52014315','Good for Kids','Yes');
INSERT INTO "RESTAURANT_FEATURE" ("RESTAURANT_ID","FEATURE_NAME","DESCRIPTION")VALUES('52014315','Good for Groups','Yes');
INSERT INTO "RESTAURANT_FEATURE" ("RESTAURANT_ID","FEATURE_NAME","DESCRIPTION")VALUES('52014315','Attire','Casual');
INSERT INTO "RESTAURANT_FEATURE" ("RESTAURANT_ID","FEATURE_NAME","DESCRIPTION")VALUES('52014315','Ambience','Casual');
INSERT INTO "RESTAURANT_FEATURE" ("RESTAURANT_ID","FEATURE_NAME","DESCRIPTION")VALUES('52014315','Noise Level','Average');
INSERT INTO "RESTAURANT_FEATURE" ("RESTAURANT_ID","FEATURE_NAME","DESCRIPTION")VALUES('52014315','Alcohol','Full Bar');
INSERT INTO "RESTAURANT_FEATURE" ("RESTAURANT_ID","FEATURE_NAME","DESCRIPTION")VALUES('52014315','Outdoor Seating','Yes');
INSERT INTO "RESTAURANT_FEATURE" ("RESTAURANT_ID","FEATURE_NAME","DESCRIPTION")VALUES('52014315','Wi-Fi','No');
INSERT INTO "RESTAURANT_FEATURE" ("RESTAURANT_ID","FEATURE_NAME","DESCRIPTION")VALUES('52014315','Has TV','No');
INSERT INTO "RESTAURANT_FEATURE" ("RESTAURANT_ID","FEATURE_NAME","DESCRIPTION")VALUES('52014315','Caters','Yes');
INSERT INTO "OPENING_HOUR" ("DAY","RESTAURANT_ID","OPENING_TIME","CLOSING_TIME")VALUES('Mon','52014315','12:00 pm','10:30 pm');
INSERT INTO "OPENING_HOUR" ("DAY","RESTAURANT_ID","OPENING_TIME","CLOSING_TIME")VALUES('Tue','52014315','12:00 pm','10:30 pm');
INSERT INTO "OPENING_HOUR" ("DAY","RESTAURANT_ID","OPENING_TIME","CLOSING_TIME")VALUES('Wed','52014315','12:00 pm','10:30 pm');
INSERT INTO "OPENING_HOUR" ("DAY","RESTAURANT_ID","OPENING_TIME","CLOSING_TIME")VALUES('Thu','52014315','12:00 pm','10:30 pm');
INSERT INTO "OPENING_HOUR" ("DAY","RESTAURANT_ID","OPENING_TIME","CLOSING_TIME")VALUES('Fri','52014315','12:30 pm','10:30 pm');
INSERT INTO "OPENING_HOUR" ("DAY","RESTAURANT_ID","OPENING_TIME","CLOSING_TIME")VALUES('Sat','52014315','Open now','10:30 pm');
INSERT INTO "USER_REVIEW" ("RESTAURANT_ID","REVIEW_DATE","COMMENT","REVIEW_RATING")VALUES('52014315','2016-10-05 23:15:09','According to my husband, this is the best "Vietnamese meal" he has ever had. Berlin''s Vietnamese food is a pleasant surprise for us both especially since we...','5');
INSERT INTO "PHOTO" ("RESTAURANT_ID","PICTURE_URL")VALUES('52014315','https://s3-media2.fl.yelpcdn.com/photo/w1qm5hObJuMJyw2kIwgAwg/o.jpg');
INSERT INTO "USER_REVIEW" ("RESTAURANT_ID","REVIEW_DATE","COMMENT","REVIEW_RATING")VALUES('52014315','2016-10-01 09:27:03','This was already my second time at Bao since it''s not far from where I live. This time I got Gari Chay (or something along that line) a vegetarian dish with...','4');
INSERT INTO "PHOTO" ("RESTAURANT_ID","PICTURE_URL")VALUES('52014315','https://s3-media2.fl.yelpcdn.com/photo/XoP1dUqfYDsbyFaZ0k6BTw/o.jpg');
INSERT INTO "USER_REVIEW" ("RESTAURANT_ID","REVIEW_DATE","COMMENT","REVIEW_RATING")VALUES('52014315','2017-04-05 20:38:09','Was wondering around the area and found this place. Our group have been traveling around Europe for about a week and a half and the Asian food craving was...','5');
INSERT INTO "PHOTO" ("RESTAURANT_ID","PICTURE_URL")VALUES('52014315','https://s3-media3.fl.yelpcdn.com/photo/C2qxqnk_a8I0OHlyBywIyA/o.jpg');
INSERT INTO "LOCATION" ("LOCATION_ID","LOCATION_TYPE","ADDRESS","LONGITUDE","LATITUDE")VALUES('8','R','Röntgenstr. 710587 BerlinGermany','13.3145652825','52.5196607535');
INSERT INTO "RESTAURANT" ("RESTAURANT_ID","PRICERANGE","PHONE_NUMBER","WEBSITE")VALUES('74570478','€€','+49 30 34702777','schnitzelei.de/charlottenburg');
INSERT INTO "CUISINE" ("RESTAURANT_ID","CUISINE_TYPE")VALUES('74570478','Schnitzel');
INSERT INTO "RESTAURANT_RATING" ("RESTAURANT_ID","SCALE","OVERALL_RATING","SOURCE")VALUES('74570478','5','4.0','Yelp');
INSERT INTO "RESTAURANT_FEATURE" ("RESTAURANT_ID","FEATURE_NAME","DESCRIPTION")VALUES('74570478','Takes Reservations','Yes');
INSERT INTO "RESTAURANT_FEATURE" ("RESTAURANT_ID","FEATURE_NAME","DESCRIPTION")VALUES('74570478','Delivery','No');
INSERT INTO "RESTAURANT_FEATURE" ("RESTAURANT_ID","FEATURE_NAME","DESCRIPTION")VALUES('74570478','Take-out','Yes');
INSERT INTO "RESTAURANT_FEATURE" ("RESTAURANT_ID","FEATURE_NAME","DESCRIPTION")VALUES('74570478','Accepted Cards','Credit, Debit');
INSERT INTO "RESTAURANT_FEATURE" ("RESTAURANT_ID","FEATURE_NAME","DESCRIPTION")VALUES('74570478','Good For','Dinner');
INSERT INTO "RESTAURANT_FEATURE" ("RESTAURANT_ID","FEATURE_NAME","DESCRIPTION")VALUES('74570478','Parking','Street');
INSERT INTO "RESTAURANT_FEATURE" ("RESTAURANT_ID","FEATURE_NAME","DESCRIPTION")VALUES('74570478','Good for Kids','Yes');
INSERT INTO "RESTAURANT_FEATURE" ("RESTAURANT_ID","FEATURE_NAME","DESCRIPTION")VALUES('74570478','Good for Groups','Yes');
INSERT INTO "RESTAURANT_FEATURE" ("RESTAURANT_ID","FEATURE_NAME","DESCRIPTION")VALUES('74570478','Attire','Casual');
INSERT INTO "RESTAURANT_FEATURE" ("RESTAURANT_ID","FEATURE_NAME","DESCRIPTION")VALUES('74570478','Ambience','Casual');
INSERT INTO "RESTAURANT_FEATURE" ("RESTAURANT_ID","FEATURE_NAME","DESCRIPTION")VALUES('74570478','Noise Level','Average');
INSERT INTO "RESTAURANT_FEATURE" ("RESTAURANT_ID","FEATURE_NAME","DESCRIPTION")VALUES('74570478','Alcohol','Full Bar');
INSERT INTO "RESTAURANT_FEATURE" ("RESTAURANT_ID","FEATURE_NAME","DESCRIPTION")VALUES('74570478','Outdoor Seating','Yes');
INSERT INTO "RESTAURANT_FEATURE" ("RESTAURANT_ID","FEATURE_NAME","DESCRIPTION")VALUES('74570478','Wi-Fi','No');
INSERT INTO "RESTAURANT_FEATURE" ("RESTAURANT_ID","FEATURE_NAME","DESCRIPTION")VALUES('74570478','Has TV','No');
INSERT INTO "RESTAURANT_FEATURE" ("RESTAURANT_ID","FEATURE_NAME","DESCRIPTION")VALUES('74570478','Caters','Yes');
INSERT INTO "OPENING_HOUR" ("DAY","RESTAURANT_ID","OPENING_TIME","CLOSING_TIME")VALUES('Mon','74570478','4:00 pm','12:00 am');
INSERT INTO "OPENING_HOUR" ("DAY","RESTAURANT_ID","OPENING_TIME","CLOSING_TIME")VALUES('Tue','74570478','4:00 pm','12:00 am');
INSERT INTO "OPENING_HOUR" ("DAY","RESTAURANT_ID","OPENING_TIME","CLOSING_TIME")VALUES('Wed','74570478','4:00 pm','12:00 am');
INSERT INTO "OPENING_HOUR" ("DAY","RESTAURANT_ID","OPENING_TIME","CLOSING_TIME")VALUES('Thu','74570478','4:00 pm','12:00 am');
INSERT INTO "OPENING_HOUR" ("DAY","RESTAURANT_ID","OPENING_TIME","CLOSING_TIME")VALUES('Fri','74570478','4:00 pm','12:00 am');
INSERT INTO "OPENING_HOUR" ("DAY","RESTAURANT_ID","OPENING_TIME","CLOSING_TIME")VALUES('Sat','74570478','12:00 pm','12:00 am');
INSERT INTO "OPENING_HOUR" ("DAY","RESTAURANT_ID","OPENING_TIME","CLOSING_TIME")VALUES('Sun','74570478','Open now','12:00 am');
INSERT INTO "USER_REVIEW" ("RESTAURANT_ID","REVIEW_DATE","COMMENT","REVIEW_RATING")VALUES('74570478','2017-08-27 12:37:13','Had to find a place for dinner not too far from Tegel Airport for some good German food.  What a find!  Not at all touristy.  Many locals dine here - always...','5');
INSERT INTO "PHOTO" ("RESTAURANT_ID","PICTURE_URL")VALUES('74570478','https://s3-media1.fl.yelpcdn.com/photo/aoecTn-iRbsn9TZgBKaACw/o.jpg');
INSERT INTO "USER_REVIEW" ("RESTAURANT_ID","REVIEW_DATE","COMMENT","REVIEW_RATING")VALUES('74570478','2017-12-30 08:51:09','If you are looking for a really German food in Berlin this is a place to go. A casual and modern looking restaurant and a super nice bar. Upon arrival, you...','4');
INSERT INTO "PHOTO" ("RESTAURANT_ID","PICTURE_URL")VALUES('74570478','https://s3-media4.fl.yelpcdn.com/photo/AXJRK0PwTlmqgxDFPgzmow/o.jpg');
INSERT INTO "USER_REVIEW" ("RESTAURANT_ID","REVIEW_DATE","COMMENT","REVIEW_RATING")VALUES('74570478','2017-06-30 13:03:44','Overall: Great food and ambiance, but I definitely would not come back again because of the horrible, horrible service.

Cuisine: Right when you sit down,...','2');
INSERT INTO "PHOTO" ("RESTAURANT_ID","PICTURE_URL")VALUES('74570478','https://s3-media2.fl.yelpcdn.com/photo/1wBtc8Ypc3X7ieCMhaYKyg/o.jpg');
INSERT INTO "LOCATION" ("LOCATION_ID","LOCATION_TYPE","ADDRESS","LONGITUDE","LATITUDE")VALUES('9','R','Reichenberger Str. 12210999 BerlinGermany','13.43188','52.49529');
INSERT INTO "RESTAURANT" ("RESTAURANT_ID","PRICERANGE","PHONE_NUMBER","WEBSITE")VALUES('75965233','€€','+49 30 54821866','bastard-berlin.de');
INSERT INTO "CUISINE" ("RESTAURANT_ID","CUISINE_TYPE")VALUES('75965233','International');
INSERT INTO "CUISINE" ("RESTAURANT_ID","CUISINE_TYPE")VALUES('75965233','Breakfast & Brunch');
INSERT INTO "CUISINE" ("RESTAURANT_ID","CUISINE_TYPE")VALUES('75965233','Cafes');
INSERT INTO "RESTAURANT_RATING" ("RESTAURANT_ID","SCALE","OVERALL_RATING","SOURCE")VALUES('75965233','5','4.5','Yelp');
INSERT INTO "RESTAURANT_FEATURE" ("RESTAURANT_ID","FEATURE_NAME","DESCRIPTION")VALUES('75965233','Takes Reservations','No');
INSERT INTO "RESTAURANT_FEATURE" ("RESTAURANT_ID","FEATURE_NAME","DESCRIPTION")VALUES('75965233','Delivery','No');
INSERT INTO "RESTAURANT_FEATURE" ("RESTAURANT_ID","FEATURE_NAME","DESCRIPTION")VALUES('75965233','Take-out','No');
INSERT INTO "RESTAURANT_FEATURE" ("RESTAURANT_ID","FEATURE_NAME","DESCRIPTION")VALUES('75965233','Accepted Cards','Debit');
INSERT INTO "RESTAURANT_FEATURE" ("RESTAURANT_ID","FEATURE_NAME","DESCRIPTION")VALUES('75965233','Accepts Bitcoin','No');
INSERT INTO "RESTAURANT_FEATURE" ("RESTAURANT_ID","FEATURE_NAME","DESCRIPTION")VALUES('75965233','Good For','Breakfast, Brunch');
INSERT INTO "RESTAURANT_FEATURE" ("RESTAURANT_ID","FEATURE_NAME","DESCRIPTION")VALUES('75965233','Parking','Street');
INSERT INTO "RESTAURANT_FEATURE" ("RESTAURANT_ID","FEATURE_NAME","DESCRIPTION")VALUES('75965233','Wheelchair Accessible','No');
INSERT INTO "RESTAURANT_FEATURE" ("RESTAURANT_ID","FEATURE_NAME","DESCRIPTION")VALUES('75965233','Good for Kids','Yes');
INSERT INTO "RESTAURANT_FEATURE" ("RESTAURANT_ID","FEATURE_NAME","DESCRIPTION")VALUES('75965233','Good for Groups','Yes');
INSERT INTO "RESTAURANT_FEATURE" ("RESTAURANT_ID","FEATURE_NAME","DESCRIPTION")VALUES('75965233','Attire','Casual');
INSERT INTO "RESTAURANT_FEATURE" ("RESTAURANT_ID","FEATURE_NAME","DESCRIPTION")VALUES('75965233','Ambience','Casual');
INSERT INTO "RESTAURANT_FEATURE" ("RESTAURANT_ID","FEATURE_NAME","DESCRIPTION")VALUES('75965233','Noise Level','Average');
INSERT INTO "RESTAURANT_FEATURE" ("RESTAURANT_ID","FEATURE_NAME","DESCRIPTION")VALUES('75965233','Alcohol','Beer & Wine Only');
INSERT INTO "RESTAURANT_FEATURE" ("RESTAURANT_ID","FEATURE_NAME","DESCRIPTION")VALUES('75965233','Outdoor Seating','Yes');
INSERT INTO "RESTAURANT_FEATURE" ("RESTAURANT_ID","FEATURE_NAME","DESCRIPTION")VALUES('75965233','Wi-Fi','No');
INSERT INTO "RESTAURANT_FEATURE" ("RESTAURANT_ID","FEATURE_NAME","DESCRIPTION")VALUES('75965233','Has TV','No');
INSERT INTO "RESTAURANT_FEATURE" ("RESTAURANT_ID","FEATURE_NAME","DESCRIPTION")VALUES('75965233','Waiter Service','Yes');
INSERT INTO "RESTAURANT_FEATURE" ("RESTAURANT_ID","FEATURE_NAME","DESCRIPTION")VALUES('75965233','Caters','No');
INSERT INTO "OPENING_HOUR" ("DAY","RESTAURANT_ID","OPENING_TIME","CLOSING_TIME")VALUES('Mon','75965233','9:00 am','4:30 pm');
INSERT INTO "OPENING_HOUR" ("DAY","RESTAURANT_ID","OPENING_TIME","CLOSING_TIME")VALUES('Tue','75965233','9:00 am','10:00 pm');
INSERT INTO "OPENING_HOUR" ("DAY","RESTAURANT_ID","OPENING_TIME","CLOSING_TIME")VALUES('Wed','75965233','9:00 am','10:00 pm');
INSERT INTO "OPENING_HOUR" ("DAY","RESTAURANT_ID","OPENING_TIME","CLOSING_TIME")VALUES('Thu','75965233','9:00 am','10:00 pm');
INSERT INTO "OPENING_HOUR" ("DAY","RESTAURANT_ID","OPENING_TIME","CLOSING_TIME")VALUES('Fri','75965233','Open now','4:30 pm');
INSERT INTO "USER_REVIEW" ("RESTAURANT_ID","REVIEW_DATE","COMMENT","REVIEW_RATING")VALUES('75965233','2017-10-15 13:26:21','Very great establishment located in Kurtzberg. Nice hosts and service. Menu has a translated English page. Euros only. There is outdoor and indoor seating....','5');
INSERT INTO "PHOTO" ("RESTAURANT_ID","PICTURE_URL")VALUES('75965233','https://s3-media4.fl.yelpcdn.com/photo/00qwxRdoFm9DEHSRG6n5dQ/o.jpg');
INSERT INTO "USER_REVIEW" ("RESTAURANT_ID","REVIEW_DATE","COMMENT","REVIEW_RATING")VALUES('75965233','2017-08-14 05:52:08','While in Berlin, I stumbled across this place called Bastard through browsing reviews on Yelp, I decided to call in here not only because of the good...','3');
INSERT INTO "PHOTO" ("RESTAURANT_ID","PICTURE_URL")VALUES('75965233','https://s3-media2.fl.yelpcdn.com/photo/J7w0PgyzqC0tt3kyp-uizg/o.jpg');
INSERT INTO "USER_REVIEW" ("RESTAURANT_ID","REVIEW_DATE","COMMENT","REVIEW_RATING")VALUES('75965233','2017-05-07 09:43:42','We came in Saturday morning around 9am and had to wait for about 20-30 min but there was seating outside that we had tea and coffee waiting for our table....','5');
INSERT INTO "PHOTO" ("RESTAURANT_ID","PICTURE_URL")VALUES('75965233','https://s3-media1.fl.yelpcdn.com/photo/Z1Wm1lIFDZzQNv27awjKHQ/o.jpg');
INSERT INTO "LOCATION" ("LOCATION_ID","LOCATION_TYPE","ADDRESS","LONGITUDE","LATITUDE")VALUES('10','R','Grunewaldstr. 1010823 BerlinGermany','13.3558006417','52.4902547129');
INSERT INTO "RESTAURANT" ("RESTAURANT_ID","PRICERANGE","PHONE_NUMBER","WEBSITE")VALUES('71471798','€€','+49 30 65774230','wawaberlin.com');
INSERT INTO "CUISINE" ("RESTAURANT_ID","CUISINE_TYPE")VALUES('71471798','Korean');
INSERT INTO "RESTAURANT_RATING" ("RESTAURANT_ID","SCALE","OVERALL_RATING","SOURCE")VALUES('71471798','5','4.5','Yelp');
INSERT INTO "RESTAURANT_FEATURE" ("RESTAURANT_ID","FEATURE_NAME","DESCRIPTION")VALUES('71471798','Takes Reservations','Yes');
INSERT INTO "RESTAURANT_FEATURE" ("RESTAURANT_ID","FEATURE_NAME","DESCRIPTION")VALUES('71471798','Delivery','No');
INSERT INTO "RESTAURANT_FEATURE" ("RESTAURANT_ID","FEATURE_NAME","DESCRIPTION")VALUES('71471798','Take-out','Yes');
INSERT INTO "RESTAURANT_FEATURE" ("RESTAURANT_ID","FEATURE_NAME","DESCRIPTION")VALUES('71471798','Accepted Cards','Debit');
INSERT INTO "RESTAURANT_FEATURE" ("RESTAURANT_ID","FEATURE_NAME","DESCRIPTION")VALUES('71471798','Good For','Lunch, Dinner');
INSERT INTO "RESTAURANT_FEATURE" ("RESTAURANT_ID","FEATURE_NAME","DESCRIPTION")VALUES('71471798','Parking','Street');
INSERT INTO "RESTAURANT_FEATURE" ("RESTAURANT_ID","FEATURE_NAME","DESCRIPTION")VALUES('71471798','Good for Kids','Yes');
INSERT INTO "RESTAURANT_FEATURE" ("RESTAURANT_ID","FEATURE_NAME","DESCRIPTION")VALUES('71471798','Good for Groups','Yes');
INSERT INTO "RESTAURANT_FEATURE" ("RESTAURANT_ID","FEATURE_NAME","DESCRIPTION")VALUES('71471798','Attire','Casual');
INSERT INTO "RESTAURANT_FEATURE" ("RESTAURANT_ID","FEATURE_NAME","DESCRIPTION")VALUES('71471798','Ambience','Trendy');
INSERT INTO "RESTAURANT_FEATURE" ("RESTAURANT_ID","FEATURE_NAME","DESCRIPTION")VALUES('71471798','Noise Level','Average');
INSERT INTO "RESTAURANT_FEATURE" ("RESTAURANT_ID","FEATURE_NAME","DESCRIPTION")VALUES('71471798','Alcohol','Beer & Wine Only');
INSERT INTO "RESTAURANT_FEATURE" ("RESTAURANT_ID","FEATURE_NAME","DESCRIPTION")VALUES('71471798','Outdoor Seating','Yes');
INSERT INTO "RESTAURANT_FEATURE" ("RESTAURANT_ID","FEATURE_NAME","DESCRIPTION")VALUES('71471798','Wi-Fi','Free');
INSERT INTO "RESTAURANT_FEATURE" ("RESTAURANT_ID","FEATURE_NAME","DESCRIPTION")VALUES('71471798','Has TV','Yes');
INSERT INTO "RESTAURANT_FEATURE" ("RESTAURANT_ID","FEATURE_NAME","DESCRIPTION")VALUES('71471798','Waiter Service','Yes');
INSERT INTO "RESTAURANT_FEATURE" ("RESTAURANT_ID","FEATURE_NAME","DESCRIPTION")VALUES('71471798','Caters','No');
INSERT INTO "OPENING_HOUR" ("DAY","RESTAURANT_ID","OPENING_TIME","CLOSING_TIME")VALUES('Mon','71471798','5:00 pm','11:00 pm');
INSERT INTO "OPENING_HOUR" ("DAY","RESTAURANT_ID","OPENING_TIME","CLOSING_TIME")VALUES('Tue','71471798','5:00 pm','11:00 pm');
INSERT INTO "OPENING_HOUR" ("DAY","RESTAURANT_ID","OPENING_TIME","CLOSING_TIME")VALUES('Wed','71471798','5:00 pm','11:00 pm');
INSERT INTO "OPENING_HOUR" ("DAY","RESTAURANT_ID","OPENING_TIME","CLOSING_TIME")VALUES('Thu','71471798','5:00 pm','11:00 pm');
INSERT INTO "OPENING_HOUR" ("DAY","RESTAURANT_ID","OPENING_TIME","CLOSING_TIME")VALUES('Fri','71471798','5:00 pm','11:00 pm');
INSERT INTO "OPENING_HOUR" ("DAY","RESTAURANT_ID","OPENING_TIME","CLOSING_TIME")VALUES('Sat','71471798','5:00 pm','11:00 pm');
INSERT INTO "OPENING_HOUR" ("DAY","RESTAURANT_ID","OPENING_TIME","CLOSING_TIME")VALUES('Sun','71471798','Open now','11:00 pm');
INSERT INTO "USER_REVIEW" ("RESTAURANT_ID","REVIEW_DATE","COMMENT","REVIEW_RATING")VALUES('71471798','2018-01-06 02:02:56','Wawa serves very large bibimbab bowls and I have to admit that I like that. I like the concept of creating your own bowl by choosing the toppings since this...','5');
INSERT INTO "PHOTO" ("RESTAURANT_ID","PICTURE_URL")VALUES('71471798','https://s3-media3.fl.yelpcdn.com/photo/9vzac5tVbEM3gkqiT0n4gw/o.jpg');
INSERT INTO "USER_REVIEW" ("RESTAURANT_ID","REVIEW_DATE","COMMENT","REVIEW_RATING")VALUES('71471798','2018-01-08 18:52:40','Food was nice, but the service not so much. I booked a table and the wanted to give us a sit in the small bar close to the door (kind of a "waiting area ")...','3');
INSERT INTO "PHOTO" ("RESTAURANT_ID","PICTURE_URL")VALUES('71471798','https://s3-media3.fl.yelpcdn.com/photo/icvFtI4SLZzdu98sJg1Xhg/o.jpg');
INSERT INTO "USER_REVIEW" ("RESTAURANT_ID","REVIEW_DATE","COMMENT","REVIEW_RATING")VALUES('71471798','2017-12-27 10:30:47','OUTSTANDING!! From the moment I enter the door the staff was friendly and provided excellent service. The food was just amazing! I was lucked to get a seat...','5');
INSERT INTO "PHOTO" ("RESTAURANT_ID","PICTURE_URL")VALUES('71471798','https://s3-media2.fl.yelpcdn.com/photo/e1kQymVLuvaKby7azb0foA/o.jpg');
INSERT INTO "LOCATION" ("LOCATION_ID","LOCATION_TYPE","ADDRESS","LONGITUDE","LATITUDE")VALUES('11','R','Torstr. 13610119 BerlinGermany','13.39959','52.52937');
INSERT INTO "RESTAURANT" ("RESTAURANT_ID","PRICERANGE","PHONE_NUMBER","WEBSITE")VALUES('84216978','€€','+49 163 6359464','amanogroup.de/eat-drink/mani-…');
INSERT INTO "CUISINE" ("RESTAURANT_ID","CUISINE_TYPE")VALUES('84216978','Mediterranean');
INSERT INTO "CUISINE" ("RESTAURANT_ID","CUISINE_TYPE")VALUES('84216978','French');
INSERT INTO "RESTAURANT_RATING" ("RESTAURANT_ID","SCALE","OVERALL_RATING","SOURCE")VALUES('84216978','5','4.5','Yelp');
INSERT INTO "RESTAURANT_FEATURE" ("RESTAURANT_ID","FEATURE_NAME","DESCRIPTION")VALUES('84216978','Takes Reservations','Yes');
INSERT INTO "RESTAURANT_FEATURE" ("RESTAURANT_ID","FEATURE_NAME","DESCRIPTION")VALUES('84216978','Delivery','No');
INSERT INTO "RESTAURANT_FEATURE" ("RESTAURANT_ID","FEATURE_NAME","DESCRIPTION")VALUES('84216978','Take-out','No');
INSERT INTO "RESTAURANT_FEATURE" ("RESTAURANT_ID","FEATURE_NAME","DESCRIPTION")VALUES('84216978','Accepted Cards','Credit, Debit');
INSERT INTO "RESTAURANT_FEATURE" ("RESTAURANT_ID","FEATURE_NAME","DESCRIPTION")VALUES('84216978','Good For','Dinner');
INSERT INTO "RESTAURANT_FEATURE" ("RESTAURANT_ID","FEATURE_NAME","DESCRIPTION")VALUES('84216978','Parking','Garage, Street');
INSERT INTO "RESTAURANT_FEATURE" ("RESTAURANT_ID","FEATURE_NAME","DESCRIPTION")VALUES('84216978','Good for Kids','Yes');
INSERT INTO "RESTAURANT_FEATURE" ("RESTAURANT_ID","FEATURE_NAME","DESCRIPTION")VALUES('84216978','Good for Groups','Yes');
INSERT INTO "RESTAURANT_FEATURE" ("RESTAURANT_ID","FEATURE_NAME","DESCRIPTION")VALUES('84216978','Attire','Casual');
INSERT INTO "RESTAURANT_FEATURE" ("RESTAURANT_ID","FEATURE_NAME","DESCRIPTION")VALUES('84216978','Noise Level','Average');
INSERT INTO "RESTAURANT_FEATURE" ("RESTAURANT_ID","FEATURE_NAME","DESCRIPTION")VALUES('84216978','Alcohol','Full Bar');
INSERT INTO "RESTAURANT_FEATURE" ("RESTAURANT_ID","FEATURE_NAME","DESCRIPTION")VALUES('84216978','Outdoor Seating','Yes');
INSERT INTO "RESTAURANT_FEATURE" ("RESTAURANT_ID","FEATURE_NAME","DESCRIPTION")VALUES('84216978','Wi-Fi','Free');
INSERT INTO "RESTAURANT_FEATURE" ("RESTAURANT_ID","FEATURE_NAME","DESCRIPTION")VALUES('84216978','Has TV','No');
INSERT INTO "RESTAURANT_FEATURE" ("RESTAURANT_ID","FEATURE_NAME","DESCRIPTION")VALUES('84216978','Caters','Yes');
INSERT INTO "OPENING_HOUR" ("DAY","RESTAURANT_ID","OPENING_TIME","CLOSING_TIME")VALUES('Mon','84216978','12:00 pm','3:00 pm');
INSERT INTO "OPENING_HOUR" ("DAY","RESTAURANT_ID","OPENING_TIME","CLOSING_TIME")VALUES('Tue','84216978','12:00 pm','3:00 pm');
INSERT INTO "OPENING_HOUR" ("DAY","RESTAURANT_ID","OPENING_TIME","CLOSING_TIME")VALUES('Wed','84216978','12:00 pm','3:00 pm');
INSERT INTO "OPENING_HOUR" ("DAY","RESTAURANT_ID","OPENING_TIME","CLOSING_TIME")VALUES('Thu','84216978','12:00 pm','3:00 pm');
INSERT INTO "OPENING_HOUR" ("DAY","RESTAURANT_ID","OPENING_TIME","CLOSING_TIME")VALUES('Fri','84216978','12:00 pm','3:00 pm');
INSERT INTO "OPENING_HOUR" ("DAY","RESTAURANT_ID","OPENING_TIME","CLOSING_TIME")VALUES('Sat','84216978','7:00 pm','11:00 pm');
INSERT INTO "USER_REVIEW" ("RESTAURANT_ID","REVIEW_DATE","COMMENT","REVIEW_RATING")VALUES('84216978','2016-08-03 22:31:33','This place is wonderful! 
I took my family here to celebrate my sister''s work achievements. 

Our dinner for four, was 
- all appetizers from the menu
- all...','5');
INSERT INTO "PHOTO" ("RESTAURANT_ID","PICTURE_URL")VALUES('84216978','https://s3-media4.fl.yelpcdn.com/photo/BpqNOW0gD8nLTQdo44dXpg/o.jpg');
INSERT INTO "USER_REVIEW" ("RESTAURANT_ID","REVIEW_DATE","COMMENT","REVIEW_RATING")VALUES('84216978','2018-01-14 07:09:40','I came here for the two-course lunch special (€11.50) and was very disappointed with the food, especially after reading all the stellar reviews.

For my...','2');
INSERT INTO "PHOTO" ("RESTAURANT_ID","PICTURE_URL")VALUES('84216978','https://s3-media2.fl.yelpcdn.com/photo/jqrjUvG8U1wFY0d4g-qhfg/o.jpg');
INSERT INTO "USER_REVIEW" ("RESTAURANT_ID","REVIEW_DATE","COMMENT","REVIEW_RATING")VALUES('84216978','2016-11-25 10:46:05','This is a fairly new joint in the heart of Berlin''s exciting Mitte borough. Most tourists may discover it while strolling around nearby Rosenthaler Platz...','5');
INSERT INTO "PHOTO" ("RESTAURANT_ID","PICTURE_URL")VALUES('84216978','https://s3-media4.fl.yelpcdn.com/photo/mltBUlcZOjDhHDoyOz0MHw/o.jpg');
INSERT INTO "RESTAURANT_RATING" ("RESTAURANT_ID","SCALE","OVERALL_RATING","SOURCE")VALUES('84216978','5','4.3','Google Map');
INSERT INTO "USER_REVIEW" ("RESTAURANT_ID","REVIEW_DATE","COMMENT","REVIEW_RATING")VALUES('84216978','2017-11-11','High quality Israeli fusion food','4');
INSERT INTO "USER_REVIEW" ("RESTAURANT_ID","REVIEW_DATE","COMMENT","REVIEW_RATING")VALUES('84216978','2017-08-12','Great food and friendly staff. A little packed with tables but will definitely come again.','5');
INSERT INTO "USER_REVIEW" ("RESTAURANT_ID","REVIEW_DATE","COMMENT","REVIEW_RATING")VALUES('84216978','2017-06-21','Very tasty meals and nice drinks. Service was very good. Highly recommended for a decent dinner. ','5');
INSERT INTO "USER_REVIEW" ("RESTAURANT_ID","REVIEW_DATE","COMMENT","REVIEW_RATING")VALUES('84216978','2017-05-30','“A splendid experience”

Nice decor, Super friendly staff But the food is really TOP: every dish is a nice surprise. I tasted things that were new to me, and it did me well ! A new experience !! Splendid choice of wines.','5');
INSERT INTO "USER_REVIEW" ("RESTAURANT_ID","REVIEW_DATE","COMMENT","REVIEW_RATING")VALUES('84216978','2017-01-14','Great interior design, very arty and well put together.

We had a lovely dinner, and great bottle of wine. The staff were pleasant, our waiter was great. 

We had a late dinner, as it was booked up- would recommend booking in advance. ','5');
INSERT INTO "LOCATION" ("LOCATION_ID","LOCATION_TYPE","ADDRESS","LONGITUDE","LATITUDE")VALUES('12','R','Mohrenstr. 6410117 BerlinGermany','13.3856','52.5121');
INSERT INTO "RESTAURANT" ("RESTAURANT_ID","PRICERANGE","PHONE_NUMBER","WEBSITE")VALUES('43746113','€€','+49 30 20058880','restaurantderthueringer.de');
INSERT INTO "CUISINE" ("RESTAURANT_ID","CUISINE_TYPE")VALUES('43746113','German');
INSERT INTO "RESTAURANT_RATING" ("RESTAURANT_ID","SCALE","OVERALL_RATING","SOURCE")VALUES('43746113','5','4.5','Yelp');
INSERT INTO "RESTAURANT_FEATURE" ("RESTAURANT_ID","FEATURE_NAME","DESCRIPTION")VALUES('43746113','Takes Reservations','Yes');
INSERT INTO "RESTAURANT_FEATURE" ("RESTAURANT_ID","FEATURE_NAME","DESCRIPTION")VALUES('43746113','Delivery','No');
INSERT INTO "RESTAURANT_FEATURE" ("RESTAURANT_ID","FEATURE_NAME","DESCRIPTION")VALUES('43746113','Take-out','Yes');
INSERT INTO "RESTAURANT_FEATURE" ("RESTAURANT_ID","FEATURE_NAME","DESCRIPTION")VALUES('43746113','Good for Kids','Yes');
INSERT INTO "RESTAURANT_FEATURE" ("RESTAURANT_ID","FEATURE_NAME","DESCRIPTION")VALUES('43746113','Good for Groups','Yes');
INSERT INTO "RESTAURANT_FEATURE" ("RESTAURANT_ID","FEATURE_NAME","DESCRIPTION")VALUES('43746113','Attire','Casual');
INSERT INTO "RESTAURANT_FEATURE" ("RESTAURANT_ID","FEATURE_NAME","DESCRIPTION")VALUES('43746113','Alcohol','Beer & Wine Only');
INSERT INTO "RESTAURANT_FEATURE" ("RESTAURANT_ID","FEATURE_NAME","DESCRIPTION")VALUES('43746113','Outdoor Seating','Yes');
INSERT INTO "RESTAURANT_FEATURE" ("RESTAURANT_ID","FEATURE_NAME","DESCRIPTION")VALUES('43746113','Wi-Fi','No');
INSERT INTO "RESTAURANT_FEATURE" ("RESTAURANT_ID","FEATURE_NAME","DESCRIPTION")VALUES('43746113','Has TV','No');
INSERT INTO "OPENING_HOUR" ("DAY","RESTAURANT_ID","OPENING_TIME","CLOSING_TIME")VALUES('Mon','43746113','12:00 pm','9:00 pm');
INSERT INTO "OPENING_HOUR" ("DAY","RESTAURANT_ID","OPENING_TIME","CLOSING_TIME")VALUES('Tue','43746113','12:00 pm','9:00 pm');
INSERT INTO "OPENING_HOUR" ("DAY","RESTAURANT_ID","OPENING_TIME","CLOSING_TIME")VALUES('Wed','43746113','12:00 pm','9:00 pm');
INSERT INTO "OPENING_HOUR" ("DAY","RESTAURANT_ID","OPENING_TIME","CLOSING_TIME")VALUES('Thu','43746113','12:00 pm','9:00 pm');
INSERT INTO "OPENING_HOUR" ("DAY","RESTAURANT_ID","OPENING_TIME","CLOSING_TIME")VALUES('Fri','43746113','12:00 pm','9:00 pm');
INSERT INTO "USER_REVIEW" ("RESTAURANT_ID","REVIEW_DATE","COMMENT","REVIEW_RATING")VALUES('43746113','2017-08-04 00:35:42','They are selling some of their bratwurst outside in a stand, but I decided to go inside the restaurant and have a nice sit down meal. I had the...','4');
INSERT INTO "PHOTO" ("RESTAURANT_ID","PICTURE_URL")VALUES('43746113','https://s3-media2.fl.yelpcdn.com/photo/nAlLyEbAWBQ75p6SMChC2w/o.jpg');
INSERT INTO "USER_REVIEW" ("RESTAURANT_ID","REVIEW_DATE","COMMENT","REVIEW_RATING")VALUES('43746113','2017-02-24 04:48:00','I have been traveling through Germany and this is the best German restaurant I''ve been too! The bratwurst were amazing! The staff was incredibly friendly....','5');
INSERT INTO "PHOTO" ("RESTAURANT_ID","PICTURE_URL")VALUES('43746113','https://s3-media1.fl.yelpcdn.com/photo/kDDJLRg2Ec0prWjXoKo58A/o.jpg');
INSERT INTO "LOCATION" ("LOCATION_ID","LOCATION_TYPE","ADDRESS","LONGITUDE","LATITUDE")VALUES('13','R','Meinekestr. 410719 BerlinGermany','13.3284872202','52.5021160895');
INSERT INTO "RESTAURANT" ("RESTAURANT_ID","PRICERANGE","PHONE_NUMBER","WEBSITE")VALUES('50935130','€€','+49 30 8818602','None');
INSERT INTO "CUISINE" ("RESTAURANT_ID","CUISINE_TYPE")VALUES('50935130','German');
INSERT INTO "RESTAURANT_RATING" ("RESTAURANT_ID","SCALE","OVERALL_RATING","SOURCE")VALUES('50935130','5','4.5','Yelp');
INSERT INTO "RESTAURANT_FEATURE" ("RESTAURANT_ID","FEATURE_NAME","DESCRIPTION")VALUES('50935130','Takes Reservations','Yes');
INSERT INTO "RESTAURANT_FEATURE" ("RESTAURANT_ID","FEATURE_NAME","DESCRIPTION")VALUES('50935130','Delivery','No');
INSERT INTO "RESTAURANT_FEATURE" ("RESTAURANT_ID","FEATURE_NAME","DESCRIPTION")VALUES('50935130','Take-out','No');
INSERT INTO "RESTAURANT_FEATURE" ("RESTAURANT_ID","FEATURE_NAME","DESCRIPTION")VALUES('50935130','Accepted Cards','Credit, Debit');
INSERT INTO "RESTAURANT_FEATURE" ("RESTAURANT_ID","FEATURE_NAME","DESCRIPTION")VALUES('50935130','Good For','Dessert');
INSERT INTO "RESTAURANT_FEATURE" ("RESTAURANT_ID","FEATURE_NAME","DESCRIPTION")VALUES('50935130','Good for Kids','Yes');
INSERT INTO "RESTAURANT_FEATURE" ("RESTAURANT_ID","FEATURE_NAME","DESCRIPTION")VALUES('50935130','Good for Groups','Yes');
INSERT INTO "RESTAURANT_FEATURE" ("RESTAURANT_ID","FEATURE_NAME","DESCRIPTION")VALUES('50935130','Attire','Casual');
INSERT INTO "RESTAURANT_FEATURE" ("RESTAURANT_ID","FEATURE_NAME","DESCRIPTION")VALUES('50935130','Ambience','Casual, Intimate');
INSERT INTO "RESTAURANT_FEATURE" ("RESTAURANT_ID","FEATURE_NAME","DESCRIPTION")VALUES('50935130','Noise Level','Quiet');
INSERT INTO "RESTAURANT_FEATURE" ("RESTAURANT_ID","FEATURE_NAME","DESCRIPTION")VALUES('50935130','Alcohol','Full Bar');
INSERT INTO "RESTAURANT_FEATURE" ("RESTAURANT_ID","FEATURE_NAME","DESCRIPTION")VALUES('50935130','Outdoor Seating','Yes');
INSERT INTO "RESTAURANT_FEATURE" ("RESTAURANT_ID","FEATURE_NAME","DESCRIPTION")VALUES('50935130','Wi-Fi','Free');
INSERT INTO "RESTAURANT_FEATURE" ("RESTAURANT_ID","FEATURE_NAME","DESCRIPTION")VALUES('50935130','Has TV','No');
INSERT INTO "RESTAURANT_FEATURE" ("RESTAURANT_ID","FEATURE_NAME","DESCRIPTION")VALUES('50935130','Waiter Service','Yes');
INSERT INTO "RESTAURANT_FEATURE" ("RESTAURANT_ID","FEATURE_NAME","DESCRIPTION")VALUES('50935130','Caters','No');
INSERT INTO "OPENING_HOUR" ("DAY","RESTAURANT_ID","OPENING_TIME","CLOSING_TIME")VALUES('Mon','50935130','12:00 pm','11:30 pm');
INSERT INTO "OPENING_HOUR" ("DAY","RESTAURANT_ID","OPENING_TIME","CLOSING_TIME")VALUES('Tue','50935130','12:00 pm','11:30 pm');
INSERT INTO "OPENING_HOUR" ("DAY","RESTAURANT_ID","OPENING_TIME","CLOSING_TIME")VALUES('Wed','50935130','12:00 pm','11:30 pm');
INSERT INTO "OPENING_HOUR" ("DAY","RESTAURANT_ID","OPENING_TIME","CLOSING_TIME")VALUES('Thu','50935130','12:00 pm','11:30 pm');
INSERT INTO "OPENING_HOUR" ("DAY","RESTAURANT_ID","OPENING_TIME","CLOSING_TIME")VALUES('Fri','50935130','12:00 pm','11:30 pm');
INSERT INTO "OPENING_HOUR" ("DAY","RESTAURANT_ID","OPENING_TIME","CLOSING_TIME")VALUES('Sat','50935130','12:00 pm','11:30 pm');
INSERT INTO "OPENING_HOUR" ("DAY","RESTAURANT_ID","OPENING_TIME","CLOSING_TIME")VALUES('Sun','50935130','Open now','11:30 pm');
INSERT INTO "USER_REVIEW" ("RESTAURANT_ID","REVIEW_DATE","COMMENT","REVIEW_RATING")VALUES('50935130','2017-11-29 21:22:38','I went there for dinner on a Wednesday night at 7:30 and it was packed. Great atmosphere with the obligatory German memorabilia (classic & WWII). The food...','5');
INSERT INTO "PHOTO" ("RESTAURANT_ID","PICTURE_URL")VALUES('50935130','https://s3-media2.fl.yelpcdn.com/photo/K8ziYZE27pPTyqIHLo4N4Q/o.jpg');
INSERT INTO "USER_REVIEW" ("RESTAURANT_ID","REVIEW_DATE","COMMENT","REVIEW_RATING")VALUES('50935130','2016-12-18 09:38:47','This is a small restaurant on a side street off the Ku''damm that is not at all touristy, so it''s a good place to experience some genuine Berlin food and...','4');
INSERT INTO "PHOTO" ("RESTAURANT_ID","PICTURE_URL")VALUES('50935130','https://s3-media1.fl.yelpcdn.com/photo/tPfUzBRcK4yN8lOul1F7Ew/o.jpg');
INSERT INTO "USER_REVIEW" ("RESTAURANT_ID","REVIEW_DATE","COMMENT","REVIEW_RATING")VALUES('50935130','2016-09-24 11:04:34','Not looking to wander far from the hotel after 12hrs of travel, Gasthaus Krombach was convenient AND a great find. The bartender spoke English, though I...','4');
INSERT INTO "PHOTO" ("RESTAURANT_ID","PICTURE_URL")VALUES('50935130','https://s3-media1.fl.yelpcdn.com/photo/-tV5MK6IaQa3AdqunGcMeA/o.jpg');
INSERT INTO "LOCATION" ("LOCATION_ID","LOCATION_TYPE","ADDRESS","LONGITUDE","LATITUDE")VALUES('14','R','Friedrichstr. 106 C10117 BerlinGermany','13.38848','52.52312');
INSERT INTO "RESTAURANT" ("RESTAURANT_ID","PRICERANGE","PHONE_NUMBER","WEBSITE")VALUES('16232554','€€','+49 30 2833437','boulevard-friedrichstrasse.de');
INSERT INTO "CUISINE" ("RESTAURANT_ID","CUISINE_TYPE")VALUES('16232554','German');
INSERT INTO "CUISINE" ("RESTAURANT_ID","CUISINE_TYPE")VALUES('16232554','Steakhouses');
INSERT INTO "RESTAURANT_RATING" ("RESTAURANT_ID","SCALE","OVERALL_RATING","SOURCE")VALUES('16232554','5','4.0','Yelp');
INSERT INTO "RESTAURANT_FEATURE" ("RESTAURANT_ID","FEATURE_NAME","DESCRIPTION")VALUES('16232554','Takes Reservations','Yes');
INSERT INTO "RESTAURANT_FEATURE" ("RESTAURANT_ID","FEATURE_NAME","DESCRIPTION")VALUES('16232554','Delivery','No');
INSERT INTO "RESTAURANT_FEATURE" ("RESTAURANT_ID","FEATURE_NAME","DESCRIPTION")VALUES('16232554','Take-out','No');
INSERT INTO "RESTAURANT_FEATURE" ("RESTAURANT_ID","FEATURE_NAME","DESCRIPTION")VALUES('16232554','Accepted Cards','Credit, Debit');
INSERT INTO "RESTAURANT_FEATURE" ("RESTAURANT_ID","FEATURE_NAME","DESCRIPTION")VALUES('16232554','Good for Kids','Yes');
INSERT INTO "RESTAURANT_FEATURE" ("RESTAURANT_ID","FEATURE_NAME","DESCRIPTION")VALUES('16232554','Good for Groups','Yes');
INSERT INTO "RESTAURANT_FEATURE" ("RESTAURANT_ID","FEATURE_NAME","DESCRIPTION")VALUES('16232554','Attire','Casual');
INSERT INTO "RESTAURANT_FEATURE" ("RESTAURANT_ID","FEATURE_NAME","DESCRIPTION")VALUES('16232554','Alcohol','Beer & Wine Only');
INSERT INTO "RESTAURANT_FEATURE" ("RESTAURANT_ID","FEATURE_NAME","DESCRIPTION")VALUES('16232554','Outdoor Seating','Yes');
INSERT INTO "RESTAURANT_FEATURE" ("RESTAURANT_ID","FEATURE_NAME","DESCRIPTION")VALUES('16232554','Wi-Fi','Free');
INSERT INTO "RESTAURANT_FEATURE" ("RESTAURANT_ID","FEATURE_NAME","DESCRIPTION")VALUES('16232554','Has TV','No');
INSERT INTO "OPENING_HOUR" ("DAY","RESTAURANT_ID","OPENING_TIME","CLOSING_TIME")VALUES('Mon','16232554','12:00 pm','11:00 pm');
INSERT INTO "OPENING_HOUR" ("DAY","RESTAURANT_ID","OPENING_TIME","CLOSING_TIME")VALUES('Tue','16232554','12:00 pm','11:00 pm');
INSERT INTO "OPENING_HOUR" ("DAY","RESTAURANT_ID","OPENING_TIME","CLOSING_TIME")VALUES('Wed','16232554','12:00 pm','11:00 pm');
INSERT INTO "OPENING_HOUR" ("DAY","RESTAURANT_ID","OPENING_TIME","CLOSING_TIME")VALUES('Thu','16232554','12:00 pm','11:00 pm');
INSERT INTO "OPENING_HOUR" ("DAY","RESTAURANT_ID","OPENING_TIME","CLOSING_TIME")VALUES('Fri','16232554','12:00 pm','11:00 pm');
INSERT INTO "OPENING_HOUR" ("DAY","RESTAURANT_ID","OPENING_TIME","CLOSING_TIME")VALUES('Sat','16232554','12:00 pm','11:00 pm');
INSERT INTO "OPENING_HOUR" ("DAY","RESTAURANT_ID","OPENING_TIME","CLOSING_TIME")VALUES('Sun','16232554','Open now','11:00 pm');
INSERT INTO "USER_REVIEW" ("RESTAURANT_ID","REVIEW_DATE","COMMENT","REVIEW_RATING")VALUES('16232554','2017-10-26 12:35:07','Oh myyy... I got the roasted half duck, more luxurious and rich than I would normally pick but the server recommended it and I am happy she did, it was...','5');
INSERT INTO "PHOTO" ("RESTAURANT_ID","PICTURE_URL")VALUES('16232554','https://s3-media3.fl.yelpcdn.com/photo/SpCdZQv_aJEA9GuxlV3gkg/o.jpg');
INSERT INTO "USER_REVIEW" ("RESTAURANT_ID","REVIEW_DATE","COMMENT","REVIEW_RATING")VALUES('16232554','2018-01-04 21:24:07','Friendly staff, great food XL portions. Fortunately they can speak English and there English menu as well. I was sitting in front of kitchen and I saw they...','3');
INSERT INTO "PHOTO" ("RESTAURANT_ID","PICTURE_URL")VALUES('16232554','https://s3-media1.fl.yelpcdn.com/photo/ssUBNykSz2DB5zE8R96k3w/o.jpg');
INSERT INTO "USER_REVIEW" ("RESTAURANT_ID","REVIEW_DATE","COMMENT","REVIEW_RATING")VALUES('16232554','2017-09-03 22:37:15','This is hands down our favorite restaurant in Berlin! The food was spectacular, and our waiter (Peter) was one of the best servers we have ever had :)...','5');
INSERT INTO "PHOTO" ("RESTAURANT_ID","PICTURE_URL")VALUES('16232554','https://s3-media2.fl.yelpcdn.com/photo/VDRTfgAzkR1X9Sx1xWTkyw/o.jpg');
INSERT INTO "LOCATION" ("LOCATION_ID","LOCATION_TYPE","ADDRESS","LONGITUDE","LATITUDE")VALUES('15','R','Köthener Str. 2810963 BerlinGermany','13.3762002037','52.5043065307');
INSERT INTO "RESTAURANT" ("RESTAURANT_ID","PRICERANGE","PHONE_NUMBER","WEBSITE")VALUES('31229508','€','+49 30 2651867','None');
INSERT INTO "CUISINE" ("RESTAURANT_ID","CUISINE_TYPE")VALUES('31229508','Indonesian');
INSERT INTO "RESTAURANT_RATING" ("RESTAURANT_ID","SCALE","OVERALL_RATING","SOURCE")VALUES('31229508','5','4.5','Yelp');
INSERT INTO "RESTAURANT_FEATURE" ("RESTAURANT_ID","FEATURE_NAME","DESCRIPTION")VALUES('31229508','Takes Reservations','Yes');
INSERT INTO "RESTAURANT_FEATURE" ("RESTAURANT_ID","FEATURE_NAME","DESCRIPTION")VALUES('31229508','Delivery','No');
INSERT INTO "RESTAURANT_FEATURE" ("RESTAURANT_ID","FEATURE_NAME","DESCRIPTION")VALUES('31229508','Take-out','Yes');
INSERT INTO "RESTAURANT_FEATURE" ("RESTAURANT_ID","FEATURE_NAME","DESCRIPTION")VALUES('31229508','Good For','Lunch, Dinner');
INSERT INTO "RESTAURANT_FEATURE" ("RESTAURANT_ID","FEATURE_NAME","DESCRIPTION")VALUES('31229508','Parking','Street');
INSERT INTO "RESTAURANT_FEATURE" ("RESTAURANT_ID","FEATURE_NAME","DESCRIPTION")VALUES('31229508','Good for Kids','Yes');
INSERT INTO "RESTAURANT_FEATURE" ("RESTAURANT_ID","FEATURE_NAME","DESCRIPTION")VALUES('31229508','Good for Groups','Yes');
INSERT INTO "RESTAURANT_FEATURE" ("RESTAURANT_ID","FEATURE_NAME","DESCRIPTION")VALUES('31229508','Attire','Casual');
INSERT INTO "RESTAURANT_FEATURE" ("RESTAURANT_ID","FEATURE_NAME","DESCRIPTION")VALUES('31229508','Ambience','Casual');
INSERT INTO "RESTAURANT_FEATURE" ("RESTAURANT_ID","FEATURE_NAME","DESCRIPTION")VALUES('31229508','Noise Level','Average');
INSERT INTO "RESTAURANT_FEATURE" ("RESTAURANT_ID","FEATURE_NAME","DESCRIPTION")VALUES('31229508','Alcohol','Full Bar');
INSERT INTO "RESTAURANT_FEATURE" ("RESTAURANT_ID","FEATURE_NAME","DESCRIPTION")VALUES('31229508','Outdoor Seating','Yes');
INSERT INTO "RESTAURANT_FEATURE" ("RESTAURANT_ID","FEATURE_NAME","DESCRIPTION")VALUES('31229508','Wi-Fi','Free');
INSERT INTO "RESTAURANT_FEATURE" ("RESTAURANT_ID","FEATURE_NAME","DESCRIPTION")VALUES('31229508','Has TV','No');
INSERT INTO "RESTAURANT_FEATURE" ("RESTAURANT_ID","FEATURE_NAME","DESCRIPTION")VALUES('31229508','Caters','Yes');
INSERT INTO "OPENING_HOUR" ("DAY","RESTAURANT_ID","OPENING_TIME","CLOSING_TIME")VALUES('Mon','31229508','12:00 pm','3:00 pm');
INSERT INTO "OPENING_HOUR" ("DAY","RESTAURANT_ID","OPENING_TIME","CLOSING_TIME")VALUES('Tue','31229508','12:00 pm','3:00 pm');
INSERT INTO "OPENING_HOUR" ("DAY","RESTAURANT_ID","OPENING_TIME","CLOSING_TIME")VALUES('Wed','31229508','12:00 pm','3:00 pm');
INSERT INTO "OPENING_HOUR" ("DAY","RESTAURANT_ID","OPENING_TIME","CLOSING_TIME")VALUES('Thu','31229508','12:00 pm','3:00 pm');
INSERT INTO "OPENING_HOUR" ("DAY","RESTAURANT_ID","OPENING_TIME","CLOSING_TIME")VALUES('Fri','31229508','12:00 pm','3:00 pm');
INSERT INTO "OPENING_HOUR" ("DAY","RESTAURANT_ID","OPENING_TIME","CLOSING_TIME")VALUES('Sat','31229508','5:00 pm','9:30 pm');
INSERT INTO "USER_REVIEW" ("RESTAURANT_ID","REVIEW_DATE","COMMENT","REVIEW_RATING")VALUES('31229508','2017-09-21 08:20:28','This is a hidden gem!!! The price is so affordable you would not believe it. Food is great and will definitely be back when I''m in Berlin! 

Plus they serve...','5');
INSERT INTO "PHOTO" ("RESTAURANT_ID","PICTURE_URL")VALUES('31229508','https://s3-media1.fl.yelpcdn.com/photo/f_mZK7EZadp4e_dh0NJUQw/o.jpg');
INSERT INTO "USER_REVIEW" ("RESTAURANT_ID","REVIEW_DATE","COMMENT","REVIEW_RATING")VALUES('31229508','2017-12-16 02:20:59','This place gets pretty busy, but it''s not the sort of place where you get a reservation as it''s really a local watering hole. Delicious food.  There is...','5');
INSERT INTO "PHOTO" ("RESTAURANT_ID","PICTURE_URL")VALUES('31229508','https://s3-media2.fl.yelpcdn.com/photo/YeyTHqUI4wkV8F3RZQYQlg/o.jpg');
INSERT INTO "USER_REVIEW" ("RESTAURANT_ID","REVIEW_DATE","COMMENT","REVIEW_RATING")VALUES('31229508','2017-09-23 04:19:18','5-6 euros for indonesian food??? Man, I love this place! I tried the nasi goreng bebek, batagor, pecel lele and gado2. They were all good! Definitely...','5');
INSERT INTO "PHOTO" ("RESTAURANT_ID","PICTURE_URL")VALUES('31229508','https://s3-media3.fl.yelpcdn.com/photo/5JYBb5c2ynWg4wfNV8zGkA/o.jpg');
INSERT INTO "LOCATION" ("LOCATION_ID","LOCATION_TYPE","ADDRESS","LONGITUDE","LATITUDE")VALUES('16','R','Metzer Str. 3010405 BerlinGermany','13.41701','52.53154');
INSERT INTO "RESTAURANT" ("RESTAURANT_ID","PRICERANGE","PHONE_NUMBER","WEBSITE")VALUES('69747124','€€','+49 30 54815039','leibhaftig.com');
INSERT INTO "CUISINE" ("RESTAURANT_ID","CUISINE_TYPE")VALUES('69747124','Breweries');
INSERT INTO "CUISINE" ("RESTAURANT_ID","CUISINE_TYPE")VALUES('69747124','Gastropubs');
INSERT INTO "RESTAURANT_RATING" ("RESTAURANT_ID","SCALE","OVERALL_RATING","SOURCE")VALUES('69747124','5','4.5','Yelp');
INSERT INTO "RESTAURANT_FEATURE" ("RESTAURANT_ID","FEATURE_NAME","DESCRIPTION")VALUES('69747124','Takes Reservations','Yes');
INSERT INTO "RESTAURANT_FEATURE" ("RESTAURANT_ID","FEATURE_NAME","DESCRIPTION")VALUES('69747124','Delivery','No');
INSERT INTO "RESTAURANT_FEATURE" ("RESTAURANT_ID","FEATURE_NAME","DESCRIPTION")VALUES('69747124','Take-out','Yes');
INSERT INTO "RESTAURANT_FEATURE" ("RESTAURANT_ID","FEATURE_NAME","DESCRIPTION")VALUES('69747124','Accepted Cards','Debit');
INSERT INTO "RESTAURANT_FEATURE" ("RESTAURANT_ID","FEATURE_NAME","DESCRIPTION")VALUES('69747124','Good For','Dinner');
INSERT INTO "RESTAURANT_FEATURE" ("RESTAURANT_ID","FEATURE_NAME","DESCRIPTION")VALUES('69747124','Good for Kids','No');
INSERT INTO "RESTAURANT_FEATURE" ("RESTAURANT_ID","FEATURE_NAME","DESCRIPTION")VALUES('69747124','Good for Groups','Yes');
INSERT INTO "RESTAURANT_FEATURE" ("RESTAURANT_ID","FEATURE_NAME","DESCRIPTION")VALUES('69747124','Attire','Casual');
INSERT INTO "RESTAURANT_FEATURE" ("RESTAURANT_ID","FEATURE_NAME","DESCRIPTION")VALUES('69747124','Ambience','Casual');
INSERT INTO "RESTAURANT_FEATURE" ("RESTAURANT_ID","FEATURE_NAME","DESCRIPTION")VALUES('69747124','Noise Level','Average');
INSERT INTO "RESTAURANT_FEATURE" ("RESTAURANT_ID","FEATURE_NAME","DESCRIPTION")VALUES('69747124','Alcohol','Full Bar');
INSERT INTO "RESTAURANT_FEATURE" ("RESTAURANT_ID","FEATURE_NAME","DESCRIPTION")VALUES('69747124','Outdoor Seating','Yes');
INSERT INTO "RESTAURANT_FEATURE" ("RESTAURANT_ID","FEATURE_NAME","DESCRIPTION")VALUES('69747124','Wi-Fi','Free');
INSERT INTO "RESTAURANT_FEATURE" ("RESTAURANT_ID","FEATURE_NAME","DESCRIPTION")VALUES('69747124','Has TV','Yes');
INSERT INTO "RESTAURANT_FEATURE" ("RESTAURANT_ID","FEATURE_NAME","DESCRIPTION")VALUES('69747124','Caters','Yes');
INSERT INTO "OPENING_HOUR" ("DAY","RESTAURANT_ID","OPENING_TIME","CLOSING_TIME")VALUES('Mon','69747124','6:00 pm','12:00 am');
INSERT INTO "OPENING_HOUR" ("DAY","RESTAURANT_ID","OPENING_TIME","CLOSING_TIME")VALUES('Tue','69747124','6:00 pm','12:00 am');
INSERT INTO "OPENING_HOUR" ("DAY","RESTAURANT_ID","OPENING_TIME","CLOSING_TIME")VALUES('Wed','69747124','6:00 pm','12:00 am');
INSERT INTO "OPENING_HOUR" ("DAY","RESTAURANT_ID","OPENING_TIME","CLOSING_TIME")VALUES('Thu','69747124','6:00 pm','12:00 am');
INSERT INTO "OPENING_HOUR" ("DAY","RESTAURANT_ID","OPENING_TIME","CLOSING_TIME")VALUES('Fri','69747124','6:00 pm','12:00 am');
INSERT INTO "OPENING_HOUR" ("DAY","RESTAURANT_ID","OPENING_TIME","CLOSING_TIME")VALUES('Sat','69747124','6:00 pm','12:00 am');
INSERT INTO "USER_REVIEW" ("RESTAURANT_ID","REVIEW_DATE","COMMENT","REVIEW_RATING")VALUES('69747124','2017-10-04 10:37:25','This craft brewery restaurant is a cool & excellent restaurant to experience in this area of Berlin. It is modern, relaxed and the food is simply Bavarian...','5');
INSERT INTO "PHOTO" ("RESTAURANT_ID","PICTURE_URL")VALUES('69747124','https://s3-media2.fl.yelpcdn.com/photo/r4QsuerEifO4wTvTvHaxuA/o.jpg');
INSERT INTO "USER_REVIEW" ("RESTAURANT_ID","REVIEW_DATE","COMMENT","REVIEW_RATING")VALUES('69747124','2017-09-18 13:40:48','Exhausted after multiple flights and didn''t have the energy to go very far from where I''m staying. I consider myself very lucky that this place was about a...','5');
INSERT INTO "PHOTO" ("RESTAURANT_ID","PICTURE_URL")VALUES('69747124','https://s3-media3.fl.yelpcdn.com/photo/7vJwGuHfOQQy379TEko1oA/o.jpg');
INSERT INTO "USER_REVIEW" ("RESTAURANT_ID","REVIEW_DATE","COMMENT","REVIEW_RATING")VALUES('69747124','2017-09-12 02:44:19','Best meal I''ve had in Berlin. To start, Owner and staff were warm and welcoming. We had a great conversation with the owner about his microbrewing (served...','5');
INSERT INTO "LOCATION" ("LOCATION_ID","LOCATION_TYPE","ADDRESS","LONGITUDE","LATITUDE")VALUES('17','R','Karl-Liebknecht-Str. 910178 BerlinGermany','13.406281','52.5213');
INSERT INTO "RESTAURANT" ("RESTAURANT_ID","PRICERANGE","PHONE_NUMBER","WEBSITE")VALUES('89364870','€€','+49 30 2411221','berliner-essen.de');
INSERT INTO "CUISINE" ("RESTAURANT_ID","CUISINE_TYPE")VALUES('89364870','German');
INSERT INTO "CUISINE" ("RESTAURANT_ID","CUISINE_TYPE")VALUES('89364870','Beer Garden');
INSERT INTO "RESTAURANT_RATING" ("RESTAURANT_ID","SCALE","OVERALL_RATING","SOURCE")VALUES('89364870','5','4.0','Yelp');
INSERT INTO "RESTAURANT_FEATURE" ("RESTAURANT_ID","FEATURE_NAME","DESCRIPTION")VALUES('89364870','Takes Reservations','Yes');
INSERT INTO "RESTAURANT_FEATURE" ("RESTAURANT_ID","FEATURE_NAME","DESCRIPTION")VALUES('89364870','Delivery','No');
INSERT INTO "RESTAURANT_FEATURE" ("RESTAURANT_ID","FEATURE_NAME","DESCRIPTION")VALUES('89364870','Take-out','Yes');
INSERT INTO "RESTAURANT_FEATURE" ("RESTAURANT_ID","FEATURE_NAME","DESCRIPTION")VALUES('89364870','Accepted Cards','Credit');
INSERT INTO "RESTAURANT_FEATURE" ("RESTAURANT_ID","FEATURE_NAME","DESCRIPTION")VALUES('89364870','Good For','Lunch, Dinner');
INSERT INTO "RESTAURANT_FEATURE" ("RESTAURANT_ID","FEATURE_NAME","DESCRIPTION")VALUES('89364870','Good for Kids','Yes');
INSERT INTO "RESTAURANT_FEATURE" ("RESTAURANT_ID","FEATURE_NAME","DESCRIPTION")VALUES('89364870','Good for Groups','Yes');
INSERT INTO "RESTAURANT_FEATURE" ("RESTAURANT_ID","FEATURE_NAME","DESCRIPTION")VALUES('89364870','Attire','Casual');
INSERT INTO "RESTAURANT_FEATURE" ("RESTAURANT_ID","FEATURE_NAME","DESCRIPTION")VALUES('89364870','Ambience','Intimate');
INSERT INTO "RESTAURANT_FEATURE" ("RESTAURANT_ID","FEATURE_NAME","DESCRIPTION")VALUES('89364870','Noise Level','Quiet');
INSERT INTO "RESTAURANT_FEATURE" ("RESTAURANT_ID","FEATURE_NAME","DESCRIPTION")VALUES('89364870','Alcohol','Full Bar');
INSERT INTO "RESTAURANT_FEATURE" ("RESTAURANT_ID","FEATURE_NAME","DESCRIPTION")VALUES('89364870','Outdoor Seating','Yes');
INSERT INTO "RESTAURANT_FEATURE" ("RESTAURANT_ID","FEATURE_NAME","DESCRIPTION")VALUES('89364870','Wi-Fi','Free');
INSERT INTO "RESTAURANT_FEATURE" ("RESTAURANT_ID","FEATURE_NAME","DESCRIPTION")VALUES('89364870','Has TV','No');
INSERT INTO "RESTAURANT_FEATURE" ("RESTAURANT_ID","FEATURE_NAME","DESCRIPTION")VALUES('89364870','Caters','No');
INSERT INTO "OPENING_HOUR" ("DAY","RESTAURANT_ID","OPENING_TIME","CLOSING_TIME")VALUES('Mon','89364870','12:00 pm','12:00 am');
INSERT INTO "OPENING_HOUR" ("DAY","RESTAURANT_ID","OPENING_TIME","CLOSING_TIME")VALUES('Tue','89364870','12:00 pm','12:00 am');
INSERT INTO "OPENING_HOUR" ("DAY","RESTAURANT_ID","OPENING_TIME","CLOSING_TIME")VALUES('Wed','89364870','12:00 pm','12:00 am');
INSERT INTO "OPENING_HOUR" ("DAY","RESTAURANT_ID","OPENING_TIME","CLOSING_TIME")VALUES('Thu','89364870','12:00 pm','12:00 am');
INSERT INTO "OPENING_HOUR" ("DAY","RESTAURANT_ID","OPENING_TIME","CLOSING_TIME")VALUES('Fri','89364870','12:00 pm','12:00 am');
INSERT INTO "OPENING_HOUR" ("DAY","RESTAURANT_ID","OPENING_TIME","CLOSING_TIME")VALUES('Sat','89364870','Open now','12:00 am');
INSERT INTO "USER_REVIEW" ("RESTAURANT_ID","REVIEW_DATE","COMMENT","REVIEW_RATING")VALUES('89364870','2017-11-30 00:31:36','Delicious first German meal, with huge portions and cheerful service. Got the pork goulash and schnitzel with fried egg, both very tasty.','5');
INSERT INTO "PHOTO" ("RESTAURANT_ID","PICTURE_URL")VALUES('89364870','https://s3-media2.fl.yelpcdn.com/photo/5B2GKBpKu7HeOUlXIuUVtw/o.jpg');
INSERT INTO "USER_REVIEW" ("RESTAURANT_ID","REVIEW_DATE","COMMENT","REVIEW_RATING")VALUES('89364870','2018-01-01 05:50:16','Fast service, food came out quickly! Great food, traditional, family-owned, cute and overall very pleased! :-)','4');
INSERT INTO "PHOTO" ("RESTAURANT_ID","PICTURE_URL")VALUES('89364870','https://s3-media1.fl.yelpcdn.com/photo/k3MXYF6Q3QcAV8xIAzp8KQ/o.jpg');
INSERT INTO "USER_REVIEW" ("RESTAURANT_ID","REVIEW_DATE","COMMENT","REVIEW_RATING")VALUES('89364870','2017-02-18 06:48:43','Great authentic German spot in the heart of tourist land! After walking around museum island and finishing or museum tour at the DDR Museum, this restaurant...','4');
INSERT INTO "PHOTO" ("RESTAURANT_ID","PICTURE_URL")VALUES('89364870','https://s3-media2.fl.yelpcdn.com/photo/P5IKcfqFHtYloFm7lKj7tg/o.jpg');
INSERT INTO "RESTAURANT_RATING" ("RESTAURANT_ID","SCALE","OVERALL_RATING","SOURCE")VALUES('89364870','5','4.4','Google Map');
INSERT INTO "USER_REVIEW" ("RESTAURANT_ID","REVIEW_DATE","COMMENT","REVIEW_RATING")VALUES('89364870','2017-11-01','Found this place early on in the day and decided to come back in the evening... what a decision it was!! Small, quiet place but the food was cooked fresh! The schnitzel was superb! Perfectly done and just the right portion size. In traditional German... fantastisch!!','5');
INSERT INTO "USER_REVIEW" ("RESTAURANT_ID","REVIEW_DATE","COMMENT","REVIEW_RATING")VALUES('89364870','2017-12-29','A regular stop of ours in Berlin. Tasty traditional german food in a 1930''s style setting.  Friendly staff. Recommended.','5');
INSERT INTO "USER_REVIEW" ("RESTAURANT_ID","REVIEW_DATE","COMMENT","REVIEW_RATING")VALUES('89364870','2017-07-23','We have eaten here before and I have left a very favourable review for this place. Not today.

Service was good and fast and rices are very fair, just like the last time.

But unfortunately the cook was lazy that day and virtually everything (except for the salad) was prepared in the deep fryer. The Schnitzel, the Curry Wurst, the potatoes and some other sausage used as "decoration".

We ate, but not with great appetite. When I witnessed how the cook opened his mail with one of the chefs knifes in his kitchen I had enough.

We really liked this place, but I guess the times of simple but decent quality cooking are over in this place.','1');
INSERT INTO "USER_REVIEW" ("RESTAURANT_ID","REVIEW_DATE","COMMENT","REVIEW_RATING")VALUES('89364870','2017-11-04','Very nice, small and friendly restaurant with fresh Schnitzels! Recommended.','5');
INSERT INTO "USER_REVIEW" ("RESTAURANT_ID","REVIEW_DATE","COMMENT","REVIEW_RATING")VALUES('89364870','2017-06-09','Great service and a friendly waitor which spoke english well. Great food, well made with many flavours on both our dishes! Would highly recommend.','5');
INSERT INTO "LOCATION" ("LOCATION_ID","LOCATION_TYPE","ADDRESS","LONGITUDE","LATITUDE")VALUES('18','R','Französischestr. 2510117 BerlinGermany','13.3907825','52.5146991');
INSERT INTO "RESTAURANT" ("RESTAURANT_ID","PRICERANGE","PHONE_NUMBER","WEBSITE")VALUES('13529589','€€€','+49 30 203751850','aigner-gendarmenmarkt.de');
INSERT INTO "CUISINE" ("RESTAURANT_ID","CUISINE_TYPE")VALUES('13529589','German');
INSERT INTO "CUISINE" ("RESTAURANT_ID","CUISINE_TYPE")VALUES('13529589','Austrian');
INSERT INTO "RESTAURANT_RATING" ("RESTAURANT_ID","SCALE","OVERALL_RATING","SOURCE")VALUES('13529589','5','4.0','Yelp');
INSERT INTO "RESTAURANT_FEATURE" ("RESTAURANT_ID","FEATURE_NAME","DESCRIPTION")VALUES('13529589','Takes Reservations','Yes');
INSERT INTO "RESTAURANT_FEATURE" ("RESTAURANT_ID","FEATURE_NAME","DESCRIPTION")VALUES('13529589','Delivery','No');
INSERT INTO "RESTAURANT_FEATURE" ("RESTAURANT_ID","FEATURE_NAME","DESCRIPTION")VALUES('13529589','Take-out','No');
INSERT INTO "RESTAURANT_FEATURE" ("RESTAURANT_ID","FEATURE_NAME","DESCRIPTION")VALUES('13529589','Accepted Cards','Credit, Debit');
INSERT INTO "RESTAURANT_FEATURE" ("RESTAURANT_ID","FEATURE_NAME","DESCRIPTION")VALUES('13529589','Parking','Street');
INSERT INTO "RESTAURANT_FEATURE" ("RESTAURANT_ID","FEATURE_NAME","DESCRIPTION")VALUES('13529589','Good for Kids','Yes');
INSERT INTO "RESTAURANT_FEATURE" ("RESTAURANT_ID","FEATURE_NAME","DESCRIPTION")VALUES('13529589','Good for Groups','Yes');
INSERT INTO "RESTAURANT_FEATURE" ("RESTAURANT_ID","FEATURE_NAME","DESCRIPTION")VALUES('13529589','Attire','Dressy');
INSERT INTO "RESTAURANT_FEATURE" ("RESTAURANT_ID","FEATURE_NAME","DESCRIPTION")VALUES('13529589','Noise Level','Average');
INSERT INTO "RESTAURANT_FEATURE" ("RESTAURANT_ID","FEATURE_NAME","DESCRIPTION")VALUES('13529589','Alcohol','Full Bar');
INSERT INTO "RESTAURANT_FEATURE" ("RESTAURANT_ID","FEATURE_NAME","DESCRIPTION")VALUES('13529589','Outdoor Seating','Yes');
INSERT INTO "RESTAURANT_FEATURE" ("RESTAURANT_ID","FEATURE_NAME","DESCRIPTION")VALUES('13529589','Wi-Fi','No');
INSERT INTO "RESTAURANT_FEATURE" ("RESTAURANT_ID","FEATURE_NAME","DESCRIPTION")VALUES('13529589','Has TV','No');
INSERT INTO "RESTAURANT_FEATURE" ("RESTAURANT_ID","FEATURE_NAME","DESCRIPTION")VALUES('13529589','Caters','Yes');
INSERT INTO "OPENING_HOUR" ("DAY","RESTAURANT_ID","OPENING_TIME","CLOSING_TIME")VALUES('Mon','13529589','12:00 pm','2:00 am');
INSERT INTO "OPENING_HOUR" ("DAY","RESTAURANT_ID","OPENING_TIME","CLOSING_TIME")VALUES('Tue','13529589','12:00 pm','2:00 am');
INSERT INTO "OPENING_HOUR" ("DAY","RESTAURANT_ID","OPENING_TIME","CLOSING_TIME")VALUES('Wed','13529589','12:00 pm','2:00 am');
INSERT INTO "OPENING_HOUR" ("DAY","RESTAURANT_ID","OPENING_TIME","CLOSING_TIME")VALUES('Thu','13529589','12:00 pm','2:00 am');
INSERT INTO "OPENING_HOUR" ("DAY","RESTAURANT_ID","OPENING_TIME","CLOSING_TIME")VALUES('Fri','13529589','12:00 pm','2:00 am');
INSERT INTO "OPENING_HOUR" ("DAY","RESTAURANT_ID","OPENING_TIME","CLOSING_TIME")VALUES('Sat','13529589','12:00 pm','2:00 am');
INSERT INTO "OPENING_HOUR" ("DAY","RESTAURANT_ID","OPENING_TIME","CLOSING_TIME")VALUES('Sun','13529589','Open now','2:00 am');
INSERT INTO "USER_REVIEW" ("RESTAURANT_ID","REVIEW_DATE","COMMENT","REVIEW_RATING")VALUES('13529589','2017-12-22 09:12:05','When looking for an authentic German meal in Berlin, we had a bit of difficulty. One, because yelp isn''t very big in Berlin and two, because reviews of...','5');
INSERT INTO "PHOTO" ("RESTAURANT_ID","PICTURE_URL")VALUES('13529589','https://s3-media1.fl.yelpcdn.com/photo/4BYrnqM-18QKF26DcMpFNw/o.jpg');
INSERT INTO "USER_REVIEW" ("RESTAURANT_ID","REVIEW_DATE","COMMENT","REVIEW_RATING")VALUES('13529589','2017-03-19 21:18:13','The best place for German food I''ve tried during my 6 days of stay in Berlin. It has great reviews and it''s for a good reason.

I tried soup that had some...','5');
INSERT INTO "PHOTO" ("RESTAURANT_ID","PICTURE_URL")VALUES('13529589','https://s3-media1.fl.yelpcdn.com/photo/pPJjj2-dAxKYle2X-YW_aw/o.jpg');
INSERT INTO "USER_REVIEW" ("RESTAURANT_ID","REVIEW_DATE","COMMENT","REVIEW_RATING")VALUES('13529589','2017-09-26 09:32:39','Visiting Berlin for the first time 
Walking distance from the Regent .. 
delicious food .','5');
INSERT INTO "LOCATION" ("LOCATION_ID","LOCATION_TYPE","ADDRESS","LONGITUDE","LATITUDE")VALUES('19','R','Scharnweberstr. 5410247 BerlinGermany','13.4708772','52.5122148');
INSERT INTO "RESTAURANT" ("RESTAURANT_ID","PRICERANGE","PHONE_NUMBER","WEBSITE")VALUES('41373625','€€','+49 30 68915679','butterhandlung.de');
INSERT INTO "CUISINE" ("RESTAURANT_ID","CUISINE_TYPE")VALUES('41373625','German');
INSERT INTO "RESTAURANT_RATING" ("RESTAURANT_ID","SCALE","OVERALL_RATING","SOURCE")VALUES('41373625','5','4.5','Yelp');
INSERT INTO "RESTAURANT_FEATURE" ("RESTAURANT_ID","FEATURE_NAME","DESCRIPTION")VALUES('41373625','Takes Reservations','Yes');
INSERT INTO "RESTAURANT_FEATURE" ("RESTAURANT_ID","FEATURE_NAME","DESCRIPTION")VALUES('41373625','Delivery','No');
INSERT INTO "RESTAURANT_FEATURE" ("RESTAURANT_ID","FEATURE_NAME","DESCRIPTION")VALUES('41373625','Take-out','No');
INSERT INTO "RESTAURANT_FEATURE" ("RESTAURANT_ID","FEATURE_NAME","DESCRIPTION")VALUES('41373625','Accepted Cards','None');
INSERT INTO "RESTAURANT_FEATURE" ("RESTAURANT_ID","FEATURE_NAME","DESCRIPTION")VALUES('41373625','Parking','Street');
INSERT INTO "RESTAURANT_FEATURE" ("RESTAURANT_ID","FEATURE_NAME","DESCRIPTION")VALUES('41373625','Good for Kids','Yes');
INSERT INTO "RESTAURANT_FEATURE" ("RESTAURANT_ID","FEATURE_NAME","DESCRIPTION")VALUES('41373625','Good for Groups','Yes');
INSERT INTO "RESTAURANT_FEATURE" ("RESTAURANT_ID","FEATURE_NAME","DESCRIPTION")VALUES('41373625','Attire','Casual');
INSERT INTO "RESTAURANT_FEATURE" ("RESTAURANT_ID","FEATURE_NAME","DESCRIPTION")VALUES('41373625','Ambience','Casual');
INSERT INTO "RESTAURANT_FEATURE" ("RESTAURANT_ID","FEATURE_NAME","DESCRIPTION")VALUES('41373625','Noise Level','Average');
INSERT INTO "RESTAURANT_FEATURE" ("RESTAURANT_ID","FEATURE_NAME","DESCRIPTION")VALUES('41373625','Alcohol','Full Bar');
INSERT INTO "RESTAURANT_FEATURE" ("RESTAURANT_ID","FEATURE_NAME","DESCRIPTION")VALUES('41373625','Outdoor Seating','Yes');
INSERT INTO "RESTAURANT_FEATURE" ("RESTAURANT_ID","FEATURE_NAME","DESCRIPTION")VALUES('41373625','Wi-Fi','Free');
INSERT INTO "RESTAURANT_FEATURE" ("RESTAURANT_ID","FEATURE_NAME","DESCRIPTION")VALUES('41373625','Has TV','No');
INSERT INTO "RESTAURANT_FEATURE" ("RESTAURANT_ID","FEATURE_NAME","DESCRIPTION")VALUES('41373625','Caters','Yes');
INSERT INTO "OPENING_HOUR" ("DAY","RESTAURANT_ID","OPENING_TIME","CLOSING_TIME")VALUES('Mon','41373625','5:00 pm','11:00 pm');
INSERT INTO "OPENING_HOUR" ("DAY","RESTAURANT_ID","OPENING_TIME","CLOSING_TIME")VALUES('Tue','41373625','5:00 pm','11:00 pm');
INSERT INTO "OPENING_HOUR" ("DAY","RESTAURANT_ID","OPENING_TIME","CLOSING_TIME")VALUES('Wed','41373625','5:00 pm','11:00 pm');
INSERT INTO "OPENING_HOUR" ("DAY","RESTAURANT_ID","OPENING_TIME","CLOSING_TIME")VALUES('Thu','41373625','12:00 pm','11:00 pm');
INSERT INTO "OPENING_HOUR" ("DAY","RESTAURANT_ID","OPENING_TIME","CLOSING_TIME")VALUES('Fri','41373625','Open now','11:00 pm');
INSERT INTO "USER_REVIEW" ("RESTAURANT_ID","REVIEW_DATE","COMMENT","REVIEW_RATING")VALUES('41373625','2018-01-07 17:52:02','This was our favorite restaurant in Berlin. They have a good mixture of world flavors. They start you off with different breads and butters, which were all...','5');
INSERT INTO "USER_REVIEW" ("RESTAURANT_ID","REVIEW_DATE","COMMENT","REVIEW_RATING")VALUES('41373625','2016-10-02 13:24:57','I was surprised by all the hype, but DAMN was that vegan platter good!! And the bread with butter. And the pão de queijo. And the bits I stole from my...','5');
INSERT INTO "PHOTO" ("RESTAURANT_ID","PICTURE_URL")VALUES('41373625','https://s3-media3.fl.yelpcdn.com/photo/71rCmNgRl-BDvVPYRXFXkg/o.jpg');
INSERT INTO "USER_REVIEW" ("RESTAURANT_ID","REVIEW_DATE","COMMENT","REVIEW_RATING")VALUES('41373625','2016-07-09 09:14:57','Try the Vegan Plate - it'' soo delicious. Even my dad, who''s not even vegetarian, always has it. Butterhandlung is my favourite restaurant in Berlin.','5');
INSERT INTO "PHOTO" ("RESTAURANT_ID","PICTURE_URL")VALUES('41373625','https://s3-media3.fl.yelpcdn.com/photo/qIuo_d7lgeVEWHrI_qEdHQ/o.jpg');
INSERT INTO "LOCATION" ("LOCATION_ID","LOCATION_TYPE","ADDRESS","LONGITUDE","LATITUDE")VALUES('20','R','Friedrichstr. 12010117 BerlinGermany','13.38693','52.5266');
INSERT INTO "RESTAURANT" ("RESTAURANT_ID","PRICERANGE","PHONE_NUMBER","WEBSITE")VALUES('87702633','€€€','+49 30 34623612','pantry-berlin.com');
INSERT INTO "CUISINE" ("RESTAURANT_ID","CUISINE_TYPE")VALUES('87702633','Modern European');
INSERT INTO "RESTAURANT_RATING" ("RESTAURANT_ID","SCALE","OVERALL_RATING","SOURCE")VALUES('87702633','5','4.0','Yelp');
INSERT INTO "RESTAURANT_FEATURE" ("RESTAURANT_ID","FEATURE_NAME","DESCRIPTION")VALUES('87702633','Takes Reservations','Yes');
INSERT INTO "RESTAURANT_FEATURE" ("RESTAURANT_ID","FEATURE_NAME","DESCRIPTION")VALUES('87702633','Delivery','No');
INSERT INTO "RESTAURANT_FEATURE" ("RESTAURANT_ID","FEATURE_NAME","DESCRIPTION")VALUES('87702633','Take-out','No');
INSERT INTO "RESTAURANT_FEATURE" ("RESTAURANT_ID","FEATURE_NAME","DESCRIPTION")VALUES('87702633','Good for Kids','No');
INSERT INTO "RESTAURANT_FEATURE" ("RESTAURANT_ID","FEATURE_NAME","DESCRIPTION")VALUES('87702633','Good for Groups','Yes');
INSERT INTO "RESTAURANT_FEATURE" ("RESTAURANT_ID","FEATURE_NAME","DESCRIPTION")VALUES('87702633','Attire','Dressy');
INSERT INTO "RESTAURANT_FEATURE" ("RESTAURANT_ID","FEATURE_NAME","DESCRIPTION")VALUES('87702633','Noise Level','Average');
INSERT INTO "RESTAURANT_FEATURE" ("RESTAURANT_ID","FEATURE_NAME","DESCRIPTION")VALUES('87702633','Alcohol','Full Bar');
INSERT INTO "RESTAURANT_FEATURE" ("RESTAURANT_ID","FEATURE_NAME","DESCRIPTION")VALUES('87702633','Outdoor Seating','Yes');
INSERT INTO "RESTAURANT_FEATURE" ("RESTAURANT_ID","FEATURE_NAME","DESCRIPTION")VALUES('87702633','Wi-Fi','No');
INSERT INTO "RESTAURANT_FEATURE" ("RESTAURANT_ID","FEATURE_NAME","DESCRIPTION")VALUES('87702633','Has TV','No');
INSERT INTO "OPENING_HOUR" ("DAY","RESTAURANT_ID","OPENING_TIME","CLOSING_TIME")VALUES('Mon','87702633','5:00 pm','1:00 am');
INSERT INTO "OPENING_HOUR" ("DAY","RESTAURANT_ID","OPENING_TIME","CLOSING_TIME")VALUES('Tue','87702633','5:00 pm','1:00 am');
INSERT INTO "OPENING_HOUR" ("DAY","RESTAURANT_ID","OPENING_TIME","CLOSING_TIME")VALUES('Wed','87702633','5:00 pm','1:00 am');
INSERT INTO "OPENING_HOUR" ("DAY","RESTAURANT_ID","OPENING_TIME","CLOSING_TIME")VALUES('Thu','87702633','5:00 pm','1:00 am');
INSERT INTO "OPENING_HOUR" ("DAY","RESTAURANT_ID","OPENING_TIME","CLOSING_TIME")VALUES('Fri','87702633','5:00 pm','1:00 am');
INSERT INTO "OPENING_HOUR" ("DAY","RESTAURANT_ID","OPENING_TIME","CLOSING_TIME")VALUES('Sat','87702633','5:00 pm','1:00 am');
INSERT INTO "OPENING_HOUR" ("DAY","RESTAURANT_ID","OPENING_TIME","CLOSING_TIME")VALUES('Sun','87702633','Open now','1:00 am');
INSERT INTO "USER_REVIEW" ("RESTAURANT_ID","REVIEW_DATE","COMMENT","REVIEW_RATING")VALUES('87702633','2016-08-06 11:30:50','Eeeh, for the amount we spent here and number of total dishes we tried to say that we left disappointed it''s a bit of understatement. 

Starters
- beef...','2');
INSERT INTO "PHOTO" ("RESTAURANT_ID","PICTURE_URL")VALUES('87702633','https://s3-media4.fl.yelpcdn.com/photo/BpqNOW0gD8nLTQdo44dXpg/o.jpg');
INSERT INTO "USER_REVIEW" ("RESTAURANT_ID","REVIEW_DATE","COMMENT","REVIEW_RATING")VALUES('87702633','2017-09-24 11:52:54','Everything was great there. The place was cool. Everything on menu was delicious I can say.','5');
INSERT INTO "USER_REVIEW" ("RESTAURANT_ID","REVIEW_DATE","COMMENT","REVIEW_RATING")VALUES('87702633','2015-07-11 07:54:05','My friend''s friend swears how good the food at Pantry is. I was also told it took her an hour to get reservation for this place (and we were very lucky to...','3');
INSERT INTO "PHOTO" ("RESTAURANT_ID","PICTURE_URL")VALUES('87702633','https://s3-media1.fl.yelpcdn.com/photo/j5YCCrIe2TWEP_zhwcjS2g/o.jpg');
INSERT INTO "LOCATION" ("LOCATION_ID","LOCATION_TYPE","ADDRESS","LONGITUDE","LATITUDE")VALUES('21','R','Kupfergraben 4/4A10117 BerlinGermany','13.3944','52.52048');
INSERT INTO "RESTAURANT" ("RESTAURANT_ID","PRICERANGE","PHONE_NUMBER","WEBSITE")VALUES('39861651','€€','+49 30 20059500','restaurant-jolly.de');
INSERT INTO "CUISINE" ("RESTAURANT_ID","CUISINE_TYPE")VALUES('39861651','Pan Asian');
INSERT INTO "CUISINE" ("RESTAURANT_ID","CUISINE_TYPE")VALUES('39861651','Chinese');
INSERT INTO "RESTAURANT_RATING" ("RESTAURANT_ID","SCALE","OVERALL_RATING","SOURCE")VALUES('39861651','5','4.5','Yelp');
INSERT INTO "RESTAURANT_FEATURE" ("RESTAURANT_ID","FEATURE_NAME","DESCRIPTION")VALUES('39861651','Takes Reservations','Yes');
INSERT INTO "RESTAURANT_FEATURE" ("RESTAURANT_ID","FEATURE_NAME","DESCRIPTION")VALUES('39861651','Delivery','No');
INSERT INTO "RESTAURANT_FEATURE" ("RESTAURANT_ID","FEATURE_NAME","DESCRIPTION")VALUES('39861651','Take-out','Yes');
INSERT INTO "RESTAURANT_FEATURE" ("RESTAURANT_ID","FEATURE_NAME","DESCRIPTION")VALUES('39861651','Accepted Cards','Credit, Debit');
INSERT INTO "RESTAURANT_FEATURE" ("RESTAURANT_ID","FEATURE_NAME","DESCRIPTION")VALUES('39861651','Good For','Dinner');
INSERT INTO "RESTAURANT_FEATURE" ("RESTAURANT_ID","FEATURE_NAME","DESCRIPTION")VALUES('39861651','Parking','Street');
INSERT INTO "RESTAURANT_FEATURE" ("RESTAURANT_ID","FEATURE_NAME","DESCRIPTION")VALUES('39861651','Good for Kids','Yes');
INSERT INTO "RESTAURANT_FEATURE" ("RESTAURANT_ID","FEATURE_NAME","DESCRIPTION")VALUES('39861651','Good for Groups','Yes');
INSERT INTO "RESTAURANT_FEATURE" ("RESTAURANT_ID","FEATURE_NAME","DESCRIPTION")VALUES('39861651','Attire','Casual');
INSERT INTO "RESTAURANT_FEATURE" ("RESTAURANT_ID","FEATURE_NAME","DESCRIPTION")VALUES('39861651','Ambience','Classy');
INSERT INTO "RESTAURANT_FEATURE" ("RESTAURANT_ID","FEATURE_NAME","DESCRIPTION")VALUES('39861651','Noise Level','Average');
INSERT INTO "RESTAURANT_FEATURE" ("RESTAURANT_ID","FEATURE_NAME","DESCRIPTION")VALUES('39861651','Alcohol','Full Bar');
INSERT INTO "RESTAURANT_FEATURE" ("RESTAURANT_ID","FEATURE_NAME","DESCRIPTION")VALUES('39861651','Outdoor Seating','Yes');
INSERT INTO "RESTAURANT_FEATURE" ("RESTAURANT_ID","FEATURE_NAME","DESCRIPTION")VALUES('39861651','Wi-Fi','No');
INSERT INTO "RESTAURANT_FEATURE" ("RESTAURANT_ID","FEATURE_NAME","DESCRIPTION")VALUES('39861651','Has TV','No');
INSERT INTO "RESTAURANT_FEATURE" ("RESTAURANT_ID","FEATURE_NAME","DESCRIPTION")VALUES('39861651','Caters','Yes');
INSERT INTO "OPENING_HOUR" ("DAY","RESTAURANT_ID","OPENING_TIME","CLOSING_TIME")VALUES('Mon','39861651','12:00 pm','11:00 pm');
INSERT INTO "OPENING_HOUR" ("DAY","RESTAURANT_ID","OPENING_TIME","CLOSING_TIME")VALUES('Tue','39861651','12:00 pm','11:00 pm');
INSERT INTO "OPENING_HOUR" ("DAY","RESTAURANT_ID","OPENING_TIME","CLOSING_TIME")VALUES('Wed','39861651','12:00 pm','11:00 pm');
INSERT INTO "OPENING_HOUR" ("DAY","RESTAURANT_ID","OPENING_TIME","CLOSING_TIME")VALUES('Thu','39861651','12:00 pm','11:00 pm');
INSERT INTO "OPENING_HOUR" ("DAY","RESTAURANT_ID","OPENING_TIME","CLOSING_TIME")VALUES('Fri','39861651','12:00 pm','11:00 pm');
INSERT INTO "OPENING_HOUR" ("DAY","RESTAURANT_ID","OPENING_TIME","CLOSING_TIME")VALUES('Sat','39861651','12:00 pm','11:00 pm');
INSERT INTO "OPENING_HOUR" ("DAY","RESTAURANT_ID","OPENING_TIME","CLOSING_TIME")VALUES('Sun','39861651','Open now','11:00 pm');
INSERT INTO "USER_REVIEW" ("RESTAURANT_ID","REVIEW_DATE","COMMENT","REVIEW_RATING")VALUES('39861651','2017-12-13 12:12:03','Delicious Chinese food from Sichuan and Canton. The different kinds of Dim Sum variations are awesome.

This is place to be if you like to enjoy Dim Sum.','5');
INSERT INTO "PHOTO" ("RESTAURANT_ID","PICTURE_URL")VALUES('39861651','https://s3-media3.fl.yelpcdn.com/photo/2ml0KBGq7SyeuNalNoAWMw/o.jpg');
INSERT INTO "USER_REVIEW" ("RESTAURANT_ID","REVIEW_DATE","COMMENT","REVIEW_RATING")VALUES('39861651','2018-01-06 09:47:23','They made the best hot and sour soup of my life. Nice casual and elegant setting. Service is quick, if not brusk. They could improve upon the friendliness....','5');
INSERT INTO "PHOTO" ("RESTAURANT_ID","PICTURE_URL")VALUES('39861651','https://s3-media2.fl.yelpcdn.com/photo/dFF-uRTqAWkQtXsi3PthiQ/o.jpg');
INSERT INTO "USER_REVIEW" ("RESTAURANT_ID","REVIEW_DATE","COMMENT","REVIEW_RATING")VALUES('39861651','2017-10-24 11:39:08','When you visit an Asian restaurant and you are the only non Asians eating...you know you are eating at the right place. Great atmosphere, good location and...','4');
INSERT INTO "PHOTO" ("RESTAURANT_ID","PICTURE_URL")VALUES('39861651','https://s3-media1.fl.yelpcdn.com/photo/1MJVHYdloU2WubxmTp07lQ/o.jpg');
INSERT INTO "LOCATION" ("LOCATION_ID","LOCATION_TYPE","ADDRESS","LONGITUDE","LATITUDE")VALUES('22','R','Hausvogteiplatz 1110117 BerlinGermany','13.39734','52.51235');
INSERT INTO "RESTAURANT" ("RESTAURANT_ID","PRICERANGE","PHONE_NUMBER","WEBSITE")VALUES('70130766','€€','+49 30 20074870','goodtime-berlin.de');
INSERT INTO "CUISINE" ("RESTAURANT_ID","CUISINE_TYPE")VALUES('70130766','Indonesian');
INSERT INTO "CUISINE" ("RESTAURANT_ID","CUISINE_TYPE")VALUES('70130766','Thai');
INSERT INTO "RESTAURANT_RATING" ("RESTAURANT_ID","SCALE","OVERALL_RATING","SOURCE")VALUES('70130766','5','4.0','Yelp');
INSERT INTO "RESTAURANT_FEATURE" ("RESTAURANT_ID","FEATURE_NAME","DESCRIPTION")VALUES('70130766','Takes Reservations','Yes');
INSERT INTO "RESTAURANT_FEATURE" ("RESTAURANT_ID","FEATURE_NAME","DESCRIPTION")VALUES('70130766','Delivery','No');
INSERT INTO "RESTAURANT_FEATURE" ("RESTAURANT_ID","FEATURE_NAME","DESCRIPTION")VALUES('70130766','Take-out','Yes');
INSERT INTO "RESTAURANT_FEATURE" ("RESTAURANT_ID","FEATURE_NAME","DESCRIPTION")VALUES('70130766','Accepted Cards','Credit, Debit');
INSERT INTO "RESTAURANT_FEATURE" ("RESTAURANT_ID","FEATURE_NAME","DESCRIPTION")VALUES('70130766','Good For','Lunch, Dinner');
INSERT INTO "RESTAURANT_FEATURE" ("RESTAURANT_ID","FEATURE_NAME","DESCRIPTION")VALUES('70130766','Parking','Street');
INSERT INTO "RESTAURANT_FEATURE" ("RESTAURANT_ID","FEATURE_NAME","DESCRIPTION")VALUES('70130766','Good for Kids','Yes');
INSERT INTO "RESTAURANT_FEATURE" ("RESTAURANT_ID","FEATURE_NAME","DESCRIPTION")VALUES('70130766','Good for Groups','Yes');
INSERT INTO "RESTAURANT_FEATURE" ("RESTAURANT_ID","FEATURE_NAME","DESCRIPTION")VALUES('70130766','Attire','Casual');
INSERT INTO "RESTAURANT_FEATURE" ("RESTAURANT_ID","FEATURE_NAME","DESCRIPTION")VALUES('70130766','Noise Level','Average');
INSERT INTO "RESTAURANT_FEATURE" ("RESTAURANT_ID","FEATURE_NAME","DESCRIPTION")VALUES('70130766','Alcohol','Full Bar');
INSERT INTO "RESTAURANT_FEATURE" ("RESTAURANT_ID","FEATURE_NAME","DESCRIPTION")VALUES('70130766','Outdoor Seating','Yes');
INSERT INTO "RESTAURANT_FEATURE" ("RESTAURANT_ID","FEATURE_NAME","DESCRIPTION")VALUES('70130766','Wi-Fi','No');
INSERT INTO "RESTAURANT_FEATURE" ("RESTAURANT_ID","FEATURE_NAME","DESCRIPTION")VALUES('70130766','Has TV','No');
INSERT INTO "RESTAURANT_FEATURE" ("RESTAURANT_ID","FEATURE_NAME","DESCRIPTION")VALUES('70130766','Caters','No');
INSERT INTO "OPENING_HOUR" ("DAY","RESTAURANT_ID","OPENING_TIME","CLOSING_TIME")VALUES('Mon','70130766','12:00 pm','12:00 am');
INSERT INTO "OPENING_HOUR" ("DAY","RESTAURANT_ID","OPENING_TIME","CLOSING_TIME")VALUES('Tue','70130766','12:00 pm','12:00 am');
INSERT INTO "OPENING_HOUR" ("DAY","RESTAURANT_ID","OPENING_TIME","CLOSING_TIME")VALUES('Wed','70130766','12:00 pm','12:00 am');
INSERT INTO "OPENING_HOUR" ("DAY","RESTAURANT_ID","OPENING_TIME","CLOSING_TIME")VALUES('Thu','70130766','12:00 pm','12:00 am');
INSERT INTO "OPENING_HOUR" ("DAY","RESTAURANT_ID","OPENING_TIME","CLOSING_TIME")VALUES('Fri','70130766','12:00 pm','12:00 am');
INSERT INTO "OPENING_HOUR" ("DAY","RESTAURANT_ID","OPENING_TIME","CLOSING_TIME")VALUES('Sat','70130766','12:00 pm','12:00 am');
INSERT INTO "OPENING_HOUR" ("DAY","RESTAURANT_ID","OPENING_TIME","CLOSING_TIME")VALUES('Sun','70130766','Open now','12:00 am');
INSERT INTO "USER_REVIEW" ("RESTAURANT_ID","REVIEW_DATE","COMMENT","REVIEW_RATING")VALUES('70130766','2016-07-04 16:00:00','Food was excellent. Well prepared. Bursting with flavors. Good sized portions. 

Sat outside in back, nice area. 

Service, though, needs attention. Drink...','4');
INSERT INTO "PHOTO" ("RESTAURANT_ID","PICTURE_URL")VALUES('70130766','https://s3-media2.fl.yelpcdn.com/photo/71jooIpcqetIf_3fSKBL9Q/o.jpg');
INSERT INTO "USER_REVIEW" ("RESTAURANT_ID","REVIEW_DATE","COMMENT","REVIEW_RATING")VALUES('70130766','2016-07-17 08:31:06','If you are hungry and should be as happy to be nearby Alexanderplatz, you have to go and eat here. It''s not right at the Alexanderplatz, you have to ride...','5');
INSERT INTO "PHOTO" ("RESTAURANT_ID","PICTURE_URL")VALUES('70130766','https://s3-media2.fl.yelpcdn.com/photo/quwoypY2RKBxgoZh9CUPhA/o.jpg');
INSERT INTO "USER_REVIEW" ("RESTAURANT_ID","REVIEW_DATE","COMMENT","REVIEW_RATING")VALUES('70130766','2017-04-29 06:19:38','Hands down, this is some of the best Thai food I''ve ever had. For our appetizer, we ordered veggie spring rolls with this delicious sweet and sour sauce. I...','5');
INSERT INTO "PHOTO" ("RESTAURANT_ID","PICTURE_URL")VALUES('70130766','https://s3-media2.fl.yelpcdn.com/photo/EZlhZe0zM3T2tJFZqV5dWw/o.jpg');
INSERT INTO "LOCATION" ("LOCATION_ID","LOCATION_TYPE","ADDRESS","LONGITUDE","LATITUDE")VALUES('23','R','Willibald-Alexis-Str. 2510965 BerlinGermany','13.39083','52.48763');
INSERT INTO "RESTAURANT" ("RESTAURANT_ID","PRICERANGE","PHONE_NUMBER","WEBSITE")VALUES('70469049','€','+49 30 69565320','peter-schlemihl.com');
INSERT INTO "CUISINE" ("RESTAURANT_ID","CUISINE_TYPE")VALUES('70469049','German');
INSERT INTO "CUISINE" ("RESTAURANT_ID","CUISINE_TYPE")VALUES('70469049','Modern European');
INSERT INTO "RESTAURANT_RATING" ("RESTAURANT_ID","SCALE","OVERALL_RATING","SOURCE")VALUES('70469049','5','5.0','Yelp');
INSERT INTO "RESTAURANT_FEATURE" ("RESTAURANT_ID","FEATURE_NAME","DESCRIPTION")VALUES('70469049','Takes Reservations','Yes');
INSERT INTO "RESTAURANT_FEATURE" ("RESTAURANT_ID","FEATURE_NAME","DESCRIPTION")VALUES('70469049','Delivery','No');
INSERT INTO "RESTAURANT_FEATURE" ("RESTAURANT_ID","FEATURE_NAME","DESCRIPTION")VALUES('70469049','Take-out','Yes');
INSERT INTO "RESTAURANT_FEATURE" ("RESTAURANT_ID","FEATURE_NAME","DESCRIPTION")VALUES('70469049','Good For','Dinner');
INSERT INTO "RESTAURANT_FEATURE" ("RESTAURANT_ID","FEATURE_NAME","DESCRIPTION")VALUES('70469049','Good for Kids','Yes');
INSERT INTO "RESTAURANT_FEATURE" ("RESTAURANT_ID","FEATURE_NAME","DESCRIPTION")VALUES('70469049','Good for Groups','Yes');
INSERT INTO "RESTAURANT_FEATURE" ("RESTAURANT_ID","FEATURE_NAME","DESCRIPTION")VALUES('70469049','Attire','Casual');
INSERT INTO "RESTAURANT_FEATURE" ("RESTAURANT_ID","FEATURE_NAME","DESCRIPTION")VALUES('70469049','Noise Level','Average');
INSERT INTO "RESTAURANT_FEATURE" ("RESTAURANT_ID","FEATURE_NAME","DESCRIPTION")VALUES('70469049','Alcohol','Full Bar');
INSERT INTO "RESTAURANT_FEATURE" ("RESTAURANT_ID","FEATURE_NAME","DESCRIPTION")VALUES('70469049','Outdoor Seating','Yes');
INSERT INTO "RESTAURANT_FEATURE" ("RESTAURANT_ID","FEATURE_NAME","DESCRIPTION")VALUES('70469049','Wi-Fi','Free');
INSERT INTO "RESTAURANT_FEATURE" ("RESTAURANT_ID","FEATURE_NAME","DESCRIPTION")VALUES('70469049','Has TV','No');
INSERT INTO "RESTAURANT_FEATURE" ("RESTAURANT_ID","FEATURE_NAME","DESCRIPTION")VALUES('70469049','Waiter Service','Yes');
INSERT INTO "OPENING_HOUR" ("DAY","RESTAURANT_ID","OPENING_TIME","CLOSING_TIME")VALUES('Mon','70469049','5:00 pm','1:00 am');
INSERT INTO "OPENING_HOUR" ("DAY","RESTAURANT_ID","OPENING_TIME","CLOSING_TIME")VALUES('Tue','70469049','5:00 pm','1:00 am');
INSERT INTO "OPENING_HOUR" ("DAY","RESTAURANT_ID","OPENING_TIME","CLOSING_TIME")VALUES('Wed','70469049','5:00 pm','1:00 am');
INSERT INTO "OPENING_HOUR" ("DAY","RESTAURANT_ID","OPENING_TIME","CLOSING_TIME")VALUES('Thu','70469049','5:00 pm','1:00 am');
INSERT INTO "OPENING_HOUR" ("DAY","RESTAURANT_ID","OPENING_TIME","CLOSING_TIME")VALUES('Fri','70469049','5:00 pm','1:00 am');
INSERT INTO "OPENING_HOUR" ("DAY","RESTAURANT_ID","OPENING_TIME","CLOSING_TIME")VALUES('Sat','70469049','Open now','1:00 am');
INSERT INTO "USER_REVIEW" ("RESTAURANT_ID","REVIEW_DATE","COMMENT","REVIEW_RATING")VALUES('70469049','2018-01-02 13:31:33','Wow! The price-quality match here is borderline insane: Great food at very low prices. Add to this a very "hyggelig" setting and a diverse selection of drinks.','5');
INSERT INTO "PHOTO" ("RESTAURANT_ID","PICTURE_URL")VALUES('70469049','https://s3-media1.fl.yelpcdn.com/photo/QsjTD-9yoj3sP0N2ahcesw/o.jpg');
INSERT INTO "USER_REVIEW" ("RESTAURANT_ID","REVIEW_DATE","COMMENT","REVIEW_RATING")VALUES('70469049','2016-11-07 04:44:36','This place is a gem. The food is a tasty modern spin on German cuisine. There''s no schnitzel on the menu though. Instead there are more interesting items...','5');
INSERT INTO "PHOTO" ("RESTAURANT_ID","PICTURE_URL")VALUES('70469049','https://s3-media2.fl.yelpcdn.com/photo/jrdZ_WLN1BRVuHlG19bxvw/o.jpg');
INSERT INTO "USER_REVIEW" ("RESTAURANT_ID","REVIEW_DATE","COMMENT","REVIEW_RATING")VALUES('70469049','2017-07-28 04:47:00','This place is so cool.  It''s cozy with a small menu, but everything was delicious.  We enjoyed a daily special (cheese dumplings), Spätzle, and the sweet...','5');
INSERT INTO "PHOTO" ("RESTAURANT_ID","PICTURE_URL")VALUES('70469049','https://s3-media3.fl.yelpcdn.com/photo/t5vSAxmHTehRaO6crWHhJw/o.jpg');
INSERT INTO "RESTAURANT_RATING" ("RESTAURANT_ID","SCALE","OVERALL_RATING","SOURCE")VALUES('70469049','5','4.8','Google Map');
INSERT INTO "USER_REVIEW" ("RESTAURANT_ID","REVIEW_DATE","COMMENT","REVIEW_RATING")VALUES('70469049','2017-12-08','Very good restaurant with typical German dishes, and good service. Some of the food is very traditional and might seem strange to foreigners (one has canned meat for example), but everything is really good. The menu is in German only, but the staff is friendly and will be gladly help translate or give suggestions. The desserts are especially good, and so is the ambiance, warm and cozy.','5');
INSERT INTO "USER_REVIEW" ("RESTAURANT_ID","REVIEW_DATE","COMMENT","REVIEW_RATING")VALUES('70469049','2018-01-03','Second time visiting this perfect modern German cusine!! Finest Spätzle in town combined with amazing cocktails or wine. Easy menu to read and therefore able to make a choice. STAFF is super nice and relaxed...  even at busy moments. Highly recommend this place.','5');
INSERT INTO "USER_REVIEW" ("RESTAURANT_ID","REVIEW_DATE","COMMENT","REVIEW_RATING")VALUES('70469049','2018-01-13','Cozy, warm atmosphere, with candles and fresh flowers on the table. Menu is relatively short (a plus in my opinion) and interesting. We enjoyed "Himmel und Erd" and the Rollbratenburger. Portions err towards the smaller side.','5');
INSERT INTO "USER_REVIEW" ("RESTAURANT_ID","REVIEW_DATE","COMMENT","REVIEW_RATING")VALUES('70469049','2017-12-06','Great food, lovely atmosphere, very friendly staff, and very accommodating to people who can’t speak the language!','5');
INSERT INTO "USER_REVIEW" ("RESTAURANT_ID","REVIEW_DATE","COMMENT","REVIEW_RATING")VALUES('70469049','2017-09-12','Great spätzle, reasonable prices, excellent service. What more could you want? Definitely coming back.','5');
INSERT INTO "LOCATION" ("LOCATION_ID","LOCATION_TYPE","ADDRESS","LONGITUDE","LATITUDE")VALUES('24','R','Wilhelmstr. 2210963 BerlinGermany','13.38806','52.50383');
INSERT INTO "RESTAURANT" ("RESTAURANT_ID","PRICERANGE","PHONE_NUMBER","WEBSITE")VALUES('70324343','€€','+49 30 25931818','restaurant-asador.de');
INSERT INTO "CUISINE" ("RESTAURANT_ID","CUISINE_TYPE")VALUES('70324343','Steakhouses');
INSERT INTO "RESTAURANT_RATING" ("RESTAURANT_ID","SCALE","OVERALL_RATING","SOURCE")VALUES('70324343','5','4.5','Yelp');
INSERT INTO "RESTAURANT_FEATURE" ("RESTAURANT_ID","FEATURE_NAME","DESCRIPTION")VALUES('70324343','Takes Reservations','Yes');
INSERT INTO "RESTAURANT_FEATURE" ("RESTAURANT_ID","FEATURE_NAME","DESCRIPTION")VALUES('70324343','Delivery','No');
INSERT INTO "RESTAURANT_FEATURE" ("RESTAURANT_ID","FEATURE_NAME","DESCRIPTION")VALUES('70324343','Take-out','Yes');
INSERT INTO "RESTAURANT_FEATURE" ("RESTAURANT_ID","FEATURE_NAME","DESCRIPTION")VALUES('70324343','Accepted Cards','Credit, Debit');
INSERT INTO "RESTAURANT_FEATURE" ("RESTAURANT_ID","FEATURE_NAME","DESCRIPTION")VALUES('70324343','Parking','Street');
INSERT INTO "RESTAURANT_FEATURE" ("RESTAURANT_ID","FEATURE_NAME","DESCRIPTION")VALUES('70324343','Good for Kids','Yes');
INSERT INTO "RESTAURANT_FEATURE" ("RESTAURANT_ID","FEATURE_NAME","DESCRIPTION")VALUES('70324343','Good for Groups','Yes');
INSERT INTO "RESTAURANT_FEATURE" ("RESTAURANT_ID","FEATURE_NAME","DESCRIPTION")VALUES('70324343','Attire','Casual');
INSERT INTO "RESTAURANT_FEATURE" ("RESTAURANT_ID","FEATURE_NAME","DESCRIPTION")VALUES('70324343','Ambience','Casual');
INSERT INTO "RESTAURANT_FEATURE" ("RESTAURANT_ID","FEATURE_NAME","DESCRIPTION")VALUES('70324343','Noise Level','Average');
INSERT INTO "RESTAURANT_FEATURE" ("RESTAURANT_ID","FEATURE_NAME","DESCRIPTION")VALUES('70324343','Alcohol','Full Bar');
INSERT INTO "RESTAURANT_FEATURE" ("RESTAURANT_ID","FEATURE_NAME","DESCRIPTION")VALUES('70324343','Outdoor Seating','Yes');
INSERT INTO "RESTAURANT_FEATURE" ("RESTAURANT_ID","FEATURE_NAME","DESCRIPTION")VALUES('70324343','Wi-Fi','No');
INSERT INTO "RESTAURANT_FEATURE" ("RESTAURANT_ID","FEATURE_NAME","DESCRIPTION")VALUES('70324343','Has TV','No');
INSERT INTO "RESTAURANT_FEATURE" ("RESTAURANT_ID","FEATURE_NAME","DESCRIPTION")VALUES('70324343','Caters','No');
INSERT INTO "OPENING_HOUR" ("DAY","RESTAURANT_ID","OPENING_TIME","CLOSING_TIME")VALUES('Mon','70324343','4:00 pm','12:00 am');
INSERT INTO "OPENING_HOUR" ("DAY","RESTAURANT_ID","OPENING_TIME","CLOSING_TIME")VALUES('Tue','70324343','4:00 pm','12:00 am');
INSERT INTO "OPENING_HOUR" ("DAY","RESTAURANT_ID","OPENING_TIME","CLOSING_TIME")VALUES('Wed','70324343','4:00 pm','12:00 am');
INSERT INTO "OPENING_HOUR" ("DAY","RESTAURANT_ID","OPENING_TIME","CLOSING_TIME")VALUES('Thu','70324343','4:00 pm','12:00 am');
INSERT INTO "OPENING_HOUR" ("DAY","RESTAURANT_ID","OPENING_TIME","CLOSING_TIME")VALUES('Fri','70324343','4:00 pm','12:00 am');
INSERT INTO "OPENING_HOUR" ("DAY","RESTAURANT_ID","OPENING_TIME","CLOSING_TIME")VALUES('Sat','70324343','12:00 pm','12:00 am');
INSERT INTO "OPENING_HOUR" ("DAY","RESTAURANT_ID","OPENING_TIME","CLOSING_TIME")VALUES('Sun','70324343','Open now','10:00 pm');
INSERT INTO "USER_REVIEW" ("RESTAURANT_ID","REVIEW_DATE","COMMENT","REVIEW_RATING")VALUES('70324343','2017-07-28 11:49:50','Jens'' stamp of approval!

Rare steak was rare and exceptional good. Service was perfect: not too much, but waiters present when needed. 

We had an awesome...','5');
INSERT INTO "PHOTO" ("RESTAURANT_ID","PICTURE_URL")VALUES('70324343','https://s3-media4.fl.yelpcdn.com/photo/nbuL_jlHM5Wsf7cGtpt-4A/o.jpg');
INSERT INTO "USER_REVIEW" ("RESTAURANT_ID","REVIEW_DATE","COMMENT","REVIEW_RATING")VALUES('70324343','2017-11-28 12:01:21','A friendly place to eat in Berlin, we walked around and found this place. It was quite busy but we managed to be seated.

The service was fast and friendly....','4');
INSERT INTO "PHOTO" ("RESTAURANT_ID","PICTURE_URL")VALUES('70324343','https://s3-media4.fl.yelpcdn.com/photo/KtalhXwzLraIyfhm01dGLA/o.jpg');
INSERT INTO "USER_REVIEW" ("RESTAURANT_ID","REVIEW_DATE","COMMENT","REVIEW_RATING")VALUES('70324343','2017-09-13 07:06:50','Great atmosphere, very nice meat dishes and great wines. I didn''t want to commit to one of the LARGE steaks, and tried the sampler plate (beef, chicken and...','5');
INSERT INTO "LOCATION" ("LOCATION_ID","LOCATION_TYPE","ADDRESS","LONGITUDE","LATITUDE")VALUES('25','R','Oranienstr. 16210969 BerlinGermany','13.414','52.50261');
INSERT INTO "RESTAURANT" ("RESTAURANT_ID","PRICERANGE","PHONE_NUMBER","WEBSITE")VALUES('13025701','€€','+49 30 69515911','maxundmoritzberlin.de');
INSERT INTO "CUISINE" ("RESTAURANT_ID","CUISINE_TYPE")VALUES('13025701','German');
INSERT INTO "RESTAURANT_RATING" ("RESTAURANT_ID","SCALE","OVERALL_RATING","SOURCE")VALUES('13025701','5','4.0','Yelp');
INSERT INTO "RESTAURANT_FEATURE" ("RESTAURANT_ID","FEATURE_NAME","DESCRIPTION")VALUES('13025701','Takes Reservations','Yes');
INSERT INTO "RESTAURANT_FEATURE" ("RESTAURANT_ID","FEATURE_NAME","DESCRIPTION")VALUES('13025701','Delivery','No');
INSERT INTO "RESTAURANT_FEATURE" ("RESTAURANT_ID","FEATURE_NAME","DESCRIPTION")VALUES('13025701','Take-out','No');
INSERT INTO "RESTAURANT_FEATURE" ("RESTAURANT_ID","FEATURE_NAME","DESCRIPTION")VALUES('13025701','Good For','Dinner');
INSERT INTO "RESTAURANT_FEATURE" ("RESTAURANT_ID","FEATURE_NAME","DESCRIPTION")VALUES('13025701','Parking','Street');
INSERT INTO "RESTAURANT_FEATURE" ("RESTAURANT_ID","FEATURE_NAME","DESCRIPTION")VALUES('13025701','Good for Kids','Yes');
INSERT INTO "RESTAURANT_FEATURE" ("RESTAURANT_ID","FEATURE_NAME","DESCRIPTION")VALUES('13025701','Good for Groups','Yes');
INSERT INTO "RESTAURANT_FEATURE" ("RESTAURANT_ID","FEATURE_NAME","DESCRIPTION")VALUES('13025701','Attire','Casual');
INSERT INTO "RESTAURANT_FEATURE" ("RESTAURANT_ID","FEATURE_NAME","DESCRIPTION")VALUES('13025701','Ambience','Casual');
INSERT INTO "RESTAURANT_FEATURE" ("RESTAURANT_ID","FEATURE_NAME","DESCRIPTION")VALUES('13025701','Noise Level','Average');
INSERT INTO "RESTAURANT_FEATURE" ("RESTAURANT_ID","FEATURE_NAME","DESCRIPTION")VALUES('13025701','Alcohol','Full Bar');
INSERT INTO "RESTAURANT_FEATURE" ("RESTAURANT_ID","FEATURE_NAME","DESCRIPTION")VALUES('13025701','Outdoor Seating','No');
INSERT INTO "RESTAURANT_FEATURE" ("RESTAURANT_ID","FEATURE_NAME","DESCRIPTION")VALUES('13025701','Wi-Fi','No');
INSERT INTO "RESTAURANT_FEATURE" ("RESTAURANT_ID","FEATURE_NAME","DESCRIPTION")VALUES('13025701','Has TV','No');
INSERT INTO "RESTAURANT_FEATURE" ("RESTAURANT_ID","FEATURE_NAME","DESCRIPTION")VALUES('13025701','Waiter Service','Yes');
INSERT INTO "RESTAURANT_FEATURE" ("RESTAURANT_ID","FEATURE_NAME","DESCRIPTION")VALUES('13025701','Caters','No');
INSERT INTO "OPENING_HOUR" ("DAY","RESTAURANT_ID","OPENING_TIME","CLOSING_TIME")VALUES('Mon','13025701','5:00 pm','1:00 am');
INSERT INTO "OPENING_HOUR" ("DAY","RESTAURANT_ID","OPENING_TIME","CLOSING_TIME")VALUES('Tue','13025701','5:00 pm','1:00 am');
INSERT INTO "OPENING_HOUR" ("DAY","RESTAURANT_ID","OPENING_TIME","CLOSING_TIME")VALUES('Wed','13025701','5:00 pm','1:00 am');
INSERT INTO "OPENING_HOUR" ("DAY","RESTAURANT_ID","OPENING_TIME","CLOSING_TIME")VALUES('Thu','13025701','5:00 pm','1:00 am');
INSERT INTO "OPENING_HOUR" ("DAY","RESTAURANT_ID","OPENING_TIME","CLOSING_TIME")VALUES('Fri','13025701','5:00 pm','1:00 am');
INSERT INTO "OPENING_HOUR" ("DAY","RESTAURANT_ID","OPENING_TIME","CLOSING_TIME")VALUES('Sat','13025701','5:00 pm','1:00 am');
INSERT INTO "OPENING_HOUR" ("DAY","RESTAURANT_ID","OPENING_TIME","CLOSING_TIME")VALUES('Sun','13025701','Open now','1:00 am');
INSERT INTO "USER_REVIEW" ("RESTAURANT_ID","REVIEW_DATE","COMMENT","REVIEW_RATING")VALUES('13025701','2017-11-25 23:26:11','CASH ONLY and they do ask you to leave tip!
If you want to experience real german food, this is the place to go. It is very loud though-- seemed like a lot...','4');
INSERT INTO "PHOTO" ("RESTAURANT_ID","PICTURE_URL")VALUES('13025701','https://s3-media1.fl.yelpcdn.com/photo/FVpWIS91n-hAGcD_W2BdsQ/o.jpg');
INSERT INTO "USER_REVIEW" ("RESTAURANT_ID","REVIEW_DATE","COMMENT","REVIEW_RATING")VALUES('13025701','2018-01-14 05:03:31','There was a live band, friendly staff and overall great lively atmosphere. Typical German food. It was all very yummy at a great price. I would recommend...','4');
INSERT INTO "PHOTO" ("RESTAURANT_ID","PICTURE_URL")VALUES('13025701','https://s3-media4.fl.yelpcdn.com/photo/qQw0eyW_agTHvBJsTvqxuQ/o.jpg');
INSERT INTO "USER_REVIEW" ("RESTAURANT_ID","REVIEW_DATE","COMMENT","REVIEW_RATING")VALUES('13025701','2017-11-15 12:22:31','Fantastic and absolutely lovely restaurant. The staff is phenomenal and the menu, of course is traditional and to die for','5');
INSERT INTO "PHOTO" ("RESTAURANT_ID","PICTURE_URL")VALUES('13025701','https://s3-media2.fl.yelpcdn.com/photo/PzPrndIXZ5ML7-dYqvt36g/o.jpg');
INSERT INTO "RESTAURANT_RATING" ("RESTAURANT_ID","SCALE","OVERALL_RATING","SOURCE")VALUES('13025701','5','4.3','Google Map');
INSERT INTO "USER_REVIEW" ("RESTAURANT_ID","REVIEW_DATE","COMMENT","REVIEW_RATING")VALUES('13025701','2017-12-10','One of the best restaurants in Berlin. The staff are delightful and cheerful. They even have menu cards in English.. :) The food is absolutely delicious and wholesome. The portion is more than enough for a person.','5');
INSERT INTO "USER_REVIEW" ("RESTAURANT_ID","REVIEW_DATE","COMMENT","REVIEW_RATING")VALUES('13025701','2018-01-13','Good real German food, well prepared. English menus can be asked for. Only cash payment.','5');
INSERT INTO "USER_REVIEW" ("RESTAURANT_ID","REVIEW_DATE","COMMENT","REVIEW_RATING")VALUES('13025701','2017-11-01','Delicious, wide variety of traditional German food. Very nice staff, too! They squeezed me in even though they were fully booked with reservations.','5');
INSERT INTO "USER_REVIEW" ("RESTAURANT_ID","REVIEW_DATE","COMMENT","REVIEW_RATING")VALUES('13025701','2017-12-31','amazing food & beers, service & atmosphere','5');
INSERT INTO "USER_REVIEW" ("RESTAURANT_ID","REVIEW_DATE","COMMENT","REVIEW_RATING")VALUES('13025701','2017-12-17','Delicious food and friendly staff. Great authentic experience','5');
INSERT INTO "LOCATION" ("LOCATION_ID","LOCATION_TYPE","ADDRESS","LONGITUDE","LATITUDE")VALUES('26','R','Am Falkplatz 510437 BerlinGermany','13.40575','52.54674');
INSERT INTO "RESTAURANT" ("RESTAURANT_ID","PRICERANGE","PHONE_NUMBER","WEBSITE")VALUES('93974938','€€','+49 30 51053283','thebirdinberlin.com');
INSERT INTO "CUISINE" ("RESTAURANT_ID","CUISINE_TYPE")VALUES('93974938','Burgers');
INSERT INTO "CUISINE" ("RESTAURANT_ID","CUISINE_TYPE")VALUES('93974938','Steakhouses');
INSERT INTO "RESTAURANT_RATING" ("RESTAURANT_ID","SCALE","OVERALL_RATING","SOURCE")VALUES('93974938','5','4.0','Yelp');
INSERT INTO "RESTAURANT_FEATURE" ("RESTAURANT_ID","FEATURE_NAME","DESCRIPTION")VALUES('93974938','Takes Reservations','Yes');
INSERT INTO "RESTAURANT_FEATURE" ("RESTAURANT_ID","FEATURE_NAME","DESCRIPTION")VALUES('93974938','Delivery','No');
INSERT INTO "RESTAURANT_FEATURE" ("RESTAURANT_ID","FEATURE_NAME","DESCRIPTION")VALUES('93974938','Take-out','Yes');
INSERT INTO "RESTAURANT_FEATURE" ("RESTAURANT_ID","FEATURE_NAME","DESCRIPTION")VALUES('93974938','Accepted Cards','None');
INSERT INTO "RESTAURANT_FEATURE" ("RESTAURANT_ID","FEATURE_NAME","DESCRIPTION")VALUES('93974938','Parking','Street');
INSERT INTO "RESTAURANT_FEATURE" ("RESTAURANT_ID","FEATURE_NAME","DESCRIPTION")VALUES('93974938','Good for Kids','No');
INSERT INTO "RESTAURANT_FEATURE" ("RESTAURANT_ID","FEATURE_NAME","DESCRIPTION")VALUES('93974938','Good for Groups','Yes');
INSERT INTO "RESTAURANT_FEATURE" ("RESTAURANT_ID","FEATURE_NAME","DESCRIPTION")VALUES('93974938','Attire','Casual');
INSERT INTO "RESTAURANT_FEATURE" ("RESTAURANT_ID","FEATURE_NAME","DESCRIPTION")VALUES('93974938','Ambience','Casual');
INSERT INTO "RESTAURANT_FEATURE" ("RESTAURANT_ID","FEATURE_NAME","DESCRIPTION")VALUES('93974938','Noise Level','Loud');
INSERT INTO "RESTAURANT_FEATURE" ("RESTAURANT_ID","FEATURE_NAME","DESCRIPTION")VALUES('93974938','Alcohol','Full Bar');
INSERT INTO "RESTAURANT_FEATURE" ("RESTAURANT_ID","FEATURE_NAME","DESCRIPTION")VALUES('93974938','Outdoor Seating','Yes');
INSERT INTO "RESTAURANT_FEATURE" ("RESTAURANT_ID","FEATURE_NAME","DESCRIPTION")VALUES('93974938','Wi-Fi','Free');
INSERT INTO "RESTAURANT_FEATURE" ("RESTAURANT_ID","FEATURE_NAME","DESCRIPTION")VALUES('93974938','Has TV','No');
INSERT INTO "RESTAURANT_FEATURE" ("RESTAURANT_ID","FEATURE_NAME","DESCRIPTION")VALUES('93974938','Waiter Service','Yes');
INSERT INTO "RESTAURANT_FEATURE" ("RESTAURANT_ID","FEATURE_NAME","DESCRIPTION")VALUES('93974938','Caters','No');
INSERT INTO "OPENING_HOUR" ("DAY","RESTAURANT_ID","OPENING_TIME","CLOSING_TIME")VALUES('Mon','93974938','6:00 pm','12:00 am');
INSERT INTO "OPENING_HOUR" ("DAY","RESTAURANT_ID","OPENING_TIME","CLOSING_TIME")VALUES('Tue','93974938','6:00 pm','12:00 am');
INSERT INTO "OPENING_HOUR" ("DAY","RESTAURANT_ID","OPENING_TIME","CLOSING_TIME")VALUES('Wed','93974938','6:00 pm','12:00 am');
INSERT INTO "OPENING_HOUR" ("DAY","RESTAURANT_ID","OPENING_TIME","CLOSING_TIME")VALUES('Thu','93974938','6:00 pm','12:00 am');
INSERT INTO "OPENING_HOUR" ("DAY","RESTAURANT_ID","OPENING_TIME","CLOSING_TIME")VALUES('Fri','93974938','4:00 pm','12:00 am');
INSERT INTO "OPENING_HOUR" ("DAY","RESTAURANT_ID","OPENING_TIME","CLOSING_TIME")VALUES('Sat','93974938','12:00 pm','12:00 am');
INSERT INTO "OPENING_HOUR" ("DAY","RESTAURANT_ID","OPENING_TIME","CLOSING_TIME")VALUES('Sun','93974938','Open now','12:00 am');
INSERT INTO "USER_REVIEW" ("RESTAURANT_ID","REVIEW_DATE","COMMENT","REVIEW_RATING")VALUES('93974938','2017-12-03 02:49:49','Reminds me of an American bar. Burgers are huge and they give you plenty of fries. Service was fast but not overly friendly. Good food.','5');
INSERT INTO "PHOTO" ("RESTAURANT_ID","PICTURE_URL")VALUES('93974938','https://s3-media1.fl.yelpcdn.com/photo/vPFdolsh7OOgfSmiuHCxHA/o.jpg');
INSERT INTO "USER_REVIEW" ("RESTAURANT_ID","REVIEW_DATE","COMMENT","REVIEW_RATING")VALUES('93974938','2016-11-16 14:23:33','I was a bit skeptical to try this place being from New York, and they describe themselves as a New York style bar, but I came here anyway based off a...','4');
INSERT INTO "PHOTO" ("RESTAURANT_ID","PICTURE_URL")VALUES('93974938','https://s3-media2.fl.yelpcdn.com/photo/0RqrJ0gKMajf9QVD4sWt6w/o.jpg');
INSERT INTO "USER_REVIEW" ("RESTAURANT_ID","REVIEW_DATE","COMMENT","REVIEW_RATING")VALUES('93974938','2017-06-29 02:08:07','Pretty good! Burgers are huge, fries are great, waitstaff was great too. Go with medium rare and order the breakfast burger with cheddar!','4');
INSERT INTO "PHOTO" ("RESTAURANT_ID","PICTURE_URL")VALUES('93974938','https://s3-media2.fl.yelpcdn.com/photo/dJ3nbx5kCpU8opmg4bJxuw/o.jpg');
INSERT INTO "LOCATION" ("LOCATION_ID","LOCATION_TYPE","ADDRESS","LONGITUDE","LATITUDE")VALUES('27','R','Weichselstr. 3012045 BerlinGermany','13.43749','52.48752');
INSERT INTO "RESTAURANT" ("RESTAURANT_ID","PRICERANGE","PHONE_NUMBER","WEBSITE")VALUES('70727107','€€','+49 30 60930276','foellerei.de');
INSERT INTO "CUISINE" ("RESTAURANT_ID","CUISINE_TYPE")VALUES('70727107','German');
INSERT INTO "CUISINE" ("RESTAURANT_ID","CUISINE_TYPE")VALUES('70727107','French');
INSERT INTO "RESTAURANT_RATING" ("RESTAURANT_ID","SCALE","OVERALL_RATING","SOURCE")VALUES('70727107','5','4.5','Yelp');
INSERT INTO "RESTAURANT_FEATURE" ("RESTAURANT_ID","FEATURE_NAME","DESCRIPTION")VALUES('70727107','Takes Reservations','Yes');
INSERT INTO "RESTAURANT_FEATURE" ("RESTAURANT_ID","FEATURE_NAME","DESCRIPTION")VALUES('70727107','Delivery','No');
INSERT INTO "RESTAURANT_FEATURE" ("RESTAURANT_ID","FEATURE_NAME","DESCRIPTION")VALUES('70727107','Take-out','No');
INSERT INTO "RESTAURANT_FEATURE" ("RESTAURANT_ID","FEATURE_NAME","DESCRIPTION")VALUES('70727107','Accepted Cards','None');
INSERT INTO "RESTAURANT_FEATURE" ("RESTAURANT_ID","FEATURE_NAME","DESCRIPTION")VALUES('70727107','Parking','Street');
INSERT INTO "RESTAURANT_FEATURE" ("RESTAURANT_ID","FEATURE_NAME","DESCRIPTION")VALUES('70727107','Good for Kids','Yes');
INSERT INTO "RESTAURANT_FEATURE" ("RESTAURANT_ID","FEATURE_NAME","DESCRIPTION")VALUES('70727107','Good for Groups','Yes');
INSERT INTO "RESTAURANT_FEATURE" ("RESTAURANT_ID","FEATURE_NAME","DESCRIPTION")VALUES('70727107','Attire','Casual');
INSERT INTO "RESTAURANT_FEATURE" ("RESTAURANT_ID","FEATURE_NAME","DESCRIPTION")VALUES('70727107','Ambience','Casual');
INSERT INTO "RESTAURANT_FEATURE" ("RESTAURANT_ID","FEATURE_NAME","DESCRIPTION")VALUES('70727107','Noise Level','Quiet');
INSERT INTO "RESTAURANT_FEATURE" ("RESTAURANT_ID","FEATURE_NAME","DESCRIPTION")VALUES('70727107','Alcohol','Full Bar');
INSERT INTO "RESTAURANT_FEATURE" ("RESTAURANT_ID","FEATURE_NAME","DESCRIPTION")VALUES('70727107','Outdoor Seating','Yes');
INSERT INTO "RESTAURANT_FEATURE" ("RESTAURANT_ID","FEATURE_NAME","DESCRIPTION")VALUES('70727107','Wi-Fi','Free');
INSERT INTO "RESTAURANT_FEATURE" ("RESTAURANT_ID","FEATURE_NAME","DESCRIPTION")VALUES('70727107','Has TV','No');
INSERT INTO "RESTAURANT_FEATURE" ("RESTAURANT_ID","FEATURE_NAME","DESCRIPTION")VALUES('70727107','Caters','Yes');
INSERT INTO "OPENING_HOUR" ("DAY","RESTAURANT_ID","OPENING_TIME","CLOSING_TIME")VALUES('Mon','70727107','6:00 pm','11:00 pm');
INSERT INTO "OPENING_HOUR" ("DAY","RESTAURANT_ID","OPENING_TIME","CLOSING_TIME")VALUES('Tue','70727107','6:00 pm','11:00 pm');
INSERT INTO "OPENING_HOUR" ("DAY","RESTAURANT_ID","OPENING_TIME","CLOSING_TIME")VALUES('Wed','70727107','6:00 pm','11:00 pm');
INSERT INTO "OPENING_HOUR" ("DAY","RESTAURANT_ID","OPENING_TIME","CLOSING_TIME")VALUES('Thu','70727107','7:00 pm','11:00 pm');
INSERT INTO "OPENING_HOUR" ("DAY","RESTAURANT_ID","OPENING_TIME","CLOSING_TIME")VALUES('Fri','70727107','6:00 pm','11:00 pm');
INSERT INTO "OPENING_HOUR" ("DAY","RESTAURANT_ID","OPENING_TIME","CLOSING_TIME")VALUES('Sat','70727107','6:00 pm','11:00 pm');
INSERT INTO "USER_REVIEW" ("RESTAURANT_ID","REVIEW_DATE","COMMENT","REVIEW_RATING")VALUES('70727107','2017-05-29 11:39:45','Came here for the bio (organic) dishes. Tried both the vegan and meat entrées and loved them equally. Very healthy and yummy.','5');
INSERT INTO "PHOTO" ("RESTAURANT_ID","PICTURE_URL")VALUES('70727107','https://s3-media1.fl.yelpcdn.com/photo/kpUWH9m8WO2mIwqoxumUDg/o.jpg');
INSERT INTO "USER_REVIEW" ("RESTAURANT_ID","REVIEW_DATE","COMMENT","REVIEW_RATING")VALUES('70727107','2017-05-26 12:30:11','Is it German or is it French?  Went looking for a French place recommended and Yelp sent us here. They consider it a German restaurant, but is a lot more...','5');
INSERT INTO "USER_REVIEW" ("RESTAURANT_ID","REVIEW_DATE","COMMENT","REVIEW_RATING")VALUES('70727107','2016-03-12 02:44:39','Very nice German dishes, organic meat. Service ok. With a smile on their face I would have felt more welcome. Few vegan options. Go for the lamb and the...','4');
INSERT INTO "PHOTO" ("RESTAURANT_ID","PICTURE_URL")VALUES('70727107','https://s3-media1.fl.yelpcdn.com/photo/xoziuoE9k1AZ6L_zrv8NvQ/o.jpg');
INSERT INTO "LOCATION" ("LOCATION_ID","LOCATION_TYPE","ADDRESS","LONGITUDE","LATITUDE")VALUES('28','R','Jägerstr. 3510117 BerlinGermany','13.39755','52.51439');
INSERT INTO "RESTAURANT" ("RESTAURANT_ID","PRICERANGE","PHONE_NUMBER","WEBSITE")VALUES('21963843','€€','+49 30 36444588','chipps.eu');
INSERT INTO "CUISINE" ("RESTAURANT_ID","CUISINE_TYPE")VALUES('21963843','International');
INSERT INTO "CUISINE" ("RESTAURANT_ID","CUISINE_TYPE")VALUES('21963843','Breakfast & Brunch');
INSERT INTO "RESTAURANT_RATING" ("RESTAURANT_ID","SCALE","OVERALL_RATING","SOURCE")VALUES('21963843','5','4.0','Yelp');
INSERT INTO "RESTAURANT_FEATURE" ("RESTAURANT_ID","FEATURE_NAME","DESCRIPTION")VALUES('21963843','Takes Reservations','Yes');
INSERT INTO "RESTAURANT_FEATURE" ("RESTAURANT_ID","FEATURE_NAME","DESCRIPTION")VALUES('21963843','Delivery','No');
INSERT INTO "RESTAURANT_FEATURE" ("RESTAURANT_ID","FEATURE_NAME","DESCRIPTION")VALUES('21963843','Take-out','Yes');
INSERT INTO "RESTAURANT_FEATURE" ("RESTAURANT_ID","FEATURE_NAME","DESCRIPTION")VALUES('21963843','Accepted Cards','Credit, Debit');
INSERT INTO "RESTAURANT_FEATURE" ("RESTAURANT_ID","FEATURE_NAME","DESCRIPTION")VALUES('21963843','Good For','Breakfast, Brunch, Lunch');
INSERT INTO "RESTAURANT_FEATURE" ("RESTAURANT_ID","FEATURE_NAME","DESCRIPTION")VALUES('21963843','Parking','Street');
INSERT INTO "RESTAURANT_FEATURE" ("RESTAURANT_ID","FEATURE_NAME","DESCRIPTION")VALUES('21963843','Good for Kids','Yes');
INSERT INTO "RESTAURANT_FEATURE" ("RESTAURANT_ID","FEATURE_NAME","DESCRIPTION")VALUES('21963843','Good for Groups','Yes');
INSERT INTO "RESTAURANT_FEATURE" ("RESTAURANT_ID","FEATURE_NAME","DESCRIPTION")VALUES('21963843','Attire','Casual');
INSERT INTO "RESTAURANT_FEATURE" ("RESTAURANT_ID","FEATURE_NAME","DESCRIPTION")VALUES('21963843','Ambience','Trendy');
INSERT INTO "RESTAURANT_FEATURE" ("RESTAURANT_ID","FEATURE_NAME","DESCRIPTION")VALUES('21963843','Noise Level','Average');
INSERT INTO "RESTAURANT_FEATURE" ("RESTAURANT_ID","FEATURE_NAME","DESCRIPTION")VALUES('21963843','Alcohol','Full Bar');
INSERT INTO "RESTAURANT_FEATURE" ("RESTAURANT_ID","FEATURE_NAME","DESCRIPTION")VALUES('21963843','Outdoor Seating','Yes');
INSERT INTO "RESTAURANT_FEATURE" ("RESTAURANT_ID","FEATURE_NAME","DESCRIPTION")VALUES('21963843','Wi-Fi','Free');
INSERT INTO "RESTAURANT_FEATURE" ("RESTAURANT_ID","FEATURE_NAME","DESCRIPTION")VALUES('21963843','Has TV','No');
INSERT INTO "RESTAURANT_FEATURE" ("RESTAURANT_ID","FEATURE_NAME","DESCRIPTION")VALUES('21963843','Caters','No');
INSERT INTO "OPENING_HOUR" ("DAY","RESTAURANT_ID","OPENING_TIME","CLOSING_TIME")VALUES('Mon','21963843','9:00 am','10:00 pm');
INSERT INTO "OPENING_HOUR" ("DAY","RESTAURANT_ID","OPENING_TIME","CLOSING_TIME")VALUES('Tue','21963843','9:00 am','10:00 pm');
INSERT INTO "OPENING_HOUR" ("DAY","RESTAURANT_ID","OPENING_TIME","CLOSING_TIME")VALUES('Wed','21963843','9:00 am','10:00 pm');
INSERT INTO "OPENING_HOUR" ("DAY","RESTAURANT_ID","OPENING_TIME","CLOSING_TIME")VALUES('Thu','21963843','9:00 am','10:00 pm');
INSERT INTO "OPENING_HOUR" ("DAY","RESTAURANT_ID","OPENING_TIME","CLOSING_TIME")VALUES('Fri','21963843','9:00 am','10:00 pm');
INSERT INTO "OPENING_HOUR" ("DAY","RESTAURANT_ID","OPENING_TIME","CLOSING_TIME")VALUES('Sat','21963843','9:00 am','10:00 pm');
INSERT INTO "OPENING_HOUR" ("DAY","RESTAURANT_ID","OPENING_TIME","CLOSING_TIME")VALUES('Sun','21963843','Open now','5:00 pm');
INSERT INTO "USER_REVIEW" ("RESTAURANT_ID","REVIEW_DATE","COMMENT","REVIEW_RATING")VALUES('21963843','2017-12-07 09:31:10','We were out and doing a lot of walking through Berlin and needed a place to sit, relax and grab a good lunch.  After a short search through Yelp we found...','4');
INSERT INTO "PHOTO" ("RESTAURANT_ID","PICTURE_URL")VALUES('21963843','https://s3-media2.fl.yelpcdn.com/photo/x224pLfRJ5KX0RFI52-ocQ/o.jpg');
INSERT INTO "USER_REVIEW" ("RESTAURANT_ID","REVIEW_DATE","COMMENT","REVIEW_RATING")VALUES('21963843','2017-12-10 06:49:37','Food used to be great two years ago: the last three times i went it was really disappointing though.
Service is not so great but mostly the food has...','2');
INSERT INTO "PHOTO" ("RESTAURANT_ID","PICTURE_URL")VALUES('21963843','https://s3-media3.fl.yelpcdn.com/photo/inXn5rxO-yIbFeqALs1nNg/o.jpg');
INSERT INTO "USER_REVIEW" ("RESTAURANT_ID","REVIEW_DATE","COMMENT","REVIEW_RATING")VALUES('21963843','2017-11-23 02:37:00','Clean, fresh and tasty food..........
Great service. Good prices for what you get.
We will return for sure.

Hope youll find this review helpful.','5');
INSERT INTO "PHOTO" ("RESTAURANT_ID","PICTURE_URL")VALUES('21963843','https://s3-media2.fl.yelpcdn.com/photo/uXClIno_2zboixlo69qNkA/o.jpg');
INSERT INTO "LOCATION" ("LOCATION_ID","LOCATION_TYPE","ADDRESS","LONGITUDE","LATITUDE")VALUES('29','R','Urbanstr. 28 a10967 BerlinGermany','13.41188','52.49198');
INSERT INTO "RESTAURANT" ("RESTAURANT_ID","PRICERANGE","PHONE_NUMBER","WEBSITE")VALUES('34290866','€','+49 30 74073516','ammamma.de');
INSERT INTO "CUISINE" ("RESTAURANT_ID","CUISINE_TYPE")VALUES('34290866','Indian');
INSERT INTO "RESTAURANT_RATING" ("RESTAURANT_ID","SCALE","OVERALL_RATING","SOURCE")VALUES('34290866','5','4.5','Yelp');
INSERT INTO "RESTAURANT_FEATURE" ("RESTAURANT_ID","FEATURE_NAME","DESCRIPTION")VALUES('34290866','Takes Reservations','Yes');
INSERT INTO "RESTAURANT_FEATURE" ("RESTAURANT_ID","FEATURE_NAME","DESCRIPTION")VALUES('34290866','Delivery','No');
INSERT INTO "RESTAURANT_FEATURE" ("RESTAURANT_ID","FEATURE_NAME","DESCRIPTION")VALUES('34290866','Take-out','Yes');
INSERT INTO "RESTAURANT_FEATURE" ("RESTAURANT_ID","FEATURE_NAME","DESCRIPTION")VALUES('34290866','Accepted Cards','None');
INSERT INTO "RESTAURANT_FEATURE" ("RESTAURANT_ID","FEATURE_NAME","DESCRIPTION")VALUES('34290866','Parking','Street');
INSERT INTO "RESTAURANT_FEATURE" ("RESTAURANT_ID","FEATURE_NAME","DESCRIPTION")VALUES('34290866','Good for Kids','Yes');
INSERT INTO "RESTAURANT_FEATURE" ("RESTAURANT_ID","FEATURE_NAME","DESCRIPTION")VALUES('34290866','Good for Groups','Yes');
INSERT INTO "RESTAURANT_FEATURE" ("RESTAURANT_ID","FEATURE_NAME","DESCRIPTION")VALUES('34290866','Attire','Casual');
INSERT INTO "RESTAURANT_FEATURE" ("RESTAURANT_ID","FEATURE_NAME","DESCRIPTION")VALUES('34290866','Ambience','Casual');
INSERT INTO "RESTAURANT_FEATURE" ("RESTAURANT_ID","FEATURE_NAME","DESCRIPTION")VALUES('34290866','Noise Level','Average');
INSERT INTO "RESTAURANT_FEATURE" ("RESTAURANT_ID","FEATURE_NAME","DESCRIPTION")VALUES('34290866','Alcohol','Full Bar');
INSERT INTO "RESTAURANT_FEATURE" ("RESTAURANT_ID","FEATURE_NAME","DESCRIPTION")VALUES('34290866','Outdoor Seating','Yes');
INSERT INTO "RESTAURANT_FEATURE" ("RESTAURANT_ID","FEATURE_NAME","DESCRIPTION")VALUES('34290866','Wi-Fi','No');
INSERT INTO "RESTAURANT_FEATURE" ("RESTAURANT_ID","FEATURE_NAME","DESCRIPTION")VALUES('34290866','Has TV','No');
INSERT INTO "RESTAURANT_FEATURE" ("RESTAURANT_ID","FEATURE_NAME","DESCRIPTION")VALUES('34290866','Caters','No');
INSERT INTO "OPENING_HOUR" ("DAY","RESTAURANT_ID","OPENING_TIME","CLOSING_TIME")VALUES('Mon','34290866','12:00 pm','12:00 am');
INSERT INTO "OPENING_HOUR" ("DAY","RESTAURANT_ID","OPENING_TIME","CLOSING_TIME")VALUES('Tue','34290866','12:00 pm','12:00 am');
INSERT INTO "OPENING_HOUR" ("DAY","RESTAURANT_ID","OPENING_TIME","CLOSING_TIME")VALUES('Wed','34290866','12:00 pm','12:00 am');
INSERT INTO "OPENING_HOUR" ("DAY","RESTAURANT_ID","OPENING_TIME","CLOSING_TIME")VALUES('Thu','34290866','12:00 pm','12:00 am');
INSERT INTO "OPENING_HOUR" ("DAY","RESTAURANT_ID","OPENING_TIME","CLOSING_TIME")VALUES('Fri','34290866','12:00 pm','12:00 am');
INSERT INTO "OPENING_HOUR" ("DAY","RESTAURANT_ID","OPENING_TIME","CLOSING_TIME")VALUES('Sat','34290866','12:00 pm','12:00 am');
INSERT INTO "OPENING_HOUR" ("DAY","RESTAURANT_ID","OPENING_TIME","CLOSING_TIME")VALUES('Sun','34290866','Open now','12:00 am');
INSERT INTO "USER_REVIEW" ("RESTAURANT_ID","REVIEW_DATE","COMMENT","REVIEW_RATING")VALUES('34290866','2016-08-17 05:35:27','I came in around 1 pm on a Wednesday and no one was available to help - it seemed like there was only one waitstaff. The restaurant was mostly empty with...','4');
INSERT INTO "PHOTO" ("RESTAURANT_ID","PICTURE_URL")VALUES('34290866','https://s3-media2.fl.yelpcdn.com/photo/NH_9gO6Gzvbt8yUj9egKww/o.jpg');
INSERT INTO "USER_REVIEW" ("RESTAURANT_ID","REVIEW_DATE","COMMENT","REVIEW_RATING")VALUES('34290866','2017-09-19 10:59:48','Not super over decorated, just great authentic southern Indian food. Would recommend!','5');
INSERT INTO "PHOTO" ("RESTAURANT_ID","PICTURE_URL")VALUES('34290866','https://s3-media1.fl.yelpcdn.com/photo/hwxJexihoZviLnlamiBiug/o.jpg');
INSERT INTO "USER_REVIEW" ("RESTAURANT_ID","REVIEW_DATE","COMMENT","REVIEW_RATING")VALUES('34290866','2017-03-11 16:33:24','The food was amazing and waiters were very kind. Also really cheap.
Highly recommended!','5');
INSERT INTO "PHOTO" ("RESTAURANT_ID","PICTURE_URL")VALUES('34290866','https://s3-media1.fl.yelpcdn.com/photo/gV5xK4yO-0CiVMM3SqyKHw/o.jpg');
INSERT INTO "LOCATION" ("LOCATION_ID","LOCATION_TYPE","ADDRESS","LONGITUDE","LATITUDE")VALUES('30','R','Tieckstr. 1210115 BerlinGermany','13.38948834','52.5296024337');
INSERT INTO "RESTAURANT" ("RESTAURANT_ID","PRICERANGE","PHONE_NUMBER","WEBSITE")VALUES('86803704','€€','+49 30 2857505','neumond-restaurant.de');
INSERT INTO "CUISINE" ("RESTAURANT_ID","CUISINE_TYPE")VALUES('86803704','German');
INSERT INTO "CUISINE" ("RESTAURANT_ID","CUISINE_TYPE")VALUES('86803704','Breakfast & Brunch');
INSERT INTO "RESTAURANT_RATING" ("RESTAURANT_ID","SCALE","OVERALL_RATING","SOURCE")VALUES('86803704','5','4.0','Yelp');
INSERT INTO "RESTAURANT_FEATURE" ("RESTAURANT_ID","FEATURE_NAME","DESCRIPTION")VALUES('86803704','Takes Reservations','Yes');
INSERT INTO "RESTAURANT_FEATURE" ("RESTAURANT_ID","FEATURE_NAME","DESCRIPTION")VALUES('86803704','Delivery','No');
INSERT INTO "RESTAURANT_FEATURE" ("RESTAURANT_ID","FEATURE_NAME","DESCRIPTION")VALUES('86803704','Take-out','Yes');
INSERT INTO "RESTAURANT_FEATURE" ("RESTAURANT_ID","FEATURE_NAME","DESCRIPTION")VALUES('86803704','Accepts Bitcoin','No');
INSERT INTO "RESTAURANT_FEATURE" ("RESTAURANT_ID","FEATURE_NAME","DESCRIPTION")VALUES('86803704','Parking','Street');
INSERT INTO "RESTAURANT_FEATURE" ("RESTAURANT_ID","FEATURE_NAME","DESCRIPTION")VALUES('86803704','Good for Kids','Yes');
INSERT INTO "RESTAURANT_FEATURE" ("RESTAURANT_ID","FEATURE_NAME","DESCRIPTION")VALUES('86803704','Good for Groups','Yes');
INSERT INTO "RESTAURANT_FEATURE" ("RESTAURANT_ID","FEATURE_NAME","DESCRIPTION")VALUES('86803704','Attire','Casual');
INSERT INTO "RESTAURANT_FEATURE" ("RESTAURANT_ID","FEATURE_NAME","DESCRIPTION")VALUES('86803704','Ambience','Casual');
INSERT INTO "RESTAURANT_FEATURE" ("RESTAURANT_ID","FEATURE_NAME","DESCRIPTION")VALUES('86803704','Noise Level','Average');
INSERT INTO "RESTAURANT_FEATURE" ("RESTAURANT_ID","FEATURE_NAME","DESCRIPTION")VALUES('86803704','Alcohol','Full Bar');
INSERT INTO "RESTAURANT_FEATURE" ("RESTAURANT_ID","FEATURE_NAME","DESCRIPTION")VALUES('86803704','Outdoor Seating','Yes');
INSERT INTO "RESTAURANT_FEATURE" ("RESTAURANT_ID","FEATURE_NAME","DESCRIPTION")VALUES('86803704','Wi-Fi','Free');
INSERT INTO "RESTAURANT_FEATURE" ("RESTAURANT_ID","FEATURE_NAME","DESCRIPTION")VALUES('86803704','Has TV','No');
INSERT INTO "RESTAURANT_FEATURE" ("RESTAURANT_ID","FEATURE_NAME","DESCRIPTION")VALUES('86803704','Caters','Yes');
INSERT INTO "OPENING_HOUR" ("DAY","RESTAURANT_ID","OPENING_TIME","CLOSING_TIME")VALUES('Mon','86803704','8:00 am','3:00 pm');
INSERT INTO "OPENING_HOUR" ("DAY","RESTAURANT_ID","OPENING_TIME","CLOSING_TIME")VALUES('Tue','86803704','8:00 am','12:00 am');
INSERT INTO "OPENING_HOUR" ("DAY","RESTAURANT_ID","OPENING_TIME","CLOSING_TIME")VALUES('Wed','86803704','8:00 am','12:00 am');
INSERT INTO "OPENING_HOUR" ("DAY","RESTAURANT_ID","OPENING_TIME","CLOSING_TIME")VALUES('Thu','86803704','8:00 am','12:00 am');
INSERT INTO "OPENING_HOUR" ("DAY","RESTAURANT_ID","OPENING_TIME","CLOSING_TIME")VALUES('Fri','86803704','8:00 am','12:00 am');
INSERT INTO "OPENING_HOUR" ("DAY","RESTAURANT_ID","OPENING_TIME","CLOSING_TIME")VALUES('Sat','86803704','8:00 am','12:00 am');
INSERT INTO "OPENING_HOUR" ("DAY","RESTAURANT_ID","OPENING_TIME","CLOSING_TIME")VALUES('Sun','86803704','Open now','3:00 pm');
INSERT INTO "USER_REVIEW" ("RESTAURANT_ID","REVIEW_DATE","COMMENT","REVIEW_RATING")VALUES('86803704','2017-11-20 02:22:25','Food is dull and tasteless. Presentation good. Tried different main dishes. Everything had the same sweet  flavour and similar texture. Service was ok but...','2');
INSERT INTO "PHOTO" ("RESTAURANT_ID","PICTURE_URL")VALUES('86803704','https://s3-media4.fl.yelpcdn.com/photo/z9P6lQm3_1DQYq4YPWpgYg/o.jpg');
INSERT INTO "USER_REVIEW" ("RESTAURANT_ID","REVIEW_DATE","COMMENT","REVIEW_RATING")VALUES('86803704','2016-10-16 00:51:27','I came here for breakfast and man did I make a good choice! After paying the waitress, pick from fresh eggs, meats, fruits, breads, yogurts, cereals, and...','5');
INSERT INTO "PHOTO" ("RESTAURANT_ID","PICTURE_URL")VALUES('86803704','https://s3-media2.fl.yelpcdn.com/photo/pEus7oR_EaPhpLM9n4gZSg/o.jpg');
INSERT INTO "USER_REVIEW" ("RESTAURANT_ID","REVIEW_DATE","COMMENT","REVIEW_RATING")VALUES('86803704','2017-09-27 10:47:33','Our hotel recommended this charming, cozy restaurant on our first night in Berlin, and we are back for our final night. It is a quiet, local spot with...','5');
INSERT INTO "PHOTO" ("RESTAURANT_ID","PICTURE_URL")VALUES('86803704','https://s3-media3.fl.yelpcdn.com/photo/XcOEhIAUGBsrjGHqy99JlA/o.jpg');
INSERT INTO "LOCATION" ("LOCATION_ID","LOCATION_TYPE","ADDRESS","LONGITUDE","LATITUDE")VALUES('31','R','Köpenicker Str. 1 a10997 BerlinGermany','13.44171','52.50145');
INSERT INTO "RESTAURANT" ("RESTAURANT_ID","PRICERANGE","PHONE_NUMBER","WEBSITE")VALUES('29418272','€€','+49 30 69814538','None');
INSERT INTO "CUISINE" ("RESTAURANT_ID","CUISINE_TYPE")VALUES('29418272','French');
INSERT INTO "CUISINE" ("RESTAURANT_ID","CUISINE_TYPE")VALUES('29418272','German');
INSERT INTO "RESTAURANT_RATING" ("RESTAURANT_ID","SCALE","OVERALL_RATING","SOURCE")VALUES('29418272','5','4.0','Yelp');
INSERT INTO "RESTAURANT_FEATURE" ("RESTAURANT_ID","FEATURE_NAME","DESCRIPTION")VALUES('29418272','Takes Reservations','Yes');
INSERT INTO "RESTAURANT_FEATURE" ("RESTAURANT_ID","FEATURE_NAME","DESCRIPTION")VALUES('29418272','Delivery','No');
INSERT INTO "RESTAURANT_FEATURE" ("RESTAURANT_ID","FEATURE_NAME","DESCRIPTION")VALUES('29418272','Take-out','No');
INSERT INTO "RESTAURANT_FEATURE" ("RESTAURANT_ID","FEATURE_NAME","DESCRIPTION")VALUES('29418272','Accepted Cards','None');
INSERT INTO "RESTAURANT_FEATURE" ("RESTAURANT_ID","FEATURE_NAME","DESCRIPTION")VALUES('29418272','Parking','Street');
INSERT INTO "RESTAURANT_FEATURE" ("RESTAURANT_ID","FEATURE_NAME","DESCRIPTION")VALUES('29418272','Good for Kids','No');
INSERT INTO "RESTAURANT_FEATURE" ("RESTAURANT_ID","FEATURE_NAME","DESCRIPTION")VALUES('29418272','Good for Groups','Yes');
INSERT INTO "RESTAURANT_FEATURE" ("RESTAURANT_ID","FEATURE_NAME","DESCRIPTION")VALUES('29418272','Attire','Casual');
INSERT INTO "RESTAURANT_FEATURE" ("RESTAURANT_ID","FEATURE_NAME","DESCRIPTION")VALUES('29418272','Ambience','Casual');
INSERT INTO "RESTAURANT_FEATURE" ("RESTAURANT_ID","FEATURE_NAME","DESCRIPTION")VALUES('29418272','Noise Level','Very Loud');
INSERT INTO "RESTAURANT_FEATURE" ("RESTAURANT_ID","FEATURE_NAME","DESCRIPTION")VALUES('29418272','Alcohol','Full Bar');
INSERT INTO "RESTAURANT_FEATURE" ("RESTAURANT_ID","FEATURE_NAME","DESCRIPTION")VALUES('29418272','Outdoor Seating','Yes');
INSERT INTO "RESTAURANT_FEATURE" ("RESTAURANT_ID","FEATURE_NAME","DESCRIPTION")VALUES('29418272','Wi-Fi','No');
INSERT INTO "RESTAURANT_FEATURE" ("RESTAURANT_ID","FEATURE_NAME","DESCRIPTION")VALUES('29418272','Has TV','No');
INSERT INTO "RESTAURANT_FEATURE" ("RESTAURANT_ID","FEATURE_NAME","DESCRIPTION")VALUES('29418272','Caters','No');
INSERT INTO "OPENING_HOUR" ("DAY","RESTAURANT_ID","OPENING_TIME","CLOSING_TIME")VALUES('Mon','29418272','11:30 am','12:00 am');
INSERT INTO "OPENING_HOUR" ("DAY","RESTAURANT_ID","OPENING_TIME","CLOSING_TIME")VALUES('Tue','29418272','11:30 am','12:00 am');
INSERT INTO "OPENING_HOUR" ("DAY","RESTAURANT_ID","OPENING_TIME","CLOSING_TIME")VALUES('Wed','29418272','11:30 am','12:00 am');
INSERT INTO "OPENING_HOUR" ("DAY","RESTAURANT_ID","OPENING_TIME","CLOSING_TIME")VALUES('Thu','29418272','11:30 am','12:00 am');
INSERT INTO "OPENING_HOUR" ("DAY","RESTAURANT_ID","OPENING_TIME","CLOSING_TIME")VALUES('Fri','29418272','11:30 am','12:00 am');
INSERT INTO "OPENING_HOUR" ("DAY","RESTAURANT_ID","OPENING_TIME","CLOSING_TIME")VALUES('Sat','29418272','11:30 am','12:00 am');
INSERT INTO "USER_REVIEW" ("RESTAURANT_ID","REVIEW_DATE","COMMENT","REVIEW_RATING")VALUES('29418272','2017-08-25 23:29:17','Wow, the sweet scent of a delicious meal in Kruezberg....really thought this place would be special, but it underwhelmed.   Limited daily menu.  Bland...','2');
INSERT INTO "PHOTO" ("RESTAURANT_ID","PICTURE_URL")VALUES('29418272','https://s3-media2.fl.yelpcdn.com/photo/rL8UTHh6gfVyHS6cTsebCA/o.jpg');
INSERT INTO "USER_REVIEW" ("RESTAURANT_ID","REVIEW_DATE","COMMENT","REVIEW_RATING")VALUES('29418272','2016-06-18 19:28:09','Be aware that this restaurant only has a prix fix, no a la carte, so while listed at €€ you cannot just get an entre and it ended up being ~€40 per person...','1');
INSERT INTO "USER_REVIEW" ("RESTAURANT_ID","REVIEW_DATE","COMMENT","REVIEW_RATING")VALUES('29418272','2011-11-19 09:01:03','Great restaurant with really awesome food and very friendly service. Good wine list too!','5');
INSERT INTO "LOCATION" ("LOCATION_ID","LOCATION_TYPE","ADDRESS","LONGITUDE","LATITUDE")VALUES('32','R','Warschauer Str. 4610243 BerlinGermany','13.44725','52.50368');
INSERT INTO "RESTAURANT" ("RESTAURANT_ID","PRICERANGE","PHONE_NUMBER","WEBSITE")VALUES('97764570','€€','+49 30 65214130','seoulkitchen.de');
INSERT INTO "CUISINE" ("RESTAURANT_ID","CUISINE_TYPE")VALUES('97764570','Sushi Bars');
INSERT INTO "CUISINE" ("RESTAURANT_ID","CUISINE_TYPE")VALUES('97764570','Korean');
INSERT INTO "CUISINE" ("RESTAURANT_ID","CUISINE_TYPE")VALUES('97764570','Barbeque');
INSERT INTO "RESTAURANT_RATING" ("RESTAURANT_ID","SCALE","OVERALL_RATING","SOURCE")VALUES('97764570','5','4.0','Yelp');
INSERT INTO "RESTAURANT_FEATURE" ("RESTAURANT_ID","FEATURE_NAME","DESCRIPTION")VALUES('97764570','Takes Reservations','No');
INSERT INTO "RESTAURANT_FEATURE" ("RESTAURANT_ID","FEATURE_NAME","DESCRIPTION")VALUES('97764570','Delivery','Yes');
INSERT INTO "RESTAURANT_FEATURE" ("RESTAURANT_ID","FEATURE_NAME","DESCRIPTION")VALUES('97764570','Take-out','Yes');
INSERT INTO "RESTAURANT_FEATURE" ("RESTAURANT_ID","FEATURE_NAME","DESCRIPTION")VALUES('97764570','Accepted Cards','None');
INSERT INTO "RESTAURANT_FEATURE" ("RESTAURANT_ID","FEATURE_NAME","DESCRIPTION")VALUES('97764570','Good For','Lunch, Dinner');
INSERT INTO "RESTAURANT_FEATURE" ("RESTAURANT_ID","FEATURE_NAME","DESCRIPTION")VALUES('97764570','Parking','Street');
INSERT INTO "RESTAURANT_FEATURE" ("RESTAURANT_ID","FEATURE_NAME","DESCRIPTION")VALUES('97764570','Wheelchair Accessible','No');
INSERT INTO "RESTAURANT_FEATURE" ("RESTAURANT_ID","FEATURE_NAME","DESCRIPTION")VALUES('97764570','Good for Kids','No');
INSERT INTO "RESTAURANT_FEATURE" ("RESTAURANT_ID","FEATURE_NAME","DESCRIPTION")VALUES('97764570','Good for Groups','Yes');
INSERT INTO "RESTAURANT_FEATURE" ("RESTAURANT_ID","FEATURE_NAME","DESCRIPTION")VALUES('97764570','Attire','Casual');
INSERT INTO "RESTAURANT_FEATURE" ("RESTAURANT_ID","FEATURE_NAME","DESCRIPTION")VALUES('97764570','Noise Level','Average');
INSERT INTO "RESTAURANT_FEATURE" ("RESTAURANT_ID","FEATURE_NAME","DESCRIPTION")VALUES('97764570','Alcohol','Full Bar');
INSERT INTO "RESTAURANT_FEATURE" ("RESTAURANT_ID","FEATURE_NAME","DESCRIPTION")VALUES('97764570','Outdoor Seating','Yes');
INSERT INTO "RESTAURANT_FEATURE" ("RESTAURANT_ID","FEATURE_NAME","DESCRIPTION")VALUES('97764570','Wi-Fi','No');
INSERT INTO "RESTAURANT_FEATURE" ("RESTAURANT_ID","FEATURE_NAME","DESCRIPTION")VALUES('97764570','Has TV','No');
INSERT INTO "RESTAURANT_FEATURE" ("RESTAURANT_ID","FEATURE_NAME","DESCRIPTION")VALUES('97764570','Waiter Service','Yes');
INSERT INTO "RESTAURANT_FEATURE" ("RESTAURANT_ID","FEATURE_NAME","DESCRIPTION")VALUES('97764570','Caters','Yes');
INSERT INTO "OPENING_HOUR" ("DAY","RESTAURANT_ID","OPENING_TIME","CLOSING_TIME")VALUES('Mon','97764570','11:00 am','12:00 am');
INSERT INTO "OPENING_HOUR" ("DAY","RESTAURANT_ID","OPENING_TIME","CLOSING_TIME")VALUES('Tue','97764570','11:00 am','12:00 am');
INSERT INTO "OPENING_HOUR" ("DAY","RESTAURANT_ID","OPENING_TIME","CLOSING_TIME")VALUES('Wed','97764570','11:00 am','12:00 am');
INSERT INTO "OPENING_HOUR" ("DAY","RESTAURANT_ID","OPENING_TIME","CLOSING_TIME")VALUES('Thu','97764570','11:00 am','12:00 am');
INSERT INTO "OPENING_HOUR" ("DAY","RESTAURANT_ID","OPENING_TIME","CLOSING_TIME")VALUES('Fri','97764570','11:00 am','12:00 am');
INSERT INTO "OPENING_HOUR" ("DAY","RESTAURANT_ID","OPENING_TIME","CLOSING_TIME")VALUES('Sat','97764570','11:00 am','12:00 am');
INSERT INTO "OPENING_HOUR" ("DAY","RESTAURANT_ID","OPENING_TIME","CLOSING_TIME")VALUES('Sun','97764570','Open now','12:00 am');
INSERT INTO "USER_REVIEW" ("RESTAURANT_ID","REVIEW_DATE","COMMENT","REVIEW_RATING")VALUES('97764570','2017-12-30 14:27:43','This place has good Korean Bibimbap. I live in LA and the only thing that could make it better was to have the beef warm in the pot. The clay pot was...','5');
INSERT INTO "PHOTO" ("RESTAURANT_ID","PICTURE_URL")VALUES('97764570','https://s3-media1.fl.yelpcdn.com/photo/PhabhQhCclQWw3bE8kYTzw/o.jpg');
INSERT INTO "USER_REVIEW" ("RESTAURANT_ID","REVIEW_DATE","COMMENT","REVIEW_RATING")VALUES('97764570','2017-11-16 22:25:44','Can''t think of anything about this place that was less than exceptional. Sure, it''s a bit pricey to eat in, but it was well worth if you want to sit down...','5');
INSERT INTO "PHOTO" ("RESTAURANT_ID","PICTURE_URL")VALUES('97764570','https://s3-media4.fl.yelpcdn.com/photo/ZT751fxvGZha7xL7RpNyWQ/o.jpg');
INSERT INTO "USER_REVIEW" ("RESTAURANT_ID","REVIEW_DATE","COMMENT","REVIEW_RATING")VALUES('97764570','2017-08-02 03:42:41','This place is close to where I work, and so I have ordered take-away for lunch from this place several times now. It''s a good Korean restaurant, slightly on...','4');
INSERT INTO "PHOTO" ("RESTAURANT_ID","PICTURE_URL")VALUES('97764570','https://s3-media1.fl.yelpcdn.com/photo/ToTju2zYCHa7hPAMdeK58w/o.jpg');
INSERT INTO "RESTAURANT_RATING" ("RESTAURANT_ID","SCALE","OVERALL_RATING","SOURCE")VALUES('97764570','5','4','Google Map');
INSERT INTO "USER_REVIEW" ("RESTAURANT_ID","REVIEW_DATE","COMMENT","REVIEW_RATING")VALUES('97764570','2018-01-13','One of the worker steals money to the tourists.
Be careful with the turkish guy with brown hair, when he gives you change. I gave 20 euros and he gave me back only 5 instead of 15. He did the same to my friend.','1');
INSERT INTO "USER_REVIEW" ("RESTAURANT_ID","REVIEW_DATE","COMMENT","REVIEW_RATING")VALUES('97764570','2017-10-20','Under average Döner kebab. Disgusting sauce. Will not go again. Nano falafel next door is much better but there is a crowd.','3');
INSERT INTO "USER_REVIEW" ("RESTAURANT_ID","REVIEW_DATE","COMMENT","REVIEW_RATING")VALUES('97764570','2017-10-10','We were pretty drunk but this was one of the best kebabs I''ve had.','5');
INSERT INTO "USER_REVIEW" ("RESTAURANT_ID","REVIEW_DATE","COMMENT","REVIEW_RATING")VALUES('97764570','2017-05-01','I''ve been here both times I''ve been to Berlin and it''s honestly the best kebab I''ve ever had. I try and recreate it back home but it''s never as good. Get chicken and beef Donner with the pinkish sauce. ','5');
INSERT INTO "USER_REVIEW" ("RESTAURANT_ID","REVIEW_DATE","COMMENT","REVIEW_RATING")VALUES('97764570','2017-04-10','So cheap for such high-quality food! You could definitely tell the ingredients were fresh. The staff was friendly and helpful, and the food was simply amazing. Would definitely recommend to anyone in the area!','5');
INSERT INTO "LOCATION" ("LOCATION_ID","LOCATION_TYPE","ADDRESS","LONGITUDE","LATITUDE")VALUES('33','R','Weserstr. 612047 BerlinGermany','13.4283','52.4881');
INSERT INTO "RESTAURANT" ("RESTAURANT_ID","PRICERANGE","PHONE_NUMBER","WEBSITE")VALUES('13403523','€€€','+49 1578 7513568','txokoa.de');
INSERT INTO "CUISINE" ("RESTAURANT_ID","CUISINE_TYPE")VALUES('13403523','Basque');
INSERT INTO "CUISINE" ("RESTAURANT_ID","CUISINE_TYPE")VALUES('13403523','Tapas Bars');
INSERT INTO "RESTAURANT_RATING" ("RESTAURANT_ID","SCALE","OVERALL_RATING","SOURCE")VALUES('13403523','5','4.5','Yelp');
INSERT INTO "RESTAURANT_FEATURE" ("RESTAURANT_ID","FEATURE_NAME","DESCRIPTION")VALUES('13403523','Takes Reservations','Yes');
INSERT INTO "RESTAURANT_FEATURE" ("RESTAURANT_ID","FEATURE_NAME","DESCRIPTION")VALUES('13403523','Delivery','No');
INSERT INTO "RESTAURANT_FEATURE" ("RESTAURANT_ID","FEATURE_NAME","DESCRIPTION")VALUES('13403523','Take-out','No');
INSERT INTO "RESTAURANT_FEATURE" ("RESTAURANT_ID","FEATURE_NAME","DESCRIPTION")VALUES('13403523','Accepted Cards','Debit');
INSERT INTO "RESTAURANT_FEATURE" ("RESTAURANT_ID","FEATURE_NAME","DESCRIPTION")VALUES('13403523','Good for Kids','No');
INSERT INTO "RESTAURANT_FEATURE" ("RESTAURANT_ID","FEATURE_NAME","DESCRIPTION")VALUES('13403523','Good for Groups','Yes');
INSERT INTO "RESTAURANT_FEATURE" ("RESTAURANT_ID","FEATURE_NAME","DESCRIPTION")VALUES('13403523','Attire','Casual');
INSERT INTO "RESTAURANT_FEATURE" ("RESTAURANT_ID","FEATURE_NAME","DESCRIPTION")VALUES('13403523','Ambience','Hipster');
INSERT INTO "RESTAURANT_FEATURE" ("RESTAURANT_ID","FEATURE_NAME","DESCRIPTION")VALUES('13403523','Noise Level','Quiet');
INSERT INTO "RESTAURANT_FEATURE" ("RESTAURANT_ID","FEATURE_NAME","DESCRIPTION")VALUES('13403523','Alcohol','Full Bar');
INSERT INTO "RESTAURANT_FEATURE" ("RESTAURANT_ID","FEATURE_NAME","DESCRIPTION")VALUES('13403523','Outdoor Seating','Yes');
INSERT INTO "RESTAURANT_FEATURE" ("RESTAURANT_ID","FEATURE_NAME","DESCRIPTION")VALUES('13403523','Has TV','No');
INSERT INTO "OPENING_HOUR" ("DAY","RESTAURANT_ID","OPENING_TIME","CLOSING_TIME")VALUES('Mon','13403523','6:00 pm','11:00 pm');
INSERT INTO "OPENING_HOUR" ("DAY","RESTAURANT_ID","OPENING_TIME","CLOSING_TIME")VALUES('Tue','13403523','6:00 pm','11:00 pm');
INSERT INTO "OPENING_HOUR" ("DAY","RESTAURANT_ID","OPENING_TIME","CLOSING_TIME")VALUES('Wed','13403523','6:00 pm','11:00 pm');
INSERT INTO "OPENING_HOUR" ("DAY","RESTAURANT_ID","OPENING_TIME","CLOSING_TIME")VALUES('Thu','13403523','6:00 pm','11:00 pm');
INSERT INTO "OPENING_HOUR" ("DAY","RESTAURANT_ID","OPENING_TIME","CLOSING_TIME")VALUES('Fri','13403523','6:00 pm','11:30 pm');
INSERT INTO "OPENING_HOUR" ("DAY","RESTAURANT_ID","OPENING_TIME","CLOSING_TIME")VALUES('Sat','13403523','6:00 pm','11:30 pm');
INSERT INTO "USER_REVIEW" ("RESTAURANT_ID","REVIEW_DATE","COMMENT","REVIEW_RATING")VALUES('13403523','2017-09-07 13:34:48','Go here!

It''s a little out of the way, but everything is creative and well executed. My only regret was that I was by myself and so couldn''t sample more...','5');
INSERT INTO "USER_REVIEW" ("RESTAURANT_ID","REVIEW_DATE","COMMENT","REVIEW_RATING")VALUES('13403523','2015-11-21 02:15:20','What a delightful place! Sampled the vegetarian truffle croquettes, the cod croquettes and the iberico croquettes and the truffle, unsurprisingly, came out...','4');
INSERT INTO "PHOTO" ("RESTAURANT_ID","PICTURE_URL")VALUES('13403523','https://s3-media2.fl.yelpcdn.com/photo/y50PAH0ONIGfjzjcUke99A/o.jpg');
INSERT INTO "USER_REVIEW" ("RESTAURANT_ID","REVIEW_DATE","COMMENT","REVIEW_RATING")VALUES('13403523','2016-04-27 13:39:37','The staff is used to explaining how to pronounce Txokoa. By now I''ve forgotten. Were I to live in Berlin I''d learn pretty quickly though, because I might...','5');
INSERT INTO "LOCATION" ("LOCATION_ID","LOCATION_TYPE","ADDRESS","LONGITUDE","LATITUDE")VALUES('34','R','Alte Schönhauser Str. 4610119 BerlinGermany','13.4077914974','52.5267279379');
INSERT INTO "RESTAURANT" ("RESTAURANT_ID","PRICERANGE","PHONE_NUMBER","WEBSITE")VALUES('7545964','€€','+49 30 99296924','monsieurvuong.de');
INSERT INTO "CUISINE" ("RESTAURANT_ID","CUISINE_TYPE")VALUES('7545964','Vietnamese');
INSERT INTO "RESTAURANT_RATING" ("RESTAURANT_ID","SCALE","OVERALL_RATING","SOURCE")VALUES('7545964','5','4.0','Yelp');
INSERT INTO "RESTAURANT_FEATURE" ("RESTAURANT_ID","FEATURE_NAME","DESCRIPTION")VALUES('7545964','Takes Reservations','No');
INSERT INTO "RESTAURANT_FEATURE" ("RESTAURANT_ID","FEATURE_NAME","DESCRIPTION")VALUES('7545964','Delivery','No');
INSERT INTO "RESTAURANT_FEATURE" ("RESTAURANT_ID","FEATURE_NAME","DESCRIPTION")VALUES('7545964','Take-out','Yes');
INSERT INTO "RESTAURANT_FEATURE" ("RESTAURANT_ID","FEATURE_NAME","DESCRIPTION")VALUES('7545964','Accepted Cards','Credit, Debit');
INSERT INTO "RESTAURANT_FEATURE" ("RESTAURANT_ID","FEATURE_NAME","DESCRIPTION")VALUES('7545964','Good For','Dinner');
INSERT INTO "RESTAURANT_FEATURE" ("RESTAURANT_ID","FEATURE_NAME","DESCRIPTION")VALUES('7545964','Parking','Street');
INSERT INTO "RESTAURANT_FEATURE" ("RESTAURANT_ID","FEATURE_NAME","DESCRIPTION")VALUES('7545964','Good for Kids','Yes');
INSERT INTO "RESTAURANT_FEATURE" ("RESTAURANT_ID","FEATURE_NAME","DESCRIPTION")VALUES('7545964','Good for Groups','Yes');
INSERT INTO "RESTAURANT_FEATURE" ("RESTAURANT_ID","FEATURE_NAME","DESCRIPTION")VALUES('7545964','Attire','Casual');
INSERT INTO "RESTAURANT_FEATURE" ("RESTAURANT_ID","FEATURE_NAME","DESCRIPTION")VALUES('7545964','Ambience','Trendy');
INSERT INTO "RESTAURANT_FEATURE" ("RESTAURANT_ID","FEATURE_NAME","DESCRIPTION")VALUES('7545964','Noise Level','Loud');
INSERT INTO "RESTAURANT_FEATURE" ("RESTAURANT_ID","FEATURE_NAME","DESCRIPTION")VALUES('7545964','Alcohol','Beer & Wine Only');
INSERT INTO "RESTAURANT_FEATURE" ("RESTAURANT_ID","FEATURE_NAME","DESCRIPTION")VALUES('7545964','Outdoor Seating','Yes');
INSERT INTO "RESTAURANT_FEATURE" ("RESTAURANT_ID","FEATURE_NAME","DESCRIPTION")VALUES('7545964','Wi-Fi','No');
INSERT INTO "RESTAURANT_FEATURE" ("RESTAURANT_ID","FEATURE_NAME","DESCRIPTION")VALUES('7545964','Has TV','No');
INSERT INTO "RESTAURANT_FEATURE" ("RESTAURANT_ID","FEATURE_NAME","DESCRIPTION")VALUES('7545964','Caters','Yes');
INSERT INTO "OPENING_HOUR" ("DAY","RESTAURANT_ID","OPENING_TIME","CLOSING_TIME")VALUES('Mon','7545964','12:00 pm','11:00 pm');
INSERT INTO "OPENING_HOUR" ("DAY","RESTAURANT_ID","OPENING_TIME","CLOSING_TIME")VALUES('Tue','7545964','12:00 pm','11:00 pm');
INSERT INTO "OPENING_HOUR" ("DAY","RESTAURANT_ID","OPENING_TIME","CLOSING_TIME")VALUES('Wed','7545964','12:00 pm','11:00 pm');
INSERT INTO "OPENING_HOUR" ("DAY","RESTAURANT_ID","OPENING_TIME","CLOSING_TIME")VALUES('Thu','7545964','12:00 pm','11:00 pm');
INSERT INTO "OPENING_HOUR" ("DAY","RESTAURANT_ID","OPENING_TIME","CLOSING_TIME")VALUES('Fri','7545964','12:00 pm','12:00 am');
INSERT INTO "OPENING_HOUR" ("DAY","RESTAURANT_ID","OPENING_TIME","CLOSING_TIME")VALUES('Sat','7545964','12:00 pm','12:00 am');
INSERT INTO "OPENING_HOUR" ("DAY","RESTAURANT_ID","OPENING_TIME","CLOSING_TIME")VALUES('Sun','7545964','Open now','12:00 am');
INSERT INTO "USER_REVIEW" ("RESTAURANT_ID","REVIEW_DATE","COMMENT","REVIEW_RATING")VALUES('7545964','2017-10-23 12:37:43','Very nice restaurant. It was quite busy when we came in, but after a 5 minute wait we were sat in a shared table with other people.

The food was very good,...','4');
INSERT INTO "USER_REVIEW" ("RESTAURANT_ID","REVIEW_DATE","COMMENT","REVIEW_RATING")VALUES('7545964','2018-01-03 01:16:09','Really disappointing to see one of my favorites spots in Berlin turned into an insufferable hype! 

Monsieur Vuong used to be my go to spot for no-frills...','1');
INSERT INTO "PHOTO" ("RESTAURANT_ID","PICTURE_URL")VALUES('7545964','https://s3-media1.fl.yelpcdn.com/photo/bfUppZlRBXf68ajV_Otxxg/o.jpg');
INSERT INTO "USER_REVIEW" ("RESTAURANT_ID","REVIEW_DATE","COMMENT","REVIEW_RATING")VALUES('7545964','2017-07-03 08:37:22','Disclaimer: this review contains the opinion of a Vietnamese-American with the appropriate ethnic palate. 

On behalf of this restaurant as someone who is...','1');
INSERT INTO "PHOTO" ("RESTAURANT_ID","PICTURE_URL")VALUES('7545964','https://s3-media3.fl.yelpcdn.com/photo/GoBVndS0nFDkxbyvCnKEhg/o.jpg');
INSERT INTO "LOCATION" ("LOCATION_ID","LOCATION_TYPE","ADDRESS","LONGITUDE","LATITUDE")VALUES('35','R','Bergstr. 2210115 BerlinGermany','13.3944925322','52.5316049569');
INSERT INTO "RESTAURANT" ("RESTAURANT_ID","PRICERANGE","PHONE_NUMBER","WEBSITE")VALUES('70988710','€€€','+49 30 983208430','katzorange.com');
INSERT INTO "CUISINE" ("RESTAURANT_ID","CUISINE_TYPE")VALUES('70988710','Bars');
INSERT INTO "CUISINE" ("RESTAURANT_ID","CUISINE_TYPE")VALUES('70988710','German');
INSERT INTO "RESTAURANT_RATING" ("RESTAURANT_ID","SCALE","OVERALL_RATING","SOURCE")VALUES('70988710','5','4.0','Yelp');
INSERT INTO "RESTAURANT_FEATURE" ("RESTAURANT_ID","FEATURE_NAME","DESCRIPTION")VALUES('70988710','Takes Reservations','Yes');
INSERT INTO "RESTAURANT_FEATURE" ("RESTAURANT_ID","FEATURE_NAME","DESCRIPTION")VALUES('70988710','Delivery','No');
INSERT INTO "RESTAURANT_FEATURE" ("RESTAURANT_ID","FEATURE_NAME","DESCRIPTION")VALUES('70988710','Take-out','No');
INSERT INTO "RESTAURANT_FEATURE" ("RESTAURANT_ID","FEATURE_NAME","DESCRIPTION")VALUES('70988710','Accepted Cards','Credit, Debit');
INSERT INTO "RESTAURANT_FEATURE" ("RESTAURANT_ID","FEATURE_NAME","DESCRIPTION")VALUES('70988710','Parking','Street');
INSERT INTO "RESTAURANT_FEATURE" ("RESTAURANT_ID","FEATURE_NAME","DESCRIPTION")VALUES('70988710','Good for Kids','No');
INSERT INTO "RESTAURANT_FEATURE" ("RESTAURANT_ID","FEATURE_NAME","DESCRIPTION")VALUES('70988710','Good for Groups','Yes');
INSERT INTO "RESTAURANT_FEATURE" ("RESTAURANT_ID","FEATURE_NAME","DESCRIPTION")VALUES('70988710','Attire','Casual');
INSERT INTO "RESTAURANT_FEATURE" ("RESTAURANT_ID","FEATURE_NAME","DESCRIPTION")VALUES('70988710','Ambience','Casual');
INSERT INTO "RESTAURANT_FEATURE" ("RESTAURANT_ID","FEATURE_NAME","DESCRIPTION")VALUES('70988710','Noise Level','Average');
INSERT INTO "RESTAURANT_FEATURE" ("RESTAURANT_ID","FEATURE_NAME","DESCRIPTION")VALUES('70988710','Good For Dancing','No');
INSERT INTO "RESTAURANT_FEATURE" ("RESTAURANT_ID","FEATURE_NAME","DESCRIPTION")VALUES('70988710','Alcohol','Full Bar');
INSERT INTO "RESTAURANT_FEATURE" ("RESTAURANT_ID","FEATURE_NAME","DESCRIPTION")VALUES('70988710','Outdoor Seating','Yes');
INSERT INTO "RESTAURANT_FEATURE" ("RESTAURANT_ID","FEATURE_NAME","DESCRIPTION")VALUES('70988710','Wi-Fi','Free');
INSERT INTO "RESTAURANT_FEATURE" ("RESTAURANT_ID","FEATURE_NAME","DESCRIPTION")VALUES('70988710','Has TV','No');
INSERT INTO "RESTAURANT_FEATURE" ("RESTAURANT_ID","FEATURE_NAME","DESCRIPTION")VALUES('70988710','Caters','Yes');
INSERT INTO "RESTAURANT_FEATURE" ("RESTAURANT_ID","FEATURE_NAME","DESCRIPTION")VALUES('70988710','Has Pool Table','Yes');
INSERT INTO "OPENING_HOUR" ("DAY","RESTAURANT_ID","OPENING_TIME","CLOSING_TIME")VALUES('Mon','70988710','6:00 pm','12:00 am');
INSERT INTO "OPENING_HOUR" ("DAY","RESTAURANT_ID","OPENING_TIME","CLOSING_TIME")VALUES('Tue','70988710','6:00 pm','12:00 am');
INSERT INTO "OPENING_HOUR" ("DAY","RESTAURANT_ID","OPENING_TIME","CLOSING_TIME")VALUES('Wed','70988710','6:00 pm','12:00 am');
INSERT INTO "OPENING_HOUR" ("DAY","RESTAURANT_ID","OPENING_TIME","CLOSING_TIME")VALUES('Thu','70988710','6:00 pm','12:00 am');
INSERT INTO "OPENING_HOUR" ("DAY","RESTAURANT_ID","OPENING_TIME","CLOSING_TIME")VALUES('Fri','70988710','6:00 pm','12:00 am');
INSERT INTO "OPENING_HOUR" ("DAY","RESTAURANT_ID","OPENING_TIME","CLOSING_TIME")VALUES('Sat','70988710','6:00 pm','12:00 am');
INSERT INTO "OPENING_HOUR" ("DAY","RESTAURANT_ID","OPENING_TIME","CLOSING_TIME")VALUES('Sun','70988710','Open now','12:00 am');
INSERT INTO "USER_REVIEW" ("RESTAURANT_ID","REVIEW_DATE","COMMENT","REVIEW_RATING")VALUES('70988710','2017-12-31 00:59:31','For our main dinner in Berlin, we made a reservation at Katz Orange. The entrance is inside a plaza of sorts - similar to what we had encountered at other...','5');
INSERT INTO "PHOTO" ("RESTAURANT_ID","PICTURE_URL")VALUES('70988710','https://s3-media2.fl.yelpcdn.com/photo/rK9-LG7-bcDIPZO4Ez3OIg/o.jpg');
INSERT INTO "USER_REVIEW" ("RESTAURANT_ID","REVIEW_DATE","COMMENT","REVIEW_RATING")VALUES('70988710','2017-10-10 22:15:48','I dropped on pretty late on a Saturday after the opera, expecting to be turned away for not having a reservation, but I was seated at the bar in less than 5...','5');
INSERT INTO "PHOTO" ("RESTAURANT_ID","PICTURE_URL")VALUES('70988710','https://s3-media1.fl.yelpcdn.com/photo/Y3H-wiLVmgcww7dCFkAj1A/o.jpg');
INSERT INTO "USER_REVIEW" ("RESTAURANT_ID","REVIEW_DATE","COMMENT","REVIEW_RATING")VALUES('70988710','2017-06-03 12:07:35','This is a must visit destination in Berlin, especially for those that enjoy great cocktails in addition to great food--all in a beautiful setting.

I''ve...','5');
INSERT INTO "PHOTO" ("RESTAURANT_ID","PICTURE_URL")VALUES('70988710','https://s3-media4.fl.yelpcdn.com/photo/0huLAxK7SdMquRk5BjlL7g/o.jpg');
INSERT INTO "LOCATION" ("LOCATION_ID","LOCATION_TYPE","ADDRESS","LONGITUDE","LATITUDE")VALUES('36','R','Rankestr. 3210789 BerlinGermany','13.33488','52.50322');
INSERT INTO "RESTAURANT" ("RESTAURANT_ID","PRICERANGE","PHONE_NUMBER","WEBSITE")VALUES('84962507','€€€','+49 30 2133952','restaurant-heising.de');
INSERT INTO "CUISINE" ("RESTAURANT_ID","CUISINE_TYPE")VALUES('84962507','French');
INSERT INTO "RESTAURANT_RATING" ("RESTAURANT_ID","SCALE","OVERALL_RATING","SOURCE")VALUES('84962507','5','4.5','Yelp');
INSERT INTO "RESTAURANT_FEATURE" ("RESTAURANT_ID","FEATURE_NAME","DESCRIPTION")VALUES('84962507','Takes Reservations','Yes');
INSERT INTO "RESTAURANT_FEATURE" ("RESTAURANT_ID","FEATURE_NAME","DESCRIPTION")VALUES('84962507','Delivery','No');
INSERT INTO "RESTAURANT_FEATURE" ("RESTAURANT_ID","FEATURE_NAME","DESCRIPTION")VALUES('84962507','Take-out','No');
INSERT INTO "RESTAURANT_FEATURE" ("RESTAURANT_ID","FEATURE_NAME","DESCRIPTION")VALUES('84962507','Accepted Cards','None');
INSERT INTO "RESTAURANT_FEATURE" ("RESTAURANT_ID","FEATURE_NAME","DESCRIPTION")VALUES('84962507','Good for Kids','No');
INSERT INTO "RESTAURANT_FEATURE" ("RESTAURANT_ID","FEATURE_NAME","DESCRIPTION")VALUES('84962507','Good for Groups','Yes');
INSERT INTO "RESTAURANT_FEATURE" ("RESTAURANT_ID","FEATURE_NAME","DESCRIPTION")VALUES('84962507','Attire','Dressy');
INSERT INTO "RESTAURANT_FEATURE" ("RESTAURANT_ID","FEATURE_NAME","DESCRIPTION")VALUES('84962507','Noise Level','Quiet');
INSERT INTO "RESTAURANT_FEATURE" ("RESTAURANT_ID","FEATURE_NAME","DESCRIPTION")VALUES('84962507','Alcohol','Beer & Wine Only');
INSERT INTO "RESTAURANT_FEATURE" ("RESTAURANT_ID","FEATURE_NAME","DESCRIPTION")VALUES('84962507','Outdoor Seating','No');
INSERT INTO "RESTAURANT_FEATURE" ("RESTAURANT_ID","FEATURE_NAME","DESCRIPTION")VALUES('84962507','Wi-Fi','No');
INSERT INTO "RESTAURANT_FEATURE" ("RESTAURANT_ID","FEATURE_NAME","DESCRIPTION")VALUES('84962507','Has TV','No');
INSERT INTO "RESTAURANT_FEATURE" ("RESTAURANT_ID","FEATURE_NAME","DESCRIPTION")VALUES('84962507','Caters','No');
INSERT INTO "OPENING_HOUR" ("DAY","RESTAURANT_ID","OPENING_TIME","CLOSING_TIME")VALUES('Mon','84962507','7:00 pm','1:00 am');
INSERT INTO "OPENING_HOUR" ("DAY","RESTAURANT_ID","OPENING_TIME","CLOSING_TIME")VALUES('Tue','84962507','7:00 pm','1:00 am');
INSERT INTO "OPENING_HOUR" ("DAY","RESTAURANT_ID","OPENING_TIME","CLOSING_TIME")VALUES('Wed','84962507','7:00 pm','1:00 am');
INSERT INTO "OPENING_HOUR" ("DAY","RESTAURANT_ID","OPENING_TIME","CLOSING_TIME")VALUES('Thu','84962507','7:00 pm','1:00 am');
INSERT INTO "OPENING_HOUR" ("DAY","RESTAURANT_ID","OPENING_TIME","CLOSING_TIME")VALUES('Fri','84962507','7:00 pm','1:00 am');
INSERT INTO "OPENING_HOUR" ("DAY","RESTAURANT_ID","OPENING_TIME","CLOSING_TIME")VALUES('Sat','84962507','7:00 pm','1:00 am');
INSERT INTO "OPENING_HOUR" ("DAY","RESTAURANT_ID","OPENING_TIME","CLOSING_TIME")VALUES('Sun','84962507','Open now','1:00 am');
INSERT INTO "USER_REVIEW" ("RESTAURANT_ID","REVIEW_DATE","COMMENT","REVIEW_RATING")VALUES('84962507','2014-09-20 12:08:34','The Heising! What can one say about it? The Heising is special, different, old style, a bit quirky, lovely, welcoming. It is also Traditional as traditional...','5');
INSERT INTO "PHOTO" ("RESTAURANT_ID","PICTURE_URL")VALUES('84962507','https://s3-media2.fl.yelpcdn.com/photo/fCHq1vkQPV5tKx4UBiAmsg/o.jpg');
INSERT INTO "USER_REVIEW" ("RESTAURANT_ID","REVIEW_DATE","COMMENT","REVIEW_RATING")VALUES('84962507','2018-01-09 11:01:58','Was coming at 19:45, door was closed, I was knocking but nobody did not open it ,although it was I few peoples inside','1');
INSERT INTO "PHOTO" ("RESTAURANT_ID","PICTURE_URL")VALUES('84962507','https://s3-media2.fl.yelpcdn.com/photo/IW_a-_sVf9l1nuEP0VOk8w/o.jpg');
INSERT INTO "USER_REVIEW" ("RESTAURANT_ID","REVIEW_DATE","COMMENT","REVIEW_RATING")VALUES('84962507','2015-08-07 10:37:52','it was closed when i reached here,waiting for so long.is it closed on Friday?
No food ,no notice,nothing left.
Maybe you can just make a announcement at the...','1');
INSERT INTO "PHOTO" ("RESTAURANT_ID","PICTURE_URL")VALUES('84962507','https://s3-media4.fl.yelpcdn.com/photo/iUZN0iI4AcVIsqBdXJ-3PQ/o.jpg');
INSERT INTO "LOCATION" ("LOCATION_ID","LOCATION_TYPE","ADDRESS","LONGITUDE","LATITUDE")VALUES('37','R','Taubenstr. 3010117 BerlinGermany','13.39408','52.51341');
INSERT INTO "RESTAURANT" ("RESTAURANT_ID","PRICERANGE","PHONE_NUMBER","WEBSITE")VALUES('2491111','€€€','+49 30 20453501','brasserieamgendarmenmarkt.de');
INSERT INTO "CUISINE" ("RESTAURANT_ID","CUISINE_TYPE")VALUES('2491111','Brasseries');
INSERT INTO "RESTAURANT_RATING" ("RESTAURANT_ID","SCALE","OVERALL_RATING","SOURCE")VALUES('2491111','5','4.0','Yelp');
INSERT INTO "RESTAURANT_FEATURE" ("RESTAURANT_ID","FEATURE_NAME","DESCRIPTION")VALUES('2491111','Takes Reservations','Yes');
INSERT INTO "RESTAURANT_FEATURE" ("RESTAURANT_ID","FEATURE_NAME","DESCRIPTION")VALUES('2491111','Delivery','Yes');
INSERT INTO "RESTAURANT_FEATURE" ("RESTAURANT_ID","FEATURE_NAME","DESCRIPTION")VALUES('2491111','Take-out','Yes');
INSERT INTO "RESTAURANT_FEATURE" ("RESTAURANT_ID","FEATURE_NAME","DESCRIPTION")VALUES('2491111','Accepted Cards','Credit, Debit');
INSERT INTO "RESTAURANT_FEATURE" ("RESTAURANT_ID","FEATURE_NAME","DESCRIPTION")VALUES('2491111','Good For','Dinner');
INSERT INTO "RESTAURANT_FEATURE" ("RESTAURANT_ID","FEATURE_NAME","DESCRIPTION")VALUES('2491111','Parking','Garage, Street');
INSERT INTO "RESTAURANT_FEATURE" ("RESTAURANT_ID","FEATURE_NAME","DESCRIPTION")VALUES('2491111','Good for Kids','Yes');
INSERT INTO "RESTAURANT_FEATURE" ("RESTAURANT_ID","FEATURE_NAME","DESCRIPTION")VALUES('2491111','Good for Groups','Yes');
INSERT INTO "RESTAURANT_FEATURE" ("RESTAURANT_ID","FEATURE_NAME","DESCRIPTION")VALUES('2491111','Attire','Dressy');
INSERT INTO "RESTAURANT_FEATURE" ("RESTAURANT_ID","FEATURE_NAME","DESCRIPTION")VALUES('2491111','Ambience','Romantic');
INSERT INTO "RESTAURANT_FEATURE" ("RESTAURANT_ID","FEATURE_NAME","DESCRIPTION")VALUES('2491111','Noise Level','Quiet');
INSERT INTO "RESTAURANT_FEATURE" ("RESTAURANT_ID","FEATURE_NAME","DESCRIPTION")VALUES('2491111','Alcohol','Beer & Wine Only');
INSERT INTO "RESTAURANT_FEATURE" ("RESTAURANT_ID","FEATURE_NAME","DESCRIPTION")VALUES('2491111','Outdoor Seating','Yes');
INSERT INTO "RESTAURANT_FEATURE" ("RESTAURANT_ID","FEATURE_NAME","DESCRIPTION")VALUES('2491111','Wi-Fi','Free');
INSERT INTO "RESTAURANT_FEATURE" ("RESTAURANT_ID","FEATURE_NAME","DESCRIPTION")VALUES('2491111','Has TV','No');
INSERT INTO "RESTAURANT_FEATURE" ("RESTAURANT_ID","FEATURE_NAME","DESCRIPTION")VALUES('2491111','Caters','Yes');
INSERT INTO "OPENING_HOUR" ("DAY","RESTAURANT_ID","OPENING_TIME","CLOSING_TIME")VALUES('Mon','2491111','11:30 am','12:00 am');
INSERT INTO "OPENING_HOUR" ("DAY","RESTAURANT_ID","OPENING_TIME","CLOSING_TIME")VALUES('Tue','2491111','11:30 am','12:00 am');
INSERT INTO "OPENING_HOUR" ("DAY","RESTAURANT_ID","OPENING_TIME","CLOSING_TIME")VALUES('Wed','2491111','11:30 am','12:00 am');
INSERT INTO "OPENING_HOUR" ("DAY","RESTAURANT_ID","OPENING_TIME","CLOSING_TIME")VALUES('Thu','2491111','11:30 am','12:00 am');
INSERT INTO "OPENING_HOUR" ("DAY","RESTAURANT_ID","OPENING_TIME","CLOSING_TIME")VALUES('Fri','2491111','11:30 am','12:00 am');
INSERT INTO "OPENING_HOUR" ("DAY","RESTAURANT_ID","OPENING_TIME","CLOSING_TIME")VALUES('Sat','2491111','11:30 am','12:00 am');
INSERT INTO "OPENING_HOUR" ("DAY","RESTAURANT_ID","OPENING_TIME","CLOSING_TIME")VALUES('Sun','2491111','Open now','12:00 am');
INSERT INTO "USER_REVIEW" ("RESTAURANT_ID","REVIEW_DATE","COMMENT","REVIEW_RATING")VALUES('2491111','2017-09-05 22:46:46','Definitely on the pricier side but well worth it given the level of service, ambiance, and food quality. There''s a front and back patio. 

We had the quail,...','5');
INSERT INTO "PHOTO" ("RESTAURANT_ID","PICTURE_URL")VALUES('2491111','https://s3-media4.fl.yelpcdn.com/photo/OPjZjiVtLUMtJoa5nZmszw/o.jpg');
INSERT INTO "USER_REVIEW" ("RESTAURANT_ID","REVIEW_DATE","COMMENT","REVIEW_RATING")VALUES('2491111','2016-06-22 14:20:44','So err my memory of this place is a little hazy - let''s just say I came here after a wine tasting event and leave it at that! What I do remember though is...','3');
INSERT INTO "PHOTO" ("RESTAURANT_ID","PICTURE_URL")VALUES('2491111','https://s3-media3.fl.yelpcdn.com/photo/rlpNlO95orapoLhs6OlNuQ/o.jpg');
INSERT INTO "USER_REVIEW" ("RESTAURANT_ID","REVIEW_DATE","COMMENT","REVIEW_RATING")VALUES('2491111','2016-05-08 10:28:57','Excellent food and excellent service!

I''ve been in Berlin for two days and until today I thought that restaurant employees here are operated agains good...','4');
INSERT INTO "PHOTO" ("RESTAURANT_ID","PICTURE_URL")VALUES('2491111','https://s3-media3.fl.yelpcdn.com/photo/DOUMJ92TYNFIUgExj_sf0g/o.jpg');
INSERT INTO "LOCATION" ("LOCATION_ID","LOCATION_TYPE","ADDRESS","LONGITUDE","LATITUDE")VALUES('38','R','Warschauer Str. 39 - 4010243 BerlinGermany','13.447984','52.504533');
INSERT INTO "RESTAURANT" ("RESTAURANT_ID","PRICERANGE","PHONE_NUMBER","WEBSITE")VALUES('46604280','€€','+49 30 2977859-0','michelbergerhotel.com/#/de/re…');
INSERT INTO "CUISINE" ("RESTAURANT_ID","CUISINE_TYPE")VALUES('46604280','Modern European');
INSERT INTO "RESTAURANT_RATING" ("RESTAURANT_ID","SCALE","OVERALL_RATING","SOURCE")VALUES('46604280','5','4.0','Yelp');
INSERT INTO "RESTAURANT_FEATURE" ("RESTAURANT_ID","FEATURE_NAME","DESCRIPTION")VALUES('46604280','Takes Reservations','Yes');
INSERT INTO "RESTAURANT_FEATURE" ("RESTAURANT_ID","FEATURE_NAME","DESCRIPTION")VALUES('46604280','Delivery','No');
INSERT INTO "RESTAURANT_FEATURE" ("RESTAURANT_ID","FEATURE_NAME","DESCRIPTION")VALUES('46604280','Take-out','No');
INSERT INTO "RESTAURANT_FEATURE" ("RESTAURANT_ID","FEATURE_NAME","DESCRIPTION")VALUES('46604280','Accepted Cards','Credit, Debit');
INSERT INTO "RESTAURANT_FEATURE" ("RESTAURANT_ID","FEATURE_NAME","DESCRIPTION")VALUES('46604280','Good For','Breakfast, Lunch, Dessert');
INSERT INTO "RESTAURANT_FEATURE" ("RESTAURANT_ID","FEATURE_NAME","DESCRIPTION")VALUES('46604280','Wheelchair Accessible','Yes');
INSERT INTO "RESTAURANT_FEATURE" ("RESTAURANT_ID","FEATURE_NAME","DESCRIPTION")VALUES('46604280','Good for Kids','No');
INSERT INTO "RESTAURANT_FEATURE" ("RESTAURANT_ID","FEATURE_NAME","DESCRIPTION")VALUES('46604280','Good for Groups','Yes');
INSERT INTO "RESTAURANT_FEATURE" ("RESTAURANT_ID","FEATURE_NAME","DESCRIPTION")VALUES('46604280','Attire','Casual');
INSERT INTO "RESTAURANT_FEATURE" ("RESTAURANT_ID","FEATURE_NAME","DESCRIPTION")VALUES('46604280','Ambience','Hipster');
INSERT INTO "RESTAURANT_FEATURE" ("RESTAURANT_ID","FEATURE_NAME","DESCRIPTION")VALUES('46604280','Noise Level','Loud');
INSERT INTO "RESTAURANT_FEATURE" ("RESTAURANT_ID","FEATURE_NAME","DESCRIPTION")VALUES('46604280','Alcohol','Full Bar');
INSERT INTO "RESTAURANT_FEATURE" ("RESTAURANT_ID","FEATURE_NAME","DESCRIPTION")VALUES('46604280','Outdoor Seating','Yes');
INSERT INTO "RESTAURANT_FEATURE" ("RESTAURANT_ID","FEATURE_NAME","DESCRIPTION")VALUES('46604280','Wi-Fi','Free');
INSERT INTO "RESTAURANT_FEATURE" ("RESTAURANT_ID","FEATURE_NAME","DESCRIPTION")VALUES('46604280','Has TV','No');
INSERT INTO "RESTAURANT_FEATURE" ("RESTAURANT_ID","FEATURE_NAME","DESCRIPTION")VALUES('46604280','Waiter Service','Yes');
INSERT INTO "RESTAURANT_FEATURE" ("RESTAURANT_ID","FEATURE_NAME","DESCRIPTION")VALUES('46604280','Caters','No');
INSERT INTO "OPENING_HOUR" ("DAY","RESTAURANT_ID","OPENING_TIME","CLOSING_TIME")VALUES('Mon','46604280','12:00 pm','2:30 pm');
INSERT INTO "OPENING_HOUR" ("DAY","RESTAURANT_ID","OPENING_TIME","CLOSING_TIME")VALUES('Tue','46604280','12:00 pm','2:30 pm');
INSERT INTO "OPENING_HOUR" ("DAY","RESTAURANT_ID","OPENING_TIME","CLOSING_TIME")VALUES('Wed','46604280','12:00 pm','2:30 pm');
INSERT INTO "OPENING_HOUR" ("DAY","RESTAURANT_ID","OPENING_TIME","CLOSING_TIME")VALUES('Thu','46604280','12:00 pm','2:30 pm');
INSERT INTO "OPENING_HOUR" ("DAY","RESTAURANT_ID","OPENING_TIME","CLOSING_TIME")VALUES('Fri','46604280','12:00 pm','2:30 pm');
INSERT INTO "OPENING_HOUR" ("DAY","RESTAURANT_ID","OPENING_TIME","CLOSING_TIME")VALUES('Sat','46604280','6:30 pm','11:00 pm');
INSERT INTO "USER_REVIEW" ("RESTAURANT_ID","REVIEW_DATE","COMMENT","REVIEW_RATING")VALUES('46604280','2017-09-14 20:50:53','Walking in you''re bathed in soft light, instantly relaxing. When we arrived on a Friday around 7p there was plenty of seating at the bar while the...','5');
INSERT INTO "PHOTO" ("RESTAURANT_ID","PICTURE_URL")VALUES('46604280','https://s3-media1.fl.yelpcdn.com/photo/nk-JhEnu5p1doApx4FbSBA/o.jpg');
INSERT INTO "USER_REVIEW" ("RESTAURANT_ID","REVIEW_DATE","COMMENT","REVIEW_RATING")VALUES('46604280','2017-07-09 02:02:55','I was here for lunch last week with colleagues. I must say that it is a swanky place to get lunch, but a little too expensive to be a daily thing.

Anyway,...','5');
INSERT INTO "PHOTO" ("RESTAURANT_ID","PICTURE_URL")VALUES('46604280','https://s3-media1.fl.yelpcdn.com/photo/ToTju2zYCHa7hPAMdeK58w/o.jpg');
INSERT INTO "USER_REVIEW" ("RESTAURANT_ID","REVIEW_DATE","COMMENT","REVIEW_RATING")VALUES('46604280','2017-07-08 17:51:33','I don''t often write reviews unless I feel strongly about a place. And I feel strongly about this place- it is a wonderful gem in Berlin. I was in town for a...','5');
INSERT INTO "PHOTO" ("RESTAURANT_ID","PICTURE_URL")VALUES('46604280','https://s3-media1.fl.yelpcdn.com/photo/L62VJYiPBroj6pNUw898wA/o.jpg');
INSERT INTO "LOCATION" ("LOCATION_ID","LOCATION_TYPE","ADDRESS","LONGITUDE","LATITUDE")VALUES('39','R','Bergmannstr. 9710961 BerlinGermany','13.39108','52.48965');
INSERT INTO "RESTAURANT" ("RESTAURANT_ID","PRICERANGE","PHONE_NUMBER","WEBSITE")VALUES('85303814','€€','+49 30 68325085','umami-restaurant.de');
INSERT INTO "CUISINE" ("RESTAURANT_ID","CUISINE_TYPE")VALUES('85303814','Pan Asian');
INSERT INTO "RESTAURANT_RATING" ("RESTAURANT_ID","SCALE","OVERALL_RATING","SOURCE")VALUES('85303814','5','4.5','Yelp');
INSERT INTO "RESTAURANT_FEATURE" ("RESTAURANT_ID","FEATURE_NAME","DESCRIPTION")VALUES('85303814','Takes Reservations','Yes');
INSERT INTO "RESTAURANT_FEATURE" ("RESTAURANT_ID","FEATURE_NAME","DESCRIPTION")VALUES('85303814','Delivery','No');
INSERT INTO "RESTAURANT_FEATURE" ("RESTAURANT_ID","FEATURE_NAME","DESCRIPTION")VALUES('85303814','Take-out','Yes');
INSERT INTO "RESTAURANT_FEATURE" ("RESTAURANT_ID","FEATURE_NAME","DESCRIPTION")VALUES('85303814','Accepted Cards','Credit, Debit');
INSERT INTO "RESTAURANT_FEATURE" ("RESTAURANT_ID","FEATURE_NAME","DESCRIPTION")VALUES('85303814','Good For','Lunch, Dinner');
INSERT INTO "RESTAURANT_FEATURE" ("RESTAURANT_ID","FEATURE_NAME","DESCRIPTION")VALUES('85303814','Good for Kids','Yes');
INSERT INTO "RESTAURANT_FEATURE" ("RESTAURANT_ID","FEATURE_NAME","DESCRIPTION")VALUES('85303814','Good for Groups','Yes');
INSERT INTO "RESTAURANT_FEATURE" ("RESTAURANT_ID","FEATURE_NAME","DESCRIPTION")VALUES('85303814','Attire','Casual');
INSERT INTO "RESTAURANT_FEATURE" ("RESTAURANT_ID","FEATURE_NAME","DESCRIPTION")VALUES('85303814','Ambience','Trendy');
INSERT INTO "RESTAURANT_FEATURE" ("RESTAURANT_ID","FEATURE_NAME","DESCRIPTION")VALUES('85303814','Noise Level','Loud');
INSERT INTO "RESTAURANT_FEATURE" ("RESTAURANT_ID","FEATURE_NAME","DESCRIPTION")VALUES('85303814','Alcohol','Full Bar');
INSERT INTO "RESTAURANT_FEATURE" ("RESTAURANT_ID","FEATURE_NAME","DESCRIPTION")VALUES('85303814','Outdoor Seating','Yes');
INSERT INTO "RESTAURANT_FEATURE" ("RESTAURANT_ID","FEATURE_NAME","DESCRIPTION")VALUES('85303814','Wi-Fi','No');
INSERT INTO "RESTAURANT_FEATURE" ("RESTAURANT_ID","FEATURE_NAME","DESCRIPTION")VALUES('85303814','Has TV','No');
INSERT INTO "RESTAURANT_FEATURE" ("RESTAURANT_ID","FEATURE_NAME","DESCRIPTION")VALUES('85303814','Waiter Service','Yes');
INSERT INTO "RESTAURANT_FEATURE" ("RESTAURANT_ID","FEATURE_NAME","DESCRIPTION")VALUES('85303814','Caters','No');
INSERT INTO "OPENING_HOUR" ("DAY","RESTAURANT_ID","OPENING_TIME","CLOSING_TIME")VALUES('Mon','85303814','12:00 pm','11:30 pm');
INSERT INTO "OPENING_HOUR" ("DAY","RESTAURANT_ID","OPENING_TIME","CLOSING_TIME")VALUES('Tue','85303814','12:00 pm','11:30 pm');
INSERT INTO "OPENING_HOUR" ("DAY","RESTAURANT_ID","OPENING_TIME","CLOSING_TIME")VALUES('Wed','85303814','12:00 pm','11:30 pm');
INSERT INTO "OPENING_HOUR" ("DAY","RESTAURANT_ID","OPENING_TIME","CLOSING_TIME")VALUES('Thu','85303814','12:00 pm','11:30 pm');
INSERT INTO "OPENING_HOUR" ("DAY","RESTAURANT_ID","OPENING_TIME","CLOSING_TIME")VALUES('Fri','85303814','12:00 pm','11:30 pm');
INSERT INTO "OPENING_HOUR" ("DAY","RESTAURANT_ID","OPENING_TIME","CLOSING_TIME")VALUES('Sat','85303814','12:00 pm','11:30 pm');
INSERT INTO "OPENING_HOUR" ("DAY","RESTAURANT_ID","OPENING_TIME","CLOSING_TIME")VALUES('Sun','85303814','Open now','11:30 pm');
INSERT INTO "USER_REVIEW" ("RESTAURANT_ID","REVIEW_DATE","COMMENT","REVIEW_RATING")VALUES('85303814','2017-09-01 14:53:00','1- Food: Good Food 
2- Tea: I am a tea person and they offer very exciting teas. I tried one with pickled lemon!
3- Service: Fast & Friendly
4- Environment:...','5');
INSERT INTO "USER_REVIEW" ("RESTAURANT_ID","REVIEW_DATE","COMMENT","REVIEW_RATING")VALUES('85303814','2017-10-17 10:29:53','One of my favorite meals in Berlin. Firstly, I love the decor. Everything about the restaurant was thought of in detail. The bathroom was BEAUTIFUL and made...','4');
INSERT INTO "PHOTO" ("RESTAURANT_ID","PICTURE_URL")VALUES('85303814','https://s3-media2.fl.yelpcdn.com/photo/2Dler5Sxko1RtbZzhwBiCA/o.jpg');
INSERT INTO "USER_REVIEW" ("RESTAURANT_ID","REVIEW_DATE","COMMENT","REVIEW_RATING")VALUES('85303814','2017-11-20 07:27:49','Great food. Good service. Super cozy atmosphere and very reasonable prices. Best Vietnamese food I''ve had. I would comeback here daily if I was residing in...','5');
INSERT INTO "PHOTO" ("RESTAURANT_ID","PICTURE_URL")VALUES('85303814','https://s3-media4.fl.yelpcdn.com/photo/z9P6lQm3_1DQYq4YPWpgYg/o.jpg');
INSERT INTO "LOCATION" ("LOCATION_ID","LOCATION_TYPE","ADDRESS","LONGITUDE","LATITUDE")VALUES('40','R','Zimmerstr. 2610969 BerlinGermany','13.39316','52.50773');
INSERT INTO "LOCATION" ("LOCATION_ID","LOCATION_TYPE","ADDRESS","LONGITUDE","LATITUDE")VALUES('42','R','Mehringdamm 6410961 BerlinGermany','13.3864249259','52.4907165728');
INSERT INTO "RESTAURANT" ("RESTAURANT_ID","PRICERANGE","PHONE_NUMBER","WEBSITE")VALUES('15144442','€€','+49 30 81494329','cocoro.de');
INSERT INTO "CUISINE" ("RESTAURANT_ID","CUISINE_TYPE")VALUES('15144442','Japanese');
INSERT INTO "RESTAURANT_RATING" ("RESTAURANT_ID","SCALE","OVERALL_RATING","SOURCE")VALUES('15144442','5','4.0','Yelp');
INSERT INTO "RESTAURANT_FEATURE" ("RESTAURANT_ID","FEATURE_NAME","DESCRIPTION")VALUES('15144442','Takes Reservations','Yes');
INSERT INTO "RESTAURANT_FEATURE" ("RESTAURANT_ID","FEATURE_NAME","DESCRIPTION")VALUES('15144442','Delivery','No');
INSERT INTO "RESTAURANT_FEATURE" ("RESTAURANT_ID","FEATURE_NAME","DESCRIPTION")VALUES('15144442','Take-out','Yes');
INSERT INTO "RESTAURANT_FEATURE" ("RESTAURANT_ID","FEATURE_NAME","DESCRIPTION")VALUES('15144442','Accepted Cards','Debit');
INSERT INTO "RESTAURANT_FEATURE" ("RESTAURANT_ID","FEATURE_NAME","DESCRIPTION")VALUES('15144442','Accepts Bitcoin','No');
INSERT INTO "RESTAURANT_FEATURE" ("RESTAURANT_ID","FEATURE_NAME","DESCRIPTION")VALUES('15144442','Good For','Lunch');
INSERT INTO "RESTAURANT_FEATURE" ("RESTAURANT_ID","FEATURE_NAME","DESCRIPTION")VALUES('15144442','Parking','Street');
INSERT INTO "RESTAURANT_FEATURE" ("RESTAURANT_ID","FEATURE_NAME","DESCRIPTION")VALUES('15144442','Good for Kids','Yes');
INSERT INTO "RESTAURANT_FEATURE" ("RESTAURANT_ID","FEATURE_NAME","DESCRIPTION")VALUES('15144442','Good for Groups','No');
INSERT INTO "RESTAURANT_FEATURE" ("RESTAURANT_ID","FEATURE_NAME","DESCRIPTION")VALUES('15144442','Attire','Casual');
INSERT INTO "RESTAURANT_FEATURE" ("RESTAURANT_ID","FEATURE_NAME","DESCRIPTION")VALUES('15144442','Noise Level','Quiet');
INSERT INTO "RESTAURANT_FEATURE" ("RESTAURANT_ID","FEATURE_NAME","DESCRIPTION")VALUES('15144442','Alcohol','Beer & Wine Only');
INSERT INTO "RESTAURANT_FEATURE" ("RESTAURANT_ID","FEATURE_NAME","DESCRIPTION")VALUES('15144442','Outdoor Seating','Yes');
INSERT INTO "RESTAURANT_FEATURE" ("RESTAURANT_ID","FEATURE_NAME","DESCRIPTION")VALUES('15144442','Wi-Fi','No');
INSERT INTO "RESTAURANT_FEATURE" ("RESTAURANT_ID","FEATURE_NAME","DESCRIPTION")VALUES('15144442','Has TV','No');
INSERT INTO "RESTAURANT_FEATURE" ("RESTAURANT_ID","FEATURE_NAME","DESCRIPTION")VALUES('15144442','Caters','Yes');
INSERT INTO "OPENING_HOUR" ("DAY","RESTAURANT_ID","OPENING_TIME","CLOSING_TIME")VALUES('Mon','15144442','11:00 am','10:00 pm');
INSERT INTO "OPENING_HOUR" ("DAY","RESTAURANT_ID","OPENING_TIME","CLOSING_TIME")VALUES('Tue','15144442','11:00 am','10:00 pm');
INSERT INTO "OPENING_HOUR" ("DAY","RESTAURANT_ID","OPENING_TIME","CLOSING_TIME")VALUES('Wed','15144442','11:00 am','10:00 pm');
INSERT INTO "OPENING_HOUR" ("DAY","RESTAURANT_ID","OPENING_TIME","CLOSING_TIME")VALUES('Thu','15144442','11:00 am','10:00 pm');
INSERT INTO "OPENING_HOUR" ("DAY","RESTAURANT_ID","OPENING_TIME","CLOSING_TIME")VALUES('Fri','15144442','11:00 am','10:00 pm');
INSERT INTO "OPENING_HOUR" ("DAY","RESTAURANT_ID","OPENING_TIME","CLOSING_TIME")VALUES('Sat','15144442','11:00 am','10:00 pm');
INSERT INTO "OPENING_HOUR" ("DAY","RESTAURANT_ID","OPENING_TIME","CLOSING_TIME")VALUES('Sun','15144442','Open now','10:00 pm');
INSERT INTO "USER_REVIEW" ("RESTAURANT_ID","REVIEW_DATE","COMMENT","REVIEW_RATING")VALUES('15144442','2016-11-16 12:25:09','On my food journey through Berlin was this one of the stops I enjoyed more than others. 

This place is a rather small restaurant with smaller portions but...','4');
INSERT INTO "PHOTO" ("RESTAURANT_ID","PICTURE_URL")VALUES('15144442','https://s3-media2.fl.yelpcdn.com/photo/0sz0PfgH1WWMqoPyQORlBQ/o.jpg');
INSERT INTO "USER_REVIEW" ("RESTAURANT_ID","REVIEW_DATE","COMMENT","REVIEW_RATING")VALUES('15144442','2017-10-13 12:29:37','Felt like I am at home not in Germany. A cozy nice place to enjoy Japanese food. Waitress is very friendly and lovely. Store is bright and well organized. I...','5');
INSERT INTO "USER_REVIEW" ("RESTAURANT_ID","REVIEW_DATE","COMMENT","REVIEW_RATING")VALUES('15144442','2016-04-09 03:22:21','Two of us tried out Cocoro for lunch the other day, and it was absolutely delicious. 
We had Gyu don(beef bowl €9.5) and Sake don(salmon bowl €10.5) with a...','5');
INSERT INTO "PHOTO" ("RESTAURANT_ID","PICTURE_URL")VALUES('15144442','https://s3-media4.fl.yelpcdn.com/photo/F7GZaaxfgWCY8L0WUEB0NA/o.jpg');
INSERT INTO "LOCATION" ("LOCATION_ID","LOCATION_TYPE","ADDRESS","LONGITUDE","LATITUDE")VALUES('43','R','Lützowstr. 2210785 BerlinGermany','13.36659','52.50304');
INSERT INTO "RESTAURANT" ("RESTAURANT_ID","PRICERANGE","PHONE_NUMBER","WEBSITE")VALUES('28492236','€€','+49 30 68070943','maultaschen-manufaktur.de');
INSERT INTO "CUISINE" ("RESTAURANT_ID","CUISINE_TYPE")VALUES('28492236','German');
INSERT INTO "CUISINE" ("RESTAURANT_ID","CUISINE_TYPE")VALUES('28492236','Swabian');
INSERT INTO "RESTAURANT_RATING" ("RESTAURANT_ID","SCALE","OVERALL_RATING","SOURCE")VALUES('28492236','5','4.5','Yelp');
INSERT INTO "RESTAURANT_FEATURE" ("RESTAURANT_ID","FEATURE_NAME","DESCRIPTION")VALUES('28492236','Takes Reservations','Yes');
INSERT INTO "RESTAURANT_FEATURE" ("RESTAURANT_ID","FEATURE_NAME","DESCRIPTION")VALUES('28492236','Delivery','No');
INSERT INTO "RESTAURANT_FEATURE" ("RESTAURANT_ID","FEATURE_NAME","DESCRIPTION")VALUES('28492236','Take-out','Yes');
INSERT INTO "RESTAURANT_FEATURE" ("RESTAURANT_ID","FEATURE_NAME","DESCRIPTION")VALUES('28492236','Accepted Cards','Credit, Debit');
INSERT INTO "RESTAURANT_FEATURE" ("RESTAURANT_ID","FEATURE_NAME","DESCRIPTION")VALUES('28492236','Accepts Bitcoin','No');
INSERT INTO "RESTAURANT_FEATURE" ("RESTAURANT_ID","FEATURE_NAME","DESCRIPTION")VALUES('28492236','Good For','Dinner');
INSERT INTO "RESTAURANT_FEATURE" ("RESTAURANT_ID","FEATURE_NAME","DESCRIPTION")VALUES('28492236','Parking','Street');
INSERT INTO "RESTAURANT_FEATURE" ("RESTAURANT_ID","FEATURE_NAME","DESCRIPTION")VALUES('28492236','Good for Kids','No');
INSERT INTO "RESTAURANT_FEATURE" ("RESTAURANT_ID","FEATURE_NAME","DESCRIPTION")VALUES('28492236','Good for Groups','Yes');
INSERT INTO "RESTAURANT_FEATURE" ("RESTAURANT_ID","FEATURE_NAME","DESCRIPTION")VALUES('28492236','Attire','Casual');
INSERT INTO "RESTAURANT_FEATURE" ("RESTAURANT_ID","FEATURE_NAME","DESCRIPTION")VALUES('28492236','Noise Level','Average');
INSERT INTO "RESTAURANT_FEATURE" ("RESTAURANT_ID","FEATURE_NAME","DESCRIPTION")VALUES('28492236','Alcohol','Full Bar');
INSERT INTO "RESTAURANT_FEATURE" ("RESTAURANT_ID","FEATURE_NAME","DESCRIPTION")VALUES('28492236','Outdoor Seating','Yes');
INSERT INTO "RESTAURANT_FEATURE" ("RESTAURANT_ID","FEATURE_NAME","DESCRIPTION")VALUES('28492236','Wi-Fi','Free');
INSERT INTO "RESTAURANT_FEATURE" ("RESTAURANT_ID","FEATURE_NAME","DESCRIPTION")VALUES('28492236','Has TV','No');
INSERT INTO "RESTAURANT_FEATURE" ("RESTAURANT_ID","FEATURE_NAME","DESCRIPTION")VALUES('28492236','Caters','No');
INSERT INTO "OPENING_HOUR" ("DAY","RESTAURANT_ID","OPENING_TIME","CLOSING_TIME")VALUES('Mon','28492236','12:00 pm','11:00 pm');
INSERT INTO "OPENING_HOUR" ("DAY","RESTAURANT_ID","OPENING_TIME","CLOSING_TIME")VALUES('Tue','28492236','12:00 pm','11:00 pm');
INSERT INTO "OPENING_HOUR" ("DAY","RESTAURANT_ID","OPENING_TIME","CLOSING_TIME")VALUES('Wed','28492236','12:00 pm','11:00 pm');
INSERT INTO "OPENING_HOUR" ("DAY","RESTAURANT_ID","OPENING_TIME","CLOSING_TIME")VALUES('Thu','28492236','12:00 pm','11:00 pm');
INSERT INTO "OPENING_HOUR" ("DAY","RESTAURANT_ID","OPENING_TIME","CLOSING_TIME")VALUES('Fri','28492236','12:00 pm','11:00 pm');
INSERT INTO "OPENING_HOUR" ("DAY","RESTAURANT_ID","OPENING_TIME","CLOSING_TIME")VALUES('Sat','28492236','2:00 pm','12:00 am');
INSERT INTO "USER_REVIEW" ("RESTAURANT_ID","REVIEW_DATE","COMMENT","REVIEW_RATING")VALUES('28492236','2016-12-02 07:54:46','They speak English here! Maultaschen, or meat dumplings, is a traditional dish from the Region of Baden-Württemberg, in the South of Germany. All dishes are...','5');
INSERT INTO "PHOTO" ("RESTAURANT_ID","PICTURE_URL")VALUES('28492236','https://s3-media3.fl.yelpcdn.com/photo/NXYP9_zOdZnnHkQ6ppDqhA/o.jpg');
INSERT INTO "USER_REVIEW" ("RESTAURANT_ID","REVIEW_DATE","COMMENT","REVIEW_RATING")VALUES('28492236','2017-08-14 13:15:11','Really enjoyed this place. Unfortunately it was pretty late by the time we got seated, so I wish I ordered more food! Friendly service and as you''d expect...','4');
INSERT INTO "USER_REVIEW" ("RESTAURANT_ID","REVIEW_DATE","COMMENT","REVIEW_RATING")VALUES('28492236','2015-07-05 04:33:03','I met a friend for dinner here last Thursday. We made a reservation over the phone, which was quite painless. Thursday evening came, it was hot, and so we...','4');
INSERT INTO "PHOTO" ("RESTAURANT_ID","PICTURE_URL")VALUES('28492236','https://s3-media1.fl.yelpcdn.com/photo/ToTju2zYCHa7hPAMdeK58w/o.jpg');
INSERT INTO "RESTAURANT_RATING" ("RESTAURANT_ID","SCALE","OVERALL_RATING","SOURCE")VALUES('28492236','5','4.5','Google Map');
INSERT INTO "USER_REVIEW" ("RESTAURANT_ID","REVIEW_DATE","COMMENT","REVIEW_RATING")VALUES('28492236','2017-08-14','Best Maultaschen in Berlin by far.
Restaurant has an English menu on request.
Good and friendly service. Local crowd. ','4');
INSERT INTO "USER_REVIEW" ("RESTAURANT_ID","REVIEW_DATE","COMMENT","REVIEW_RATING")VALUES('28492236','2017-09-28','great vegetarian options. quick and friendly service. prices are average','5');
INSERT INTO "USER_REVIEW" ("RESTAURANT_ID","REVIEW_DATE","COMMENT","REVIEW_RATING")VALUES('28492236','2017-04-03','If you want to eat something really topical from Germany this is the place. They have good beer from draft. But just for lunch or dinner ... Then is better to move somewhere else to have fun. Close to it you will find different places ','3');
INSERT INTO "USER_REVIEW" ("RESTAURANT_ID","REVIEW_DATE","COMMENT","REVIEW_RATING")VALUES('28492236','2017-07-04','very kindly people, great food... I really enjoyed it. definitely want to come back this place when I''m in Berlin.','5');
INSERT INTO "USER_REVIEW" ("RESTAURANT_ID","REVIEW_DATE","COMMENT","REVIEW_RATING")VALUES('28492236','2017-12-21','Very authentic food and you can''t go wrong with anything you choose to eat or drink.','5');
INSERT INTO "LOCATION" ("LOCATION_ID","LOCATION_TYPE","ADDRESS","LONGITUDE","LATITUDE")VALUES('44','R','Lausitzer Platz 610997 BerlinGermany','13.429987996','52.4997663617');
INSERT INTO "RESTAURANT" ("RESTAURANT_ID","PRICERANGE","PHONE_NUMBER","WEBSITE")VALUES('63073850','€','+49 30 6126330','None');
INSERT INTO "CUISINE" ("RESTAURANT_ID","CUISINE_TYPE")VALUES('63073850','Moroccan');
INSERT INTO "CUISINE" ("RESTAURANT_ID","CUISINE_TYPE")VALUES('63073850','Oriental');
INSERT INTO "RESTAURANT_RATING" ("RESTAURANT_ID","SCALE","OVERALL_RATING","SOURCE")VALUES('63073850','5','4.0','Yelp');
INSERT INTO "RESTAURANT_FEATURE" ("RESTAURANT_ID","FEATURE_NAME","DESCRIPTION")VALUES('63073850','Takes Reservations','Yes');
INSERT INTO "RESTAURANT_FEATURE" ("RESTAURANT_ID","FEATURE_NAME","DESCRIPTION")VALUES('63073850','Delivery','No');
INSERT INTO "RESTAURANT_FEATURE" ("RESTAURANT_ID","FEATURE_NAME","DESCRIPTION")VALUES('63073850','Take-out','Yes');
INSERT INTO "RESTAURANT_FEATURE" ("RESTAURANT_ID","FEATURE_NAME","DESCRIPTION")VALUES('63073850','Good For','Dinner');
INSERT INTO "RESTAURANT_FEATURE" ("RESTAURANT_ID","FEATURE_NAME","DESCRIPTION")VALUES('63073850','Parking','Street');
INSERT INTO "RESTAURANT_FEATURE" ("RESTAURANT_ID","FEATURE_NAME","DESCRIPTION")VALUES('63073850','Good for Kids','Yes');
INSERT INTO "RESTAURANT_FEATURE" ("RESTAURANT_ID","FEATURE_NAME","DESCRIPTION")VALUES('63073850','Good for Groups','Yes');
INSERT INTO "RESTAURANT_FEATURE" ("RESTAURANT_ID","FEATURE_NAME","DESCRIPTION")VALUES('63073850','Attire','Casual');
INSERT INTO "RESTAURANT_FEATURE" ("RESTAURANT_ID","FEATURE_NAME","DESCRIPTION")VALUES('63073850','Ambience','Casual');
INSERT INTO "RESTAURANT_FEATURE" ("RESTAURANT_ID","FEATURE_NAME","DESCRIPTION")VALUES('63073850','Noise Level','Average');
INSERT INTO "RESTAURANT_FEATURE" ("RESTAURANT_ID","FEATURE_NAME","DESCRIPTION")VALUES('63073850','Alcohol','No');
INSERT INTO "RESTAURANT_FEATURE" ("RESTAURANT_ID","FEATURE_NAME","DESCRIPTION")VALUES('63073850','Outdoor Seating','Yes');
INSERT INTO "RESTAURANT_FEATURE" ("RESTAURANT_ID","FEATURE_NAME","DESCRIPTION")VALUES('63073850','Wi-Fi','No');
INSERT INTO "RESTAURANT_FEATURE" ("RESTAURANT_ID","FEATURE_NAME","DESCRIPTION")VALUES('63073850','Has TV','No');
INSERT INTO "RESTAURANT_FEATURE" ("RESTAURANT_ID","FEATURE_NAME","DESCRIPTION")VALUES('63073850','Caters','Yes');
INSERT INTO "OPENING_HOUR" ("DAY","RESTAURANT_ID","OPENING_TIME","CLOSING_TIME")VALUES('Mon','63073850','11:00 am','12:00 am');
INSERT INTO "OPENING_HOUR" ("DAY","RESTAURANT_ID","OPENING_TIME","CLOSING_TIME")VALUES('Tue','63073850','11:00 am','12:00 am');
INSERT INTO "OPENING_HOUR" ("DAY","RESTAURANT_ID","OPENING_TIME","CLOSING_TIME")VALUES('Wed','63073850','11:00 am','12:00 am');
INSERT INTO "OPENING_HOUR" ("DAY","RESTAURANT_ID","OPENING_TIME","CLOSING_TIME")VALUES('Thu','63073850','11:00 am','12:00 am');
INSERT INTO "OPENING_HOUR" ("DAY","RESTAURANT_ID","OPENING_TIME","CLOSING_TIME")VALUES('Fri','63073850','11:00 am','1:00 am');
INSERT INTO "OPENING_HOUR" ("DAY","RESTAURANT_ID","OPENING_TIME","CLOSING_TIME")VALUES('Sat','63073850','11:00 am','1:00 am');
INSERT INTO "OPENING_HOUR" ("DAY","RESTAURANT_ID","OPENING_TIME","CLOSING_TIME")VALUES('Sun','63073850','Open now','12:00 am');
INSERT INTO "USER_REVIEW" ("RESTAURANT_ID","REVIEW_DATE","COMMENT","REVIEW_RATING")VALUES('63073850','2017-11-01 11:28:19','When I am in the area I love coming here. The restaurant itself is very cozy, the staff is friendly and more importantly - the food is always delicious!','5');
INSERT INTO "PHOTO" ("RESTAURANT_ID","PICTURE_URL")VALUES('63073850','https://s3-media2.fl.yelpcdn.com/photo/oYAHET3Vq43hCCX04dpZDw/o.jpg');
INSERT INTO "USER_REVIEW" ("RESTAURANT_ID","REVIEW_DATE","COMMENT","REVIEW_RATING")VALUES('63073850','2017-04-28 04:29:22','I went at 11 and they were out of doner so I had the kofta plate. Kofta was okay, the portions are generous, the service is excellent, and the cups of hot...','4');
INSERT INTO "PHOTO" ("RESTAURANT_ID","PICTURE_URL")VALUES('63073850','https://s3-media4.fl.yelpcdn.com/photo/K-IFWsukZccjwrkwYR_ATA/o.jpg');
INSERT INTO "USER_REVIEW" ("RESTAURANT_ID","REVIEW_DATE","COMMENT","REVIEW_RATING")VALUES('63073850','2017-05-05 12:46:48','Wanted to try the legendary falafel in Berlin which along with Pretzels and sausages it''s one of the best foods the city has to offer. After so many choices...','4');
INSERT INTO "PHOTO" ("RESTAURANT_ID","PICTURE_URL")VALUES('63073850','https://s3-media1.fl.yelpcdn.com/photo/LjdFr6pS85dTNwGfAwMEvw/o.jpg');
INSERT INTO "RESTAURANT_RATING" ("RESTAURANT_ID","SCALE","OVERALL_RATING","SOURCE")VALUES('63073850','5','4.3','Google Map');
INSERT INTO "USER_REVIEW" ("RESTAURANT_ID","REVIEW_DATE","COMMENT","REVIEW_RATING")VALUES('63073850','2017-12-16','This place is a bit far from the main attractions. However, their food is Very delicious. The staff was Very charm, helpful and attentive. The Decor is nice but outdated.if it’s refurbished it will become ambience. The Prices are good comparing of what you get.','5');
INSERT INTO "USER_REVIEW" ("RESTAURANT_ID","REVIEW_DATE","COMMENT","REVIEW_RATING")VALUES('63073850','2017-12-27','Very original Morocco taste. Nice spacious comfortable seats,suitable for big groups and families too.friendly staff,good efficient service. Mint tea and Tajine recommended.vegetarian friendly.reasonable price','5');
INSERT INTO "USER_REVIEW" ("RESTAURANT_ID","REVIEW_DATE","COMMENT","REVIEW_RATING")VALUES('63073850','2018-01-06','Since moving nearby I have been a regular visitor here and am consistently impressed by the quality:price ratio and you''ll certainly never leave hungry. I particularly recommend the Mezze plates for two or more people with a variety of dishes to sample. There are also many North African and Middle Eastern speciality plates done well. I''m not a big fan of the Durum''s they are just average, as with so many kebab joints in Berlin but they certainly aren''t bad.

Drinkers will be a little disappointed due to the lack of alcohol but it never hurts to detox occasionally. The old school, cheesy Middle Eastern decoration has a certain charm and there is also one room where you can kick off your shoes and sit on the floor at low tables.

There are also a number of outdoor tables for warmer days. The service is unfailingly great with all of the waiting staff seemingly able to speak English as well as German and quick arrival of food and drinks is ensured no matter how busy they are and it does get busy pretty much every night.','4');
INSERT INTO "USER_REVIEW" ("RESTAURANT_ID","REVIEW_DATE","COMMENT","REVIEW_RATING")VALUES('63073850','2017-12-09','Friendly and nice staff, I always enjoy the food there. The couscous dishes are quite good. One of my favorite places in Berlin.','5');
INSERT INTO "USER_REVIEW" ("RESTAURANT_ID","REVIEW_DATE","COMMENT","REVIEW_RATING")VALUES('63073850','2018-01-01','3.8 Points. Diversified good arabic food. Friendly staff and quite clean and comfy restaurant.','4');
INSERT INTO "LOCATION" ("LOCATION_ID","LOCATION_TYPE","ADDRESS","LONGITUDE","LATITUDE")VALUES('45','R','Lützowplatz 5a10785 BerlinGermany','13.353667','52.504809');
INSERT INTO "RESTAURANT" ("RESTAURANT_ID","PRICERANGE","PHONE_NUMBER","WEBSITE")VALUES('25800505','€€','+49 30 26557987','ristorante-tradinoi.de');
INSERT INTO "CUISINE" ("RESTAURANT_ID","CUISINE_TYPE")VALUES('25800505','Italian');
INSERT INTO "RESTAURANT_RATING" ("RESTAURANT_ID","SCALE","OVERALL_RATING","SOURCE")VALUES('25800505','5','4.5','Yelp');
INSERT INTO "RESTAURANT_FEATURE" ("RESTAURANT_ID","FEATURE_NAME","DESCRIPTION")VALUES('25800505','Takes Reservations','Yes');
INSERT INTO "RESTAURANT_FEATURE" ("RESTAURANT_ID","FEATURE_NAME","DESCRIPTION")VALUES('25800505','Delivery','No');
INSERT INTO "RESTAURANT_FEATURE" ("RESTAURANT_ID","FEATURE_NAME","DESCRIPTION")VALUES('25800505','Take-out','Yes');
INSERT INTO "RESTAURANT_FEATURE" ("RESTAURANT_ID","FEATURE_NAME","DESCRIPTION")VALUES('25800505','Accepted Cards','Credit, Debit');
INSERT INTO "RESTAURANT_FEATURE" ("RESTAURANT_ID","FEATURE_NAME","DESCRIPTION")VALUES('25800505','Good For','Dessert');
INSERT INTO "RESTAURANT_FEATURE" ("RESTAURANT_ID","FEATURE_NAME","DESCRIPTION")VALUES('25800505','Good for Kids','Yes');
INSERT INTO "RESTAURANT_FEATURE" ("RESTAURANT_ID","FEATURE_NAME","DESCRIPTION")VALUES('25800505','Good for Groups','Yes');
INSERT INTO "RESTAURANT_FEATURE" ("RESTAURANT_ID","FEATURE_NAME","DESCRIPTION")VALUES('25800505','Attire','Casual');
INSERT INTO "RESTAURANT_FEATURE" ("RESTAURANT_ID","FEATURE_NAME","DESCRIPTION")VALUES('25800505','Noise Level','Average');
INSERT INTO "RESTAURANT_FEATURE" ("RESTAURANT_ID","FEATURE_NAME","DESCRIPTION")VALUES('25800505','Alcohol','Full Bar');
INSERT INTO "RESTAURANT_FEATURE" ("RESTAURANT_ID","FEATURE_NAME","DESCRIPTION")VALUES('25800505','Outdoor Seating','Yes');
INSERT INTO "RESTAURANT_FEATURE" ("RESTAURANT_ID","FEATURE_NAME","DESCRIPTION")VALUES('25800505','Wi-Fi','No');
INSERT INTO "RESTAURANT_FEATURE" ("RESTAURANT_ID","FEATURE_NAME","DESCRIPTION")VALUES('25800505','Has TV','No');
INSERT INTO "RESTAURANT_FEATURE" ("RESTAURANT_ID","FEATURE_NAME","DESCRIPTION")VALUES('25800505','Waiter Service','Yes');
INSERT INTO "RESTAURANT_FEATURE" ("RESTAURANT_ID","FEATURE_NAME","DESCRIPTION")VALUES('25800505','Caters','Yes');
INSERT INTO "OPENING_HOUR" ("DAY","RESTAURANT_ID","OPENING_TIME","CLOSING_TIME")VALUES('Mon','25800505','12:00 pm','12:00 am');
INSERT INTO "OPENING_HOUR" ("DAY","RESTAURANT_ID","OPENING_TIME","CLOSING_TIME")VALUES('Tue','25800505','12:00 pm','12:00 am');
INSERT INTO "OPENING_HOUR" ("DAY","RESTAURANT_ID","OPENING_TIME","CLOSING_TIME")VALUES('Wed','25800505','12:00 pm','12:00 am');
INSERT INTO "OPENING_HOUR" ("DAY","RESTAURANT_ID","OPENING_TIME","CLOSING_TIME")VALUES('Thu','25800505','12:00 pm','12:00 am');
INSERT INTO "OPENING_HOUR" ("DAY","RESTAURANT_ID","OPENING_TIME","CLOSING_TIME")VALUES('Fri','25800505','12:00 pm','12:00 am');
INSERT INTO "OPENING_HOUR" ("DAY","RESTAURANT_ID","OPENING_TIME","CLOSING_TIME")VALUES('Sat','25800505','5:00 pm','12:00 am');
INSERT INTO "OPENING_HOUR" ("DAY","RESTAURANT_ID","OPENING_TIME","CLOSING_TIME")VALUES('Sun','25800505','Open now','12:00 am');
INSERT INTO "USER_REVIEW" ("RESTAURANT_ID","REVIEW_DATE","COMMENT","REVIEW_RATING")VALUES('25800505','2017-11-10 07:10:55','I was not interested in hotel food again so just saw this place near the Sheraton. Great food and service. Nice quiet place . Will definitely dine there...','5');
INSERT INTO "PHOTO" ("RESTAURANT_ID","PICTURE_URL")VALUES('25800505','https://s3-media4.fl.yelpcdn.com/photo/cZKuzA1whgVswmFhkEQ0Dg/o.jpg');
INSERT INTO "USER_REVIEW" ("RESTAURANT_ID","REVIEW_DATE","COMMENT","REVIEW_RATING")VALUES('25800505','2017-07-17 11:33:51','Tra Di Noi is just around the corner from the Sheraton. I ate here three times during my visit to Berlin and each time the food and service were...','5');
INSERT INTO "PHOTO" ("RESTAURANT_ID","PICTURE_URL")VALUES('25800505','https://s3-media4.fl.yelpcdn.com/photo/kjHKA6Oo2pbygzc_Bye_Ng/o.jpg');
INSERT INTO "USER_REVIEW" ("RESTAURANT_ID","REVIEW_DATE","COMMENT","REVIEW_RATING")VALUES('25800505','2017-09-22 12:54:33','Just returned from Tra Di Noi with biking friends from Usa. We are staying at Sheraton and walked easily to dinner. We had two delicious cold antipasti,...','5');
INSERT INTO "RESTAURANT_RATING" ("RESTAURANT_ID","SCALE","OVERALL_RATING","SOURCE")VALUES('25800505','5','4.4','Google Map');
INSERT INTO "USER_REVIEW" ("RESTAURANT_ID","REVIEW_DATE","COMMENT","REVIEW_RATING")VALUES('25800505','2017-12-10','Friendly and attentive staff! We had a great time there and delicious pizzas. Grazie mille!','5');
INSERT INTO "USER_REVIEW" ("RESTAURANT_ID","REVIEW_DATE","COMMENT","REVIEW_RATING")VALUES('25800505','2017-12-06','Good quality but for the price not right 
Salmon to long on the plate and hence dry','3');
INSERT INTO "USER_REVIEW" ("RESTAURANT_ID","REVIEW_DATE","COMMENT","REVIEW_RATING")VALUES('25800505','2017-11-02','depending on the choice of your order can be 3 or 5 star. don''t eat cassata. service is good and owner is nice','4');
INSERT INTO "USER_REVIEW" ("RESTAURANT_ID","REVIEW_DATE","COMMENT","REVIEW_RATING")VALUES('25800505','2018-01-17','Amazing pasta and great friendly service. Thank you','5');
INSERT INTO "USER_REVIEW" ("RESTAURANT_ID","REVIEW_DATE","COMMENT","REVIEW_RATING")VALUES('25800505','2017-10-13','Service was outstanding.  The pasta was excellent, and the profiteroles for dessert were delicious!','5');
INSERT INTO "LOCATION" ("LOCATION_ID","LOCATION_TYPE","ADDRESS","LONGITUDE","LATITUDE")VALUES('46','R','Zionskirchstr. 4010119 BerlinGermany','13.4043395759','52.5340999156');
INSERT INTO "RESTAURANT" ("RESTAURANT_ID","PRICERANGE","PHONE_NUMBER","WEBSITE")VALUES('26253830','€€','+49 30 65706756','der-hahn-ist-tot.de');
INSERT INTO "CUISINE" ("RESTAURANT_ID","CUISINE_TYPE")VALUES('26253830','French');
INSERT INTO "CUISINE" ("RESTAURANT_ID","CUISINE_TYPE")VALUES('26253830','German');
INSERT INTO "RESTAURANT_RATING" ("RESTAURANT_ID","SCALE","OVERALL_RATING","SOURCE")VALUES('26253830','5','4.0','Yelp');
INSERT INTO "RESTAURANT_FEATURE" ("RESTAURANT_ID","FEATURE_NAME","DESCRIPTION")VALUES('26253830','Takes Reservations','Yes');
INSERT INTO "RESTAURANT_FEATURE" ("RESTAURANT_ID","FEATURE_NAME","DESCRIPTION")VALUES('26253830','Delivery','No');
INSERT INTO "RESTAURANT_FEATURE" ("RESTAURANT_ID","FEATURE_NAME","DESCRIPTION")VALUES('26253830','Take-out','No');
INSERT INTO "RESTAURANT_FEATURE" ("RESTAURANT_ID","FEATURE_NAME","DESCRIPTION")VALUES('26253830','Accepted Cards','None');
INSERT INTO "RESTAURANT_FEATURE" ("RESTAURANT_ID","FEATURE_NAME","DESCRIPTION")VALUES('26253830','Good For','Dinner');
INSERT INTO "RESTAURANT_FEATURE" ("RESTAURANT_ID","FEATURE_NAME","DESCRIPTION")VALUES('26253830','Parking','Street');
INSERT INTO "RESTAURANT_FEATURE" ("RESTAURANT_ID","FEATURE_NAME","DESCRIPTION")VALUES('26253830','Good for Kids','Yes');
INSERT INTO "RESTAURANT_FEATURE" ("RESTAURANT_ID","FEATURE_NAME","DESCRIPTION")VALUES('26253830','Good for Groups','Yes');
INSERT INTO "RESTAURANT_FEATURE" ("RESTAURANT_ID","FEATURE_NAME","DESCRIPTION")VALUES('26253830','Attire','Casual');
INSERT INTO "RESTAURANT_FEATURE" ("RESTAURANT_ID","FEATURE_NAME","DESCRIPTION")VALUES('26253830','Noise Level','Average');
INSERT INTO "RESTAURANT_FEATURE" ("RESTAURANT_ID","FEATURE_NAME","DESCRIPTION")VALUES('26253830','Alcohol','Full Bar');
INSERT INTO "RESTAURANT_FEATURE" ("RESTAURANT_ID","FEATURE_NAME","DESCRIPTION")VALUES('26253830','Outdoor Seating','Yes');
INSERT INTO "RESTAURANT_FEATURE" ("RESTAURANT_ID","FEATURE_NAME","DESCRIPTION")VALUES('26253830','Wi-Fi','No');
INSERT INTO "RESTAURANT_FEATURE" ("RESTAURANT_ID","FEATURE_NAME","DESCRIPTION")VALUES('26253830','Has TV','No');
INSERT INTO "RESTAURANT_FEATURE" ("RESTAURANT_ID","FEATURE_NAME","DESCRIPTION")VALUES('26253830','Caters','No');
INSERT INTO "OPENING_HOUR" ("DAY","RESTAURANT_ID","OPENING_TIME","CLOSING_TIME")VALUES('Mon','26253830','6:30 pm','1:00 am');
INSERT INTO "OPENING_HOUR" ("DAY","RESTAURANT_ID","OPENING_TIME","CLOSING_TIME")VALUES('Tue','26253830','6:30 pm','1:00 am');
INSERT INTO "OPENING_HOUR" ("DAY","RESTAURANT_ID","OPENING_TIME","CLOSING_TIME")VALUES('Wed','26253830','6:30 pm','1:00 am');
INSERT INTO "OPENING_HOUR" ("DAY","RESTAURANT_ID","OPENING_TIME","CLOSING_TIME")VALUES('Thu','26253830','6:30 pm','1:00 am');
INSERT INTO "OPENING_HOUR" ("DAY","RESTAURANT_ID","OPENING_TIME","CLOSING_TIME")VALUES('Fri','26253830','6:30 pm','1:00 am');
INSERT INTO "OPENING_HOUR" ("DAY","RESTAURANT_ID","OPENING_TIME","CLOSING_TIME")VALUES('Sat','26253830','Open now','1:00 am');
INSERT INTO "USER_REVIEW" ("RESTAURANT_ID","REVIEW_DATE","COMMENT","REVIEW_RATING")VALUES('26253830','2017-07-24 00:09:55','Tourists be aware! DO NOT PAY CASH.

We had an absolutely great meal here, but how they handled the check was absolutely rude, awkward and pissed me off...','1');
INSERT INTO "PHOTO" ("RESTAURANT_ID","PICTURE_URL")VALUES('26253830','https://s3-media4.fl.yelpcdn.com/photo/cuKbE4oV2UbZ7TYqtOINoA/o.jpg');
INSERT INTO "USER_REVIEW" ("RESTAURANT_ID","REVIEW_DATE","COMMENT","REVIEW_RATING")VALUES('26253830','2016-04-22 07:04:49','Awesome place! We spontaneously went here after strolling around for some time. 4 course dinner for 21 Euro. Endive with Gryere, Spargelsalat, beautiful...','5');
INSERT INTO "PHOTO" ("RESTAURANT_ID","PICTURE_URL")VALUES('26253830','https://s3-media3.fl.yelpcdn.com/photo/D_dSM33pFKwhRZuFSw5TmQ/o.jpg');
INSERT INTO "USER_REVIEW" ("RESTAURANT_ID","REVIEW_DATE","COMMENT","REVIEW_RATING")VALUES('26253830','2014-07-13 12:53:31','Reminds you of a supper club. The dining room is small and several features make you feel like your in someone''s home. You may share a table with other...','3');
INSERT INTO "PHOTO" ("RESTAURANT_ID","PICTURE_URL")VALUES('26253830','https://s3-media2.fl.yelpcdn.com/photo/8sDGNDHBdJloDi6coz4WxA/o.jpg');
INSERT INTO "LOCATION" ("LOCATION_ID","LOCATION_TYPE","ADDRESS","LONGITUDE","LATITUDE")VALUES('47','R','Warschauer Platz 1810245 BerlinGermany','13.4471690197','52.5028281536');
INSERT INTO "RESTAURANT" ("RESTAURANT_ID","PRICERANGE","PHONE_NUMBER","WEBSITE")VALUES('61872917','€','+49 1578 8948011','scheers-schnitzel.de');
INSERT INTO "CUISINE" ("RESTAURANT_ID","CUISINE_TYPE")VALUES('61872917','Schnitzel');
INSERT INTO "RESTAURANT_RATING" ("RESTAURANT_ID","SCALE","OVERALL_RATING","SOURCE")VALUES('61872917','5','4.5','Yelp');
INSERT INTO "RESTAURANT_FEATURE" ("RESTAURANT_ID","FEATURE_NAME","DESCRIPTION")VALUES('61872917','Takes Reservations','No');
INSERT INTO "RESTAURANT_FEATURE" ("RESTAURANT_ID","FEATURE_NAME","DESCRIPTION")VALUES('61872917','Delivery','No');
INSERT INTO "RESTAURANT_FEATURE" ("RESTAURANT_ID","FEATURE_NAME","DESCRIPTION")VALUES('61872917','Take-out','Yes');
INSERT INTO "RESTAURANT_FEATURE" ("RESTAURANT_ID","FEATURE_NAME","DESCRIPTION")VALUES('61872917','Accepted Cards','None');
INSERT INTO "RESTAURANT_FEATURE" ("RESTAURANT_ID","FEATURE_NAME","DESCRIPTION")VALUES('61872917','Good for Kids','Yes');
INSERT INTO "RESTAURANT_FEATURE" ("RESTAURANT_ID","FEATURE_NAME","DESCRIPTION")VALUES('61872917','Good for Groups','Yes');
INSERT INTO "RESTAURANT_FEATURE" ("RESTAURANT_ID","FEATURE_NAME","DESCRIPTION")VALUES('61872917','Attire','Casual');
INSERT INTO "RESTAURANT_FEATURE" ("RESTAURANT_ID","FEATURE_NAME","DESCRIPTION")VALUES('61872917','Ambience','Trendy');
INSERT INTO "RESTAURANT_FEATURE" ("RESTAURANT_ID","FEATURE_NAME","DESCRIPTION")VALUES('61872917','Noise Level','Average');
INSERT INTO "RESTAURANT_FEATURE" ("RESTAURANT_ID","FEATURE_NAME","DESCRIPTION")VALUES('61872917','Alcohol','Beer & Wine Only');
INSERT INTO "RESTAURANT_FEATURE" ("RESTAURANT_ID","FEATURE_NAME","DESCRIPTION")VALUES('61872917','Outdoor Seating','Yes');
INSERT INTO "RESTAURANT_FEATURE" ("RESTAURANT_ID","FEATURE_NAME","DESCRIPTION")VALUES('61872917','Wi-Fi','No');
INSERT INTO "RESTAURANT_FEATURE" ("RESTAURANT_ID","FEATURE_NAME","DESCRIPTION")VALUES('61872917','Has TV','No');
INSERT INTO "RESTAURANT_FEATURE" ("RESTAURANT_ID","FEATURE_NAME","DESCRIPTION")VALUES('61872917','Caters','No');
INSERT INTO "OPENING_HOUR" ("DAY","RESTAURANT_ID","OPENING_TIME","CLOSING_TIME")VALUES('Mon','61872917','11:30 am','10:00 pm');
INSERT INTO "OPENING_HOUR" ("DAY","RESTAURANT_ID","OPENING_TIME","CLOSING_TIME")VALUES('Tue','61872917','11:30 am','10:00 pm');
INSERT INTO "OPENING_HOUR" ("DAY","RESTAURANT_ID","OPENING_TIME","CLOSING_TIME")VALUES('Wed','61872917','11:30 am','10:00 pm');
INSERT INTO "OPENING_HOUR" ("DAY","RESTAURANT_ID","OPENING_TIME","CLOSING_TIME")VALUES('Thu','61872917','11:30 am','10:00 pm');
INSERT INTO "OPENING_HOUR" ("DAY","RESTAURANT_ID","OPENING_TIME","CLOSING_TIME")VALUES('Fri','61872917','11:30 am','12:00 am');
INSERT INTO "OPENING_HOUR" ("DAY","RESTAURANT_ID","OPENING_TIME","CLOSING_TIME")VALUES('Sat','61872917','11:30 am','12:00 am');
INSERT INTO "OPENING_HOUR" ("DAY","RESTAURANT_ID","OPENING_TIME","CLOSING_TIME")VALUES('Sun','61872917','Open now','10:00 pm');
INSERT INTO "USER_REVIEW" ("RESTAURANT_ID","REVIEW_DATE","COMMENT","REVIEW_RATING")VALUES('61872917','2018-01-09 08:31:56','Cheap, fast, delicious. The schnitzel is tender, juicy, and perfectly fried. The pommes are that same perfection Berlin is renown for. Come, bring cash,...','5');
INSERT INTO "PHOTO" ("RESTAURANT_ID","PICTURE_URL")VALUES('61872917','https://s3-media2.fl.yelpcdn.com/photo/ZKXDUq5h0Pqn63KDSlw2sg/o.jpg');
INSERT INTO "USER_REVIEW" ("RESTAURANT_ID","REVIEW_DATE","COMMENT","REVIEW_RATING")VALUES('61872917','2017-12-01 23:11:51','nothing special, but cheap and fast. the schnitzel was good, the fries were okay. They offer a variety of sauces including their homemade tartar sauce which...','3');
INSERT INTO "PHOTO" ("RESTAURANT_ID","PICTURE_URL")VALUES('61872917','https://s3-media3.fl.yelpcdn.com/photo/BAoWMY_RDKUgUFmYun1X-g/o.jpg');
INSERT INTO "USER_REVIEW" ("RESTAURANT_ID","REVIEW_DATE","COMMENT","REVIEW_RATING")VALUES('61872917','2017-12-27 10:00:00','After walking along the Berlin Wall, I came to scheers schnitzel after hearing about it on a travel vlog. The amount of food given was generous and...','4');
INSERT INTO "PHOTO" ("RESTAURANT_ID","PICTURE_URL")VALUES('61872917','https://s3-media3.fl.yelpcdn.com/photo/IHma15trovjfyRCojoIyIA/o.jpg');
INSERT INTO "LOCATION" ("LOCATION_ID","LOCATION_TYPE","ADDRESS","LONGITUDE","LATITUDE")VALUES('48','R','Kantstr. 15310623 BerlinGermany','13.32682','52.50538');
INSERT INTO "RESTAURANT" ("RESTAURANT_ID","PRICERANGE","PHONE_NUMBER","WEBSITE")VALUES('49303307','€€€','+49 30 3133162','ottenthal.com');
INSERT INTO "CUISINE" ("RESTAURANT_ID","CUISINE_TYPE")VALUES('49303307','Austrian');
INSERT INTO "CUISINE" ("RESTAURANT_ID","CUISINE_TYPE")VALUES('49303307','Wine Bars');
INSERT INTO "RESTAURANT_RATING" ("RESTAURANT_ID","SCALE","OVERALL_RATING","SOURCE")VALUES('49303307','5','4.5','Yelp');
INSERT INTO "RESTAURANT_FEATURE" ("RESTAURANT_ID","FEATURE_NAME","DESCRIPTION")VALUES('49303307','Takes Reservations','Yes');
INSERT INTO "RESTAURANT_FEATURE" ("RESTAURANT_ID","FEATURE_NAME","DESCRIPTION")VALUES('49303307','Delivery','No');
INSERT INTO "RESTAURANT_FEATURE" ("RESTAURANT_ID","FEATURE_NAME","DESCRIPTION")VALUES('49303307','Take-out','Yes');
INSERT INTO "RESTAURANT_FEATURE" ("RESTAURANT_ID","FEATURE_NAME","DESCRIPTION")VALUES('49303307','Accepted Cards','Credit, Debit');
INSERT INTO "RESTAURANT_FEATURE" ("RESTAURANT_ID","FEATURE_NAME","DESCRIPTION")VALUES('49303307','Good For','Dinner');
INSERT INTO "RESTAURANT_FEATURE" ("RESTAURANT_ID","FEATURE_NAME","DESCRIPTION")VALUES('49303307','Parking','Street');
INSERT INTO "RESTAURANT_FEATURE" ("RESTAURANT_ID","FEATURE_NAME","DESCRIPTION")VALUES('49303307','Good for Kids','No');
INSERT INTO "RESTAURANT_FEATURE" ("RESTAURANT_ID","FEATURE_NAME","DESCRIPTION")VALUES('49303307','Good for Groups','Yes');
INSERT INTO "RESTAURANT_FEATURE" ("RESTAURANT_ID","FEATURE_NAME","DESCRIPTION")VALUES('49303307','Attire','Casual');
INSERT INTO "RESTAURANT_FEATURE" ("RESTAURANT_ID","FEATURE_NAME","DESCRIPTION")VALUES('49303307','Noise Level','Very Loud');
INSERT INTO "RESTAURANT_FEATURE" ("RESTAURANT_ID","FEATURE_NAME","DESCRIPTION")VALUES('49303307','Good For Dancing','No');
INSERT INTO "RESTAURANT_FEATURE" ("RESTAURANT_ID","FEATURE_NAME","DESCRIPTION")VALUES('49303307','Alcohol','Full Bar');
INSERT INTO "RESTAURANT_FEATURE" ("RESTAURANT_ID","FEATURE_NAME","DESCRIPTION")VALUES('49303307','Happy Hour','No');
INSERT INTO "RESTAURANT_FEATURE" ("RESTAURANT_ID","FEATURE_NAME","DESCRIPTION")VALUES('49303307','Coat Check','Yes');
INSERT INTO "RESTAURANT_FEATURE" ("RESTAURANT_ID","FEATURE_NAME","DESCRIPTION")VALUES('49303307','Smoking','No');
INSERT INTO "RESTAURANT_FEATURE" ("RESTAURANT_ID","FEATURE_NAME","DESCRIPTION")VALUES('49303307','Outdoor Seating','Yes');
INSERT INTO "RESTAURANT_FEATURE" ("RESTAURANT_ID","FEATURE_NAME","DESCRIPTION")VALUES('49303307','Wi-Fi','Free');
INSERT INTO "RESTAURANT_FEATURE" ("RESTAURANT_ID","FEATURE_NAME","DESCRIPTION")VALUES('49303307','Has TV','No');
INSERT INTO "RESTAURANT_FEATURE" ("RESTAURANT_ID","FEATURE_NAME","DESCRIPTION")VALUES('49303307','Waiter Service','Yes');
INSERT INTO "RESTAURANT_FEATURE" ("RESTAURANT_ID","FEATURE_NAME","DESCRIPTION")VALUES('49303307','Caters','Yes');
INSERT INTO "OPENING_HOUR" ("DAY","RESTAURANT_ID","OPENING_TIME","CLOSING_TIME")VALUES('Mon','49303307','5:00 pm','11:00 pm');
INSERT INTO "OPENING_HOUR" ("DAY","RESTAURANT_ID","OPENING_TIME","CLOSING_TIME")VALUES('Tue','49303307','5:00 pm','11:00 pm');
INSERT INTO "OPENING_HOUR" ("DAY","RESTAURANT_ID","OPENING_TIME","CLOSING_TIME")VALUES('Wed','49303307','5:00 pm','11:00 pm');
INSERT INTO "OPENING_HOUR" ("DAY","RESTAURANT_ID","OPENING_TIME","CLOSING_TIME")VALUES('Thu','49303307','5:00 pm','11:00 pm');
INSERT INTO "OPENING_HOUR" ("DAY","RESTAURANT_ID","OPENING_TIME","CLOSING_TIME")VALUES('Fri','49303307','5:00 pm','11:00 pm');
INSERT INTO "OPENING_HOUR" ("DAY","RESTAURANT_ID","OPENING_TIME","CLOSING_TIME")VALUES('Sat','49303307','5:00 pm','11:00 pm');
INSERT INTO "OPENING_HOUR" ("DAY","RESTAURANT_ID","OPENING_TIME","CLOSING_TIME")VALUES('Sun','49303307','Open now','11:00 pm');
INSERT INTO "USER_REVIEW" ("RESTAURANT_ID","REVIEW_DATE","COMMENT","REVIEW_RATING")VALUES('49303307','2017-11-13 14:59:02','Wow, a super great Austrian restaurant where everything was very good. The Austrian Wiener Schnitzel was very good as everyone has commented. The only time...','4');
INSERT INTO "PHOTO" ("RESTAURANT_ID","PICTURE_URL")VALUES('49303307','https://s3-media3.fl.yelpcdn.com/photo/6KRZIjQj955CIgYzZRmtig/o.jpg');
INSERT INTO "USER_REVIEW" ("RESTAURANT_ID","REVIEW_DATE","COMMENT","REVIEW_RATING")VALUES('49303307','2017-06-15 14:37:36','I asked around and wanted the best schnitzel in Berlin and everyone this place 

They were right 

The meal came with bread with the best butter spread I...','5');
INSERT INTO "PHOTO" ("RESTAURANT_ID","PICTURE_URL")VALUES('49303307','https://s3-media3.fl.yelpcdn.com/photo/Utcs3NHXDb3JM_viHhXOSQ/o.jpg');
INSERT INTO "USER_REVIEW" ("RESTAURANT_ID","REVIEW_DATE","COMMENT","REVIEW_RATING")VALUES('49303307','2017-10-18 13:09:40','This is one of our favorite places to eat in Berlin. Every time we were there, we had a great time and a delicious dinner. It opens at 5pm. We always make...','5');
INSERT INTO "PHOTO" ("RESTAURANT_ID","PICTURE_URL")VALUES('49303307','https://s3-media2.fl.yelpcdn.com/photo/9mlPLSa1rqrtTo7TYrAyyA/o.jpg');
INSERT INTO "RESTAURANT_RATING" ("RESTAURANT_ID","SCALE","OVERALL_RATING","SOURCE")VALUES('49303307','5','4.6','Google Map');
INSERT INTO "USER_REVIEW" ("RESTAURANT_ID","REVIEW_DATE","COMMENT","REVIEW_RATING")VALUES('49303307','2017-12-03','Excellent food and service...I ordered beef soup with goose dumpling and since it’s getting close to Christmas I ordered goose. Highly recommend the goose. The service was really amazing as well. I showed up around 7:30pm on a Sunday without reservation and the staff was able to accommodate me at the bar.','5');
INSERT INTO "USER_REVIEW" ("RESTAURANT_ID","REVIEW_DATE","COMMENT","REVIEW_RATING")VALUES('49303307','2018-01-12','Cannot explain how much we loved this place. Nice and cosy setting.  Straight forward simple soul  food.  Service was splendid by German standards (for a visitor who don''t speak Deutsch). 
Wietner Schnitzel was awesome and so were the deserts.  (See photos for proof!)','5');
INSERT INTO "USER_REVIEW" ("RESTAURANT_ID","REVIEW_DATE","COMMENT","REVIEW_RATING")VALUES('49303307','2017-08-30','Good service, great atmosphere, but average and expensive food. My impression it''s a trendy hipsters place, my partner said it''s a tourist trap. We took a menu with soup, schnitzel and strudel, only schnitzel was good, fresh and soft. Pumpkin soup was tasteless, my grandma would definitely cook better. Strudel also had absolutely plane sugar-free taste, but it came with cream, so I could finish it. On top of all they serve vegan gluten-free beer (never tried this before). It has nice yeast flavor and 5.3% of alcohol, however it felt like 0% without any bitterness, so I''d prefer something more common (hey, we''re in Germany!). So unlike many other reviews we wouldn''t recommend this place if you''re visiting Berlin and looking for some local food.','2');
INSERT INTO "USER_REVIEW" ("RESTAURANT_ID","REVIEW_DATE","COMMENT","REVIEW_RATING")VALUES('49303307','2017-11-06','Nice cosy Austrian restaurant. Serves the traditional dishes and we had boiled beef and schnitzel and ragout of deer are must have. Great service as well.','4');
INSERT INTO "USER_REVIEW" ("RESTAURANT_ID","REVIEW_DATE","COMMENT","REVIEW_RATING")VALUES('49303307','2017-07-27','Brilliant food, very professional staff. Polite and helpfull waiters. Try the venison! Worth a visit. Three outside tables in the summertime. It is wise to book a table in advance. ','5');
INSERT INTO "LOCATION" ("LOCATION_ID","LOCATION_TYPE","ADDRESS","LONGITUDE","LATITUDE")VALUES('49','R','Schützenstr. 510117 BerlinGermany','13.39126','52.5085');
INSERT INTO "RESTAURANT" ("RESTAURANT_ID","PRICERANGE","PHONE_NUMBER","WEBSITE")VALUES('6015743','€€€','+49 30 20165496','entrecote.de');
INSERT INTO "CUISINE" ("RESTAURANT_ID","CUISINE_TYPE")VALUES('6015743','French');
INSERT INTO "CUISINE" ("RESTAURANT_ID","CUISINE_TYPE")VALUES('6015743','Brasseries');
INSERT INTO "RESTAURANT_RATING" ("RESTAURANT_ID","SCALE","OVERALL_RATING","SOURCE")VALUES('6015743','5','4.0','Yelp');
INSERT INTO "RESTAURANT_FEATURE" ("RESTAURANT_ID","FEATURE_NAME","DESCRIPTION")VALUES('6015743','Takes Reservations','Yes');
INSERT INTO "RESTAURANT_FEATURE" ("RESTAURANT_ID","FEATURE_NAME","DESCRIPTION")VALUES('6015743','Delivery','No');
INSERT INTO "RESTAURANT_FEATURE" ("RESTAURANT_ID","FEATURE_NAME","DESCRIPTION")VALUES('6015743','Take-out','Yes');
INSERT INTO "RESTAURANT_FEATURE" ("RESTAURANT_ID","FEATURE_NAME","DESCRIPTION")VALUES('6015743','Accepted Cards','Credit, Debit');
INSERT INTO "RESTAURANT_FEATURE" ("RESTAURANT_ID","FEATURE_NAME","DESCRIPTION")VALUES('6015743','Good For','Dinner');
INSERT INTO "RESTAURANT_FEATURE" ("RESTAURANT_ID","FEATURE_NAME","DESCRIPTION")VALUES('6015743','Parking','Street');
INSERT INTO "RESTAURANT_FEATURE" ("RESTAURANT_ID","FEATURE_NAME","DESCRIPTION")VALUES('6015743','Good for Kids','Yes');
INSERT INTO "RESTAURANT_FEATURE" ("RESTAURANT_ID","FEATURE_NAME","DESCRIPTION")VALUES('6015743','Good for Groups','Yes');
INSERT INTO "RESTAURANT_FEATURE" ("RESTAURANT_ID","FEATURE_NAME","DESCRIPTION")VALUES('6015743','Attire','Dressy');
INSERT INTO "RESTAURANT_FEATURE" ("RESTAURANT_ID","FEATURE_NAME","DESCRIPTION")VALUES('6015743','Ambience','Upscale');
INSERT INTO "RESTAURANT_FEATURE" ("RESTAURANT_ID","FEATURE_NAME","DESCRIPTION")VALUES('6015743','Noise Level','Average');
INSERT INTO "RESTAURANT_FEATURE" ("RESTAURANT_ID","FEATURE_NAME","DESCRIPTION")VALUES('6015743','Alcohol','Full Bar');
INSERT INTO "RESTAURANT_FEATURE" ("RESTAURANT_ID","FEATURE_NAME","DESCRIPTION")VALUES('6015743','Outdoor Seating','Yes');
INSERT INTO "RESTAURANT_FEATURE" ("RESTAURANT_ID","FEATURE_NAME","DESCRIPTION")VALUES('6015743','Wi-Fi','Free');
INSERT INTO "RESTAURANT_FEATURE" ("RESTAURANT_ID","FEATURE_NAME","DESCRIPTION")VALUES('6015743','Has TV','No');
INSERT INTO "RESTAURANT_FEATURE" ("RESTAURANT_ID","FEATURE_NAME","DESCRIPTION")VALUES('6015743','Caters','Yes');
INSERT INTO "OPENING_HOUR" ("DAY","RESTAURANT_ID","OPENING_TIME","CLOSING_TIME")VALUES('Mon','6015743','11:30 am','12:00 am');
INSERT INTO "OPENING_HOUR" ("DAY","RESTAURANT_ID","OPENING_TIME","CLOSING_TIME")VALUES('Tue','6015743','11:30 am','12:00 am');
INSERT INTO "OPENING_HOUR" ("DAY","RESTAURANT_ID","OPENING_TIME","CLOSING_TIME")VALUES('Wed','6015743','11:30 am','12:00 am');
INSERT INTO "OPENING_HOUR" ("DAY","RESTAURANT_ID","OPENING_TIME","CLOSING_TIME")VALUES('Thu','6015743','11:30 am','12:00 am');
INSERT INTO "OPENING_HOUR" ("DAY","RESTAURANT_ID","OPENING_TIME","CLOSING_TIME")VALUES('Fri','6015743','11:30 am','12:00 am');
INSERT INTO "OPENING_HOUR" ("DAY","RESTAURANT_ID","OPENING_TIME","CLOSING_TIME")VALUES('Sat','6015743','5:30 pm','12:00 am');
INSERT INTO "OPENING_HOUR" ("DAY","RESTAURANT_ID","OPENING_TIME","CLOSING_TIME")VALUES('Sun','6015743','Open now','12:00 am');
INSERT INTO "USER_REVIEW" ("RESTAURANT_ID","REVIEW_DATE","COMMENT","REVIEW_RATING")VALUES('6015743','2015-11-11 05:27:17','I took my husband for his birthday to entrecôte & we had a wonderful time there.

The waiters were very friendly and the food was delicious and totally...','5');
INSERT INTO "PHOTO" ("RESTAURANT_ID","PICTURE_URL")VALUES('6015743','https://s3-media4.fl.yelpcdn.com/photo/hVVgEt_4uegalNnRYCM78Q/o.jpg');
INSERT INTO "USER_REVIEW" ("RESTAURANT_ID","REVIEW_DATE","COMMENT","REVIEW_RATING")VALUES('6015743','2017-11-09 02:51:09','We came here for a networking dinner during a Berlin conference, and it was a great choice. Classic (dim but jovial lighting), professional (waiters in...','3');
INSERT INTO "PHOTO" ("RESTAURANT_ID","PICTURE_URL")VALUES('6015743','https://s3-media2.fl.yelpcdn.com/photo/nbX9cfnglIcbw1S6MnfxiA/o.jpg');
INSERT INTO "USER_REVIEW" ("RESTAURANT_ID","REVIEW_DATE","COMMENT","REVIEW_RATING")VALUES('6015743','2017-05-17 16:18:18','For some odd reason while visiting Germany, I suddenly got a craving for steak...think Le Relais de l''Entrecôte from Paris.  I scoured yelp and lo'' and...','4');
INSERT INTO "PHOTO" ("RESTAURANT_ID","PICTURE_URL")VALUES('6015743','https://s3-media4.fl.yelpcdn.com/photo/38qma9DiynhQJFcDrHnVDg/o.jpg');
INSERT INTO "RESTAURANT_RATING" ("RESTAURANT_ID","SCALE","OVERALL_RATING","SOURCE")VALUES('6015743','5','4.3','Google Map');
INSERT INTO "USER_REVIEW" ("RESTAURANT_ID","REVIEW_DATE","COMMENT","REVIEW_RATING")VALUES('6015743','2017-12-26','Delicious food, no doubt. Very nice atmosphere. Excellent service.','4');
INSERT INTO "USER_REVIEW" ("RESTAURANT_ID","REVIEW_DATE","COMMENT","REVIEW_RATING")VALUES('6015743','2017-11-25','Very disappointing. No good value for money. Service unprofessional and unfriendly and cannot handle complaints. Waited 1.5 hours for raw food and did not even receive what we ordered. At the end of course also the bill was wrong. Never ever l''entrecote again. Do not spend your money at this place!','1');
INSERT INTO "USER_REVIEW" ("RESTAURANT_ID","REVIEW_DATE","COMMENT","REVIEW_RATING")VALUES('6015743','2017-11-20','A go-to-place if you want a really good beef. 
It’s a busy restaurant so make sure you have a reservation if you arrive after 19:00.
The service might be a bit slow.','4');
INSERT INTO "USER_REVIEW" ("RESTAURANT_ID","REVIEW_DATE","COMMENT","REVIEW_RATING")VALUES('6015743','2017-10-27','OMG This is the best French brasserie I have tried in a long time, for sure the best I have been at outside France ... when you enter the door, everything is just French atmosphere... love it !!

The food is something for it self ... just perfect made and the waiters are very great also l.

Do I have to write about the vine ? No also very good ( even that I’m normally more to Italien vine ) good choice from the very nice guy that served my table.','5');
INSERT INTO "USER_REVIEW" ("RESTAURANT_ID","REVIEW_DATE","COMMENT","REVIEW_RATING")VALUES('6015743','2017-06-13','Casual but very authentic French cuisine. It tends to attract sort of after work business crowds but the atmosphere is causal but not cheap. Each dish seems to be fairly priced for quality and quantity, and I was lucky to be served with a good waiter who had an excellent recommendation and sense of humor. Ideal for a semi-casual dinner (no dress code but good atmosphere) or a relaxed but romantic date :) ','5');
INSERT INTO "LOCATION" ("LOCATION_ID","LOCATION_TYPE","ADDRESS","LONGITUDE","LATITUDE")VALUES('50','R','Fasanenstr. 1510623 BerlinGermany','13.3275113','52.5044398');
INSERT INTO "RESTAURANT" ("RESTAURANT_ID","PRICERANGE","PHONE_NUMBER","WEBSITE")VALUES('39251862','€€','+49 30 88624853','None');
INSERT INTO "CUISINE" ("RESTAURANT_ID","CUISINE_TYPE")VALUES('39251862','Thai');
INSERT INTO "RESTAURANT_RATING" ("RESTAURANT_ID","SCALE","OVERALL_RATING","SOURCE")VALUES('39251862','5','4.5','Yelp');
INSERT INTO "RESTAURANT_FEATURE" ("RESTAURANT_ID","FEATURE_NAME","DESCRIPTION")VALUES('39251862','Takes Reservations','Yes');
INSERT INTO "RESTAURANT_FEATURE" ("RESTAURANT_ID","FEATURE_NAME","DESCRIPTION")VALUES('39251862','Delivery','No');
INSERT INTO "RESTAURANT_FEATURE" ("RESTAURANT_ID","FEATURE_NAME","DESCRIPTION")VALUES('39251862','Take-out','Yes');
INSERT INTO "RESTAURANT_FEATURE" ("RESTAURANT_ID","FEATURE_NAME","DESCRIPTION")VALUES('39251862','Accepted Cards','Credit, Debit');
INSERT INTO "RESTAURANT_FEATURE" ("RESTAURANT_ID","FEATURE_NAME","DESCRIPTION")VALUES('39251862','Good For','Lunch');
INSERT INTO "RESTAURANT_FEATURE" ("RESTAURANT_ID","FEATURE_NAME","DESCRIPTION")VALUES('39251862','Parking','Street');
INSERT INTO "RESTAURANT_FEATURE" ("RESTAURANT_ID","FEATURE_NAME","DESCRIPTION")VALUES('39251862','Good for Kids','Yes');
INSERT INTO "RESTAURANT_FEATURE" ("RESTAURANT_ID","FEATURE_NAME","DESCRIPTION")VALUES('39251862','Good for Groups','Yes');
INSERT INTO "RESTAURANT_FEATURE" ("RESTAURANT_ID","FEATURE_NAME","DESCRIPTION")VALUES('39251862','Attire','Casual');
INSERT INTO "RESTAURANT_FEATURE" ("RESTAURANT_ID","FEATURE_NAME","DESCRIPTION")VALUES('39251862','Noise Level','Average');
INSERT INTO "RESTAURANT_FEATURE" ("RESTAURANT_ID","FEATURE_NAME","DESCRIPTION")VALUES('39251862','Alcohol','Beer & Wine Only');
INSERT INTO "RESTAURANT_FEATURE" ("RESTAURANT_ID","FEATURE_NAME","DESCRIPTION")VALUES('39251862','Outdoor Seating','No');
INSERT INTO "RESTAURANT_FEATURE" ("RESTAURANT_ID","FEATURE_NAME","DESCRIPTION")VALUES('39251862','Wi-Fi','No');
INSERT INTO "RESTAURANT_FEATURE" ("RESTAURANT_ID","FEATURE_NAME","DESCRIPTION")VALUES('39251862','Has TV','No');
INSERT INTO "RESTAURANT_FEATURE" ("RESTAURANT_ID","FEATURE_NAME","DESCRIPTION")VALUES('39251862','Caters','No');
INSERT INTO "OPENING_HOUR" ("DAY","RESTAURANT_ID","OPENING_TIME","CLOSING_TIME")VALUES('Mon','39251862','11:30 am','12:00 am');
INSERT INTO "OPENING_HOUR" ("DAY","RESTAURANT_ID","OPENING_TIME","CLOSING_TIME")VALUES('Tue','39251862','11:30 am','12:00 am');
INSERT INTO "OPENING_HOUR" ("DAY","RESTAURANT_ID","OPENING_TIME","CLOSING_TIME")VALUES('Wed','39251862','11:30 am','12:00 am');
INSERT INTO "OPENING_HOUR" ("DAY","RESTAURANT_ID","OPENING_TIME","CLOSING_TIME")VALUES('Thu','39251862','11:30 am','12:00 am');
INSERT INTO "OPENING_HOUR" ("DAY","RESTAURANT_ID","OPENING_TIME","CLOSING_TIME")VALUES('Fri','39251862','11:30 am','12:00 am');
INSERT INTO "OPENING_HOUR" ("DAY","RESTAURANT_ID","OPENING_TIME","CLOSING_TIME")VALUES('Sat','39251862','11:30 am','12:00 am');
INSERT INTO "OPENING_HOUR" ("DAY","RESTAURANT_ID","OPENING_TIME","CLOSING_TIME")VALUES('Sun','39251862','Open now','12:00 am');
INSERT INTO "USER_REVIEW" ("RESTAURANT_ID","REVIEW_DATE","COMMENT","REVIEW_RATING")VALUES('39251862','2016-08-08 23:18:52','This is the best meal my husband and I have had since arriving in Berlin two weeks ago. 
My husband had the crispy duck and I had the hickey with cashews...','5');
INSERT INTO "PHOTO" ("RESTAURANT_ID","PICTURE_URL")VALUES('39251862','https://s3-media3.fl.yelpcdn.com/photo/0hRS01-c92vtTxlrBID5AA/o.jpg');
INSERT INTO "USER_REVIEW" ("RESTAURANT_ID","REVIEW_DATE","COMMENT","REVIEW_RATING")VALUES('39251862','2015-12-06 10:30:32','Went on Saturday afternoon. The place was almost empty but I don''t see why.

The food was delicious--I had the vegetables with ginger and tofu (or something...','5');
INSERT INTO "PHOTO" ("RESTAURANT_ID","PICTURE_URL")VALUES('39251862','https://s3-media4.fl.yelpcdn.com/photo/75FPZ756641Kaw_Wyh1g3w/o.jpg');
INSERT INTO "USER_REVIEW" ("RESTAURANT_ID","REVIEW_DATE","COMMENT","REVIEW_RATING")VALUES('39251862','2017-05-02 06:24:37','Now that''s what I call a thai restaurant. The servers where wearing genuine dresses and the food was extremely good for a reasonable price. Considering...','5');
INSERT INTO "PHOTO" ("RESTAURANT_ID","PICTURE_URL")VALUES('39251862','https://s3-media3.fl.yelpcdn.com/photo/Ta-K4q7bjCXwIgNiybQL_w/o.jpg');
INSERT INTO "RESTAURANT_RATING" ("RESTAURANT_ID","SCALE","OVERALL_RATING","SOURCE")VALUES('39251862','5','4.3','Google Map');
INSERT INTO "USER_REVIEW" ("RESTAURANT_ID","REVIEW_DATE","COMMENT","REVIEW_RATING")VALUES('39251862','2017-06-15','Tom yum was the best I ever ate... But they could improve the amount of shrimp in it :p veg rolls weren''t that good. But the place is fine. Lady waitress is just very quick and welcoming. I would come back here!','4');
INSERT INTO "USER_REVIEW" ("RESTAURANT_ID","REVIEW_DATE","COMMENT","REVIEW_RATING")VALUES('39251862','2017-11-25','Great cuisine very friendly staff I''m definitely going back next time in Berlin','5');
INSERT INTO "USER_REVIEW" ("RESTAURANT_ID","REVIEW_DATE","COMMENT","REVIEW_RATING")VALUES('39251862','2017-11-23','Good genuine food. Nice location and good service','4');
INSERT INTO "USER_REVIEW" ("RESTAURANT_ID","REVIEW_DATE","COMMENT","REVIEW_RATING")VALUES('39251862','2017-11-04','Delicious thai food, friendly service, but don''t accept AMEX.','4');
INSERT INTO "USER_REVIEW" ("RESTAURANT_ID","REVIEW_DATE","COMMENT","REVIEW_RATING")VALUES('39251862','2017-11-04','Great food, friendly staff, don''t accept American Express','4');
INSERT INTO "LOCATION" ("LOCATION_ID","LOCATION_TYPE","ADDRESS","LONGITUDE","LATITUDE")VALUES('51','R','Flughafenstr. 2512053 BerlinGermany','13.43015','52.4813');
INSERT INTO "RESTAURANT" ("RESTAURANT_ID","PRICERANGE","PHONE_NUMBER","WEBSITE")VALUES('40885524','€€','+49 30 62900763','None');
INSERT INTO "CUISINE" ("RESTAURANT_ID","CUISINE_TYPE")VALUES('40885524','Cafes');
INSERT INTO "CUISINE" ("RESTAURANT_ID","CUISINE_TYPE")VALUES('40885524','French');
INSERT INTO "RESTAURANT_RATING" ("RESTAURANT_ID","SCALE","OVERALL_RATING","SOURCE")VALUES('40885524','5','4.5','Yelp');
INSERT INTO "RESTAURANT_FEATURE" ("RESTAURANT_ID","FEATURE_NAME","DESCRIPTION")VALUES('40885524','Takes Reservations','Yes');
INSERT INTO "RESTAURANT_FEATURE" ("RESTAURANT_ID","FEATURE_NAME","DESCRIPTION")VALUES('40885524','Delivery','No');
INSERT INTO "RESTAURANT_FEATURE" ("RESTAURANT_ID","FEATURE_NAME","DESCRIPTION")VALUES('40885524','Take-out','Yes');
INSERT INTO "RESTAURANT_FEATURE" ("RESTAURANT_ID","FEATURE_NAME","DESCRIPTION")VALUES('40885524','Accepted Cards','None');
INSERT INTO "RESTAURANT_FEATURE" ("RESTAURANT_ID","FEATURE_NAME","DESCRIPTION")VALUES('40885524','Good For','Breakfast, Dinner');
INSERT INTO "RESTAURANT_FEATURE" ("RESTAURANT_ID","FEATURE_NAME","DESCRIPTION")VALUES('40885524','Good for Kids','Yes');
INSERT INTO "RESTAURANT_FEATURE" ("RESTAURANT_ID","FEATURE_NAME","DESCRIPTION")VALUES('40885524','Good for Groups','Yes');
INSERT INTO "RESTAURANT_FEATURE" ("RESTAURANT_ID","FEATURE_NAME","DESCRIPTION")VALUES('40885524','Attire','Casual');
INSERT INTO "RESTAURANT_FEATURE" ("RESTAURANT_ID","FEATURE_NAME","DESCRIPTION")VALUES('40885524','Ambience','Casual');
INSERT INTO "RESTAURANT_FEATURE" ("RESTAURANT_ID","FEATURE_NAME","DESCRIPTION")VALUES('40885524','Noise Level','Average');
INSERT INTO "RESTAURANT_FEATURE" ("RESTAURANT_ID","FEATURE_NAME","DESCRIPTION")VALUES('40885524','Alcohol','Full Bar');
INSERT INTO "RESTAURANT_FEATURE" ("RESTAURANT_ID","FEATURE_NAME","DESCRIPTION")VALUES('40885524','Outdoor Seating','Yes');
INSERT INTO "RESTAURANT_FEATURE" ("RESTAURANT_ID","FEATURE_NAME","DESCRIPTION")VALUES('40885524','Wi-Fi','Free');
INSERT INTO "RESTAURANT_FEATURE" ("RESTAURANT_ID","FEATURE_NAME","DESCRIPTION")VALUES('40885524','Has TV','No');
INSERT INTO "RESTAURANT_FEATURE" ("RESTAURANT_ID","FEATURE_NAME","DESCRIPTION")VALUES('40885524','Waiter Service','Yes');
INSERT INTO "RESTAURANT_FEATURE" ("RESTAURANT_ID","FEATURE_NAME","DESCRIPTION")VALUES('40885524','Caters','No');
INSERT INTO "OPENING_HOUR" ("DAY","RESTAURANT_ID","OPENING_TIME","CLOSING_TIME")VALUES('Mon','40885524','9:00 am','3:00 pm');
INSERT INTO "OPENING_HOUR" ("DAY","RESTAURANT_ID","OPENING_TIME","CLOSING_TIME")VALUES('Tue','40885524','9:00 am','3:00 pm');
INSERT INTO "OPENING_HOUR" ("DAY","RESTAURANT_ID","OPENING_TIME","CLOSING_TIME")VALUES('Wed','40885524','9:00 am','3:00 pm');
INSERT INTO "OPENING_HOUR" ("DAY","RESTAURANT_ID","OPENING_TIME","CLOSING_TIME")VALUES('Thu','40885524','9:00 am','3:00 pm');
INSERT INTO "OPENING_HOUR" ("DAY","RESTAURANT_ID","OPENING_TIME","CLOSING_TIME")VALUES('Fri','40885524','9:00 am','3:00 pm');
INSERT INTO "OPENING_HOUR" ("DAY","RESTAURANT_ID","OPENING_TIME","CLOSING_TIME")VALUES('Sat','40885524','10:00 am','3:00 pm');
INSERT INTO "OPENING_HOUR" ("DAY","RESTAURANT_ID","OPENING_TIME","CLOSING_TIME")VALUES('Sun','40885524','Open now','3:00 pm');
INSERT INTO "USER_REVIEW" ("RESTAURANT_ID","REVIEW_DATE","COMMENT","REVIEW_RATING")VALUES('40885524','2017-11-14 04:45:25','Really? #19 out of 7,003 restaurants in Berlin on Tripadvisor? #2 out of 1,178 restaurants for breakfast?? Either Tripadvisor is rigged or if not, I am...','2');
INSERT INTO "PHOTO" ("RESTAURANT_ID","PICTURE_URL")VALUES('40885524','https://s3-media3.fl.yelpcdn.com/photo/yRCqK1_PTePwOIp1TNlvsQ/o.jpg');
INSERT INTO "USER_REVIEW" ("RESTAURANT_ID","REVIEW_DATE","COMMENT","REVIEW_RATING")VALUES('40885524','2017-05-13 04:22:08','Mama, I''ve done it.  I think I have managed to find the most satisfying avocado toast in Berlin.

I have been on the quest for the ''best'' avocado toast for...','5');
INSERT INTO "PHOTO" ("RESTAURANT_ID","PICTURE_URL")VALUES('40885524','https://s3-media2.fl.yelpcdn.com/photo/bQTgK3XxkdxY9ll9VwAW2g/o.jpg');
INSERT INTO "USER_REVIEW" ("RESTAURANT_ID","REVIEW_DATE","COMMENT","REVIEW_RATING")VALUES('40885524','2017-07-11 02:42:00','My continuing global search for the world''s best eggs benedict led me to this quaint little cafe in Berlin. The French owners managed to deliver one of the...','5');
INSERT INTO "PHOTO" ("RESTAURANT_ID","PICTURE_URL")VALUES('40885524','https://s3-media4.fl.yelpcdn.com/photo/fkWRskI00glOg3Msu84jIg/o.jpg');
INSERT INTO "RESTAURANT_RATING" ("RESTAURANT_ID","SCALE","OVERALL_RATING","SOURCE")VALUES('40885524','5','4.5','Google Map');
INSERT INTO "USER_REVIEW" ("RESTAURANT_ID","REVIEW_DATE","COMMENT","REVIEW_RATING")VALUES('40885524','2018-01-07','The new chef & new menu is amazing. Everything is sharing plates now. Every dish is clearly prepared with care and is so full of flavour, my favourite was the octopus, but the beef steak was also fantastic. 10-20€ for most dishes (you need about 2 each person) so not as affordable as before, but worth every cent for the high quality food. Super friendly staff too!','5');
INSERT INTO "USER_REVIEW" ("RESTAURANT_ID","REVIEW_DATE","COMMENT","REVIEW_RATING")VALUES('40885524','2017-09-14','Really nice location and super friendly team. Good wine, you can taste before you order. The food was great as well. Tasty, nicely arranged and still not expensive. The only thing I would have wished is a bit more options for vegetarians.','5');
INSERT INTO "USER_REVIEW" ("RESTAURANT_ID","REVIEW_DATE","COMMENT","REVIEW_RATING")VALUES('40885524','2018-01-11','Wonderful bar. Great chef and owner. Good wines.','5');
INSERT INTO "USER_REVIEW" ("RESTAURANT_ID","REVIEW_DATE","COMMENT","REVIEW_RATING")VALUES('40885524','2017-05-17','This place was on my list for a long time! And it did not disappoint ... the coffee was prepared to perfection and we ordered eggs Benedict with bacon. For 6$ it''s a real steal. So tasty and it was served fast. It was easy to get a table as it was a weekday but weekends I''d imagine you better get there early or start using"  the secret " to send positive vibes that a table will be waiting for you when you get there. 
They also have deserts which looked amazing, but couldn''t fit it in. I''ll be back for more soon ','5');
INSERT INTO "USER_REVIEW" ("RESTAURANT_ID","REVIEW_DATE","COMMENT","REVIEW_RATING")VALUES('40885524','2017-09-18','Friendly staff, hipster vibe. The staff members we had only spoke English- which may be frustrating to German speakers. It was a bit chaotic inside when we went as it was busy. They have a menu written on the wall but the staff members will come up to you and tell you what is on the menu verbally- which is really whatever the chef is cooking that day. I ordered a delicious eggs Benedict with smoked salmon. It was delicious but not very filling.','4');
INSERT INTO "LOCATION" ("LOCATION_ID","LOCATION_TYPE","ADDRESS","LONGITUDE","LATITUDE")VALUES('52','R','Mommsenstr. 910629 BerlinGermany','13.31764','52.5031899');
INSERT INTO "RESTAURANT" ("RESTAURANT_ID","PRICERANGE","PHONE_NUMBER","WEBSITE")VALUES('70913878','€€','+49 30 8832676','marjellchen-berlin.de');
INSERT INTO "CUISINE" ("RESTAURANT_ID","CUISINE_TYPE")VALUES('70913878','Eastern German');
INSERT INTO "RESTAURANT_RATING" ("RESTAURANT_ID","SCALE","OVERALL_RATING","SOURCE")VALUES('70913878','5','4.5','Yelp');
INSERT INTO "RESTAURANT_FEATURE" ("RESTAURANT_ID","FEATURE_NAME","DESCRIPTION")VALUES('70913878','Takes Reservations','Yes');
INSERT INTO "RESTAURANT_FEATURE" ("RESTAURANT_ID","FEATURE_NAME","DESCRIPTION")VALUES('70913878','Delivery','No');
INSERT INTO "RESTAURANT_FEATURE" ("RESTAURANT_ID","FEATURE_NAME","DESCRIPTION")VALUES('70913878','Take-out','No');
INSERT INTO "RESTAURANT_FEATURE" ("RESTAURANT_ID","FEATURE_NAME","DESCRIPTION")VALUES('70913878','Accepted Cards','Credit, Debit');
INSERT INTO "RESTAURANT_FEATURE" ("RESTAURANT_ID","FEATURE_NAME","DESCRIPTION")VALUES('70913878','Good For','Dinner');
INSERT INTO "RESTAURANT_FEATURE" ("RESTAURANT_ID","FEATURE_NAME","DESCRIPTION")VALUES('70913878','Parking','Street');
INSERT INTO "RESTAURANT_FEATURE" ("RESTAURANT_ID","FEATURE_NAME","DESCRIPTION")VALUES('70913878','Good for Kids','Yes');
INSERT INTO "RESTAURANT_FEATURE" ("RESTAURANT_ID","FEATURE_NAME","DESCRIPTION")VALUES('70913878','Good for Groups','Yes');
INSERT INTO "RESTAURANT_FEATURE" ("RESTAURANT_ID","FEATURE_NAME","DESCRIPTION")VALUES('70913878','Attire','Casual');
INSERT INTO "RESTAURANT_FEATURE" ("RESTAURANT_ID","FEATURE_NAME","DESCRIPTION")VALUES('70913878','Ambience','Intimate, Romantic');
INSERT INTO "RESTAURANT_FEATURE" ("RESTAURANT_ID","FEATURE_NAME","DESCRIPTION")VALUES('70913878','Noise Level','Average');
INSERT INTO "RESTAURANT_FEATURE" ("RESTAURANT_ID","FEATURE_NAME","DESCRIPTION")VALUES('70913878','Alcohol','Full Bar');
INSERT INTO "RESTAURANT_FEATURE" ("RESTAURANT_ID","FEATURE_NAME","DESCRIPTION")VALUES('70913878','Outdoor Seating','Yes');
INSERT INTO "RESTAURANT_FEATURE" ("RESTAURANT_ID","FEATURE_NAME","DESCRIPTION")VALUES('70913878','Wi-Fi','No');
INSERT INTO "RESTAURANT_FEATURE" ("RESTAURANT_ID","FEATURE_NAME","DESCRIPTION")VALUES('70913878','Has TV','No');
INSERT INTO "RESTAURANT_FEATURE" ("RESTAURANT_ID","FEATURE_NAME","DESCRIPTION")VALUES('70913878','Caters','Yes');
INSERT INTO "OPENING_HOUR" ("DAY","RESTAURANT_ID","OPENING_TIME","CLOSING_TIME")VALUES('Mon','70913878','5:00 pm','11:00 pm');
INSERT INTO "OPENING_HOUR" ("DAY","RESTAURANT_ID","OPENING_TIME","CLOSING_TIME")VALUES('Tue','70913878','5:00 pm','11:00 pm');
INSERT INTO "OPENING_HOUR" ("DAY","RESTAURANT_ID","OPENING_TIME","CLOSING_TIME")VALUES('Wed','70913878','5:00 pm','11:00 pm');
INSERT INTO "OPENING_HOUR" ("DAY","RESTAURANT_ID","OPENING_TIME","CLOSING_TIME")VALUES('Thu','70913878','5:00 pm','11:00 pm');
INSERT INTO "OPENING_HOUR" ("DAY","RESTAURANT_ID","OPENING_TIME","CLOSING_TIME")VALUES('Fri','70913878','5:00 pm','11:00 pm');
INSERT INTO "OPENING_HOUR" ("DAY","RESTAURANT_ID","OPENING_TIME","CLOSING_TIME")VALUES('Sat','70913878','5:00 pm','11:00 pm');
INSERT INTO "OPENING_HOUR" ("DAY","RESTAURANT_ID","OPENING_TIME","CLOSING_TIME")VALUES('Sun','70913878','Open now','11:00 pm');
INSERT INTO "USER_REVIEW" ("RESTAURANT_ID","REVIEW_DATE","COMMENT","REVIEW_RATING")VALUES('70913878','2017-09-16 13:28:00','After a full day of touring, we managed to get the last table that wasn''t reserved. The entire staff was very attentive and spent lots of time with us...','5');
INSERT INTO "PHOTO" ("RESTAURANT_ID","PICTURE_URL")VALUES('70913878','https://s3-media4.fl.yelpcdn.com/photo/YqGs_rigjRZnMZ3zj4mylA/o.jpg');
INSERT INTO "USER_REVIEW" ("RESTAURANT_ID","REVIEW_DATE","COMMENT","REVIEW_RATING")VALUES('70913878','2018-01-20 00:02:26','Showed up without a reservation so ate at the bar. Started with a great Spanish port. The cream of mushroom was served with whipped cream on top. Nice taste...','4');
INSERT INTO "USER_REVIEW" ("RESTAURANT_ID","REVIEW_DATE","COMMENT","REVIEW_RATING")VALUES('70913878','2017-05-01 08:30:54','This was the recommended place that came up when we looked up for good.''German'' food in Berlin. Honestly, the service was not that good but the food makes...','4');
INSERT INTO "PHOTO" ("RESTAURANT_ID","PICTURE_URL")VALUES('70913878','https://s3-media3.fl.yelpcdn.com/photo/_BTWz-6T3f2bbYaeur5USQ/o.jpg');
INSERT INTO "LOCATION" ("LOCATION_ID","LOCATION_TYPE","ADDRESS","LONGITUDE","LATITUDE")VALUES('53','R','Helgoländer Ufer 710557 BerlinGermany','13.3487588','52.5220375');
INSERT INTO "RESTAURANT" ("RESTAURANT_ID","PRICERANGE","PHONE_NUMBER","WEBSITE")VALUES('75576956','€€','+49 30 98331150','None');
INSERT INTO "CUISINE" ("RESTAURANT_ID","CUISINE_TYPE")VALUES('75576956','Italian');
INSERT INTO "RESTAURANT_RATING" ("RESTAURANT_ID","SCALE","OVERALL_RATING","SOURCE")VALUES('75576956','5','4.5','Yelp');
INSERT INTO "RESTAURANT_FEATURE" ("RESTAURANT_ID","FEATURE_NAME","DESCRIPTION")VALUES('75576956','Takes Reservations','Yes');
INSERT INTO "RESTAURANT_FEATURE" ("RESTAURANT_ID","FEATURE_NAME","DESCRIPTION")VALUES('75576956','Delivery','No');
INSERT INTO "RESTAURANT_FEATURE" ("RESTAURANT_ID","FEATURE_NAME","DESCRIPTION")VALUES('75576956','Take-out','Yes');
INSERT INTO "RESTAURANT_FEATURE" ("RESTAURANT_ID","FEATURE_NAME","DESCRIPTION")VALUES('75576956','Accepted Cards','Credit, Debit');
INSERT INTO "RESTAURANT_FEATURE" ("RESTAURANT_ID","FEATURE_NAME","DESCRIPTION")VALUES('75576956','Good For','Dinner');
INSERT INTO "RESTAURANT_FEATURE" ("RESTAURANT_ID","FEATURE_NAME","DESCRIPTION")VALUES('75576956','Parking','Street');
INSERT INTO "RESTAURANT_FEATURE" ("RESTAURANT_ID","FEATURE_NAME","DESCRIPTION")VALUES('75576956','Good for Kids','Yes');
INSERT INTO "RESTAURANT_FEATURE" ("RESTAURANT_ID","FEATURE_NAME","DESCRIPTION")VALUES('75576956','Good for Groups','Yes');
INSERT INTO "RESTAURANT_FEATURE" ("RESTAURANT_ID","FEATURE_NAME","DESCRIPTION")VALUES('75576956','Attire','Casual');
INSERT INTO "RESTAURANT_FEATURE" ("RESTAURANT_ID","FEATURE_NAME","DESCRIPTION")VALUES('75576956','Ambience','Casual');
INSERT INTO "RESTAURANT_FEATURE" ("RESTAURANT_ID","FEATURE_NAME","DESCRIPTION")VALUES('75576956','Noise Level','Average');
INSERT INTO "RESTAURANT_FEATURE" ("RESTAURANT_ID","FEATURE_NAME","DESCRIPTION")VALUES('75576956','Alcohol','Full Bar');
INSERT INTO "RESTAURANT_FEATURE" ("RESTAURANT_ID","FEATURE_NAME","DESCRIPTION")VALUES('75576956','Outdoor Seating','Yes');
INSERT INTO "RESTAURANT_FEATURE" ("RESTAURANT_ID","FEATURE_NAME","DESCRIPTION")VALUES('75576956','Wi-Fi','No');
INSERT INTO "RESTAURANT_FEATURE" ("RESTAURANT_ID","FEATURE_NAME","DESCRIPTION")VALUES('75576956','Has TV','No');
INSERT INTO "RESTAURANT_FEATURE" ("RESTAURANT_ID","FEATURE_NAME","DESCRIPTION")VALUES('75576956','Waiter Service','Yes');
INSERT INTO "RESTAURANT_FEATURE" ("RESTAURANT_ID","FEATURE_NAME","DESCRIPTION")VALUES('75576956','Caters','Yes');
INSERT INTO "OPENING_HOUR" ("DAY","RESTAURANT_ID","OPENING_TIME","CLOSING_TIME")VALUES('Mon','75576956','11:30 am','11:00 pm');
INSERT INTO "OPENING_HOUR" ("DAY","RESTAURANT_ID","OPENING_TIME","CLOSING_TIME")VALUES('Tue','75576956','11:30 am','11:00 pm');
INSERT INTO "OPENING_HOUR" ("DAY","RESTAURANT_ID","OPENING_TIME","CLOSING_TIME")VALUES('Wed','75576956','11:30 am','11:00 pm');
INSERT INTO "OPENING_HOUR" ("DAY","RESTAURANT_ID","OPENING_TIME","CLOSING_TIME")VALUES('Thu','75576956','11:30 am','11:00 pm');
INSERT INTO "OPENING_HOUR" ("DAY","RESTAURANT_ID","OPENING_TIME","CLOSING_TIME")VALUES('Fri','75576956','11:30 am','11:00 pm');
INSERT INTO "OPENING_HOUR" ("DAY","RESTAURANT_ID","OPENING_TIME","CLOSING_TIME")VALUES('Sat','75576956','11:30 am','11:00 pm');
INSERT INTO "OPENING_HOUR" ("DAY","RESTAURANT_ID","OPENING_TIME","CLOSING_TIME")VALUES('Sun','75576956','Open now','11:00 pm');
INSERT INTO "USER_REVIEW" ("RESTAURANT_ID","REVIEW_DATE","COMMENT","REVIEW_RATING")VALUES('75576956','2013-08-25 14:33:19','We stumbled in to this cute restaurant, nestled on the corner of a street across from the river. The ambiance looked promising, and a quick peek at the menu...','5');
INSERT INTO "PHOTO" ("RESTAURANT_ID","PICTURE_URL")VALUES('75576956','https://s3-media4.fl.yelpcdn.com/photo/CxKXb5lEx72H6BWk8A1I9g/o.jpg');
INSERT INTO "USER_REVIEW" ("RESTAURANT_ID","REVIEW_DATE","COMMENT","REVIEW_RATING")VALUES('75576956','2017-08-21 02:04:41','The food was good, but the waiter charged us extra 4.80 EUR for the credit card purchase, which was somewhat unexpected. Our German friends told us that...','1');
INSERT INTO "PHOTO" ("RESTAURANT_ID","PICTURE_URL")VALUES('75576956','https://s3-media2.fl.yelpcdn.com/photo/C8l0Zs8DFLmaNMgt_oLFSA/o.jpg');
INSERT INTO "USER_REVIEW" ("RESTAURANT_ID","REVIEW_DATE","COMMENT","REVIEW_RATING")VALUES('75576956','2017-04-02 11:54:27','We were there for Valentine''s Day. They had a really nice menu prepared for the day with 3 courses for a good price. 

We started with some bruschetta, then...','4');
INSERT INTO "PHOTO" ("RESTAURANT_ID","PICTURE_URL")VALUES('75576956','https://s3-media1.fl.yelpcdn.com/photo/LAhKBKiMm-660dtjObxhog/o.jpg');
INSERT INTO "LOCATION" ("LOCATION_ID","LOCATION_TYPE","ADDRESS","LONGITUDE","LATITUDE")VALUES('54','R','Inselstr. 1310179 BerlinGermany','13.41318','52.51157');
INSERT INTO "RESTAURANT" ("RESTAURANT_ID","PRICERANGE","PHONE_NUMBER","WEBSITE")VALUES('65488539','€','+49 30 91477142','chez-gustave.com');
INSERT INTO "CUISINE" ("RESTAURANT_ID","CUISINE_TYPE")VALUES('65488539','Cafes');
INSERT INTO "CUISINE" ("RESTAURANT_ID","CUISINE_TYPE")VALUES('65488539','French');
INSERT INTO "RESTAURANT_RATING" ("RESTAURANT_ID","SCALE","OVERALL_RATING","SOURCE")VALUES('65488539','5','5.0','Yelp');
INSERT INTO "RESTAURANT_FEATURE" ("RESTAURANT_ID","FEATURE_NAME","DESCRIPTION")VALUES('65488539','Takes Reservations','Yes');
INSERT INTO "RESTAURANT_FEATURE" ("RESTAURANT_ID","FEATURE_NAME","DESCRIPTION")VALUES('65488539','Delivery','No');
INSERT INTO "RESTAURANT_FEATURE" ("RESTAURANT_ID","FEATURE_NAME","DESCRIPTION")VALUES('65488539','Take-out','Yes');
INSERT INTO "RESTAURANT_FEATURE" ("RESTAURANT_ID","FEATURE_NAME","DESCRIPTION")VALUES('65488539','Parking','Street');
INSERT INTO "RESTAURANT_FEATURE" ("RESTAURANT_ID","FEATURE_NAME","DESCRIPTION")VALUES('65488539','Good for Kids','Yes');
INSERT INTO "RESTAURANT_FEATURE" ("RESTAURANT_ID","FEATURE_NAME","DESCRIPTION")VALUES('65488539','Good for Groups','Yes');
INSERT INTO "RESTAURANT_FEATURE" ("RESTAURANT_ID","FEATURE_NAME","DESCRIPTION")VALUES('65488539','Attire','Casual');
INSERT INTO "RESTAURANT_FEATURE" ("RESTAURANT_ID","FEATURE_NAME","DESCRIPTION")VALUES('65488539','Noise Level','Quiet');
INSERT INTO "RESTAURANT_FEATURE" ("RESTAURANT_ID","FEATURE_NAME","DESCRIPTION")VALUES('65488539','Alcohol','Beer & Wine Only');
INSERT INTO "RESTAURANT_FEATURE" ("RESTAURANT_ID","FEATURE_NAME","DESCRIPTION")VALUES('65488539','Outdoor Seating','Yes');
INSERT INTO "RESTAURANT_FEATURE" ("RESTAURANT_ID","FEATURE_NAME","DESCRIPTION")VALUES('65488539','Wi-Fi','Free');
INSERT INTO "RESTAURANT_FEATURE" ("RESTAURANT_ID","FEATURE_NAME","DESCRIPTION")VALUES('65488539','Has TV','No');
INSERT INTO "RESTAURANT_FEATURE" ("RESTAURANT_ID","FEATURE_NAME","DESCRIPTION")VALUES('65488539','Caters','Yes');
INSERT INTO "OPENING_HOUR" ("DAY","RESTAURANT_ID","OPENING_TIME","CLOSING_TIME")VALUES('Mon','65488539','9:00 am','10:00 pm');
INSERT INTO "OPENING_HOUR" ("DAY","RESTAURANT_ID","OPENING_TIME","CLOSING_TIME")VALUES('Tue','65488539','9:00 am','10:00 pm');
INSERT INTO "OPENING_HOUR" ("DAY","RESTAURANT_ID","OPENING_TIME","CLOSING_TIME")VALUES('Wed','65488539','9:00 am','10:00 pm');
INSERT INTO "OPENING_HOUR" ("DAY","RESTAURANT_ID","OPENING_TIME","CLOSING_TIME")VALUES('Thu','65488539','9:00 am','10:00 pm');
INSERT INTO "OPENING_HOUR" ("DAY","RESTAURANT_ID","OPENING_TIME","CLOSING_TIME")VALUES('Fri','65488539','9:00 am','10:00 pm');
INSERT INTO "OPENING_HOUR" ("DAY","RESTAURANT_ID","OPENING_TIME","CLOSING_TIME")VALUES('Sat','65488539','9:00 am','10:00 pm');
INSERT INTO "USER_REVIEW" ("RESTAURANT_ID","REVIEW_DATE","COMMENT","REVIEW_RATING")VALUES('65488539','2017-03-21 05:44:53','If you go to one cafe for breakfast it should be Chez Gustav. If you go to two places for breakfast, they should both be Chez Gustaf. Gluten free, celiac...','5');
INSERT INTO "PHOTO" ("RESTAURANT_ID","PICTURE_URL")VALUES('65488539','https://s3-media2.fl.yelpcdn.com/photo/p2pCNrx25NvY1cr-7uKb1w/o.jpg');
INSERT INTO "USER_REVIEW" ("RESTAURANT_ID","REVIEW_DATE","COMMENT","REVIEW_RATING")VALUES('65488539','2014-08-20 12:35:11','Since I didn''t bring lunch today, I opted to try out a new place near my work. This one is just one metro stop away, and so I opted to head here and try...','4');
INSERT INTO "PHOTO" ("RESTAURANT_ID","PICTURE_URL")VALUES('65488539','https://s3-media1.fl.yelpcdn.com/photo/ToTju2zYCHa7hPAMdeK58w/o.jpg');
INSERT INTO "USER_REVIEW" ("RESTAURANT_ID","REVIEW_DATE","COMMENT","REVIEW_RATING")VALUES('65488539','2015-03-21 09:00:58','By far our favorite spot for food in Berlin. A true French Brasserie in the classic sense.
People inside and out with coffee, wind, and a pastry or baguette...','5');
INSERT INTO "LOCATION" ("LOCATION_ID","LOCATION_TYPE","ADDRESS","LONGITUDE","LATITUDE")VALUES('55','R','Hotel Großer KurfürstNeue Roßstr. 11-1210179 BerlinGermany','13.4084793521','52.5123154249');
INSERT INTO "RESTAURANT" ("RESTAURANT_ID","PRICERANGE","PHONE_NUMBER","WEBSITE")VALUES('18212402','€€','+49 30 24083280','canarestaurant.de');
INSERT INTO "CUISINE" ("RESTAURANT_ID","CUISINE_TYPE")VALUES('18212402','Arabian');
INSERT INTO "RESTAURANT_RATING" ("RESTAURANT_ID","SCALE","OVERALL_RATING","SOURCE")VALUES('18212402','5','4.5','Yelp');
INSERT INTO "RESTAURANT_FEATURE" ("RESTAURANT_ID","FEATURE_NAME","DESCRIPTION")VALUES('18212402','Takes Reservations','Yes');
INSERT INTO "RESTAURANT_FEATURE" ("RESTAURANT_ID","FEATURE_NAME","DESCRIPTION")VALUES('18212402','Delivery','No');
INSERT INTO "RESTAURANT_FEATURE" ("RESTAURANT_ID","FEATURE_NAME","DESCRIPTION")VALUES('18212402','Take-out','No');
INSERT INTO "RESTAURANT_FEATURE" ("RESTAURANT_ID","FEATURE_NAME","DESCRIPTION")VALUES('18212402','Accepted Cards','Credit, Debit');
INSERT INTO "RESTAURANT_FEATURE" ("RESTAURANT_ID","FEATURE_NAME","DESCRIPTION")VALUES('18212402','Good for Kids','Yes');
INSERT INTO "RESTAURANT_FEATURE" ("RESTAURANT_ID","FEATURE_NAME","DESCRIPTION")VALUES('18212402','Good for Groups','Yes');
INSERT INTO "RESTAURANT_FEATURE" ("RESTAURANT_ID","FEATURE_NAME","DESCRIPTION")VALUES('18212402','Attire','Dressy');
INSERT INTO "RESTAURANT_FEATURE" ("RESTAURANT_ID","FEATURE_NAME","DESCRIPTION")VALUES('18212402','Noise Level','Average');
INSERT INTO "RESTAURANT_FEATURE" ("RESTAURANT_ID","FEATURE_NAME","DESCRIPTION")VALUES('18212402','Alcohol','Full Bar');
INSERT INTO "RESTAURANT_FEATURE" ("RESTAURANT_ID","FEATURE_NAME","DESCRIPTION")VALUES('18212402','Outdoor Seating','Yes');
INSERT INTO "RESTAURANT_FEATURE" ("RESTAURANT_ID","FEATURE_NAME","DESCRIPTION")VALUES('18212402','Wi-Fi','No');
INSERT INTO "RESTAURANT_FEATURE" ("RESTAURANT_ID","FEATURE_NAME","DESCRIPTION")VALUES('18212402','Has TV','No');
INSERT INTO "RESTAURANT_FEATURE" ("RESTAURANT_ID","FEATURE_NAME","DESCRIPTION")VALUES('18212402','Caters','Yes');
INSERT INTO "OPENING_HOUR" ("DAY","RESTAURANT_ID","OPENING_TIME","CLOSING_TIME")VALUES('Mon','18212402','11:30 am','11:30 pm');
INSERT INTO "OPENING_HOUR" ("DAY","RESTAURANT_ID","OPENING_TIME","CLOSING_TIME")VALUES('Tue','18212402','11:30 am','11:30 pm');
INSERT INTO "OPENING_HOUR" ("DAY","RESTAURANT_ID","OPENING_TIME","CLOSING_TIME")VALUES('Wed','18212402','11:30 am','11:30 pm');
INSERT INTO "OPENING_HOUR" ("DAY","RESTAURANT_ID","OPENING_TIME","CLOSING_TIME")VALUES('Thu','18212402','11:30 am','11:30 pm');
INSERT INTO "OPENING_HOUR" ("DAY","RESTAURANT_ID","OPENING_TIME","CLOSING_TIME")VALUES('Fri','18212402','11:30 am','11:30 pm');
INSERT INTO "OPENING_HOUR" ("DAY","RESTAURANT_ID","OPENING_TIME","CLOSING_TIME")VALUES('Sat','18212402','11:30 am','11:30 pm');
INSERT INTO "OPENING_HOUR" ("DAY","RESTAURANT_ID","OPENING_TIME","CLOSING_TIME")VALUES('Sun','18212402','Open now','11:30 pm');
INSERT INTO "USER_REVIEW" ("RESTAURANT_ID","REVIEW_DATE","COMMENT","REVIEW_RATING")VALUES('18212402','2017-09-05 11:57:44','Really good food. Would definitely recommend. Service can be a little slow, but that is the only real complaint. Everything else is excellent.','4');
INSERT INTO "PHOTO" ("RESTAURANT_ID","PICTURE_URL")VALUES('18212402','https://s3-media2.fl.yelpcdn.com/photo/i-JvQAokFY9ln-s8Y-aiRw/o.jpg');
INSERT INTO "USER_REVIEW" ("RESTAURANT_ID","REVIEW_DATE","COMMENT","REVIEW_RATING")VALUES('18212402','2016-04-06 05:05:52','Delicious over and over again! 
If there''s any upside to the disgusting racism towards Arabs sweeping across Germany these days, then it''s the fact that...','5');
INSERT INTO "PHOTO" ("RESTAURANT_ID","PICTURE_URL")VALUES('18212402','https://s3-media1.fl.yelpcdn.com/photo/Qo4NT6JsyQzdXt2iOtrayQ/o.jpg');
INSERT INTO "USER_REVIEW" ("RESTAURANT_ID","REVIEW_DATE","COMMENT","REVIEW_RATING")VALUES('18212402','2016-05-27 11:03:06','Amazing food and great vibe, the service was fast and professional. I will be back.
It is a really heart place to enjoy some characteristic Arab food. And...','5');
INSERT INTO "PHOTO" ("RESTAURANT_ID","PICTURE_URL")VALUES('18212402','https://s3-media3.fl.yelpcdn.com/photo/WADBZyEiGtGsOy5BrS0VWg/o.jpg');
INSERT INTO "RESTAURANT_RATING" ("RESTAURANT_ID","SCALE","OVERALL_RATING","SOURCE")VALUES('18212402','5','4.3','Google Map');
INSERT INTO "USER_REVIEW" ("RESTAURANT_ID","REVIEW_DATE","COMMENT","REVIEW_RATING")VALUES('18212402','2017-11-10','Amazing food, great service and such nice atmosphere! Highly recommend','5');
INSERT INTO "USER_REVIEW" ("RESTAURANT_ID","REVIEW_DATE","COMMENT","REVIEW_RATING")VALUES('18212402','2017-08-02','Delicious Arabic food. Buffet for €6 strongly recommended. 

بېرلىندا (Alexanderplatz)قورسىقىڭلار ئېچىپ قالسا مۇشۇ يەرگە كېلىڭلار ','5');
INSERT INTO "USER_REVIEW" ("RESTAURANT_ID","REVIEW_DATE","COMMENT","REVIEW_RATING")VALUES('18212402','2018-01-04','Good food, but the interieur is very used ''90s.','3');
INSERT INTO "USER_REVIEW" ("RESTAURANT_ID","REVIEW_DATE","COMMENT","REVIEW_RATING")VALUES('18212402','2017-12-10','Over priced. You''re paying for the location and decor.','2');
INSERT INTO "USER_REVIEW" ("RESTAURANT_ID","REVIEW_DATE","COMMENT","REVIEW_RATING")VALUES('18212402','2017-07-22','No napkins, really? Small spoons were taken away after appertizes and never replaced. And old excuse for not accepting card payments (mastercard/visa logo is there) - "we have problems with internet connection". Food was okey, little too spicy for our taste, but thats ok, different national kirchen','2');
INSERT INTO "LOCATION" ("LOCATION_ID","LOCATION_TYPE","ADDRESS","LONGITUDE","LATITUDE")VALUES('56','R','Pflugstr. 1110115 BerlinGermany','13.3795606462','52.5365185934');
INSERT INTO "RESTAURANT" ("RESTAURANT_ID","PRICERANGE","PHONE_NUMBER","WEBSITE")VALUES('7730491','€','+49 30 28387765','hackethals.de');
INSERT INTO "CUISINE" ("RESTAURANT_ID","CUISINE_TYPE")VALUES('7730491','German');
INSERT INTO "RESTAURANT_RATING" ("RESTAURANT_ID","SCALE","OVERALL_RATING","SOURCE")VALUES('7730491','5','4.0','Yelp');
INSERT INTO "RESTAURANT_FEATURE" ("RESTAURANT_ID","FEATURE_NAME","DESCRIPTION")VALUES('7730491','Takes Reservations','Yes');
INSERT INTO "RESTAURANT_FEATURE" ("RESTAURANT_ID","FEATURE_NAME","DESCRIPTION")VALUES('7730491','Delivery','No');
INSERT INTO "RESTAURANT_FEATURE" ("RESTAURANT_ID","FEATURE_NAME","DESCRIPTION")VALUES('7730491','Take-out','No');
INSERT INTO "RESTAURANT_FEATURE" ("RESTAURANT_ID","FEATURE_NAME","DESCRIPTION")VALUES('7730491','Accepted Cards','Credit, Debit');
INSERT INTO "RESTAURANT_FEATURE" ("RESTAURANT_ID","FEATURE_NAME","DESCRIPTION")VALUES('7730491','Accepts Bitcoin','No');
INSERT INTO "RESTAURANT_FEATURE" ("RESTAURANT_ID","FEATURE_NAME","DESCRIPTION")VALUES('7730491','Parking','Street');
INSERT INTO "RESTAURANT_FEATURE" ("RESTAURANT_ID","FEATURE_NAME","DESCRIPTION")VALUES('7730491','Good for Kids','Yes');
INSERT INTO "RESTAURANT_FEATURE" ("RESTAURANT_ID","FEATURE_NAME","DESCRIPTION")VALUES('7730491','Good for Groups','Yes');
INSERT INTO "RESTAURANT_FEATURE" ("RESTAURANT_ID","FEATURE_NAME","DESCRIPTION")VALUES('7730491','Attire','Casual');
INSERT INTO "RESTAURANT_FEATURE" ("RESTAURANT_ID","FEATURE_NAME","DESCRIPTION")VALUES('7730491','Noise Level','Quiet');
INSERT INTO "RESTAURANT_FEATURE" ("RESTAURANT_ID","FEATURE_NAME","DESCRIPTION")VALUES('7730491','Alcohol','Full Bar');
INSERT INTO "RESTAURANT_FEATURE" ("RESTAURANT_ID","FEATURE_NAME","DESCRIPTION")VALUES('7730491','Outdoor Seating','Yes');
INSERT INTO "RESTAURANT_FEATURE" ("RESTAURANT_ID","FEATURE_NAME","DESCRIPTION")VALUES('7730491','Wi-Fi','No');
INSERT INTO "RESTAURANT_FEATURE" ("RESTAURANT_ID","FEATURE_NAME","DESCRIPTION")VALUES('7730491','Has TV','No');
INSERT INTO "RESTAURANT_FEATURE" ("RESTAURANT_ID","FEATURE_NAME","DESCRIPTION")VALUES('7730491','Caters','No');
INSERT INTO "OPENING_HOUR" ("DAY","RESTAURANT_ID","OPENING_TIME","CLOSING_TIME")VALUES('Mon','7730491','6:30 pm','12:00 am');
INSERT INTO "OPENING_HOUR" ("DAY","RESTAURANT_ID","OPENING_TIME","CLOSING_TIME")VALUES('Tue','7730491','6:30 pm','12:00 am');
INSERT INTO "OPENING_HOUR" ("DAY","RESTAURANT_ID","OPENING_TIME","CLOSING_TIME")VALUES('Wed','7730491','6:30 pm','12:00 am');
INSERT INTO "OPENING_HOUR" ("DAY","RESTAURANT_ID","OPENING_TIME","CLOSING_TIME")VALUES('Thu','7730491','6:30 pm','12:00 am');
INSERT INTO "OPENING_HOUR" ("DAY","RESTAURANT_ID","OPENING_TIME","CLOSING_TIME")VALUES('Fri','7730491','6:30 pm','12:00 am');
INSERT INTO "OPENING_HOUR" ("DAY","RESTAURANT_ID","OPENING_TIME","CLOSING_TIME")VALUES('Sat','7730491','6:30 pm','12:00 am');
INSERT INTO "USER_REVIEW" ("RESTAURANT_ID","REVIEW_DATE","COMMENT","REVIEW_RATING")VALUES('7730491','2017-10-23 02:52:18','This cozy, family run restaurant was the highlight of our trip to Berlin. Candles on the table and huge, welcoming bar made for the perfect atmosphere. We''d...','5');
INSERT INTO "PHOTO" ("RESTAURANT_ID","PICTURE_URL")VALUES('7730491','https://s3-media2.fl.yelpcdn.com/photo/9pbpqo9cFYlfVijGjYqkiA/o.jpg');
INSERT INTO "USER_REVIEW" ("RESTAURANT_ID","REVIEW_DATE","COMMENT","REVIEW_RATING")VALUES('7730491','2017-11-22 08:34:09','Fantastic dinner - best food we had in Berlin and an equally as amazing waitstaff. Arrived on a Tuesday night 15 minutes after opening and scored the last...','5');
INSERT INTO "PHOTO" ("RESTAURANT_ID","PICTURE_URL")VALUES('7730491','https://s3-media2.fl.yelpcdn.com/photo/LKSYI78H5oqAq6IZT80_eQ/o.jpg');
INSERT INTO "USER_REVIEW" ("RESTAURANT_ID","REVIEW_DATE","COMMENT","REVIEW_RATING")VALUES('7730491','2016-12-12 16:50:14','This should have been a 5* review: delicious tradition food, lovely venue, fine homemade beer and great attentive service by young waiter Alex. But after a...','1');
INSERT INTO "PHOTO" ("RESTAURANT_ID","PICTURE_URL")VALUES('7730491','https://s3-media2.fl.yelpcdn.com/photo/W-WPsW57LDxNpYMD___U0Q/o.jpg');
INSERT INTO "LOCATION" ("LOCATION_ID","LOCATION_TYPE","ADDRESS","LONGITUDE","LATITUDE")VALUES('57','R','Scharnhorststr. 28 - 2910115 BerlinGermany','13.3711681366','52.5335464478');
INSERT INTO "RESTAURANT" ("RESTAURANT_ID","PRICERANGE","PHONE_NUMBER","WEBSITE")VALUES('26430851','€€€','+49 30 20215301','esszimmer-berlin.de');
INSERT INTO "CUISINE" ("RESTAURANT_ID","CUISINE_TYPE")VALUES('26430851','German');
INSERT INTO "RESTAURANT_RATING" ("RESTAURANT_ID","SCALE","OVERALL_RATING","SOURCE")VALUES('26430851','5','4.0','Yelp');
INSERT INTO "RESTAURANT_FEATURE" ("RESTAURANT_ID","FEATURE_NAME","DESCRIPTION")VALUES('26430851','Takes Reservations','Yes');
INSERT INTO "RESTAURANT_FEATURE" ("RESTAURANT_ID","FEATURE_NAME","DESCRIPTION")VALUES('26430851','Delivery','No');
INSERT INTO "RESTAURANT_FEATURE" ("RESTAURANT_ID","FEATURE_NAME","DESCRIPTION")VALUES('26430851','Take-out','Yes');
INSERT INTO "RESTAURANT_FEATURE" ("RESTAURANT_ID","FEATURE_NAME","DESCRIPTION")VALUES('26430851','Accepted Cards','Credit, Debit');
INSERT INTO "RESTAURANT_FEATURE" ("RESTAURANT_ID","FEATURE_NAME","DESCRIPTION")VALUES('26430851','Parking','Street');
INSERT INTO "RESTAURANT_FEATURE" ("RESTAURANT_ID","FEATURE_NAME","DESCRIPTION")VALUES('26430851','Good for Kids','Yes');
INSERT INTO "RESTAURANT_FEATURE" ("RESTAURANT_ID","FEATURE_NAME","DESCRIPTION")VALUES('26430851','Good for Groups','Yes');
INSERT INTO "RESTAURANT_FEATURE" ("RESTAURANT_ID","FEATURE_NAME","DESCRIPTION")VALUES('26430851','Attire','Casual');
INSERT INTO "RESTAURANT_FEATURE" ("RESTAURANT_ID","FEATURE_NAME","DESCRIPTION")VALUES('26430851','Ambience','Intimate');
INSERT INTO "RESTAURANT_FEATURE" ("RESTAURANT_ID","FEATURE_NAME","DESCRIPTION")VALUES('26430851','Noise Level','Quiet');
INSERT INTO "RESTAURANT_FEATURE" ("RESTAURANT_ID","FEATURE_NAME","DESCRIPTION")VALUES('26430851','Alcohol','Full Bar');
INSERT INTO "RESTAURANT_FEATURE" ("RESTAURANT_ID","FEATURE_NAME","DESCRIPTION")VALUES('26430851','Outdoor Seating','Yes');
INSERT INTO "RESTAURANT_FEATURE" ("RESTAURANT_ID","FEATURE_NAME","DESCRIPTION")VALUES('26430851','Wi-Fi','No');
INSERT INTO "RESTAURANT_FEATURE" ("RESTAURANT_ID","FEATURE_NAME","DESCRIPTION")VALUES('26430851','Has TV','No');
INSERT INTO "RESTAURANT_FEATURE" ("RESTAURANT_ID","FEATURE_NAME","DESCRIPTION")VALUES('26430851','Caters','Yes');
INSERT INTO "OPENING_HOUR" ("DAY","RESTAURANT_ID","OPENING_TIME","CLOSING_TIME")VALUES('Mon','26430851','12:00 pm','11:00 pm');
INSERT INTO "OPENING_HOUR" ("DAY","RESTAURANT_ID","OPENING_TIME","CLOSING_TIME")VALUES('Tue','26430851','12:00 pm','11:00 pm');
INSERT INTO "OPENING_HOUR" ("DAY","RESTAURANT_ID","OPENING_TIME","CLOSING_TIME")VALUES('Wed','26430851','12:00 pm','11:00 pm');
INSERT INTO "OPENING_HOUR" ("DAY","RESTAURANT_ID","OPENING_TIME","CLOSING_TIME")VALUES('Thu','26430851','12:00 pm','11:00 pm');
INSERT INTO "OPENING_HOUR" ("DAY","RESTAURANT_ID","OPENING_TIME","CLOSING_TIME")VALUES('Fri','26430851','12:00 pm','11:00 pm');
INSERT INTO "OPENING_HOUR" ("DAY","RESTAURANT_ID","OPENING_TIME","CLOSING_TIME")VALUES('Sat','26430851','5:00 pm','12:00 am');
INSERT INTO "OPENING_HOUR" ("DAY","RESTAURANT_ID","OPENING_TIME","CLOSING_TIME")VALUES('Sun','26430851','Open now','11:00 pm');
INSERT INTO "USER_REVIEW" ("RESTAURANT_ID","REVIEW_DATE","COMMENT","REVIEW_RATING")VALUES('26430851','2014-05-08 15:15:03','For the quality, service and atmosphere i dont think its pricy. 
Uts good for family and frirnds. 
Nice fish dish. Was bit long time ago so dont rrmember...','4');
INSERT INTO "PHOTO" ("RESTAURANT_ID","PICTURE_URL")VALUES('26430851','https://s3-media3.fl.yelpcdn.com/photo/utZ6EPq6diaGxpgxHk2bhw/o.jpg');
INSERT INTO "LOCATION" ("LOCATION_ID","LOCATION_TYPE","ADDRESS","LONGITUDE","LATITUDE")VALUES('58','R','Gneisenaustr. 810961 BerlinGermany','13.39017','52.49211');
INSERT INTO "RESTAURANT" ("RESTAURANT_ID","PRICERANGE","PHONE_NUMBER","WEBSITE")VALUES('25568480','€€','+49 30 48827992','None');
INSERT INTO "CUISINE" ("RESTAURANT_ID","CUISINE_TYPE")VALUES('25568480','Korean');
INSERT INTO "RESTAURANT_RATING" ("RESTAURANT_ID","SCALE","OVERALL_RATING","SOURCE")VALUES('25568480','5','4.0','Yelp');
INSERT INTO "RESTAURANT_FEATURE" ("RESTAURANT_ID","FEATURE_NAME","DESCRIPTION")VALUES('25568480','Takes Reservations','Yes');
INSERT INTO "RESTAURANT_FEATURE" ("RESTAURANT_ID","FEATURE_NAME","DESCRIPTION")VALUES('25568480','Delivery','No');
INSERT INTO "RESTAURANT_FEATURE" ("RESTAURANT_ID","FEATURE_NAME","DESCRIPTION")VALUES('25568480','Take-out','Yes');
INSERT INTO "RESTAURANT_FEATURE" ("RESTAURANT_ID","FEATURE_NAME","DESCRIPTION")VALUES('25568480','Parking','Street');
INSERT INTO "RESTAURANT_FEATURE" ("RESTAURANT_ID","FEATURE_NAME","DESCRIPTION")VALUES('25568480','Good for Kids','Yes');
INSERT INTO "RESTAURANT_FEATURE" ("RESTAURANT_ID","FEATURE_NAME","DESCRIPTION")VALUES('25568480','Good for Groups','Yes');
INSERT INTO "RESTAURANT_FEATURE" ("RESTAURANT_ID","FEATURE_NAME","DESCRIPTION")VALUES('25568480','Attire','Casual');
INSERT INTO "RESTAURANT_FEATURE" ("RESTAURANT_ID","FEATURE_NAME","DESCRIPTION")VALUES('25568480','Ambience','Casual');
INSERT INTO "RESTAURANT_FEATURE" ("RESTAURANT_ID","FEATURE_NAME","DESCRIPTION")VALUES('25568480','Noise Level','Average');
INSERT INTO "RESTAURANT_FEATURE" ("RESTAURANT_ID","FEATURE_NAME","DESCRIPTION")VALUES('25568480','Alcohol','Beer & Wine Only');
INSERT INTO "RESTAURANT_FEATURE" ("RESTAURANT_ID","FEATURE_NAME","DESCRIPTION")VALUES('25568480','Outdoor Seating','Yes');
INSERT INTO "RESTAURANT_FEATURE" ("RESTAURANT_ID","FEATURE_NAME","DESCRIPTION")VALUES('25568480','Wi-Fi','No');
INSERT INTO "RESTAURANT_FEATURE" ("RESTAURANT_ID","FEATURE_NAME","DESCRIPTION")VALUES('25568480','Has TV','No');
INSERT INTO "RESTAURANT_FEATURE" ("RESTAURANT_ID","FEATURE_NAME","DESCRIPTION")VALUES('25568480','Caters','No');
INSERT INTO "OPENING_HOUR" ("DAY","RESTAURANT_ID","OPENING_TIME","CLOSING_TIME")VALUES('Mon','25568480','5:00 pm','11:00 pm');
INSERT INTO "OPENING_HOUR" ("DAY","RESTAURANT_ID","OPENING_TIME","CLOSING_TIME")VALUES('Tue','25568480','5:00 pm','11:00 pm');
INSERT INTO "OPENING_HOUR" ("DAY","RESTAURANT_ID","OPENING_TIME","CLOSING_TIME")VALUES('Wed','25568480','5:00 pm','11:00 pm');
INSERT INTO "OPENING_HOUR" ("DAY","RESTAURANT_ID","OPENING_TIME","CLOSING_TIME")VALUES('Thu','25568480','5:00 pm','11:00 pm');
INSERT INTO "OPENING_HOUR" ("DAY","RESTAURANT_ID","OPENING_TIME","CLOSING_TIME")VALUES('Fri','25568480','5:00 pm','11:00 pm');
INSERT INTO "OPENING_HOUR" ("DAY","RESTAURANT_ID","OPENING_TIME","CLOSING_TIME")VALUES('Sat','25568480','5:00 pm','11:00 pm');
INSERT INTO "USER_REVIEW" ("RESTAURANT_ID","REVIEW_DATE","COMMENT","REVIEW_RATING")VALUES('25568480','2017-10-30 15:46:39','The place is on the smaller side. There are no built in grills so they use a portable gas stove with a grill plate which is okay. Although there are no air...','4');
INSERT INTO "PHOTO" ("RESTAURANT_ID","PICTURE_URL")VALUES('25568480','https://s3-media2.fl.yelpcdn.com/photo/ssVMXyd-OIV965QA7VMbGg/o.jpg');
INSERT INTO "USER_REVIEW" ("RESTAURANT_ID","REVIEW_DATE","COMMENT","REVIEW_RATING")VALUES('25568480','2017-05-22 13:52:25','Delicious!!!! Wonderful food! A must try! They also have floor seating as an option. Make a reservation!','5');
INSERT INTO "PHOTO" ("RESTAURANT_ID","PICTURE_URL")VALUES('25568480','https://s3-media1.fl.yelpcdn.com/photo/ePwPayg3wUXEga-vqcqpqQ/o.jpg');
INSERT INTO "USER_REVIEW" ("RESTAURANT_ID","REVIEW_DATE","COMMENT","REVIEW_RATING")VALUES('25568480','2017-01-22 06:30:19','We came here with my friends for his birthday a couple of weeks ago. Madang is definitely one of those "nicer" looking Korean restaurants (I''ve been to a...','4');
INSERT INTO "PHOTO" ("RESTAURANT_ID","PICTURE_URL")VALUES('25568480','https://s3-media2.fl.yelpcdn.com/photo/H33NrMCPXyuWQEHAqUGxGw/o.jpg');
INSERT INTO "LOCATION" ("LOCATION_ID","LOCATION_TYPE","ADDRESS","LONGITUDE","LATITUDE")VALUES('59','R','Bellermannstr. 17 A13357 BerlinGermany','13.38745','52.55233');
INSERT INTO "RESTAURANT" ("RESTAURANT_ID","PRICERANGE","PHONE_NUMBER","WEBSITE")VALUES('44374203','€€','+49 30 4944028','shalimarrestaurant.de');
INSERT INTO "CUISINE" ("RESTAURANT_ID","CUISINE_TYPE")VALUES('44374203','Pakistani');
INSERT INTO "RESTAURANT_RATING" ("RESTAURANT_ID","SCALE","OVERALL_RATING","SOURCE")VALUES('44374203','5','4.5','Yelp');
INSERT INTO "RESTAURANT_FEATURE" ("RESTAURANT_ID","FEATURE_NAME","DESCRIPTION")VALUES('44374203','Takes Reservations','Yes');
INSERT INTO "RESTAURANT_FEATURE" ("RESTAURANT_ID","FEATURE_NAME","DESCRIPTION")VALUES('44374203','Delivery','No');
INSERT INTO "RESTAURANT_FEATURE" ("RESTAURANT_ID","FEATURE_NAME","DESCRIPTION")VALUES('44374203','Take-out','No');
INSERT INTO "RESTAURANT_FEATURE" ("RESTAURANT_ID","FEATURE_NAME","DESCRIPTION")VALUES('44374203','Accepted Cards','None');
INSERT INTO "RESTAURANT_FEATURE" ("RESTAURANT_ID","FEATURE_NAME","DESCRIPTION")VALUES('44374203','Accepts Bitcoin','No');
INSERT INTO "RESTAURANT_FEATURE" ("RESTAURANT_ID","FEATURE_NAME","DESCRIPTION")VALUES('44374203','Good For','Lunch, Dinner');
INSERT INTO "RESTAURANT_FEATURE" ("RESTAURANT_ID","FEATURE_NAME","DESCRIPTION")VALUES('44374203','Parking','Street');
INSERT INTO "RESTAURANT_FEATURE" ("RESTAURANT_ID","FEATURE_NAME","DESCRIPTION")VALUES('44374203','Good for Kids','Yes');
INSERT INTO "RESTAURANT_FEATURE" ("RESTAURANT_ID","FEATURE_NAME","DESCRIPTION")VALUES('44374203','Good for Groups','Yes');
INSERT INTO "RESTAURANT_FEATURE" ("RESTAURANT_ID","FEATURE_NAME","DESCRIPTION")VALUES('44374203','Attire','Casual');
INSERT INTO "RESTAURANT_FEATURE" ("RESTAURANT_ID","FEATURE_NAME","DESCRIPTION")VALUES('44374203','Ambience','Casual');
INSERT INTO "RESTAURANT_FEATURE" ("RESTAURANT_ID","FEATURE_NAME","DESCRIPTION")VALUES('44374203','Noise Level','Average');
INSERT INTO "RESTAURANT_FEATURE" ("RESTAURANT_ID","FEATURE_NAME","DESCRIPTION")VALUES('44374203','Alcohol','Beer & Wine Only');
INSERT INTO "RESTAURANT_FEATURE" ("RESTAURANT_ID","FEATURE_NAME","DESCRIPTION")VALUES('44374203','Outdoor Seating','Yes');
INSERT INTO "RESTAURANT_FEATURE" ("RESTAURANT_ID","FEATURE_NAME","DESCRIPTION")VALUES('44374203','Wi-Fi','No');
INSERT INTO "RESTAURANT_FEATURE" ("RESTAURANT_ID","FEATURE_NAME","DESCRIPTION")VALUES('44374203','Has TV','No');
INSERT INTO "RESTAURANT_FEATURE" ("RESTAURANT_ID","FEATURE_NAME","DESCRIPTION")VALUES('44374203','Caters','No');
INSERT INTO "OPENING_HOUR" ("DAY","RESTAURANT_ID","OPENING_TIME","CLOSING_TIME")VALUES('Mon','44374203','12:00 pm','4:00 pm');
INSERT INTO "OPENING_HOUR" ("DAY","RESTAURANT_ID","OPENING_TIME","CLOSING_TIME")VALUES('Tue','44374203','12:00 pm','4:00 pm');
INSERT INTO "OPENING_HOUR" ("DAY","RESTAURANT_ID","OPENING_TIME","CLOSING_TIME")VALUES('Wed','44374203','12:00 pm','4:00 pm');
INSERT INTO "OPENING_HOUR" ("DAY","RESTAURANT_ID","OPENING_TIME","CLOSING_TIME")VALUES('Thu','44374203','12:00 pm','4:00 pm');
INSERT INTO "OPENING_HOUR" ("DAY","RESTAURANT_ID","OPENING_TIME","CLOSING_TIME")VALUES('Fri','44374203','12:00 pm','4:00 pm');
INSERT INTO "OPENING_HOUR" ("DAY","RESTAURANT_ID","OPENING_TIME","CLOSING_TIME")VALUES('Sat','44374203','12:00 pm','4:00 pm');
INSERT INTO "OPENING_HOUR" ("DAY","RESTAURANT_ID","OPENING_TIME","CLOSING_TIME")VALUES('Sun','44374203','Open now','4:00 pm');
INSERT INTO "USER_REVIEW" ("RESTAURANT_ID","REVIEW_DATE","COMMENT","REVIEW_RATING")VALUES('44374203','2018-01-08 14:27:44','Came in around 3pm, host said they''re closing at 4, which is ok because we weren''t planning on staying long.
We ordered the food and oh my goodness... It...','5');
INSERT INTO "PHOTO" ("RESTAURANT_ID","PICTURE_URL")VALUES('44374203','https://s3-media2.fl.yelpcdn.com/photo/v8u8mNNgw6xt5zM35AuNig/o.jpg');
INSERT INTO "USER_REVIEW" ("RESTAURANT_ID","REVIEW_DATE","COMMENT","REVIEW_RATING")VALUES('44374203','2017-09-21 08:46:53','This is one of best restaurant offering Indian cuisine in Berlin. Authentic Indian taste and very good price. Highly recommend their chole bhature','5');
INSERT INTO "PHOTO" ("RESTAURANT_ID","PICTURE_URL")VALUES('44374203','https://s3-media3.fl.yelpcdn.com/photo/8XcUlFiMjvyG0FSVyyIbdg/o.jpg');
INSERT INTO "USER_REVIEW" ("RESTAURANT_ID","REVIEW_DATE","COMMENT","REVIEW_RATING")VALUES('44374203','2016-02-14 11:35:37','That''s quite a hidden neighborhood gem. 

And while on would still assert that most Indian/Pakistani restaurants in Berlin do not score so well when it...','4');
INSERT INTO "PHOTO" ("RESTAURANT_ID","PICTURE_URL")VALUES('44374203','https://s3-media1.fl.yelpcdn.com/photo/QeIjla-35WIOz9op35iIEA/o.jpg');
INSERT INTO "LOCATION" ("LOCATION_ID","LOCATION_TYPE","ADDRESS","LONGITUDE","LATITUDE")VALUES('60','R','Nürnberger Str. 2110789 BerlinGermany','13.3377590179','52.5016479492');
INSERT INTO "RESTAURANT" ("RESTAURANT_ID","PRICERANGE","PHONE_NUMBER","WEBSITE")VALUES('29495053','€€','+49 30 68838933','bonito-berlin.de');
INSERT INTO "CUISINE" ("RESTAURANT_ID","CUISINE_TYPE")VALUES('29495053','Tapas Bars');
INSERT INTO "RESTAURANT_RATING" ("RESTAURANT_ID","SCALE","OVERALL_RATING","SOURCE")VALUES('29495053','5','4.0','Yelp');
INSERT INTO "RESTAURANT_FEATURE" ("RESTAURANT_ID","FEATURE_NAME","DESCRIPTION")VALUES('29495053','Takes Reservations','Yes');
INSERT INTO "RESTAURANT_FEATURE" ("RESTAURANT_ID","FEATURE_NAME","DESCRIPTION")VALUES('29495053','Delivery','No');
INSERT INTO "RESTAURANT_FEATURE" ("RESTAURANT_ID","FEATURE_NAME","DESCRIPTION")VALUES('29495053','Take-out','No');
INSERT INTO "RESTAURANT_FEATURE" ("RESTAURANT_ID","FEATURE_NAME","DESCRIPTION")VALUES('29495053','Accepted Cards','Credit, Debit');
INSERT INTO "RESTAURANT_FEATURE" ("RESTAURANT_ID","FEATURE_NAME","DESCRIPTION")VALUES('29495053','Parking','Street');
INSERT INTO "RESTAURANT_FEATURE" ("RESTAURANT_ID","FEATURE_NAME","DESCRIPTION")VALUES('29495053','Good for Kids','No');
INSERT INTO "RESTAURANT_FEATURE" ("RESTAURANT_ID","FEATURE_NAME","DESCRIPTION")VALUES('29495053','Good for Groups','Yes');
INSERT INTO "RESTAURANT_FEATURE" ("RESTAURANT_ID","FEATURE_NAME","DESCRIPTION")VALUES('29495053','Attire','Casual');
INSERT INTO "RESTAURANT_FEATURE" ("RESTAURANT_ID","FEATURE_NAME","DESCRIPTION")VALUES('29495053','Ambience','Romantic');
INSERT INTO "RESTAURANT_FEATURE" ("RESTAURANT_ID","FEATURE_NAME","DESCRIPTION")VALUES('29495053','Noise Level','Average');
INSERT INTO "RESTAURANT_FEATURE" ("RESTAURANT_ID","FEATURE_NAME","DESCRIPTION")VALUES('29495053','Alcohol','Full Bar');
INSERT INTO "RESTAURANT_FEATURE" ("RESTAURANT_ID","FEATURE_NAME","DESCRIPTION")VALUES('29495053','Outdoor Seating','Yes');
INSERT INTO "RESTAURANT_FEATURE" ("RESTAURANT_ID","FEATURE_NAME","DESCRIPTION")VALUES('29495053','Wi-Fi','No');
INSERT INTO "RESTAURANT_FEATURE" ("RESTAURANT_ID","FEATURE_NAME","DESCRIPTION")VALUES('29495053','Has TV','No');
INSERT INTO "RESTAURANT_FEATURE" ("RESTAURANT_ID","FEATURE_NAME","DESCRIPTION")VALUES('29495053','Caters','No');
INSERT INTO "OPENING_HOUR" ("DAY","RESTAURANT_ID","OPENING_TIME","CLOSING_TIME")VALUES('Mon','29495053','5:00 pm','1:00 am');
INSERT INTO "OPENING_HOUR" ("DAY","RESTAURANT_ID","OPENING_TIME","CLOSING_TIME")VALUES('Tue','29495053','5:00 pm','1:00 am');
INSERT INTO "OPENING_HOUR" ("DAY","RESTAURANT_ID","OPENING_TIME","CLOSING_TIME")VALUES('Wed','29495053','5:00 pm','1:00 am');
INSERT INTO "OPENING_HOUR" ("DAY","RESTAURANT_ID","OPENING_TIME","CLOSING_TIME")VALUES('Thu','29495053','5:00 pm','1:00 am');
INSERT INTO "OPENING_HOUR" ("DAY","RESTAURANT_ID","OPENING_TIME","CLOSING_TIME")VALUES('Fri','29495053','5:00 pm','1:00 am');
INSERT INTO "OPENING_HOUR" ("DAY","RESTAURANT_ID","OPENING_TIME","CLOSING_TIME")VALUES('Sat','29495053','5:00 pm','1:00 am');
INSERT INTO "OPENING_HOUR" ("DAY","RESTAURANT_ID","OPENING_TIME","CLOSING_TIME")VALUES('Sun','29495053','Open now','1:00 am');
INSERT INTO "USER_REVIEW" ("RESTAURANT_ID","REVIEW_DATE","COMMENT","REVIEW_RATING")VALUES('29495053','2018-01-10 12:50:16','Great little restaurant in Berlin. Serves Spanish tapas that are excellently prepared.  I usually stay at the Ellington so this place is perfectly located....','5');
INSERT INTO "PHOTO" ("RESTAURANT_ID","PICTURE_URL")VALUES('29495053','https://s3-media1.fl.yelpcdn.com/photo/wOnrspc4pZMtvoUr_K8mIA/o.jpg');
INSERT INTO "USER_REVIEW" ("RESTAURANT_ID","REVIEW_DATE","COMMENT","REVIEW_RATING")VALUES('29495053','2018-01-03 01:21:45','Excellent atmosphere, service, and food!  This little gem has an adults only policy which is absolutely appreciated.  It''s wonderful to get away for a quiet...','5');
INSERT INTO "PHOTO" ("RESTAURANT_ID","PICTURE_URL")VALUES('29495053','https://s3-media3.fl.yelpcdn.com/photo/q5z10MsUMKoRo_sdd6qU9Q/o.jpg');
INSERT INTO "USER_REVIEW" ("RESTAURANT_ID","REVIEW_DATE","COMMENT","REVIEW_RATING")VALUES('29495053','2017-06-28 08:31:14','Since last time they have apparently changed their children policy (!) so no children under 16 allowed even though we came 5.30 PM. Very disappointing!!','1');
INSERT INTO "PHOTO" ("RESTAURANT_ID","PICTURE_URL")VALUES('29495053','https://s3-media3.fl.yelpcdn.com/photo/2B_yx520Z6kNa6K151ANdQ/o.jpg');
INSERT INTO "LOCATION" ("LOCATION_ID","LOCATION_TYPE","ADDRESS","LONGITUDE","LATITUDE")VALUES('61','R','Maaßenstr. 1110777 BerlinGermany','13.3542975538','52.4976766233');
INSERT INTO "RESTAURANT" ("RESTAURANT_ID","PRICERANGE","PHONE_NUMBER","WEBSITE")VALUES('49068800','€€','+49 30 81031115','limayra.de/pages/de/home.php');
INSERT INTO "CUISINE" ("RESTAURANT_ID","CUISINE_TYPE")VALUES('49068800','Mediterranean');
INSERT INTO "CUISINE" ("RESTAURANT_ID","CUISINE_TYPE")VALUES('49068800','Wine Bars');
INSERT INTO "CUISINE" ("RESTAURANT_ID","CUISINE_TYPE")VALUES('49068800','Cafes');
INSERT INTO "RESTAURANT_RATING" ("RESTAURANT_ID","SCALE","OVERALL_RATING","SOURCE")VALUES('49068800','5','4.5','Yelp');
INSERT INTO "RESTAURANT_FEATURE" ("RESTAURANT_ID","FEATURE_NAME","DESCRIPTION")VALUES('49068800','Takes Reservations','Yes');
INSERT INTO "RESTAURANT_FEATURE" ("RESTAURANT_ID","FEATURE_NAME","DESCRIPTION")VALUES('49068800','Delivery','Yes');
INSERT INTO "RESTAURANT_FEATURE" ("RESTAURANT_ID","FEATURE_NAME","DESCRIPTION")VALUES('49068800','Take-out','Yes');
INSERT INTO "RESTAURANT_FEATURE" ("RESTAURANT_ID","FEATURE_NAME","DESCRIPTION")VALUES('49068800','Accepted Cards','Credit, Debit');
INSERT INTO "RESTAURANT_FEATURE" ("RESTAURANT_ID","FEATURE_NAME","DESCRIPTION")VALUES('49068800','Parking','Street');
INSERT INTO "RESTAURANT_FEATURE" ("RESTAURANT_ID","FEATURE_NAME","DESCRIPTION")VALUES('49068800','Good for Kids','No');
INSERT INTO "RESTAURANT_FEATURE" ("RESTAURANT_ID","FEATURE_NAME","DESCRIPTION")VALUES('49068800','Good for Groups','Yes');
INSERT INTO "RESTAURANT_FEATURE" ("RESTAURANT_ID","FEATURE_NAME","DESCRIPTION")VALUES('49068800','Attire','Formal (Jacket Required)');
INSERT INTO "RESTAURANT_FEATURE" ("RESTAURANT_ID","FEATURE_NAME","DESCRIPTION")VALUES('49068800','Noise Level','Average');
INSERT INTO "RESTAURANT_FEATURE" ("RESTAURANT_ID","FEATURE_NAME","DESCRIPTION")VALUES('49068800','Alcohol','Beer & Wine Only');
INSERT INTO "RESTAURANT_FEATURE" ("RESTAURANT_ID","FEATURE_NAME","DESCRIPTION")VALUES('49068800','Outdoor Seating','Yes');
INSERT INTO "RESTAURANT_FEATURE" ("RESTAURANT_ID","FEATURE_NAME","DESCRIPTION")VALUES('49068800','Wi-Fi','No');
INSERT INTO "RESTAURANT_FEATURE" ("RESTAURANT_ID","FEATURE_NAME","DESCRIPTION")VALUES('49068800','Has TV','No');
INSERT INTO "RESTAURANT_FEATURE" ("RESTAURANT_ID","FEATURE_NAME","DESCRIPTION")VALUES('49068800','Waiter Service','Yes');
INSERT INTO "RESTAURANT_FEATURE" ("RESTAURANT_ID","FEATURE_NAME","DESCRIPTION")VALUES('49068800','Caters','Yes');
INSERT INTO "OPENING_HOUR" ("DAY","RESTAURANT_ID","OPENING_TIME","CLOSING_TIME")VALUES('Mon','49068800','11:00 am','1:00 am');
INSERT INTO "OPENING_HOUR" ("DAY","RESTAURANT_ID","OPENING_TIME","CLOSING_TIME")VALUES('Tue','49068800','11:00 am','1:00 am');
INSERT INTO "OPENING_HOUR" ("DAY","RESTAURANT_ID","OPENING_TIME","CLOSING_TIME")VALUES('Wed','49068800','11:00 am','1:00 am');
INSERT INTO "OPENING_HOUR" ("DAY","RESTAURANT_ID","OPENING_TIME","CLOSING_TIME")VALUES('Thu','49068800','11:00 am','1:00 am');
INSERT INTO "OPENING_HOUR" ("DAY","RESTAURANT_ID","OPENING_TIME","CLOSING_TIME")VALUES('Fri','49068800','11:00 am','1:00 am');
INSERT INTO "OPENING_HOUR" ("DAY","RESTAURANT_ID","OPENING_TIME","CLOSING_TIME")VALUES('Sat','49068800','11:00 am','1:00 am');
INSERT INTO "OPENING_HOUR" ("DAY","RESTAURANT_ID","OPENING_TIME","CLOSING_TIME")VALUES('Sun','49068800','Open now','1:00 am');
INSERT INTO "USER_REVIEW" ("RESTAURANT_ID","REVIEW_DATE","COMMENT","REVIEW_RATING")VALUES('49068800','2017-10-10 12:57:55','Wow absolutely delicious. Tagliatelle Maazen. Amazing! Great caprese salad and delicious wine!','5');
INSERT INTO "PHOTO" ("RESTAURANT_ID","PICTURE_URL")VALUES('49068800','https://s3-media2.fl.yelpcdn.com/photo/3E5njK-Jxrf3E6D5z7Si1g/o.jpg');
INSERT INTO "USER_REVIEW" ("RESTAURANT_ID","REVIEW_DATE","COMMENT","REVIEW_RATING")VALUES('49068800','2015-06-13 18:38:13','One of my favorite vacation activities is to find a popular local wine bar, stake out a spot with some wine and cheese, pretend to read a book, and listen...','5');
INSERT INTO "PHOTO" ("RESTAURANT_ID","PICTURE_URL")VALUES('49068800','https://s3-media3.fl.yelpcdn.com/photo/L3xWRzlwG4ZPe109qAUUdg/o.jpg');
INSERT INTO "USER_REVIEW" ("RESTAURANT_ID","REVIEW_DATE","COMMENT","REVIEW_RATING")VALUES('49068800','2016-02-01 07:54:56','We only went there for a bottle of wine after we had dinner in the area, but I am sure I will be back to try some of their food as well. It''s a small, nice...','4');
INSERT INTO "PHOTO" ("RESTAURANT_ID","PICTURE_URL")VALUES('49068800','https://s3-media3.fl.yelpcdn.com/photo/yY2Snv5_X-_obmMYdLsHvw/o.jpg');
INSERT INTO "LOCATION" ("LOCATION_ID","LOCATION_TYPE","ADDRESS","LONGITUDE","LATITUDE")VALUES('62','R','Greifswalderstr. 410405 BerlinGermany','13.4251','52.5288');
INSERT INTO "RESTAURANT" ("RESTAURANT_ID","PRICERANGE","PHONE_NUMBER","WEBSITE")VALUES('94044327','€€','+49 30 48827940','merhaba-restaurant.de');
INSERT INTO "CUISINE" ("RESTAURANT_ID","CUISINE_TYPE")VALUES('94044327','Mediterranean');
INSERT INTO "CUISINE" ("RESTAURANT_ID","CUISINE_TYPE")VALUES('94044327','Oriental');
INSERT INTO "RESTAURANT_RATING" ("RESTAURANT_ID","SCALE","OVERALL_RATING","SOURCE")VALUES('94044327','5','4.5','Yelp');
INSERT INTO "RESTAURANT_FEATURE" ("RESTAURANT_ID","FEATURE_NAME","DESCRIPTION")VALUES('94044327','Takes Reservations','Yes');
INSERT INTO "RESTAURANT_FEATURE" ("RESTAURANT_ID","FEATURE_NAME","DESCRIPTION")VALUES('94044327','Delivery','No');
INSERT INTO "RESTAURANT_FEATURE" ("RESTAURANT_ID","FEATURE_NAME","DESCRIPTION")VALUES('94044327','Good for Kids','Yes');
INSERT INTO "RESTAURANT_FEATURE" ("RESTAURANT_ID","FEATURE_NAME","DESCRIPTION")VALUES('94044327','Good for Groups','Yes');
INSERT INTO "RESTAURANT_FEATURE" ("RESTAURANT_ID","FEATURE_NAME","DESCRIPTION")VALUES('94044327','Attire','Casual');
INSERT INTO "RESTAURANT_FEATURE" ("RESTAURANT_ID","FEATURE_NAME","DESCRIPTION")VALUES('94044327','Noise Level','Quiet');
INSERT INTO "RESTAURANT_FEATURE" ("RESTAURANT_ID","FEATURE_NAME","DESCRIPTION")VALUES('94044327','Alcohol','Beer & Wine Only');
INSERT INTO "RESTAURANT_FEATURE" ("RESTAURANT_ID","FEATURE_NAME","DESCRIPTION")VALUES('94044327','Outdoor Seating','Yes');
INSERT INTO "RESTAURANT_FEATURE" ("RESTAURANT_ID","FEATURE_NAME","DESCRIPTION")VALUES('94044327','Has TV','No');
INSERT INTO "OPENING_HOUR" ("DAY","RESTAURANT_ID","OPENING_TIME","CLOSING_TIME")VALUES('Mon','94044327','12:00 pm','12:00 am');
INSERT INTO "OPENING_HOUR" ("DAY","RESTAURANT_ID","OPENING_TIME","CLOSING_TIME")VALUES('Tue','94044327','12:00 pm','12:00 am');
INSERT INTO "OPENING_HOUR" ("DAY","RESTAURANT_ID","OPENING_TIME","CLOSING_TIME")VALUES('Wed','94044327','12:00 pm','12:00 am');
INSERT INTO "OPENING_HOUR" ("DAY","RESTAURANT_ID","OPENING_TIME","CLOSING_TIME")VALUES('Thu','94044327','12:00 pm','12:00 am');
INSERT INTO "OPENING_HOUR" ("DAY","RESTAURANT_ID","OPENING_TIME","CLOSING_TIME")VALUES('Fri','94044327','12:00 pm','12:00 am');
INSERT INTO "OPENING_HOUR" ("DAY","RESTAURANT_ID","OPENING_TIME","CLOSING_TIME")VALUES('Sat','94044327','6:00 pm','12:00 am');
INSERT INTO "OPENING_HOUR" ("DAY","RESTAURANT_ID","OPENING_TIME","CLOSING_TIME")VALUES('Sun','94044327','Open now','12:00 am');
INSERT INTO "USER_REVIEW" ("RESTAURANT_ID","REVIEW_DATE","COMMENT","REVIEW_RATING")VALUES('94044327','2016-07-28 10:15:46','I didn''t actually know what I was ordering when I picked the Iskender and ended up with a HUGE plate of delicious grilled shawarma over grilled bread, with...','5');
INSERT INTO "PHOTO" ("RESTAURANT_ID","PICTURE_URL")VALUES('94044327','https://s3-media2.fl.yelpcdn.com/photo/91BBb2RQXMwRqNJ1nR8Iug/o.jpg');
INSERT INTO "USER_REVIEW" ("RESTAURANT_ID","REVIEW_DATE","COMMENT","REVIEW_RATING")VALUES('94044327','2015-08-01 10:48:48','Food is good. Ambience is lovely. Does not take cards. Highly recommend the mixed platter. Price is ok--like another reviewer said, not budget but won''t...','4');
INSERT INTO "PHOTO" ("RESTAURANT_ID","PICTURE_URL")VALUES('94044327','https://s3-media1.fl.yelpcdn.com/photo/7dQAueVAS33UiQgsplWUTg/o.jpg');
INSERT INTO "USER_REVIEW" ("RESTAURANT_ID","REVIEW_DATE","COMMENT","REVIEW_RATING")VALUES('94044327','2013-07-23 12:52:02','Great restaurant. Super friendly service. Huge portions, very tasty and great quality food. Prices are reasonable considering the area (ie. it''s not a...','5');
INSERT INTO "LOCATION" ("LOCATION_ID","LOCATION_TYPE","ADDRESS","LONGITUDE","LATITUDE")VALUES('63','R','Hermannstr. 15212051 BerlinGermany','13.4324837667','52.4657424812');
INSERT INTO "RESTAURANT" ("RESTAURANT_ID","PRICERANGE","PHONE_NUMBER","WEBSITE")VALUES('23737156','€','+49 30 62900946','None');
INSERT INTO "CUISINE" ("RESTAURANT_ID","CUISINE_TYPE")VALUES('23737156','Vietnamese');
INSERT INTO "RESTAURANT_RATING" ("RESTAURANT_ID","SCALE","OVERALL_RATING","SOURCE")VALUES('23737156','5','4.5','Yelp');
INSERT INTO "RESTAURANT_FEATURE" ("RESTAURANT_ID","FEATURE_NAME","DESCRIPTION")VALUES('23737156','Takes Reservations','Yes');
INSERT INTO "RESTAURANT_FEATURE" ("RESTAURANT_ID","FEATURE_NAME","DESCRIPTION")VALUES('23737156','Delivery','No');
INSERT INTO "RESTAURANT_FEATURE" ("RESTAURANT_ID","FEATURE_NAME","DESCRIPTION")VALUES('23737156','Take-out','Yes');
INSERT INTO "RESTAURANT_FEATURE" ("RESTAURANT_ID","FEATURE_NAME","DESCRIPTION")VALUES('23737156','Accepted Cards','None');
INSERT INTO "RESTAURANT_FEATURE" ("RESTAURANT_ID","FEATURE_NAME","DESCRIPTION")VALUES('23737156','Parking','Street');
INSERT INTO "RESTAURANT_FEATURE" ("RESTAURANT_ID","FEATURE_NAME","DESCRIPTION")VALUES('23737156','Good for Kids','Yes');
INSERT INTO "RESTAURANT_FEATURE" ("RESTAURANT_ID","FEATURE_NAME","DESCRIPTION")VALUES('23737156','Good for Groups','Yes');
INSERT INTO "RESTAURANT_FEATURE" ("RESTAURANT_ID","FEATURE_NAME","DESCRIPTION")VALUES('23737156','Attire','Casual');
INSERT INTO "RESTAURANT_FEATURE" ("RESTAURANT_ID","FEATURE_NAME","DESCRIPTION")VALUES('23737156','Ambience','Casual');
INSERT INTO "RESTAURANT_FEATURE" ("RESTAURANT_ID","FEATURE_NAME","DESCRIPTION")VALUES('23737156','Noise Level','Average');
INSERT INTO "RESTAURANT_FEATURE" ("RESTAURANT_ID","FEATURE_NAME","DESCRIPTION")VALUES('23737156','Alcohol','Beer & Wine Only');
INSERT INTO "RESTAURANT_FEATURE" ("RESTAURANT_ID","FEATURE_NAME","DESCRIPTION")VALUES('23737156','Outdoor Seating','Yes');
INSERT INTO "RESTAURANT_FEATURE" ("RESTAURANT_ID","FEATURE_NAME","DESCRIPTION")VALUES('23737156','Wi-Fi','No');
INSERT INTO "RESTAURANT_FEATURE" ("RESTAURANT_ID","FEATURE_NAME","DESCRIPTION")VALUES('23737156','Has TV','No');
INSERT INTO "RESTAURANT_FEATURE" ("RESTAURANT_ID","FEATURE_NAME","DESCRIPTION")VALUES('23737156','Caters','No');
INSERT INTO "OPENING_HOUR" ("DAY","RESTAURANT_ID","OPENING_TIME","CLOSING_TIME")VALUES('Mon','23737156','11:30 am','11:30 pm');
INSERT INTO "OPENING_HOUR" ("DAY","RESTAURANT_ID","OPENING_TIME","CLOSING_TIME")VALUES('Tue','23737156','11:30 am','11:30 pm');
INSERT INTO "OPENING_HOUR" ("DAY","RESTAURANT_ID","OPENING_TIME","CLOSING_TIME")VALUES('Wed','23737156','11:30 am','11:30 pm');
INSERT INTO "OPENING_HOUR" ("DAY","RESTAURANT_ID","OPENING_TIME","CLOSING_TIME")VALUES('Thu','23737156','11:30 am','11:30 pm');
INSERT INTO "OPENING_HOUR" ("DAY","RESTAURANT_ID","OPENING_TIME","CLOSING_TIME")VALUES('Fri','23737156','11:30 am','11:30 pm');
INSERT INTO "OPENING_HOUR" ("DAY","RESTAURANT_ID","OPENING_TIME","CLOSING_TIME")VALUES('Sat','23737156','11:30 am','11:30 pm');
INSERT INTO "OPENING_HOUR" ("DAY","RESTAURANT_ID","OPENING_TIME","CLOSING_TIME")VALUES('Sun','23737156','Open now','11:30 pm');
INSERT INTO "USER_REVIEW" ("RESTAURANT_ID","REVIEW_DATE","COMMENT","REVIEW_RATING")VALUES('23737156','2017-09-15 14:27:32','Probably one of the worst Pho I ever had. I saw the reviews and it looked good-brought two friends and we all left dissatisfied. Won''t be back again & I...','1');
INSERT INTO "PHOTO" ("RESTAURANT_ID","PICTURE_URL")VALUES('23737156','https://s3-media2.fl.yelpcdn.com/photo/0_mXL6wn4Nyvexc1XjJWXQ/o.jpg');
INSERT INTO "USER_REVIEW" ("RESTAURANT_ID","REVIEW_DATE","COMMENT","REVIEW_RATING")VALUES('23737156','2016-07-17 03:56:07','Very affordable Vietnamese place in Neukölln! I got beef pho. It wasn''t the best pho I''ve had but it was only 5,50 and the broth was good. It was quite...','4');
INSERT INTO "PHOTO" ("RESTAURANT_ID","PICTURE_URL")VALUES('23737156','https://s3-media2.fl.yelpcdn.com/photo/YUgFpMFlGpvfYpWcU-JZhQ/o.jpg');
INSERT INTO "USER_REVIEW" ("RESTAURANT_ID","REVIEW_DATE","COMMENT","REVIEW_RATING")VALUES('23737156','2017-02-04 06:36:13','Absolutely amazing quality food for unbelievably low price. Our mains were €6 each. I have never eaten so well for so cheap in either London or New York....','5');
INSERT INTO "LOCATION" ("LOCATION_ID","LOCATION_TYPE","ADDRESS","LONGITUDE","LATITUDE")VALUES('64','R','Kastanienallee 1510435 BerlinGermany','13.4096637','52.5388499');
INSERT INTO "RESTAURANT" ("RESTAURANT_ID","PRICERANGE","PHONE_NUMBER","WEBSITE")VALUES('92683623','€€','+49 30 37475564','flyingmonkeyberlin.com');
INSERT INTO "CUISINE" ("RESTAURANT_ID","CUISINE_TYPE")VALUES('92683623','Dim Sum');
INSERT INTO "RESTAURANT_RATING" ("RESTAURANT_ID","SCALE","OVERALL_RATING","SOURCE")VALUES('92683623','5','4.5','Yelp');
INSERT INTO "RESTAURANT_FEATURE" ("RESTAURANT_ID","FEATURE_NAME","DESCRIPTION")VALUES('92683623','Takes Reservations','Yes');
INSERT INTO "RESTAURANT_FEATURE" ("RESTAURANT_ID","FEATURE_NAME","DESCRIPTION")VALUES('92683623','Take-out','Yes');
INSERT INTO "RESTAURANT_FEATURE" ("RESTAURANT_ID","FEATURE_NAME","DESCRIPTION")VALUES('92683623','Good for Kids','Yes');
INSERT INTO "RESTAURANT_FEATURE" ("RESTAURANT_ID","FEATURE_NAME","DESCRIPTION")VALUES('92683623','Good for Groups','Yes');
INSERT INTO "RESTAURANT_FEATURE" ("RESTAURANT_ID","FEATURE_NAME","DESCRIPTION")VALUES('92683623','Attire','Casual');
INSERT INTO "RESTAURANT_FEATURE" ("RESTAURANT_ID","FEATURE_NAME","DESCRIPTION")VALUES('92683623','Outdoor Seating','Yes');
INSERT INTO "OPENING_HOUR" ("DAY","RESTAURANT_ID","OPENING_TIME","CLOSING_TIME")VALUES('Mon','92683623','12:00 pm','12:00 am');
INSERT INTO "OPENING_HOUR" ("DAY","RESTAURANT_ID","OPENING_TIME","CLOSING_TIME")VALUES('Tue','92683623','12:00 pm','12:00 am');
INSERT INTO "OPENING_HOUR" ("DAY","RESTAURANT_ID","OPENING_TIME","CLOSING_TIME")VALUES('Wed','92683623','12:00 pm','12:00 am');
INSERT INTO "OPENING_HOUR" ("DAY","RESTAURANT_ID","OPENING_TIME","CLOSING_TIME")VALUES('Thu','92683623','12:00 pm','12:00 am');
INSERT INTO "OPENING_HOUR" ("DAY","RESTAURANT_ID","OPENING_TIME","CLOSING_TIME")VALUES('Fri','92683623','12:00 pm','2:00 am');
INSERT INTO "OPENING_HOUR" ("DAY","RESTAURANT_ID","OPENING_TIME","CLOSING_TIME")VALUES('Sat','92683623','12:00 pm','2:00 am');
INSERT INTO "OPENING_HOUR" ("DAY","RESTAURANT_ID","OPENING_TIME","CLOSING_TIME")VALUES('Sun','92683623','Open now','12:00 am');
INSERT INTO "USER_REVIEW" ("RESTAURANT_ID","REVIEW_DATE","COMMENT","REVIEW_RATING")VALUES('92683623','2017-11-04 09:18:10','It''s difficult to find a good dimsum place in Berlin. Not only are they usually pricy, but they''re also not as tasty as what you''d find in the US or UK...','5');
INSERT INTO "PHOTO" ("RESTAURANT_ID","PICTURE_URL")VALUES('92683623','https://s3-media2.fl.yelpcdn.com/photo/AVjK419r4W2z4Xay3IQAXg/o.jpg');
INSERT INTO "USER_REVIEW" ("RESTAURANT_ID","REVIEW_DATE","COMMENT","REVIEW_RATING")VALUES('92683623','2017-08-13 11:10:35','One of the best Asian cuisines we have ever been to. We ordered family style and nothing remained on the table at the end. Highly recommend this place, our...','5');
INSERT INTO "PHOTO" ("RESTAURANT_ID","PICTURE_URL")VALUES('92683623','https://s3-media2.fl.yelpcdn.com/photo/SG1_bXgq0Js7AZoEPRdESg/o.jpg');
INSERT INTO "RESTAURANT_RATING" ("RESTAURANT_ID","SCALE","OVERALL_RATING","SOURCE")VALUES('92683623','5','4.1','Google Map');
INSERT INTO "USER_REVIEW" ("RESTAURANT_ID","REVIEW_DATE","COMMENT","REVIEW_RATING")VALUES('92683623','2018-01-14','I''ve got mixed feelings here. I love the idea of the place but not the delivery. The options in the menu are not the most inspired and lunch menus are not very appealing. I hope tho that they will improve and give us the dumplings place we''ve all been waiting for.','3');
INSERT INTO "USER_REVIEW" ("RESTAURANT_ID","REVIEW_DATE","COMMENT","REVIEW_RATING")VALUES('92683623','2017-12-21','Friendly stuff. Nice atmosphere and interior. Octopus in the salad was not freshly cooked//or quite hard. Although salmon rolls were very tasty','4');
INSERT INTO "USER_REVIEW" ("RESTAURANT_ID","REVIEW_DATE","COMMENT","REVIEW_RATING")VALUES('92683623','2018-01-06','Awesome Asian food with great range of cocktails! Great vibe with superb customer services! The coconut creme brûlée and fortune cookies definitely sealed the deal!','5');
INSERT INTO "USER_REVIEW" ("RESTAURANT_ID","REVIEW_DATE","COMMENT","REVIEW_RATING")VALUES('92683623','2017-11-19','The food was very good and diversified! Amazing conditions with an amazing atmosphere! I can only recommend this restaurant.','5');
INSERT INTO "USER_REVIEW" ("RESTAURANT_ID","REVIEW_DATE","COMMENT","REVIEW_RATING")VALUES('92683623','2017-11-12','was really nice!
fast&friendly service.
won ton noodle soup was really great. other things were also good but i think won ton soup was the best.','5');
INSERT INTO "LOCATION" ("LOCATION_ID","LOCATION_TYPE","ADDRESS","LONGITUDE","LATITUDE")VALUES('65','R','Bayreuther Str. 4410787 BerlinGermany','13.34468','52.50366');
INSERT INTO "RESTAURANT" ("RESTAURANT_ID","PRICERANGE","PHONE_NUMBER","WEBSITE")VALUES('57776249','€€','+49 30 21996177','None');
INSERT INTO "CUISINE" ("RESTAURANT_ID","CUISINE_TYPE")VALUES('57776249','German');
INSERT INTO "RESTAURANT_RATING" ("RESTAURANT_ID","SCALE","OVERALL_RATING","SOURCE")VALUES('57776249','5','4.0','Yelp');
INSERT INTO "RESTAURANT_FEATURE" ("RESTAURANT_ID","FEATURE_NAME","DESCRIPTION")VALUES('57776249','Takes Reservations','Yes');
INSERT INTO "RESTAURANT_FEATURE" ("RESTAURANT_ID","FEATURE_NAME","DESCRIPTION")VALUES('57776249','Delivery','No');
INSERT INTO "RESTAURANT_FEATURE" ("RESTAURANT_ID","FEATURE_NAME","DESCRIPTION")VALUES('57776249','Take-out','No');
INSERT INTO "RESTAURANT_FEATURE" ("RESTAURANT_ID","FEATURE_NAME","DESCRIPTION")VALUES('57776249','Accepted Cards','None');
INSERT INTO "RESTAURANT_FEATURE" ("RESTAURANT_ID","FEATURE_NAME","DESCRIPTION")VALUES('57776249','Accepts Bitcoin','No');
INSERT INTO "RESTAURANT_FEATURE" ("RESTAURANT_ID","FEATURE_NAME","DESCRIPTION")VALUES('57776249','Parking','Garage, Street');
INSERT INTO "RESTAURANT_FEATURE" ("RESTAURANT_ID","FEATURE_NAME","DESCRIPTION")VALUES('57776249','Wheelchair Accessible','Yes');
INSERT INTO "RESTAURANT_FEATURE" ("RESTAURANT_ID","FEATURE_NAME","DESCRIPTION")VALUES('57776249','Good for Kids','No');
INSERT INTO "RESTAURANT_FEATURE" ("RESTAURANT_ID","FEATURE_NAME","DESCRIPTION")VALUES('57776249','Good for Groups','Yes');
INSERT INTO "RESTAURANT_FEATURE" ("RESTAURANT_ID","FEATURE_NAME","DESCRIPTION")VALUES('57776249','Attire','Casual');
INSERT INTO "RESTAURANT_FEATURE" ("RESTAURANT_ID","FEATURE_NAME","DESCRIPTION")VALUES('57776249','Ambience','Casual');
INSERT INTO "RESTAURANT_FEATURE" ("RESTAURANT_ID","FEATURE_NAME","DESCRIPTION")VALUES('57776249','Noise Level','Average');
INSERT INTO "RESTAURANT_FEATURE" ("RESTAURANT_ID","FEATURE_NAME","DESCRIPTION")VALUES('57776249','Alcohol','Full Bar');
INSERT INTO "RESTAURANT_FEATURE" ("RESTAURANT_ID","FEATURE_NAME","DESCRIPTION")VALUES('57776249','Outdoor Seating','Yes');
INSERT INTO "RESTAURANT_FEATURE" ("RESTAURANT_ID","FEATURE_NAME","DESCRIPTION")VALUES('57776249','Wi-Fi','No');
INSERT INTO "RESTAURANT_FEATURE" ("RESTAURANT_ID","FEATURE_NAME","DESCRIPTION")VALUES('57776249','Has TV','No');
INSERT INTO "RESTAURANT_FEATURE" ("RESTAURANT_ID","FEATURE_NAME","DESCRIPTION")VALUES('57776249','Dogs Allowed','Yes');
INSERT INTO "RESTAURANT_FEATURE" ("RESTAURANT_ID","FEATURE_NAME","DESCRIPTION")VALUES('57776249','Waiter Service','Yes');
INSERT INTO "RESTAURANT_FEATURE" ("RESTAURANT_ID","FEATURE_NAME","DESCRIPTION")VALUES('57776249','Caters','No');
INSERT INTO "OPENING_HOUR" ("DAY","RESTAURANT_ID","OPENING_TIME","CLOSING_TIME")VALUES('Mon','57776249','12:00 pm','11:00 pm');
INSERT INTO "OPENING_HOUR" ("DAY","RESTAURANT_ID","OPENING_TIME","CLOSING_TIME")VALUES('Tue','57776249','12:00 pm','11:00 pm');
INSERT INTO "OPENING_HOUR" ("DAY","RESTAURANT_ID","OPENING_TIME","CLOSING_TIME")VALUES('Wed','57776249','12:00 pm','11:00 pm');
INSERT INTO "OPENING_HOUR" ("DAY","RESTAURANT_ID","OPENING_TIME","CLOSING_TIME")VALUES('Thu','57776249','12:00 pm','11:00 pm');
INSERT INTO "OPENING_HOUR" ("DAY","RESTAURANT_ID","OPENING_TIME","CLOSING_TIME")VALUES('Fri','57776249','12:00 pm','11:00 pm');
INSERT INTO "OPENING_HOUR" ("DAY","RESTAURANT_ID","OPENING_TIME","CLOSING_TIME")VALUES('Sat','57776249','12:00 pm','11:00 pm');
INSERT INTO "USER_REVIEW" ("RESTAURANT_ID","REVIEW_DATE","COMMENT","REVIEW_RATING")VALUES('57776249','2017-08-14 11:22:23','This place was amazing! We had some fantastic beers and some great food! I highly recommend this place. Stop by and grab a beer!','5');
INSERT INTO "PHOTO" ("RESTAURANT_ID","PICTURE_URL")VALUES('57776249','https://s3-media4.fl.yelpcdn.com/photo/LIT00wcfctjxbvZDyPAFnw/o.jpg');
INSERT INTO "USER_REVIEW" ("RESTAURANT_ID","REVIEW_DATE","COMMENT","REVIEW_RATING")VALUES('57776249','2016-12-09 09:45:28','This is a small restaurant that was in the same street as a hotel I stayed at. I saw the excellent reviews on Yelp and wanted to have good German food while...','4');
INSERT INTO "PHOTO" ("RESTAURANT_ID","PICTURE_URL")VALUES('57776249','https://s3-media1.fl.yelpcdn.com/photo/tPfUzBRcK4yN8lOul1F7Ew/o.jpg');
INSERT INTO "USER_REVIEW" ("RESTAURANT_ID","REVIEW_DATE","COMMENT","REVIEW_RATING")VALUES('57776249','2017-04-25 13:12:32','Very well kept and authentic German restaurant from the classic decoration to the "home made" food. There seemed to be only one waiter as well as bartender...','5');
INSERT INTO "PHOTO" ("RESTAURANT_ID","PICTURE_URL")VALUES('57776249','https://s3-media2.fl.yelpcdn.com/photo/dnN10GZZp7WNa624gMnhdg/o.jpg');
INSERT INTO "LOCATION" ("LOCATION_ID","LOCATION_TYPE","ADDRESS","LONGITUDE","LATITUDE")VALUES('66','R','Knobelsdorffstr. 2714059 BerlinGermany','13.29242','52.51317');
INSERT INTO "RESTAURANT" ("RESTAURANT_ID","PRICERANGE","PHONE_NUMBER","WEBSITE")VALUES('52799018','€€','+49 30 67960520','dasomi.de');
INSERT INTO "CUISINE" ("RESTAURANT_ID","CUISINE_TYPE")VALUES('52799018','Korean');
INSERT INTO "RESTAURANT_RATING" ("RESTAURANT_ID","SCALE","OVERALL_RATING","SOURCE")VALUES('52799018','5','4.5','Yelp');
INSERT INTO "RESTAURANT_FEATURE" ("RESTAURANT_ID","FEATURE_NAME","DESCRIPTION")VALUES('52799018','Takes Reservations','Yes');
INSERT INTO "RESTAURANT_FEATURE" ("RESTAURANT_ID","FEATURE_NAME","DESCRIPTION")VALUES('52799018','Delivery','No');
INSERT INTO "RESTAURANT_FEATURE" ("RESTAURANT_ID","FEATURE_NAME","DESCRIPTION")VALUES('52799018','Take-out','Yes');
INSERT INTO "RESTAURANT_FEATURE" ("RESTAURANT_ID","FEATURE_NAME","DESCRIPTION")VALUES('52799018','Accepted Cards','Credit, Debit');
INSERT INTO "RESTAURANT_FEATURE" ("RESTAURANT_ID","FEATURE_NAME","DESCRIPTION")VALUES('52799018','Good For','Dinner');
INSERT INTO "RESTAURANT_FEATURE" ("RESTAURANT_ID","FEATURE_NAME","DESCRIPTION")VALUES('52799018','Good for Kids','Yes');
INSERT INTO "RESTAURANT_FEATURE" ("RESTAURANT_ID","FEATURE_NAME","DESCRIPTION")VALUES('52799018','Good for Groups','Yes');
INSERT INTO "RESTAURANT_FEATURE" ("RESTAURANT_ID","FEATURE_NAME","DESCRIPTION")VALUES('52799018','Attire','Casual');
INSERT INTO "RESTAURANT_FEATURE" ("RESTAURANT_ID","FEATURE_NAME","DESCRIPTION")VALUES('52799018','Ambience','Casual');
INSERT INTO "RESTAURANT_FEATURE" ("RESTAURANT_ID","FEATURE_NAME","DESCRIPTION")VALUES('52799018','Noise Level','Quiet');
INSERT INTO "RESTAURANT_FEATURE" ("RESTAURANT_ID","FEATURE_NAME","DESCRIPTION")VALUES('52799018','Alcohol','Full Bar');
INSERT INTO "RESTAURANT_FEATURE" ("RESTAURANT_ID","FEATURE_NAME","DESCRIPTION")VALUES('52799018','Outdoor Seating','Yes');
INSERT INTO "RESTAURANT_FEATURE" ("RESTAURANT_ID","FEATURE_NAME","DESCRIPTION")VALUES('52799018','Wi-Fi','Free');
INSERT INTO "RESTAURANT_FEATURE" ("RESTAURANT_ID","FEATURE_NAME","DESCRIPTION")VALUES('52799018','Has TV','No');
INSERT INTO "RESTAURANT_FEATURE" ("RESTAURANT_ID","FEATURE_NAME","DESCRIPTION")VALUES('52799018','Waiter Service','Yes');
INSERT INTO "OPENING_HOUR" ("DAY","RESTAURANT_ID","OPENING_TIME","CLOSING_TIME")VALUES('Mon','52799018','12:00 pm','11:00 pm');
INSERT INTO "OPENING_HOUR" ("DAY","RESTAURANT_ID","OPENING_TIME","CLOSING_TIME")VALUES('Tue','52799018','12:00 pm','11:00 pm');
INSERT INTO "OPENING_HOUR" ("DAY","RESTAURANT_ID","OPENING_TIME","CLOSING_TIME")VALUES('Wed','52799018','12:00 pm','11:00 pm');
INSERT INTO "OPENING_HOUR" ("DAY","RESTAURANT_ID","OPENING_TIME","CLOSING_TIME")VALUES('Thu','52799018','12:00 pm','11:00 pm');
INSERT INTO "OPENING_HOUR" ("DAY","RESTAURANT_ID","OPENING_TIME","CLOSING_TIME")VALUES('Fri','52799018','12:00 pm','11:00 pm');
INSERT INTO "OPENING_HOUR" ("DAY","RESTAURANT_ID","OPENING_TIME","CLOSING_TIME")VALUES('Sat','52799018','Open now','11:00 pm');
INSERT INTO "USER_REVIEW" ("RESTAURANT_ID","REVIEW_DATE","COMMENT","REVIEW_RATING")VALUES('52799018','2014-03-02 12:50:16','If you like authentic Korean dishes, than you should definitely give it a try! The food is delicious, it''s not that expensive and the waitress was very...','5');
INSERT INTO "PHOTO" ("RESTAURANT_ID","PICTURE_URL")VALUES('52799018','https://s3-media2.fl.yelpcdn.com/photo/Z-roIa7Kt3BDwqzCB5tlcg/o.jpg');
INSERT INTO "USER_REVIEW" ("RESTAURANT_ID","REVIEW_DATE","COMMENT","REVIEW_RATING")VALUES('52799018','2015-06-03 13:08:55','Have been meaning to try this place for a while and finally I did. The prices are decent, the owrber is nice and the interior is comfortable. Nothing mind...','4');
INSERT INTO "PHOTO" ("RESTAURANT_ID","PICTURE_URL")VALUES('52799018','https://s3-media1.fl.yelpcdn.com/photo/6m3LknOj880aH7HybeK0jg/o.jpg');
INSERT INTO "USER_REVIEW" ("RESTAURANT_ID","REVIEW_DATE","COMMENT","REVIEW_RATING")VALUES('52799018','2015-11-24 15:56:34','Having lived in Korea and being in love with Korean food, I''m now keen on eating my way through ALL Korean restaurants in Berlin ;-)
I came to this...','3');
INSERT INTO "PHOTO" ("RESTAURANT_ID","PICTURE_URL")VALUES('52799018','https://s3-media1.fl.yelpcdn.com/photo/epkEFZhuJRlym2804fBENw/o.jpg');
INSERT INTO "RESTAURANT_RATING" ("RESTAURANT_ID","SCALE","OVERALL_RATING","SOURCE")VALUES('52799018','5','4.1','Google Map');
INSERT INTO "USER_REVIEW" ("RESTAURANT_ID","REVIEW_DATE","COMMENT","REVIEW_RATING")VALUES('52799018','2017-04-09','Great sushi for great prices ','4');
INSERT INTO "USER_REVIEW" ("RESTAURANT_ID","REVIEW_DATE","COMMENT","REVIEW_RATING")VALUES('52799018','2017-08-02','Die Bedienung war super nett ! Dafür gibt es 5 Sterne. Zwar haben wir etwas länger auf unser Essen warten müssen aber das war es auch wert, dass Sushi war sehr lecker. Kommen gerne wieder','5');
INSERT INTO "USER_REVIEW" ("RESTAURANT_ID","REVIEW_DATE","COMMENT","REVIEW_RATING")VALUES('52799018','2017-05-19','Die Besitzer sind so ziemlich die nettesten Menschen, denen ich je begegnet bin. Sie haben uns sofort bedient und uns für die Überbrückung der Warte zeit sogar Magazine gereicht. Man hat die Verzweiflung in ihren Augen gesehen, da dass Restaurant während der Mittagszeit komplett leer war. Das Essen war sehr gut und ich werde auch noch öfter da hin gehen.','5');
INSERT INTO "USER_REVIEW" ("RESTAURANT_ID","REVIEW_DATE","COMMENT","REVIEW_RATING")VALUES('52799018','2017-09-01','Die gesamte Bedienung ist äußerst freundlich und an dem Wohl interessiert. Sowas ist in Berlin etwas ungewöhnlich, aber warum eigentlich nicht? 

Das Restaurant ist gemütlich eingerichtet und auch der Schrein und die Winke-Katze fehlen nicht. 

Das Essen war ebenfalls sehr lecker und angenehm anders als andere vietnamesische Restaurants. 

Insgesamt keine Haute-Cuisine aber das Preis-Leistungs-Verhältnis ist spitze! ','5');
INSERT INTO "USER_REVIEW" ("RESTAURANT_ID","REVIEW_DATE","COMMENT","REVIEW_RATING")VALUES('52799018','2017-06-06','Bedienung war sehr schwer zu verstehen. Die Mitarbeiter waren leider total mit uns überfordert, obwohl wir die einzigen sechs Gäste im Laden waren. 
Zudem hatten leider alle am nächsten Tag Durchfall, deshalb ist der Laden echt nicht zu empfehlen, auch wenn man gemerkt hat, das die Bedingung sich große Mühe gegeben hat ','1');
INSERT INTO "LOCATION" ("LOCATION_ID","LOCATION_TYPE","ADDRESS","LONGITUDE","LATITUDE")VALUES('67','R','Wielandstr. 610625 BerlinGermany','13.3152','52.5058');
INSERT INTO "RESTAURANT" ("RESTAURANT_ID","PRICERANGE","PHONE_NUMBER","WEBSITE")VALUES('91808061','€€','+49 30 3129929','el-borriquito.de');
INSERT INTO "CUISINE" ("RESTAURANT_ID","CUISINE_TYPE")VALUES('91808061','Spanish');
INSERT INTO "RESTAURANT_RATING" ("RESTAURANT_ID","SCALE","OVERALL_RATING","SOURCE")VALUES('91808061','5','4.0','Yelp');
INSERT INTO "RESTAURANT_FEATURE" ("RESTAURANT_ID","FEATURE_NAME","DESCRIPTION")VALUES('91808061','Takes Reservations','Yes');
INSERT INTO "RESTAURANT_FEATURE" ("RESTAURANT_ID","FEATURE_NAME","DESCRIPTION")VALUES('91808061','Delivery','No');
INSERT INTO "RESTAURANT_FEATURE" ("RESTAURANT_ID","FEATURE_NAME","DESCRIPTION")VALUES('91808061','Take-out','Yes');
INSERT INTO "RESTAURANT_FEATURE" ("RESTAURANT_ID","FEATURE_NAME","DESCRIPTION")VALUES('91808061','Accepted Cards','Debit');
INSERT INTO "RESTAURANT_FEATURE" ("RESTAURANT_ID","FEATURE_NAME","DESCRIPTION")VALUES('91808061','Parking','Street');
INSERT INTO "RESTAURANT_FEATURE" ("RESTAURANT_ID","FEATURE_NAME","DESCRIPTION")VALUES('91808061','Good for Kids','Yes');
INSERT INTO "RESTAURANT_FEATURE" ("RESTAURANT_ID","FEATURE_NAME","DESCRIPTION")VALUES('91808061','Good for Groups','Yes');
INSERT INTO "RESTAURANT_FEATURE" ("RESTAURANT_ID","FEATURE_NAME","DESCRIPTION")VALUES('91808061','Attire','Casual');
INSERT INTO "RESTAURANT_FEATURE" ("RESTAURANT_ID","FEATURE_NAME","DESCRIPTION")VALUES('91808061','Ambience','Hipster');
INSERT INTO "RESTAURANT_FEATURE" ("RESTAURANT_ID","FEATURE_NAME","DESCRIPTION")VALUES('91808061','Noise Level','Loud');
INSERT INTO "RESTAURANT_FEATURE" ("RESTAURANT_ID","FEATURE_NAME","DESCRIPTION")VALUES('91808061','Alcohol','Full Bar');
INSERT INTO "RESTAURANT_FEATURE" ("RESTAURANT_ID","FEATURE_NAME","DESCRIPTION")VALUES('91808061','Outdoor Seating','Yes');
INSERT INTO "RESTAURANT_FEATURE" ("RESTAURANT_ID","FEATURE_NAME","DESCRIPTION")VALUES('91808061','Wi-Fi','No');
INSERT INTO "RESTAURANT_FEATURE" ("RESTAURANT_ID","FEATURE_NAME","DESCRIPTION")VALUES('91808061','Has TV','Yes');
INSERT INTO "RESTAURANT_FEATURE" ("RESTAURANT_ID","FEATURE_NAME","DESCRIPTION")VALUES('91808061','Caters','Yes');
INSERT INTO "OPENING_HOUR" ("DAY","RESTAURANT_ID","OPENING_TIME","CLOSING_TIME")VALUES('Mon','91808061','6:00 pm','5:00 am');
INSERT INTO "OPENING_HOUR" ("DAY","RESTAURANT_ID","OPENING_TIME","CLOSING_TIME")VALUES('Tue','91808061','6:00 pm','5:00 am');
INSERT INTO "OPENING_HOUR" ("DAY","RESTAURANT_ID","OPENING_TIME","CLOSING_TIME")VALUES('Wed','91808061','6:00 pm','5:00 am');
INSERT INTO "OPENING_HOUR" ("DAY","RESTAURANT_ID","OPENING_TIME","CLOSING_TIME")VALUES('Thu','91808061','6:00 pm','5:00 am');
INSERT INTO "OPENING_HOUR" ("DAY","RESTAURANT_ID","OPENING_TIME","CLOSING_TIME")VALUES('Fri','91808061','6:00 pm','5:00 am');
INSERT INTO "OPENING_HOUR" ("DAY","RESTAURANT_ID","OPENING_TIME","CLOSING_TIME")VALUES('Sat','91808061','6:00 pm','5:00 am');
INSERT INTO "OPENING_HOUR" ("DAY","RESTAURANT_ID","OPENING_TIME","CLOSING_TIME")VALUES('Sun','91808061','Open now','5:00 am');
INSERT INTO "USER_REVIEW" ("RESTAURANT_ID","REVIEW_DATE","COMMENT","REVIEW_RATING")VALUES('91808061','2017-09-27 04:51:44','The food was amazing: authentic, tasty, big portions, not pricy at all. On the other hand the service was VERY rude to us. And not only once. I personally...','3');
INSERT INTO "PHOTO" ("RESTAURANT_ID","PICTURE_URL")VALUES('91808061','https://s3-media1.fl.yelpcdn.com/photo/I9LxW8V8YW7O5lg8YqtZrA/o.jpg');
INSERT INTO "USER_REVIEW" ("RESTAURANT_ID","REVIEW_DATE","COMMENT","REVIEW_RATING")VALUES('91808061','2016-09-01 11:33:59','Genuine Spanish restaurant (I''m spanish). We had octopus, sardines, croquetas and ham and everything was good. Traditional and charming 80s decoration and...','4');
INSERT INTO "PHOTO" ("RESTAURANT_ID","PICTURE_URL")VALUES('91808061','https://s3-media1.fl.yelpcdn.com/photo/yL_Fl_be8x-6MOc-9b6J_A/o.jpg');
INSERT INTO "USER_REVIEW" ("RESTAURANT_ID","REVIEW_DATE","COMMENT","REVIEW_RATING")VALUES('91808061','2016-02-08 12:39:02','We went here last night. The place is cozy, a lot of tables in a little space. We were given some sherry right at the start, which is nice. Ordered a potato...','4');
INSERT INTO "PHOTO" ("RESTAURANT_ID","PICTURE_URL")VALUES('91808061','https://s3-media4.fl.yelpcdn.com/photo/fkyAr4GOOy31K0Bht4z0AA/o.jpg');
INSERT INTO "LOCATION" ("LOCATION_ID","LOCATION_TYPE","ADDRESS","LONGITUDE","LATITUDE")VALUES('68','R','Linienstr. 16010115 BerlinGermany','13.3948','52.5279');
INSERT INTO "RESTAURANT" ("RESTAURANT_ID","PRICERANGE","PHONE_NUMBER","WEBSITE")VALUES('27928308','€€€','+49 30 28449500','lokal-berlinmitte.de');
INSERT INTO "CUISINE" ("RESTAURANT_ID","CUISINE_TYPE")VALUES('27928308','German');
INSERT INTO "RESTAURANT_RATING" ("RESTAURANT_ID","SCALE","OVERALL_RATING","SOURCE")VALUES('27928308','5','4.0','Yelp');
INSERT INTO "RESTAURANT_FEATURE" ("RESTAURANT_ID","FEATURE_NAME","DESCRIPTION")VALUES('27928308','Takes Reservations','Yes');
INSERT INTO "RESTAURANT_FEATURE" ("RESTAURANT_ID","FEATURE_NAME","DESCRIPTION")VALUES('27928308','Delivery','No');
INSERT INTO "RESTAURANT_FEATURE" ("RESTAURANT_ID","FEATURE_NAME","DESCRIPTION")VALUES('27928308','Take-out','No');
INSERT INTO "RESTAURANT_FEATURE" ("RESTAURANT_ID","FEATURE_NAME","DESCRIPTION")VALUES('27928308','Accepted Cards','Credit, Debit');
INSERT INTO "RESTAURANT_FEATURE" ("RESTAURANT_ID","FEATURE_NAME","DESCRIPTION")VALUES('27928308','Good for Kids','No');
INSERT INTO "RESTAURANT_FEATURE" ("RESTAURANT_ID","FEATURE_NAME","DESCRIPTION")VALUES('27928308','Good for Groups','Yes');
INSERT INTO "RESTAURANT_FEATURE" ("RESTAURANT_ID","FEATURE_NAME","DESCRIPTION")VALUES('27928308','Attire','Casual');
INSERT INTO "RESTAURANT_FEATURE" ("RESTAURANT_ID","FEATURE_NAME","DESCRIPTION")VALUES('27928308','Ambience','Trendy');
INSERT INTO "RESTAURANT_FEATURE" ("RESTAURANT_ID","FEATURE_NAME","DESCRIPTION")VALUES('27928308','Noise Level','Very Loud');
INSERT INTO "RESTAURANT_FEATURE" ("RESTAURANT_ID","FEATURE_NAME","DESCRIPTION")VALUES('27928308','Alcohol','Full Bar');
INSERT INTO "RESTAURANT_FEATURE" ("RESTAURANT_ID","FEATURE_NAME","DESCRIPTION")VALUES('27928308','Outdoor Seating','Yes');
INSERT INTO "RESTAURANT_FEATURE" ("RESTAURANT_ID","FEATURE_NAME","DESCRIPTION")VALUES('27928308','Wi-Fi','No');
INSERT INTO "RESTAURANT_FEATURE" ("RESTAURANT_ID","FEATURE_NAME","DESCRIPTION")VALUES('27928308','Has TV','No');
INSERT INTO "OPENING_HOUR" ("DAY","RESTAURANT_ID","OPENING_TIME","CLOSING_TIME")VALUES('Mon','27928308','5:00 pm','12:00 am');
INSERT INTO "OPENING_HOUR" ("DAY","RESTAURANT_ID","OPENING_TIME","CLOSING_TIME")VALUES('Tue','27928308','5:00 pm','12:00 am');
INSERT INTO "OPENING_HOUR" ("DAY","RESTAURANT_ID","OPENING_TIME","CLOSING_TIME")VALUES('Wed','27928308','5:00 pm','12:00 am');
INSERT INTO "OPENING_HOUR" ("DAY","RESTAURANT_ID","OPENING_TIME","CLOSING_TIME")VALUES('Thu','27928308','5:00 pm','12:00 am');
INSERT INTO "OPENING_HOUR" ("DAY","RESTAURANT_ID","OPENING_TIME","CLOSING_TIME")VALUES('Fri','27928308','5:00 pm','12:00 am');
INSERT INTO "OPENING_HOUR" ("DAY","RESTAURANT_ID","OPENING_TIME","CLOSING_TIME")VALUES('Sat','27928308','5:00 pm','12:00 am');
INSERT INTO "OPENING_HOUR" ("DAY","RESTAURANT_ID","OPENING_TIME","CLOSING_TIME")VALUES('Sun','27928308','Open now','12:00 am');
INSERT INTO "USER_REVIEW" ("RESTAURANT_ID","REVIEW_DATE","COMMENT","REVIEW_RATING")VALUES('27928308','2017-10-15 02:28:27','Make a reservation even if you are two people on a weekday! 

They did kindly let us eat there despite no reservation though. They said we could eat at the...','5');
INSERT INTO "PHOTO" ("RESTAURANT_ID","PICTURE_URL")VALUES('27928308','https://s3-media1.fl.yelpcdn.com/photo/_es6Izo3aSuQ5GftS1vNMg/o.jpg');
INSERT INTO "USER_REVIEW" ("RESTAURANT_ID","REVIEW_DATE","COMMENT","REVIEW_RATING")VALUES('27928308','2017-09-05 23:31:42','- Service: ok
- Ambiance: yay
- Food: yay
++ Bonus points for menu creativity, and ingredient freshness

Yay finally a super tasty full on meal in Berlin....','5');
INSERT INTO "PHOTO" ("RESTAURANT_ID","PICTURE_URL")VALUES('27928308','https://s3-media3.fl.yelpcdn.com/photo/YnRdhGBd9e0CwfugvKSHFw/o.jpg');
INSERT INTO "USER_REVIEW" ("RESTAURANT_ID","REVIEW_DATE","COMMENT","REVIEW_RATING")VALUES('27928308','2018-01-03 19:45:22','This was probably the best restaurant we went to in Berlin.  It''s got a nordic rustic theme, simple wooden tables, very tasteful.  The staff were super...','5');
INSERT INTO "PHOTO" ("RESTAURANT_ID","PICTURE_URL")VALUES('27928308','https://s3-media4.fl.yelpcdn.com/photo/0g1EdCWuTCIbYglpilxqVw/o.jpg');
INSERT INTO "RESTAURANT_RATING" ("RESTAURANT_ID","SCALE","OVERALL_RATING","SOURCE")VALUES('27928308','5','4.4','Google Map');
INSERT INTO "USER_REVIEW" ("RESTAURANT_ID","REVIEW_DATE","COMMENT","REVIEW_RATING")VALUES('27928308','2017-10-12','Had just an exceptional meal at Lokal.  You walk into this cool little bistro and you could be in the W Village of NY or the W Bank of Paris.  Great atmosphere and the name belays the overall feel.  Definitely feels like a local spot.  I have been to Germany a number of times and always seemed to get roped into a "traditional German" meal, so sausages, potatoes etc.  Lokal finally gave me a taste of "modern German."  I had a roast bore dish that mixed flavors from E Europe and Germany, complete with sauerkraut and borsch sauce.  It was excellent.  Not heavy but filling with some fun peppers to round out the dish.  My dinner mate had the Hake dish which he devoured.  We only had mains but saw some other awesome dishes getting served around us.  Highly recommend this place!  And prices are super reasonable.','5');
INSERT INTO "USER_REVIEW" ("RESTAURANT_ID","REVIEW_DATE","COMMENT","REVIEW_RATING")VALUES('27928308','2018-01-10','I took the fixed menu dinner: catfish tartare, boar as main and pear for dessert. All three courses were very tasty and made a great impression. I also liked the unpretentiousness of the place.

Would have given 5 stars if not for somewhat undercooked root vegetables in the main course, and more-than-acceptable dry bread. Still, this is fantastic food.

On the margin: napkins impractical; toilet needs refurbishing; waiters understaffed, although surprisingly efficient.

Three courses, excluding drinks: 41 euro. (10.1.18)','4');
INSERT INTO "USER_REVIEW" ("RESTAURANT_ID","REVIEW_DATE","COMMENT","REVIEW_RATING")VALUES('27928308','2017-10-27','The Local is the best place to see and eat in Berlin. The food is fresh each day, the atmosphere is friendly with the employees who keep it this way. I''ve never tasted such flavor and all the bread is baked daily/same with all their food.','5');
INSERT INTO "USER_REVIEW" ("RESTAURANT_ID","REVIEW_DATE","COMMENT","REVIEW_RATING")VALUES('27928308','2017-10-25','One of the highlights of our trip, the food was amazing! Lovely atmosphere and the staff were super friendly and really looked after us. 
I’d suggest booking, they just managed to squeeze us in! Highly recommend.','5');
INSERT INTO "USER_REVIEW" ("RESTAURANT_ID","REVIEW_DATE","COMMENT","REVIEW_RATING")VALUES('27928308','2017-10-27','Laid back restaurant with friendly service and an interesting menu. All my dishes were tasty and really enjoyed their wine selection. Definitely recommend dining at Lokal!','5');
INSERT INTO "LOCATION" ("LOCATION_ID","LOCATION_TYPE","ADDRESS","LONGITUDE","LATITUDE")VALUES('69','R','Niederbarnimstr. 1610247 BerlinGermany','13.45854','52.5132199');
INSERT INTO "RESTAURANT" ("RESTAURANT_ID","PRICERANGE","PHONE_NUMBER","WEBSITE")VALUES('42520970','€€€','+49 30 52686958','friedrichs-wirtschaft.de');
INSERT INTO "CUISINE" ("RESTAURANT_ID","CUISINE_TYPE")VALUES('42520970','Cafes');
INSERT INTO "CUISINE" ("RESTAURANT_ID","CUISINE_TYPE")VALUES('42520970','Franconian');
INSERT INTO "RESTAURANT_RATING" ("RESTAURANT_ID","SCALE","OVERALL_RATING","SOURCE")VALUES('42520970','5','4.5','Yelp');
INSERT INTO "RESTAURANT_FEATURE" ("RESTAURANT_ID","FEATURE_NAME","DESCRIPTION")VALUES('42520970','Takes Reservations','Yes');
INSERT INTO "RESTAURANT_FEATURE" ("RESTAURANT_ID","FEATURE_NAME","DESCRIPTION")VALUES('42520970','Delivery','Yes');
INSERT INTO "RESTAURANT_FEATURE" ("RESTAURANT_ID","FEATURE_NAME","DESCRIPTION")VALUES('42520970','Take-out','Yes');
INSERT INTO "RESTAURANT_FEATURE" ("RESTAURANT_ID","FEATURE_NAME","DESCRIPTION")VALUES('42520970','Accepted Cards','Debit');
INSERT INTO "RESTAURANT_FEATURE" ("RESTAURANT_ID","FEATURE_NAME","DESCRIPTION")VALUES('42520970','Accepts Bitcoin','No');
INSERT INTO "RESTAURANT_FEATURE" ("RESTAURANT_ID","FEATURE_NAME","DESCRIPTION")VALUES('42520970','Parking','Street');
INSERT INTO "RESTAURANT_FEATURE" ("RESTAURANT_ID","FEATURE_NAME","DESCRIPTION")VALUES('42520970','Wheelchair Accessible','Yes');
INSERT INTO "RESTAURANT_FEATURE" ("RESTAURANT_ID","FEATURE_NAME","DESCRIPTION")VALUES('42520970','Good for Kids','Yes');
INSERT INTO "RESTAURANT_FEATURE" ("RESTAURANT_ID","FEATURE_NAME","DESCRIPTION")VALUES('42520970','Good for Groups','Yes');
INSERT INTO "RESTAURANT_FEATURE" ("RESTAURANT_ID","FEATURE_NAME","DESCRIPTION")VALUES('42520970','Attire','Casual');
INSERT INTO "RESTAURANT_FEATURE" ("RESTAURANT_ID","FEATURE_NAME","DESCRIPTION")VALUES('42520970','Noise Level','Average');
INSERT INTO "RESTAURANT_FEATURE" ("RESTAURANT_ID","FEATURE_NAME","DESCRIPTION")VALUES('42520970','Alcohol','Beer & Wine Only');
INSERT INTO "RESTAURANT_FEATURE" ("RESTAURANT_ID","FEATURE_NAME","DESCRIPTION")VALUES('42520970','Outdoor Seating','Yes');
INSERT INTO "RESTAURANT_FEATURE" ("RESTAURANT_ID","FEATURE_NAME","DESCRIPTION")VALUES('42520970','Wi-Fi','Free');
INSERT INTO "RESTAURANT_FEATURE" ("RESTAURANT_ID","FEATURE_NAME","DESCRIPTION")VALUES('42520970','Has TV','No');
INSERT INTO "RESTAURANT_FEATURE" ("RESTAURANT_ID","FEATURE_NAME","DESCRIPTION")VALUES('42520970','Dogs Allowed','Yes');
INSERT INTO "RESTAURANT_FEATURE" ("RESTAURANT_ID","FEATURE_NAME","DESCRIPTION")VALUES('42520970','Waiter Service','Yes');
INSERT INTO "RESTAURANT_FEATURE" ("RESTAURANT_ID","FEATURE_NAME","DESCRIPTION")VALUES('42520970','Caters','Yes');
INSERT INTO "OPENING_HOUR" ("DAY","RESTAURANT_ID","OPENING_TIME","CLOSING_TIME")VALUES('Mon','42520970','12:00 pm','10:00 pm');
INSERT INTO "OPENING_HOUR" ("DAY","RESTAURANT_ID","OPENING_TIME","CLOSING_TIME")VALUES('Tue','42520970','12:00 pm','10:00 pm');
INSERT INTO "OPENING_HOUR" ("DAY","RESTAURANT_ID","OPENING_TIME","CLOSING_TIME")VALUES('Wed','42520970','12:00 pm','10:00 pm');
INSERT INTO "USER_REVIEW" ("RESTAURANT_ID","REVIEW_DATE","COMMENT","REVIEW_RATING")VALUES('42520970','2017-08-10 04:10:00','It is a perfect neighbors restaurant but also great for tourist, friends,  family and business.  Nice service and great food. The server explained about...','5');
INSERT INTO "PHOTO" ("RESTAURANT_ID","PICTURE_URL")VALUES('42520970','https://s3-media3.fl.yelpcdn.com/photo/RAGuUnZjpeeUQzARc2gzMg/o.jpg');
INSERT INTO "USER_REVIEW" ("RESTAURANT_ID","REVIEW_DATE","COMMENT","REVIEW_RATING")VALUES('42520970','2016-07-03 12:05:57','Franconian food in the heart of former east Berlin''s Friedrichshain neighborhood. Franconian cuisine is a specific regional identity belonging to the region...','5');
INSERT INTO "PHOTO" ("RESTAURANT_ID","PICTURE_URL")VALUES('42520970','https://s3-media4.fl.yelpcdn.com/photo/uF8i96Mx-Nefhi0zNaHtSQ/o.jpg');
INSERT INTO "USER_REVIEW" ("RESTAURANT_ID","REVIEW_DATE","COMMENT","REVIEW_RATING")VALUES('42520970','2017-08-01 16:34:36','Okay, so I generally do not eat German food while I''m in Germany. Sit-down restaurants are often out of my price range, and especially in Berlin, plenty of...','4');
INSERT INTO "PHOTO" ("RESTAURANT_ID","PICTURE_URL")VALUES('42520970','https://s3-media3.fl.yelpcdn.com/photo/JXM0-BGfrZyI7j9l3lELeQ/o.jpg');
INSERT INTO "RESTAURANT_RATING" ("RESTAURANT_ID","SCALE","OVERALL_RATING","SOURCE")VALUES('42520970','5','4.9','Google Map');
INSERT INTO "USER_REVIEW" ("RESTAURANT_ID","REVIEW_DATE","COMMENT","REVIEW_RATING")VALUES('42520970','2017-02-12','The most friendly staff and delicious food :)','5');
INSERT INTO "USER_REVIEW" ("RESTAURANT_ID","REVIEW_DATE","COMMENT","REVIEW_RATING")VALUES('42520970','2015-12-14','Einfach nur toll. Go there and eat. The host and cook are two german originals. The food is mainly from Franken but you also get Wiener Schnitzel e.g.. There are also daily specials and a nice wine sortiment.','5');
INSERT INTO "USER_REVIEW" ("RESTAURANT_ID","REVIEW_DATE","COMMENT","REVIEW_RATING")VALUES('42520970','2016-04-09','Too Much !
What a discovery !
Frédo from France','5');
INSERT INTO "USER_REVIEW" ("RESTAURANT_ID","REVIEW_DATE","COMMENT","REVIEW_RATING")VALUES('42520970','2017-04-06','Hier in F-Hain gibt es ja ca. 1 Million Lokale. Aber dieses sticht heraus. Super leckeres Essen. Alles selber gemacht.  Sehr sympathischer Service. Daumen hoch!','5');
INSERT INTO "USER_REVIEW" ("RESTAURANT_ID","REVIEW_DATE","COMMENT","REVIEW_RATING")VALUES('42520970','2017-03-17','Wir waren auf Empfehlung von meiner Frau und Mann 74 Jahre Geburtstag-Essen Reservierung an einem Sonntag Abend in Friedrichs Wirtschaft. Kurz gesagt - sehr gut-lecker, wenn man fränkische Küche mag. Sowohl die Schäuferla als auch der Sauerbraten waren sehr lecker, das fränkische Kellerbier vom Fass sowieso,Man merkt, dass die Betreiber das Restaurant nicht nur als Beruf, sondern eher als Berufung verstehen und mit Leib und Seele dabei sind. Wir kommen definitiv wieder! Ach ja, das Essen sieht in Wirklichkeit tatsächlich so lecker aus wie auf dem Bilder Informationen vom Hause
Dankeschön es war ein schöner Abend zu zweit','5');
INSERT INTO "LOCATION" ("LOCATION_ID","LOCATION_TYPE","ADDRESS","LONGITUDE","LATITUDE")VALUES('70','R','Oranienburger Str. 3810117 BerlinGermany','13.39151','52.525488');
INSERT INTO "RESTAURANT" ("RESTAURANT_ID","PRICERANGE","PHONE_NUMBER","WEBSITE")VALUES('59299223','€€','+49 30 37465031','restaurant38berlin.de');
INSERT INTO "CUISINE" ("RESTAURANT_ID","CUISINE_TYPE")VALUES('59299223','German');
INSERT INTO "CUISINE" ("RESTAURANT_ID","CUISINE_TYPE")VALUES('59299223','International');
INSERT INTO "RESTAURANT_RATING" ("RESTAURANT_ID","SCALE","OVERALL_RATING","SOURCE")VALUES('59299223','5','5.0','Yelp');
INSERT INTO "RESTAURANT_FEATURE" ("RESTAURANT_ID","FEATURE_NAME","DESCRIPTION")VALUES('59299223','Takes Reservations','Yes');
INSERT INTO "RESTAURANT_FEATURE" ("RESTAURANT_ID","FEATURE_NAME","DESCRIPTION")VALUES('59299223','Delivery','Yes');
INSERT INTO "RESTAURANT_FEATURE" ("RESTAURANT_ID","FEATURE_NAME","DESCRIPTION")VALUES('59299223','Take-out','No');
INSERT INTO "RESTAURANT_FEATURE" ("RESTAURANT_ID","FEATURE_NAME","DESCRIPTION")VALUES('59299223','Accepted Cards','Debit');
INSERT INTO "RESTAURANT_FEATURE" ("RESTAURANT_ID","FEATURE_NAME","DESCRIPTION")VALUES('59299223','Good For','Lunch');
INSERT INTO "RESTAURANT_FEATURE" ("RESTAURANT_ID","FEATURE_NAME","DESCRIPTION")VALUES('59299223','Good for Kids','Yes');
INSERT INTO "RESTAURANT_FEATURE" ("RESTAURANT_ID","FEATURE_NAME","DESCRIPTION")VALUES('59299223','Good for Groups','Yes');
INSERT INTO "RESTAURANT_FEATURE" ("RESTAURANT_ID","FEATURE_NAME","DESCRIPTION")VALUES('59299223','Attire','Casual');
INSERT INTO "RESTAURANT_FEATURE" ("RESTAURANT_ID","FEATURE_NAME","DESCRIPTION")VALUES('59299223','Noise Level','Average');
INSERT INTO "RESTAURANT_FEATURE" ("RESTAURANT_ID","FEATURE_NAME","DESCRIPTION")VALUES('59299223','Alcohol','Full Bar');
INSERT INTO "RESTAURANT_FEATURE" ("RESTAURANT_ID","FEATURE_NAME","DESCRIPTION")VALUES('59299223','Outdoor Seating','Yes');
INSERT INTO "RESTAURANT_FEATURE" ("RESTAURANT_ID","FEATURE_NAME","DESCRIPTION")VALUES('59299223','Wi-Fi','No');
INSERT INTO "RESTAURANT_FEATURE" ("RESTAURANT_ID","FEATURE_NAME","DESCRIPTION")VALUES('59299223','Has TV','No');
INSERT INTO "RESTAURANT_FEATURE" ("RESTAURANT_ID","FEATURE_NAME","DESCRIPTION")VALUES('59299223','Waiter Service','Yes');
INSERT INTO "RESTAURANT_FEATURE" ("RESTAURANT_ID","FEATURE_NAME","DESCRIPTION")VALUES('59299223','Caters','Yes');
INSERT INTO "OPENING_HOUR" ("DAY","RESTAURANT_ID","OPENING_TIME","CLOSING_TIME")VALUES('Mon','59299223','12:00 pm','11:00 pm');
INSERT INTO "OPENING_HOUR" ("DAY","RESTAURANT_ID","OPENING_TIME","CLOSING_TIME")VALUES('Tue','59299223','12:00 pm','11:00 pm');
INSERT INTO "OPENING_HOUR" ("DAY","RESTAURANT_ID","OPENING_TIME","CLOSING_TIME")VALUES('Wed','59299223','12:00 pm','11:00 pm');
INSERT INTO "OPENING_HOUR" ("DAY","RESTAURANT_ID","OPENING_TIME","CLOSING_TIME")VALUES('Thu','59299223','12:00 pm','11:00 pm');
INSERT INTO "OPENING_HOUR" ("DAY","RESTAURANT_ID","OPENING_TIME","CLOSING_TIME")VALUES('Fri','59299223','12:00 pm','11:00 pm');
INSERT INTO "OPENING_HOUR" ("DAY","RESTAURANT_ID","OPENING_TIME","CLOSING_TIME")VALUES('Sat','59299223','5:00 pm','11:00 pm');
INSERT INTO "USER_REVIEW" ("RESTAURANT_ID","REVIEW_DATE","COMMENT","REVIEW_RATING")VALUES('59299223','2017-11-29 15:36:20','Amazing food in Mitte! I''ve there in late April. I ordered Pike perch fillet with wild garlic, tomato and potato, it was so delicious!!! This place changed...','5');
INSERT INTO "PHOTO" ("RESTAURANT_ID","PICTURE_URL")VALUES('59299223','https://s3-media2.fl.yelpcdn.com/photo/TbjrVQdPrZ_qcEzAGyjNQw/o.jpg');
INSERT INTO "USER_REVIEW" ("RESTAURANT_ID","REVIEW_DATE","COMMENT","REVIEW_RATING")VALUES('59299223','2017-03-08 10:17:08','Phenomenal experience. Food was delicious, small choice in wines but still was able to pick one that was quite tasty. 

Dessert was amazing! Service was...','5');
INSERT INTO "PHOTO" ("RESTAURANT_ID","PICTURE_URL")VALUES('59299223','https://s3-media2.fl.yelpcdn.com/photo/Sal2HIYTeRYqt7WQKv_RZg/o.jpg');
INSERT INTO "USER_REVIEW" ("RESTAURANT_ID","REVIEW_DATE","COMMENT","REVIEW_RATING")VALUES('59299223','2017-08-25 07:34:23','So delicious, so flavorful and presented beautifully. They work well with allergies and are happy to accommodate.','5');
INSERT INTO "PHOTO" ("RESTAURANT_ID","PICTURE_URL")VALUES('59299223','https://s3-media2.fl.yelpcdn.com/photo/2krixVuwfpd7k1Bfcd0Jfg/o.jpg');
INSERT INTO "RESTAURANT_RATING" ("RESTAURANT_ID","SCALE","OVERALL_RATING","SOURCE")VALUES('59299223','5','4.5','Google Map');
INSERT INTO "USER_REVIEW" ("RESTAURANT_ID","REVIEW_DATE","COMMENT","REVIEW_RATING")VALUES('59299223','2018-01-09','I simply love this place! Have been to many upscale restaurants in Berlin, but this one is one of my favorite places. Amazing food: creative and tasty, not like those places where you pay hell a lot of money and they bring you two leafs of unknown plant with a few drops of so called souce and call it art:)
 afordable prices and romantic and relaxing atmosphere. Highly recommended!','5');
INSERT INTO "USER_REVIEW" ("RESTAURANT_ID","REVIEW_DATE","COMMENT","REVIEW_RATING")VALUES('59299223','2017-11-29','Amazing food in Mitte! I''ve there in late April. I ordered Pike perch fillet with wild garlic, tomato and potato, it was so delicious!!! This place changed my mind about German food. I always think German food is so heavy but here, good combination. I talked with my server, he said the chef is trying to avoid those perspective of heavy German and it turned out pretty awesome!
Belin atmosphere, :)
Friendly staff,
Great beer,
Reasonable price.','5');
INSERT INTO "USER_REVIEW" ("RESTAURANT_ID","REVIEW_DATE","COMMENT","REVIEW_RATING")VALUES('59299223','2017-09-14','Friendly and helpful staff. Bread with sauce is amazing. The flavor of fried steak is great. It really matched with cucumber salad and potato. The dessert is beautiful,however, its flavor is confusing. Each element is tasty but the combination is not balanced.','4');
INSERT INTO "USER_REVIEW" ("RESTAURANT_ID","REVIEW_DATE","COMMENT","REVIEW_RATING")VALUES('59299223','2017-12-18','Rather expensive, but kitchen is good.
Cozy interior.
Usually not so crowded.','3');
INSERT INTO "USER_REVIEW" ("RESTAURANT_ID","REVIEW_DATE","COMMENT","REVIEW_RATING")VALUES('59299223','2017-11-08','The food was very good, service ok, bread excellent
but the menu   and prices shown in the street are not the same as inside','3');
INSERT INTO "LOCATION" ("LOCATION_ID","LOCATION_TYPE","ADDRESS","LONGITUDE","LATITUDE")VALUES('71','R','Lietzenburger Str. 20 b10789 BerlinGermany','13.33953','52.5001');
INSERT INTO "RESTAURANT" ("RESTAURANT_ID","PRICERANGE","PHONE_NUMBER","WEBSITE")VALUES('82244196','€€','+49 172 9441960','kourosh.berlin');
INSERT INTO "CUISINE" ("RESTAURANT_ID","CUISINE_TYPE")VALUES('82244196','Persian/Iranian');
INSERT INTO "CUISINE" ("RESTAURANT_ID","CUISINE_TYPE")VALUES('82244196','Oriental');
INSERT INTO "RESTAURANT_RATING" ("RESTAURANT_ID","SCALE","OVERALL_RATING","SOURCE")VALUES('82244196','5','5.0','Yelp');
INSERT INTO "RESTAURANT_FEATURE" ("RESTAURANT_ID","FEATURE_NAME","DESCRIPTION")VALUES('82244196','Takes Reservations','Yes');
INSERT INTO "RESTAURANT_FEATURE" ("RESTAURANT_ID","FEATURE_NAME","DESCRIPTION")VALUES('82244196','Take-out','Yes');
INSERT INTO "RESTAURANT_FEATURE" ("RESTAURANT_ID","FEATURE_NAME","DESCRIPTION")VALUES('82244196','Good for Kids','Yes');
INSERT INTO "RESTAURANT_FEATURE" ("RESTAURANT_ID","FEATURE_NAME","DESCRIPTION")VALUES('82244196','Attire','Casual');
INSERT INTO "OPENING_HOUR" ("DAY","RESTAURANT_ID","OPENING_TIME","CLOSING_TIME")VALUES('Mon','82244196','11:00 am','12:00 am');
INSERT INTO "OPENING_HOUR" ("DAY","RESTAURANT_ID","OPENING_TIME","CLOSING_TIME")VALUES('Tue','82244196','11:00 am','12:00 am');
INSERT INTO "OPENING_HOUR" ("DAY","RESTAURANT_ID","OPENING_TIME","CLOSING_TIME")VALUES('Wed','82244196','11:00 am','12:00 am');
INSERT INTO "OPENING_HOUR" ("DAY","RESTAURANT_ID","OPENING_TIME","CLOSING_TIME")VALUES('Thu','82244196','11:00 am','12:00 am');
INSERT INTO "OPENING_HOUR" ("DAY","RESTAURANT_ID","OPENING_TIME","CLOSING_TIME")VALUES('Fri','82244196','11:00 am','12:00 am');
INSERT INTO "OPENING_HOUR" ("DAY","RESTAURANT_ID","OPENING_TIME","CLOSING_TIME")VALUES('Sat','82244196','11:00 am','12:00 am');
INSERT INTO "OPENING_HOUR" ("DAY","RESTAURANT_ID","OPENING_TIME","CLOSING_TIME")VALUES('Sun','82244196','Open now','12:00 am');
INSERT INTO "USER_REVIEW" ("RESTAURANT_ID","REVIEW_DATE","COMMENT","REVIEW_RATING")VALUES('82244196','2017-11-28 10:05:33','Visiting from Los Angeles and had a craving for Persian food. The baghali polo with mahicheh was outstanding. The gheimeh and ghormeh sabzi were also...','5');
INSERT INTO "PHOTO" ("RESTAURANT_ID","PICTURE_URL")VALUES('82244196','https://s3-media4.fl.yelpcdn.com/photo/qK3GirBLxAr3sXSg9KUOrw/o.jpg');
INSERT INTO "USER_REVIEW" ("RESTAURANT_ID","REVIEW_DATE","COMMENT","REVIEW_RATING")VALUES('82244196','2017-11-11 09:34:58','Was excited to try this place but disappointed with the results-- the joujeh kebab was not marinaded the best and the meat was low quality. The zsereshk...','3');
INSERT INTO "PHOTO" ("RESTAURANT_ID","PICTURE_URL")VALUES('82244196','https://s3-media3.fl.yelpcdn.com/photo/ebZYsx58dY4WcPTVOI1_Iw/o.jpg');
INSERT INTO "USER_REVIEW" ("RESTAURANT_ID","REVIEW_DATE","COMMENT","REVIEW_RATING")VALUES('82244196','2017-12-04 14:16:12','This was absolutely amazing. The restaurant is a small, cozy place on the edge of a quiet street. The service is wonderful and so was the food. The owner...','5');
INSERT INTO "PHOTO" ("RESTAURANT_ID","PICTURE_URL")VALUES('82244196','https://s3-media2.fl.yelpcdn.com/photo/nbXBbso2enSLBxsMPvFUFg/o.jpg');
INSERT INTO "RESTAURANT_RATING" ("RESTAURANT_ID","SCALE","OVERALL_RATING","SOURCE")VALUES('82244196','5','4.6','Google Map');
INSERT INTO "USER_REVIEW" ("RESTAURANT_ID","REVIEW_DATE","COMMENT","REVIEW_RATING")VALUES('82244196','2017-12-30','Lovely small persian restaurant in Berlin nearby KaDeWe. Nice host and absolutely perfect Persian food!','5');
INSERT INTO "USER_REVIEW" ("RESTAURANT_ID","REVIEW_DATE","COMMENT","REVIEW_RATING")VALUES('82244196','2017-12-10','the quality of the food is as good as the service. recommend this restaurant for a simpel but delicious meal','5');
INSERT INTO "USER_REVIEW" ("RESTAURANT_ID","REVIEW_DATE","COMMENT","REVIEW_RATING")VALUES('82244196','2017-09-01','If you like Persian food and happen to be in Berlin, I highly recommend this place. The food is very tasty and very close to the original mama''s kitchen. The service was also very good, quick, and friendly. And last but not least, the prices are very reasonable. I will definitely go back.','5');
INSERT INTO "USER_REVIEW" ("RESTAURANT_ID","REVIEW_DATE","COMMENT","REVIEW_RATING")VALUES('82244196','2018-01-20','U can tell the taste of meat and chicken are Fresh .. so delicious','5');
INSERT INTO "USER_REVIEW" ("RESTAURANT_ID","REVIEW_DATE","COMMENT","REVIEW_RATING")VALUES('82244196','2017-05-24','Very nice service. The place isn''t very big but the ambience is really good- simple and decent. Food was very tasty and the tea too. Just that they don''t have a wide variety in vegetarian food. Hence 4 stars. Would be glad if they could add some veg items.','4');
INSERT INTO "LOCATION" ("LOCATION_ID","LOCATION_TYPE","ADDRESS","LONGITUDE","LATITUDE")VALUES('72','R','Augsburger Str. 4410789 BerlinGermany','13.3315371354','52.5031342015');
INSERT INTO "RESTAURANT" ("RESTAURANT_ID","PRICERANGE","PHONE_NUMBER","WEBSITE")VALUES('84380112','€€€','+49 30 220102288','restaurant44.de');
INSERT INTO "CUISINE" ("RESTAURANT_ID","CUISINE_TYPE")VALUES('84380112','Modern European');
INSERT INTO "CUISINE" ("RESTAURANT_ID","CUISINE_TYPE")VALUES('84380112','Swiss Food');
INSERT INTO "RESTAURANT_RATING" ("RESTAURANT_ID","SCALE","OVERALL_RATING","SOURCE")VALUES('84380112','5','4.5','Yelp');
INSERT INTO "RESTAURANT_FEATURE" ("RESTAURANT_ID","FEATURE_NAME","DESCRIPTION")VALUES('84380112','Takes Reservations','Yes');
INSERT INTO "RESTAURANT_FEATURE" ("RESTAURANT_ID","FEATURE_NAME","DESCRIPTION")VALUES('84380112','Delivery','No');
INSERT INTO "RESTAURANT_FEATURE" ("RESTAURANT_ID","FEATURE_NAME","DESCRIPTION")VALUES('84380112','Take-out','No');
INSERT INTO "RESTAURANT_FEATURE" ("RESTAURANT_ID","FEATURE_NAME","DESCRIPTION")VALUES('84380112','Good for Kids','Yes');
INSERT INTO "RESTAURANT_FEATURE" ("RESTAURANT_ID","FEATURE_NAME","DESCRIPTION")VALUES('84380112','Good for Groups','Yes');
INSERT INTO "RESTAURANT_FEATURE" ("RESTAURANT_ID","FEATURE_NAME","DESCRIPTION")VALUES('84380112','Attire','Dressy');
INSERT INTO "RESTAURANT_FEATURE" ("RESTAURANT_ID","FEATURE_NAME","DESCRIPTION")VALUES('84380112','Ambience','Romantic');
INSERT INTO "RESTAURANT_FEATURE" ("RESTAURANT_ID","FEATURE_NAME","DESCRIPTION")VALUES('84380112','Noise Level','Quiet');
INSERT INTO "RESTAURANT_FEATURE" ("RESTAURANT_ID","FEATURE_NAME","DESCRIPTION")VALUES('84380112','Alcohol','Full Bar');
INSERT INTO "RESTAURANT_FEATURE" ("RESTAURANT_ID","FEATURE_NAME","DESCRIPTION")VALUES('84380112','Outdoor Seating','Yes');
INSERT INTO "RESTAURANT_FEATURE" ("RESTAURANT_ID","FEATURE_NAME","DESCRIPTION")VALUES('84380112','Wi-Fi','Paid');
INSERT INTO "RESTAURANT_FEATURE" ("RESTAURANT_ID","FEATURE_NAME","DESCRIPTION")VALUES('84380112','Has TV','No');
INSERT INTO "OPENING_HOUR" ("DAY","RESTAURANT_ID","OPENING_TIME","CLOSING_TIME")VALUES('Mon','84380112','6:00 pm','10:30 pm');
INSERT INTO "OPENING_HOUR" ("DAY","RESTAURANT_ID","OPENING_TIME","CLOSING_TIME")VALUES('Tue','84380112','6:00 pm','10:30 pm');
INSERT INTO "OPENING_HOUR" ("DAY","RESTAURANT_ID","OPENING_TIME","CLOSING_TIME")VALUES('Wed','84380112','6:00 pm','10:30 pm');
INSERT INTO "OPENING_HOUR" ("DAY","RESTAURANT_ID","OPENING_TIME","CLOSING_TIME")VALUES('Thu','84380112','6:00 pm','10:30 pm');
INSERT INTO "OPENING_HOUR" ("DAY","RESTAURANT_ID","OPENING_TIME","CLOSING_TIME")VALUES('Fri','84380112','6:00 pm','10:30 pm');
INSERT INTO "OPENING_HOUR" ("DAY","RESTAURANT_ID","OPENING_TIME","CLOSING_TIME")VALUES('Sat','84380112','6:00 pm','10:30 pm');
INSERT INTO "USER_REVIEW" ("RESTAURANT_ID","REVIEW_DATE","COMMENT","REVIEW_RATING")VALUES('84380112','2017-01-05 20:05:33','What an amazing experience. Top notch treatment from the server and maitre d. 
Food was high quality, beautiful setting, great ambiance.

Yes this is a...','4');
INSERT INTO "PHOTO" ("RESTAURANT_ID","PICTURE_URL")VALUES('84380112','https://s3-media3.fl.yelpcdn.com/photo/_eV_ox29q0Jj4F-Zr9FhFQ/o.jpg');
INSERT INTO "USER_REVIEW" ("RESTAURANT_ID","REVIEW_DATE","COMMENT","REVIEW_RATING")VALUES('84380112','2016-12-14 11:37:32','Had a steak with a Gorgonzola sauce with roasted potatoes.  Was amazingly good!  Fast friendly service too (even tho i don''t speak a word of German)','5');
INSERT INTO "USER_REVIEW" ("RESTAURANT_ID","REVIEW_DATE","COMMENT","REVIEW_RATING")VALUES('84380112','2016-06-22 16:57:36','Went here on a Saturday night at 9pm and had the place to ourselves!  Can''t believe this  place wasn''t more crowded! We had excellent service, amazing view,...','5');
INSERT INTO "PHOTO" ("RESTAURANT_ID","PICTURE_URL")VALUES('84380112','https://s3-media2.fl.yelpcdn.com/photo/BpbEefwGLvFmA1NkrzJ7OQ/o.jpg');
INSERT INTO "LOCATION" ("LOCATION_ID","LOCATION_TYPE","ADDRESS","LONGITUDE","LATITUDE")VALUES('73','R','Torstr. 22210115 BerlinGermany','13.38871','52.52727');
INSERT INTO "RESTAURANT" ("RESTAURANT_ID","PRICERANGE","PHONE_NUMBER","WEBSITE")VALUES('64625018','€€','+49 30 48811887','marral.de');
INSERT INTO "CUISINE" ("RESTAURANT_ID","CUISINE_TYPE")VALUES('64625018','Middle Eastern');
INSERT INTO "RESTAURANT_RATING" ("RESTAURANT_ID","SCALE","OVERALL_RATING","SOURCE")VALUES('64625018','5','4.5','Yelp');
INSERT INTO "RESTAURANT_FEATURE" ("RESTAURANT_ID","FEATURE_NAME","DESCRIPTION")VALUES('64625018','Takes Reservations','Yes');
INSERT INTO "RESTAURANT_FEATURE" ("RESTAURANT_ID","FEATURE_NAME","DESCRIPTION")VALUES('64625018','Delivery','No');
INSERT INTO "RESTAURANT_FEATURE" ("RESTAURANT_ID","FEATURE_NAME","DESCRIPTION")VALUES('64625018','Take-out','Yes');
INSERT INTO "RESTAURANT_FEATURE" ("RESTAURANT_ID","FEATURE_NAME","DESCRIPTION")VALUES('64625018','Accepted Cards','None');
INSERT INTO "RESTAURANT_FEATURE" ("RESTAURANT_ID","FEATURE_NAME","DESCRIPTION")VALUES('64625018','Parking','Street');
INSERT INTO "RESTAURANT_FEATURE" ("RESTAURANT_ID","FEATURE_NAME","DESCRIPTION")VALUES('64625018','Good for Kids','Yes');
INSERT INTO "RESTAURANT_FEATURE" ("RESTAURANT_ID","FEATURE_NAME","DESCRIPTION")VALUES('64625018','Good for Groups','Yes');
INSERT INTO "RESTAURANT_FEATURE" ("RESTAURANT_ID","FEATURE_NAME","DESCRIPTION")VALUES('64625018','Attire','Casual');
INSERT INTO "RESTAURANT_FEATURE" ("RESTAURANT_ID","FEATURE_NAME","DESCRIPTION")VALUES('64625018','Ambience','Casual, Intimate');
INSERT INTO "RESTAURANT_FEATURE" ("RESTAURANT_ID","FEATURE_NAME","DESCRIPTION")VALUES('64625018','Noise Level','Average');
INSERT INTO "RESTAURANT_FEATURE" ("RESTAURANT_ID","FEATURE_NAME","DESCRIPTION")VALUES('64625018','Alcohol','Beer & Wine Only');
INSERT INTO "RESTAURANT_FEATURE" ("RESTAURANT_ID","FEATURE_NAME","DESCRIPTION")VALUES('64625018','Outdoor Seating','Yes');
INSERT INTO "RESTAURANT_FEATURE" ("RESTAURANT_ID","FEATURE_NAME","DESCRIPTION")VALUES('64625018','Wi-Fi','No');
INSERT INTO "RESTAURANT_FEATURE" ("RESTAURANT_ID","FEATURE_NAME","DESCRIPTION")VALUES('64625018','Has TV','No');
INSERT INTO "RESTAURANT_FEATURE" ("RESTAURANT_ID","FEATURE_NAME","DESCRIPTION")VALUES('64625018','Waiter Service','Yes');
INSERT INTO "RESTAURANT_FEATURE" ("RESTAURANT_ID","FEATURE_NAME","DESCRIPTION")VALUES('64625018','Caters','No');
INSERT INTO "OPENING_HOUR" ("DAY","RESTAURANT_ID","OPENING_TIME","CLOSING_TIME")VALUES('Mon','64625018','12:00 pm','11:00 pm');
INSERT INTO "OPENING_HOUR" ("DAY","RESTAURANT_ID","OPENING_TIME","CLOSING_TIME")VALUES('Tue','64625018','12:00 pm','11:00 pm');
INSERT INTO "OPENING_HOUR" ("DAY","RESTAURANT_ID","OPENING_TIME","CLOSING_TIME")VALUES('Wed','64625018','12:00 pm','11:00 pm');
INSERT INTO "OPENING_HOUR" ("DAY","RESTAURANT_ID","OPENING_TIME","CLOSING_TIME")VALUES('Thu','64625018','12:00 pm','11:00 pm');
INSERT INTO "OPENING_HOUR" ("DAY","RESTAURANT_ID","OPENING_TIME","CLOSING_TIME")VALUES('Fri','64625018','12:00 pm','11:00 pm');
INSERT INTO "OPENING_HOUR" ("DAY","RESTAURANT_ID","OPENING_TIME","CLOSING_TIME")VALUES('Sat','64625018','5:00 pm','11:00 pm');
INSERT INTO "USER_REVIEW" ("RESTAURANT_ID","REVIEW_DATE","COMMENT","REVIEW_RATING")VALUES('64625018','2017-07-05 11:36:12','Hard to believe that this place gets enough business to stay open, but we are glad it is! We had dinner at around 6:30pm.

Took my family there based on the...','5');
INSERT INTO "PHOTO" ("RESTAURANT_ID","PICTURE_URL")VALUES('64625018','https://s3-media1.fl.yelpcdn.com/photo/E2ckcpaRv4sZZ_FMZBkgkg/o.jpg');
INSERT INTO "USER_REVIEW" ("RESTAURANT_ID","REVIEW_DATE","COMMENT","REVIEW_RATING")VALUES('64625018','2017-12-02 04:06:56','Tried multiple plates, everything was very delicious, and the service is always friendly. Just some times they are very slow. I will come back for more.','4');
INSERT INTO "USER_REVIEW" ("RESTAURANT_ID","REVIEW_DATE","COMMENT","REVIEW_RATING")VALUES('64625018','2017-09-11 07:40:22','Almost 5 stars, because the food was so delicious. We brought friends from Paris and even they were happy. Few vegetarian options, but they are probably all...','4');
INSERT INTO "PHOTO" ("RESTAURANT_ID","PICTURE_URL")VALUES('64625018','https://s3-media1.fl.yelpcdn.com/photo/3ToK_dgvEdIIh0mx7_iJ7A/o.jpg');
INSERT INTO "LOCATION" ("LOCATION_ID","LOCATION_TYPE","ADDRESS","LONGITUDE","LATITUDE")VALUES('74','R','Budapester Str. 210787 BerlinGermany','13.3446375009','52.5067370122');
INSERT INTO "RESTAURANT" ("RESTAURANT_ID","PRICERANGE","PHONE_NUMBER","WEBSITE")VALUES('979332','€€€€','+49 30 26021263','hugos-restaurant.de');
INSERT INTO "CUISINE" ("RESTAURANT_ID","CUISINE_TYPE")VALUES('979332','German');
INSERT INTO "CUISINE" ("RESTAURANT_ID","CUISINE_TYPE")VALUES('979332','Modern European');
INSERT INTO "RESTAURANT_RATING" ("RESTAURANT_ID","SCALE","OVERALL_RATING","SOURCE")VALUES('979332','5','4.5','Yelp');
INSERT INTO "RESTAURANT_FEATURE" ("RESTAURANT_ID","FEATURE_NAME","DESCRIPTION")VALUES('979332','Takes Reservations','Yes');
INSERT INTO "RESTAURANT_FEATURE" ("RESTAURANT_ID","FEATURE_NAME","DESCRIPTION")VALUES('979332','Delivery','No');
INSERT INTO "RESTAURANT_FEATURE" ("RESTAURANT_ID","FEATURE_NAME","DESCRIPTION")VALUES('979332','Take-out','No');
INSERT INTO "RESTAURANT_FEATURE" ("RESTAURANT_ID","FEATURE_NAME","DESCRIPTION")VALUES('979332','Accepted Cards','Credit, Debit');
INSERT INTO "RESTAURANT_FEATURE" ("RESTAURANT_ID","FEATURE_NAME","DESCRIPTION")VALUES('979332','Good for Kids','No');
INSERT INTO "RESTAURANT_FEATURE" ("RESTAURANT_ID","FEATURE_NAME","DESCRIPTION")VALUES('979332','Good for Groups','No');
INSERT INTO "RESTAURANT_FEATURE" ("RESTAURANT_ID","FEATURE_NAME","DESCRIPTION")VALUES('979332','Attire','Dressy');
INSERT INTO "RESTAURANT_FEATURE" ("RESTAURANT_ID","FEATURE_NAME","DESCRIPTION")VALUES('979332','Alcohol','Full Bar');
INSERT INTO "RESTAURANT_FEATURE" ("RESTAURANT_ID","FEATURE_NAME","DESCRIPTION")VALUES('979332','Outdoor Seating','No');
INSERT INTO "RESTAURANT_FEATURE" ("RESTAURANT_ID","FEATURE_NAME","DESCRIPTION")VALUES('979332','Wi-Fi','Free');
INSERT INTO "RESTAURANT_FEATURE" ("RESTAURANT_ID","FEATURE_NAME","DESCRIPTION")VALUES('979332','Has TV','No');
INSERT INTO "RESTAURANT_FEATURE" ("RESTAURANT_ID","FEATURE_NAME","DESCRIPTION")VALUES('979332','Caters','No');
INSERT INTO "OPENING_HOUR" ("DAY","RESTAURANT_ID","OPENING_TIME","CLOSING_TIME")VALUES('Mon','979332','6:30 pm','10:30 pm');
INSERT INTO "OPENING_HOUR" ("DAY","RESTAURANT_ID","OPENING_TIME","CLOSING_TIME")VALUES('Tue','979332','6:30 pm','10:30 pm');
INSERT INTO "OPENING_HOUR" ("DAY","RESTAURANT_ID","OPENING_TIME","CLOSING_TIME")VALUES('Wed','979332','6:30 pm','10:30 pm');
INSERT INTO "OPENING_HOUR" ("DAY","RESTAURANT_ID","OPENING_TIME","CLOSING_TIME")VALUES('Thu','979332','6:30 pm','10:30 pm');
INSERT INTO "OPENING_HOUR" ("DAY","RESTAURANT_ID","OPENING_TIME","CLOSING_TIME")VALUES('Fri','979332','6:30 pm','10:30 pm');
INSERT INTO "USER_REVIEW" ("RESTAURANT_ID","REVIEW_DATE","COMMENT","REVIEW_RATING")VALUES('979332','2017-10-27 15:04:01','Hugos is excellent. Can compete with best restaurants in Paris and San Francisco.','5');
INSERT INTO "USER_REVIEW" ("RESTAURANT_ID","REVIEW_DATE","COMMENT","REVIEW_RATING")VALUES('979332','2017-12-07 09:14:10','This was my first Michelin star experience so I was looking forward to everything that they had to offer. First of all please note that Hugos is in the...','4');
INSERT INTO "PHOTO" ("RESTAURANT_ID","PICTURE_URL")VALUES('979332','https://s3-media2.fl.yelpcdn.com/photo/UcELEkDDI0nKYc6byX0rPw/o.jpg');
INSERT INTO "USER_REVIEW" ("RESTAURANT_ID","REVIEW_DATE","COMMENT","REVIEW_RATING")VALUES('979332','2016-06-22 05:54:01','Spectacular. Just...spectacular!

We were lucky to get a reservation on the same day, which happened to be a gloriously sunny day in Berlin, and giving us a...','5');
INSERT INTO "PHOTO" ("RESTAURANT_ID","PICTURE_URL")VALUES('979332','https://s3-media1.fl.yelpcdn.com/photo/L4J8Cg8BkBZkmybJlo9pMA/o.jpg');
INSERT INTO "LOCATION" ("LOCATION_ID","LOCATION_TYPE","ADDRESS","LONGITUDE","LATITUDE")VALUES('75','R','Gipsstr. 310119 BerlinGermany','13.39934','52.52718');
INSERT INTO "RESTAURANT" ("RESTAURANT_ID","PRICERANGE","PHONE_NUMBER","WEBSITE")VALUES('31566221','€€','+49 30 98339073','kuchi.de');
INSERT INTO "CUISINE" ("RESTAURANT_ID","CUISINE_TYPE")VALUES('31566221','Ramen');
INSERT INTO "RESTAURANT_RATING" ("RESTAURANT_ID","SCALE","OVERALL_RATING","SOURCE")VALUES('31566221','5','4.0','Yelp');
INSERT INTO "RESTAURANT_FEATURE" ("RESTAURANT_ID","FEATURE_NAME","DESCRIPTION")VALUES('31566221','Takes Reservations','No');
INSERT INTO "RESTAURANT_FEATURE" ("RESTAURANT_ID","FEATURE_NAME","DESCRIPTION")VALUES('31566221','Delivery','No');
INSERT INTO "RESTAURANT_FEATURE" ("RESTAURANT_ID","FEATURE_NAME","DESCRIPTION")VALUES('31566221','Take-out','No');
INSERT INTO "RESTAURANT_FEATURE" ("RESTAURANT_ID","FEATURE_NAME","DESCRIPTION")VALUES('31566221','Good For','Dinner');
INSERT INTO "RESTAURANT_FEATURE" ("RESTAURANT_ID","FEATURE_NAME","DESCRIPTION")VALUES('31566221','Parking','Street');
INSERT INTO "RESTAURANT_FEATURE" ("RESTAURANT_ID","FEATURE_NAME","DESCRIPTION")VALUES('31566221','Good for Kids','No');
INSERT INTO "RESTAURANT_FEATURE" ("RESTAURANT_ID","FEATURE_NAME","DESCRIPTION")VALUES('31566221','Good for Groups','Yes');
INSERT INTO "RESTAURANT_FEATURE" ("RESTAURANT_ID","FEATURE_NAME","DESCRIPTION")VALUES('31566221','Attire','Casual');
INSERT INTO "RESTAURANT_FEATURE" ("RESTAURANT_ID","FEATURE_NAME","DESCRIPTION")VALUES('31566221','Noise Level','Average');
INSERT INTO "RESTAURANT_FEATURE" ("RESTAURANT_ID","FEATURE_NAME","DESCRIPTION")VALUES('31566221','Alcohol','Beer & Wine Only');
INSERT INTO "RESTAURANT_FEATURE" ("RESTAURANT_ID","FEATURE_NAME","DESCRIPTION")VALUES('31566221','Outdoor Seating','Yes');
INSERT INTO "RESTAURANT_FEATURE" ("RESTAURANT_ID","FEATURE_NAME","DESCRIPTION")VALUES('31566221','Wi-Fi','No');
INSERT INTO "RESTAURANT_FEATURE" ("RESTAURANT_ID","FEATURE_NAME","DESCRIPTION")VALUES('31566221','Has TV','No');
INSERT INTO "RESTAURANT_FEATURE" ("RESTAURANT_ID","FEATURE_NAME","DESCRIPTION")VALUES('31566221','Waiter Service','Yes');
INSERT INTO "RESTAURANT_FEATURE" ("RESTAURANT_ID","FEATURE_NAME","DESCRIPTION")VALUES('31566221','Caters','No');
INSERT INTO "OPENING_HOUR" ("DAY","RESTAURANT_ID","OPENING_TIME","CLOSING_TIME")VALUES('Mon','31566221','6:00 pm','12:00 am');
INSERT INTO "OPENING_HOUR" ("DAY","RESTAURANT_ID","OPENING_TIME","CLOSING_TIME")VALUES('Tue','31566221','6:00 pm','12:00 am');
INSERT INTO "OPENING_HOUR" ("DAY","RESTAURANT_ID","OPENING_TIME","CLOSING_TIME")VALUES('Wed','31566221','6:00 pm','12:00 am');
INSERT INTO "OPENING_HOUR" ("DAY","RESTAURANT_ID","OPENING_TIME","CLOSING_TIME")VALUES('Thu','31566221','6:00 pm','12:00 am');
INSERT INTO "OPENING_HOUR" ("DAY","RESTAURANT_ID","OPENING_TIME","CLOSING_TIME")VALUES('Fri','31566221','6:00 pm','12:00 am');
INSERT INTO "OPENING_HOUR" ("DAY","RESTAURANT_ID","OPENING_TIME","CLOSING_TIME")VALUES('Sat','31566221','6:00 pm','12:00 am');
INSERT INTO "OPENING_HOUR" ("DAY","RESTAURANT_ID","OPENING_TIME","CLOSING_TIME")VALUES('Sun','31566221','Open now','12:00 am');
INSERT INTO "USER_REVIEW" ("RESTAURANT_ID","REVIEW_DATE","COMMENT","REVIEW_RATING")VALUES('31566221','2018-01-18 11:32:01','I arrived before they were even open and there was already a line. Luckily, I was a party of one, so I was seated right away. The place is small, and cash...','5');
INSERT INTO "PHOTO" ("RESTAURANT_ID","PICTURE_URL")VALUES('31566221','https://s3-media2.fl.yelpcdn.com/photo/pqRytgam7Mxog4PV8SFLaw/o.jpg');
INSERT INTO "USER_REVIEW" ("RESTAURANT_ID","REVIEW_DATE","COMMENT","REVIEW_RATING")VALUES('31566221','2017-12-25 11:58:12','This is probably the best ramen place in Berlin. During 4 months of my stay in Berlin, I couldn''t find any ramen place that would top this or any good ramen...','5');
INSERT INTO "PHOTO" ("RESTAURANT_ID","PICTURE_URL")VALUES('31566221','https://s3-media3.fl.yelpcdn.com/photo/e3rvTCd1C1ptJVTNj75Ciw/o.jpg');
INSERT INTO "USER_REVIEW" ("RESTAURANT_ID","REVIEW_DATE","COMMENT","REVIEW_RATING")VALUES('31566221','2018-01-17 19:46:00','Been going there for years. They continue to impress with japanese impeccable ramen kitchen. Sadly they are closed now on sundays, so I''ll have to seek out...','5');
INSERT INTO "RESTAURANT_RATING" ("RESTAURANT_ID","SCALE","OVERALL_RATING","SOURCE")VALUES('31566221','5','4.5','Google Map');
INSERT INTO "USER_REVIEW" ("RESTAURANT_ID","REVIEW_DATE","COMMENT","REVIEW_RATING")VALUES('31566221','2017-12-07','This place is legit.  Get the dumplings or an appetizer first so you can be there a bit longer and enjoy it - the food comes out soooo fast.  The broth is on point, and I highly recommend the pork belly!  So delicious and very affordable!

Also, and this is a huge thing, the staff is SUPER friendly.  

Great place.','5');
INSERT INTO "USER_REVIEW" ("RESTAURANT_ID","REVIEW_DATE","COMMENT","REVIEW_RATING")VALUES('31566221','2018-01-12','First ramen I''ve had.
Atmosphere is awesome. Come early, like 20min before they open to get a seat.
Dumplings were great. Lemonade was very good.','5');
INSERT INTO "USER_REVIEW" ("RESTAURANT_ID","REVIEW_DATE","COMMENT","REVIEW_RATING")VALUES('31566221','2017-12-26','Excellently delicious! I enjoyed so much every bite. The portion for me is huge. The place is way too small and the waiting time is usually long.','4');
INSERT INTO "USER_REVIEW" ("RESTAURANT_ID","REVIEW_DATE","COMMENT","REVIEW_RATING")VALUES('31566221','2017-10-23','Just fantastic. Not only a restaurant but a real entire experience. Mind that there''s a queue outside (30min wait on average) but it worth it! The service is nice, waiters are smiling and friendly despite the rush and the crowd. In one word: ITADAKIMASSS''! :D','5');
INSERT INTO "USER_REVIEW" ("RESTAURANT_ID","REVIEW_DATE","COMMENT","REVIEW_RATING")VALUES('31566221','2017-10-23','I recommend arriving 17:45, then you''ll get a seat when they open. 
The Ramen is heaven and also the starters taste great. I really recommend the housemade lemonade. 
The portions are big, so be hungry before you''ll get there (: 
All in all the best Ramen place I ever visited!','5');
INSERT INTO "LOCATION" ("LOCATION_ID","LOCATION_TYPE","ADDRESS","LONGITUDE","LATITUDE")VALUES('76','R','Bülowstr. 6610783 BerlinGermany','13.36696','52.496533');
INSERT INTO "RESTAURANT" ("RESTAURANT_ID","PRICERANGE","PHONE_NUMBER","WEBSITE")VALUES('71765110','€€','+49 30 21014086','munchshus.de');
INSERT INTO "CUISINE" ("RESTAURANT_ID","CUISINE_TYPE")VALUES('71765110','Seafood');
INSERT INTO "CUISINE" ("RESTAURANT_ID","CUISINE_TYPE")VALUES('71765110','Scandinavian');
INSERT INTO "RESTAURANT_RATING" ("RESTAURANT_ID","SCALE","OVERALL_RATING","SOURCE")VALUES('71765110','5','4.0','Yelp');
INSERT INTO "RESTAURANT_FEATURE" ("RESTAURANT_ID","FEATURE_NAME","DESCRIPTION")VALUES('71765110','Takes Reservations','Yes');
INSERT INTO "RESTAURANT_FEATURE" ("RESTAURANT_ID","FEATURE_NAME","DESCRIPTION")VALUES('71765110','Delivery','No');
INSERT INTO "RESTAURANT_FEATURE" ("RESTAURANT_ID","FEATURE_NAME","DESCRIPTION")VALUES('71765110','Take-out','No');
INSERT INTO "RESTAURANT_FEATURE" ("RESTAURANT_ID","FEATURE_NAME","DESCRIPTION")VALUES('71765110','Accepted Cards','Credit, Debit');
INSERT INTO "RESTAURANT_FEATURE" ("RESTAURANT_ID","FEATURE_NAME","DESCRIPTION")VALUES('71765110','Parking','Street');
INSERT INTO "RESTAURANT_FEATURE" ("RESTAURANT_ID","FEATURE_NAME","DESCRIPTION")VALUES('71765110','Good for Kids','Yes');
INSERT INTO "RESTAURANT_FEATURE" ("RESTAURANT_ID","FEATURE_NAME","DESCRIPTION")VALUES('71765110','Good for Groups','Yes');
INSERT INTO "RESTAURANT_FEATURE" ("RESTAURANT_ID","FEATURE_NAME","DESCRIPTION")VALUES('71765110','Attire','Casual');
INSERT INTO "RESTAURANT_FEATURE" ("RESTAURANT_ID","FEATURE_NAME","DESCRIPTION")VALUES('71765110','Noise Level','Average');
INSERT INTO "RESTAURANT_FEATURE" ("RESTAURANT_ID","FEATURE_NAME","DESCRIPTION")VALUES('71765110','Alcohol','Beer & Wine Only');
INSERT INTO "RESTAURANT_FEATURE" ("RESTAURANT_ID","FEATURE_NAME","DESCRIPTION")VALUES('71765110','Outdoor Seating','Yes');
INSERT INTO "RESTAURANT_FEATURE" ("RESTAURANT_ID","FEATURE_NAME","DESCRIPTION")VALUES('71765110','Wi-Fi','No');
INSERT INTO "RESTAURANT_FEATURE" ("RESTAURANT_ID","FEATURE_NAME","DESCRIPTION")VALUES('71765110','Has TV','No');
INSERT INTO "RESTAURANT_FEATURE" ("RESTAURANT_ID","FEATURE_NAME","DESCRIPTION")VALUES('71765110','Waiter Service','Yes');
INSERT INTO "RESTAURANT_FEATURE" ("RESTAURANT_ID","FEATURE_NAME","DESCRIPTION")VALUES('71765110','Caters','Yes');
INSERT INTO "OPENING_HOUR" ("DAY","RESTAURANT_ID","OPENING_TIME","CLOSING_TIME")VALUES('Mon','71765110','12:00 pm','1:00 am');
INSERT INTO "OPENING_HOUR" ("DAY","RESTAURANT_ID","OPENING_TIME","CLOSING_TIME")VALUES('Tue','71765110','12:00 pm','1:00 am');
INSERT INTO "OPENING_HOUR" ("DAY","RESTAURANT_ID","OPENING_TIME","CLOSING_TIME")VALUES('Wed','71765110','12:00 pm','1:00 am');
INSERT INTO "OPENING_HOUR" ("DAY","RESTAURANT_ID","OPENING_TIME","CLOSING_TIME")VALUES('Thu','71765110','12:00 pm','1:00 am');
INSERT INTO "OPENING_HOUR" ("DAY","RESTAURANT_ID","OPENING_TIME","CLOSING_TIME")VALUES('Fri','71765110','12:00 pm','1:00 am');
INSERT INTO "OPENING_HOUR" ("DAY","RESTAURANT_ID","OPENING_TIME","CLOSING_TIME")VALUES('Sat','71765110','12:00 pm','1:00 am');
INSERT INTO "OPENING_HOUR" ("DAY","RESTAURANT_ID","OPENING_TIME","CLOSING_TIME")VALUES('Sun','71765110','Open now','1:00 am');
INSERT INTO "USER_REVIEW" ("RESTAURANT_ID","REVIEW_DATE","COMMENT","REVIEW_RATING")VALUES('71765110','2016-10-23 04:17:32','Great choice for good food, but the location is a little outside of the main downtown area. We were looking for something unique to eat, and Munch''s Hus...','4');
INSERT INTO "PHOTO" ("RESTAURANT_ID","PICTURE_URL")VALUES('71765110','https://s3-media2.fl.yelpcdn.com/photo/lekzwwVhs-KBtc5r5U8q6w/o.jpg');
INSERT INTO "USER_REVIEW" ("RESTAURANT_ID","REVIEW_DATE","COMMENT","REVIEW_RATING")VALUES('71765110','2017-02-19 13:30:29','Not the cheapest around but an interesting alternative to all the standard fare, this is a nice place to go to if you are looking for something less usual -...','4');
INSERT INTO "PHOTO" ("RESTAURANT_ID","PICTURE_URL")VALUES('71765110','https://s3-media3.fl.yelpcdn.com/photo/kzvAhA0yaCNAS8ItDbZdCA/o.jpg');
INSERT INTO "USER_REVIEW" ("RESTAURANT_ID","REVIEW_DATE","COMMENT","REVIEW_RATING")VALUES('71765110','2014-06-27 12:53:50','We were here tonight for dinner. As we have been having fun in the kitchen lately, we opted to change things a bit and try out this Norwegian restaurant...','4');
INSERT INTO "PHOTO" ("RESTAURANT_ID","PICTURE_URL")VALUES('71765110','https://s3-media1.fl.yelpcdn.com/photo/ToTju2zYCHa7hPAMdeK58w/o.jpg');
INSERT INTO "LOCATION" ("LOCATION_ID","LOCATION_TYPE","ADDRESS","LONGITUDE","LATITUDE")VALUES('77','R','Grünberger Str. 8110245 BerlinGermany','13.46073','52.51126');
INSERT INTO "RESTAURANT" ("RESTAURANT_ID","PRICERANGE","PHONE_NUMBER","WEBSITE")VALUES('41158118','€€','+49 30 54737786','kurhaus-korsakow.de');
INSERT INTO "CUISINE" ("RESTAURANT_ID","CUISINE_TYPE")VALUES('41158118','German');
INSERT INTO "RESTAURANT_RATING" ("RESTAURANT_ID","SCALE","OVERALL_RATING","SOURCE")VALUES('41158118','5','4.0','Yelp');
INSERT INTO "RESTAURANT_FEATURE" ("RESTAURANT_ID","FEATURE_NAME","DESCRIPTION")VALUES('41158118','Takes Reservations','Yes');
INSERT INTO "RESTAURANT_FEATURE" ("RESTAURANT_ID","FEATURE_NAME","DESCRIPTION")VALUES('41158118','Delivery','No');
INSERT INTO "RESTAURANT_FEATURE" ("RESTAURANT_ID","FEATURE_NAME","DESCRIPTION")VALUES('41158118','Take-out','No');
INSERT INTO "RESTAURANT_FEATURE" ("RESTAURANT_ID","FEATURE_NAME","DESCRIPTION")VALUES('41158118','Accepted Cards','Credit, Debit');
INSERT INTO "RESTAURANT_FEATURE" ("RESTAURANT_ID","FEATURE_NAME","DESCRIPTION")VALUES('41158118','Good For','Brunch');
INSERT INTO "RESTAURANT_FEATURE" ("RESTAURANT_ID","FEATURE_NAME","DESCRIPTION")VALUES('41158118','Parking','Street');
INSERT INTO "RESTAURANT_FEATURE" ("RESTAURANT_ID","FEATURE_NAME","DESCRIPTION")VALUES('41158118','Good for Kids','Yes');
INSERT INTO "RESTAURANT_FEATURE" ("RESTAURANT_ID","FEATURE_NAME","DESCRIPTION")VALUES('41158118','Good for Groups','Yes');
INSERT INTO "RESTAURANT_FEATURE" ("RESTAURANT_ID","FEATURE_NAME","DESCRIPTION")VALUES('41158118','Attire','Casual');
INSERT INTO "RESTAURANT_FEATURE" ("RESTAURANT_ID","FEATURE_NAME","DESCRIPTION")VALUES('41158118','Ambience','Casual');
INSERT INTO "RESTAURANT_FEATURE" ("RESTAURANT_ID","FEATURE_NAME","DESCRIPTION")VALUES('41158118','Noise Level','Average');
INSERT INTO "RESTAURANT_FEATURE" ("RESTAURANT_ID","FEATURE_NAME","DESCRIPTION")VALUES('41158118','Alcohol','Full Bar');
INSERT INTO "RESTAURANT_FEATURE" ("RESTAURANT_ID","FEATURE_NAME","DESCRIPTION")VALUES('41158118','Outdoor Seating','Yes');
INSERT INTO "RESTAURANT_FEATURE" ("RESTAURANT_ID","FEATURE_NAME","DESCRIPTION")VALUES('41158118','Wi-Fi','Free');
INSERT INTO "RESTAURANT_FEATURE" ("RESTAURANT_ID","FEATURE_NAME","DESCRIPTION")VALUES('41158118','Has TV','No');
INSERT INTO "RESTAURANT_FEATURE" ("RESTAURANT_ID","FEATURE_NAME","DESCRIPTION")VALUES('41158118','Caters','No');
INSERT INTO "OPENING_HOUR" ("DAY","RESTAURANT_ID","OPENING_TIME","CLOSING_TIME")VALUES('Mon','41158118','5:00 pm','11:00 pm');
INSERT INTO "OPENING_HOUR" ("DAY","RESTAURANT_ID","OPENING_TIME","CLOSING_TIME")VALUES('Tue','41158118','5:00 pm','11:00 pm');
INSERT INTO "OPENING_HOUR" ("DAY","RESTAURANT_ID","OPENING_TIME","CLOSING_TIME")VALUES('Wed','41158118','5:00 pm','11:00 pm');
INSERT INTO "OPENING_HOUR" ("DAY","RESTAURANT_ID","OPENING_TIME","CLOSING_TIME")VALUES('Thu','41158118','5:00 pm','11:00 pm');
INSERT INTO "OPENING_HOUR" ("DAY","RESTAURANT_ID","OPENING_TIME","CLOSING_TIME")VALUES('Fri','41158118','5:00 pm','11:00 pm');
INSERT INTO "OPENING_HOUR" ("DAY","RESTAURANT_ID","OPENING_TIME","CLOSING_TIME")VALUES('Sat','41158118','9:00 am','11:00 pm');
INSERT INTO "OPENING_HOUR" ("DAY","RESTAURANT_ID","OPENING_TIME","CLOSING_TIME")VALUES('Sun','41158118','Open now','11:00 pm');
INSERT INTO "USER_REVIEW" ("RESTAURANT_ID","REVIEW_DATE","COMMENT","REVIEW_RATING")VALUES('41158118','2017-11-20 10:18:09','On a cold rainy night in Berlin, a serving of succulent pig shoulder and Aktien Zwickl definitely warmed things up a bit. The service was attentive and very...','5');
INSERT INTO "USER_REVIEW" ("RESTAURANT_ID","REVIEW_DATE","COMMENT","REVIEW_RATING")VALUES('41158118','2017-08-16 11:09:59','American and British tourists and we wanted an authentically German dinner. We had the Spaetzle, Schnitzel, Roulade, & Pork Shoulder. It''s such a good place...','5');
INSERT INTO "PHOTO" ("RESTAURANT_ID","PICTURE_URL")VALUES('41158118','https://s3-media2.fl.yelpcdn.com/photo/btFsjLlDoc5ZhHiyumxAHg/o.jpg');
INSERT INTO "USER_REVIEW" ("RESTAURANT_ID","REVIEW_DATE","COMMENT","REVIEW_RATING")VALUES('41158118','2017-08-28 11:27:24','Waiter left us waiting for a whopping 20min to take our order while flirting with the girls on the table next to us. Complete lack of courtesy. We ended up...','1');
INSERT INTO "PHOTO" ("RESTAURANT_ID","PICTURE_URL")VALUES('41158118','https://s3-media1.fl.yelpcdn.com/photo/HCCwV7gvxEO0w5RMTMuJoA/o.jpg');
INSERT INTO "LOCATION" ("LOCATION_ID","LOCATION_TYPE","ADDRESS","LONGITUDE","LATITUDE")VALUES('78','R','Dorotheenstr. 6510117 BerlinGermany','13.3864804','52.518435');
INSERT INTO "RESTAURANT" ("RESTAURANT_ID","PRICERANGE","PHONE_NUMBER","WEBSITE")VALUES('76955108','€€','+49 30 31011693','gaffel-haus-berlin.de');
INSERT INTO "CUISINE" ("RESTAURANT_ID","CUISINE_TYPE")VALUES('76955108','Rhinelandian');
INSERT INTO "CUISINE" ("RESTAURANT_ID","CUISINE_TYPE")VALUES('76955108','Pubs');
INSERT INTO "RESTAURANT_RATING" ("RESTAURANT_ID","SCALE","OVERALL_RATING","SOURCE")VALUES('76955108','5','4.0','Yelp');
INSERT INTO "RESTAURANT_FEATURE" ("RESTAURANT_ID","FEATURE_NAME","DESCRIPTION")VALUES('76955108','Takes Reservations','Yes');
INSERT INTO "RESTAURANT_FEATURE" ("RESTAURANT_ID","FEATURE_NAME","DESCRIPTION")VALUES('76955108','Delivery','Yes');
INSERT INTO "RESTAURANT_FEATURE" ("RESTAURANT_ID","FEATURE_NAME","DESCRIPTION")VALUES('76955108','Take-out','Yes');
INSERT INTO "RESTAURANT_FEATURE" ("RESTAURANT_ID","FEATURE_NAME","DESCRIPTION")VALUES('76955108','Accepted Cards','Credit, Debit');
INSERT INTO "RESTAURANT_FEATURE" ("RESTAURANT_ID","FEATURE_NAME","DESCRIPTION")VALUES('76955108','Accepts Bitcoin','No');
INSERT INTO "RESTAURANT_FEATURE" ("RESTAURANT_ID","FEATURE_NAME","DESCRIPTION")VALUES('76955108','Parking','Garage, Street');
INSERT INTO "RESTAURANT_FEATURE" ("RESTAURANT_ID","FEATURE_NAME","DESCRIPTION")VALUES('76955108','Good for Kids','Yes');
INSERT INTO "RESTAURANT_FEATURE" ("RESTAURANT_ID","FEATURE_NAME","DESCRIPTION")VALUES('76955108','Good for Groups','Yes');
INSERT INTO "RESTAURANT_FEATURE" ("RESTAURANT_ID","FEATURE_NAME","DESCRIPTION")VALUES('76955108','Attire','Casual');
INSERT INTO "RESTAURANT_FEATURE" ("RESTAURANT_ID","FEATURE_NAME","DESCRIPTION")VALUES('76955108','Ambience','Casual');
INSERT INTO "RESTAURANT_FEATURE" ("RESTAURANT_ID","FEATURE_NAME","DESCRIPTION")VALUES('76955108','Noise Level','Average');
INSERT INTO "RESTAURANT_FEATURE" ("RESTAURANT_ID","FEATURE_NAME","DESCRIPTION")VALUES('76955108','Alcohol','Full Bar');
INSERT INTO "RESTAURANT_FEATURE" ("RESTAURANT_ID","FEATURE_NAME","DESCRIPTION")VALUES('76955108','Outdoor Seating','Yes');
INSERT INTO "RESTAURANT_FEATURE" ("RESTAURANT_ID","FEATURE_NAME","DESCRIPTION")VALUES('76955108','Wi-Fi','No');
INSERT INTO "RESTAURANT_FEATURE" ("RESTAURANT_ID","FEATURE_NAME","DESCRIPTION")VALUES('76955108','Has TV','Yes');
INSERT INTO "RESTAURANT_FEATURE" ("RESTAURANT_ID","FEATURE_NAME","DESCRIPTION")VALUES('76955108','Caters','Yes');
INSERT INTO "RESTAURANT_FEATURE" ("RESTAURANT_ID","FEATURE_NAME","DESCRIPTION")VALUES('76955108','Has Pool Table','No');
INSERT INTO "OPENING_HOUR" ("DAY","RESTAURANT_ID","OPENING_TIME","CLOSING_TIME")VALUES('Mon','76955108','12:00 pm','12:00 am');
INSERT INTO "OPENING_HOUR" ("DAY","RESTAURANT_ID","OPENING_TIME","CLOSING_TIME")VALUES('Tue','76955108','12:00 pm','12:00 am');
INSERT INTO "OPENING_HOUR" ("DAY","RESTAURANT_ID","OPENING_TIME","CLOSING_TIME")VALUES('Wed','76955108','12:00 pm','12:00 am');
INSERT INTO "OPENING_HOUR" ("DAY","RESTAURANT_ID","OPENING_TIME","CLOSING_TIME")VALUES('Thu','76955108','12:00 pm','12:00 am');
INSERT INTO "OPENING_HOUR" ("DAY","RESTAURANT_ID","OPENING_TIME","CLOSING_TIME")VALUES('Fri','76955108','12:00 pm','12:00 am');
INSERT INTO "OPENING_HOUR" ("DAY","RESTAURANT_ID","OPENING_TIME","CLOSING_TIME")VALUES('Sat','76955108','12:00 pm','12:00 am');
INSERT INTO "USER_REVIEW" ("RESTAURANT_ID","REVIEW_DATE","COMMENT","REVIEW_RATING")VALUES('76955108','2018-01-03 16:08:12','Love this place!  Every time I''m in Berlin I stop in here. Great food, excellent beer, outstanding and helpful staff!  A must visit for real, down home,...','5');
INSERT INTO "PHOTO" ("RESTAURANT_ID","PICTURE_URL")VALUES('76955108','https://s3-media4.fl.yelpcdn.com/photo/_GGCzlrFM8p_lFzPr3lxvA/o.jpg');
INSERT INTO "USER_REVIEW" ("RESTAURANT_ID","REVIEW_DATE","COMMENT","REVIEW_RATING")VALUES('76955108','2017-01-09 14:01:35','My travel companion was on the hunt for "real authentic German cuisine." I was on the hunt for "food lest I get hangry." In Berlin, my phone service was...','4');
INSERT INTO "PHOTO" ("RESTAURANT_ID","PICTURE_URL")VALUES('76955108','https://s3-media1.fl.yelpcdn.com/photo/GDzH8FmdFOMyI9uD7CZ1Tg/o.jpg');
INSERT INTO "USER_REVIEW" ("RESTAURANT_ID","REVIEW_DATE","COMMENT","REVIEW_RATING")VALUES('76955108','2015-07-08 15:46:08','I must admit coming to Berlin and going to a Köln establishment was a bit weird but I really enjoyed my evening here. I was told that this area has the...','4');
INSERT INTO "PHOTO" ("RESTAURANT_ID","PICTURE_URL")VALUES('76955108','https://s3-media3.fl.yelpcdn.com/photo/PycqzH3jAwixwcyKNCoivw/o.jpg');
INSERT INTO "LOCATION" ("LOCATION_ID","LOCATION_TYPE","ADDRESS","LONGITUDE","LATITUDE")VALUES('79','R','Hufelandstr. 2210407 BerlinGermany','13.4326201595','52.5315394828');
INSERT INTO "RESTAURANT" ("RESTAURANT_ID","PRICERANGE","PHONE_NUMBER","WEBSITE")VALUES('27473887','€€','+49 30 70129610','altwien-berlin.de');
INSERT INTO "CUISINE" ("RESTAURANT_ID","CUISINE_TYPE")VALUES('27473887','Austrian');
INSERT INTO "RESTAURANT_RATING" ("RESTAURANT_ID","SCALE","OVERALL_RATING","SOURCE")VALUES('27473887','5','4.5','Yelp');
INSERT INTO "RESTAURANT_FEATURE" ("RESTAURANT_ID","FEATURE_NAME","DESCRIPTION")VALUES('27473887','Takes Reservations','Yes');
INSERT INTO "RESTAURANT_FEATURE" ("RESTAURANT_ID","FEATURE_NAME","DESCRIPTION")VALUES('27473887','Delivery','No');
INSERT INTO "RESTAURANT_FEATURE" ("RESTAURANT_ID","FEATURE_NAME","DESCRIPTION")VALUES('27473887','Take-out','Yes');
INSERT INTO "RESTAURANT_FEATURE" ("RESTAURANT_ID","FEATURE_NAME","DESCRIPTION")VALUES('27473887','Accepted Cards','Debit');
INSERT INTO "RESTAURANT_FEATURE" ("RESTAURANT_ID","FEATURE_NAME","DESCRIPTION")VALUES('27473887','Good For','Dinner');
INSERT INTO "RESTAURANT_FEATURE" ("RESTAURANT_ID","FEATURE_NAME","DESCRIPTION")VALUES('27473887','Parking','Street');
INSERT INTO "RESTAURANT_FEATURE" ("RESTAURANT_ID","FEATURE_NAME","DESCRIPTION")VALUES('27473887','Good for Kids','Yes');
INSERT INTO "RESTAURANT_FEATURE" ("RESTAURANT_ID","FEATURE_NAME","DESCRIPTION")VALUES('27473887','Good for Groups','Yes');
INSERT INTO "RESTAURANT_FEATURE" ("RESTAURANT_ID","FEATURE_NAME","DESCRIPTION")VALUES('27473887','Attire','Casual');
INSERT INTO "RESTAURANT_FEATURE" ("RESTAURANT_ID","FEATURE_NAME","DESCRIPTION")VALUES('27473887','Ambience','Casual');
INSERT INTO "RESTAURANT_FEATURE" ("RESTAURANT_ID","FEATURE_NAME","DESCRIPTION")VALUES('27473887','Noise Level','Average');
INSERT INTO "RESTAURANT_FEATURE" ("RESTAURANT_ID","FEATURE_NAME","DESCRIPTION")VALUES('27473887','Alcohol','Full Bar');
INSERT INTO "RESTAURANT_FEATURE" ("RESTAURANT_ID","FEATURE_NAME","DESCRIPTION")VALUES('27473887','Outdoor Seating','Yes');
INSERT INTO "RESTAURANT_FEATURE" ("RESTAURANT_ID","FEATURE_NAME","DESCRIPTION")VALUES('27473887','Wi-Fi','Free');
INSERT INTO "RESTAURANT_FEATURE" ("RESTAURANT_ID","FEATURE_NAME","DESCRIPTION")VALUES('27473887','Has TV','No');
INSERT INTO "RESTAURANT_FEATURE" ("RESTAURANT_ID","FEATURE_NAME","DESCRIPTION")VALUES('27473887','Caters','No');
INSERT INTO "OPENING_HOUR" ("DAY","RESTAURANT_ID","OPENING_TIME","CLOSING_TIME")VALUES('Mon','27473887','6:00 pm','12:00 am');
INSERT INTO "OPENING_HOUR" ("DAY","RESTAURANT_ID","OPENING_TIME","CLOSING_TIME")VALUES('Tue','27473887','6:00 pm','12:00 am');
INSERT INTO "OPENING_HOUR" ("DAY","RESTAURANT_ID","OPENING_TIME","CLOSING_TIME")VALUES('Wed','27473887','6:00 pm','12:00 am');
INSERT INTO "OPENING_HOUR" ("DAY","RESTAURANT_ID","OPENING_TIME","CLOSING_TIME")VALUES('Thu','27473887','6:00 pm','12:00 am');
INSERT INTO "OPENING_HOUR" ("DAY","RESTAURANT_ID","OPENING_TIME","CLOSING_TIME")VALUES('Fri','27473887','6:00 pm','12:00 am');
INSERT INTO "OPENING_HOUR" ("DAY","RESTAURANT_ID","OPENING_TIME","CLOSING_TIME")VALUES('Sat','27473887','Open now','12:00 am');
INSERT INTO "USER_REVIEW" ("RESTAURANT_ID","REVIEW_DATE","COMMENT","REVIEW_RATING")VALUES('27473887','2017-11-12 13:27:36','This place is beyond good. It deserves the Nobel Prize for cooking. Simply amazing, perfect, Austrian food better than I''ve ever had in Austria. Great...','5');
INSERT INTO "PHOTO" ("RESTAURANT_ID","PICTURE_URL")VALUES('27473887','https://s3-media3.fl.yelpcdn.com/photo/JyKDwKgVNfaP4F5nVLSLoQ/o.jpg');
INSERT INTO "USER_REVIEW" ("RESTAURANT_ID","REVIEW_DATE","COMMENT","REVIEW_RATING")VALUES('27473887','2016-12-20 02:50:06','The best Wiener Schnitzel I had in town. Tender veal, with just the right thickness, the right breading and the right frying. Portion was huge. A bit pricy...','5');
INSERT INTO "PHOTO" ("RESTAURANT_ID","PICTURE_URL")VALUES('27473887','https://s3-media1.fl.yelpcdn.com/photo/QeIjla-35WIOz9op35iIEA/o.jpg');
INSERT INTO "USER_REVIEW" ("RESTAURANT_ID","REVIEW_DATE","COMMENT","REVIEW_RATING")VALUES('27473887','2015-07-13 11:58:01','We felt like Schnitzel last night and we''ve been definitely lucky with this place

The staff
We reserved a table in this place on sunday. Once arrived the...','4');
INSERT INTO "PHOTO" ("RESTAURANT_ID","PICTURE_URL")VALUES('27473887','https://s3-media4.fl.yelpcdn.com/photo/oIPsT4O_7ev0vIZLmeqtRw/o.jpg');
INSERT INTO "LOCATION" ("LOCATION_ID","LOCATION_TYPE","ADDRESS","LONGITUDE","LATITUDE")VALUES('80','R','Prinzenallee 2513359 BerlinGermany','13.3851812','52.5566747');
INSERT INTO "RESTAURANT" ("RESTAURANT_ID","PRICERANGE","PHONE_NUMBER","WEBSITE")VALUES('62363705','€','+49 30 55647693','None');
INSERT INTO "CUISINE" ("RESTAURANT_ID","CUISINE_TYPE")VALUES('62363705','Spanish');
INSERT INTO "CUISINE" ("RESTAURANT_ID","CUISINE_TYPE")VALUES('62363705','Tapas Bars');
INSERT INTO "RESTAURANT_RATING" ("RESTAURANT_ID","SCALE","OVERALL_RATING","SOURCE")VALUES('62363705','5','4.5','Yelp');
INSERT INTO "RESTAURANT_FEATURE" ("RESTAURANT_ID","FEATURE_NAME","DESCRIPTION")VALUES('62363705','Takes Reservations','Yes');
INSERT INTO "RESTAURANT_FEATURE" ("RESTAURANT_ID","FEATURE_NAME","DESCRIPTION")VALUES('62363705','Delivery','No');
INSERT INTO "RESTAURANT_FEATURE" ("RESTAURANT_ID","FEATURE_NAME","DESCRIPTION")VALUES('62363705','Take-out','Yes');
INSERT INTO "RESTAURANT_FEATURE" ("RESTAURANT_ID","FEATURE_NAME","DESCRIPTION")VALUES('62363705','Accepted Cards','None');
INSERT INTO "RESTAURANT_FEATURE" ("RESTAURANT_ID","FEATURE_NAME","DESCRIPTION")VALUES('62363705','Parking','Street');
INSERT INTO "RESTAURANT_FEATURE" ("RESTAURANT_ID","FEATURE_NAME","DESCRIPTION")VALUES('62363705','Good for Kids','No');
INSERT INTO "RESTAURANT_FEATURE" ("RESTAURANT_ID","FEATURE_NAME","DESCRIPTION")VALUES('62363705','Good for Groups','Yes');
INSERT INTO "RESTAURANT_FEATURE" ("RESTAURANT_ID","FEATURE_NAME","DESCRIPTION")VALUES('62363705','Attire','Casual');
INSERT INTO "RESTAURANT_FEATURE" ("RESTAURANT_ID","FEATURE_NAME","DESCRIPTION")VALUES('62363705','Noise Level','Average');
INSERT INTO "RESTAURANT_FEATURE" ("RESTAURANT_ID","FEATURE_NAME","DESCRIPTION")VALUES('62363705','Alcohol','Beer & Wine Only');
INSERT INTO "RESTAURANT_FEATURE" ("RESTAURANT_ID","FEATURE_NAME","DESCRIPTION")VALUES('62363705','Outdoor Seating','Yes');
INSERT INTO "RESTAURANT_FEATURE" ("RESTAURANT_ID","FEATURE_NAME","DESCRIPTION")VALUES('62363705','Has TV','No');
INSERT INTO "RESTAURANT_FEATURE" ("RESTAURANT_ID","FEATURE_NAME","DESCRIPTION")VALUES('62363705','Waiter Service','Yes');
INSERT INTO "OPENING_HOUR" ("DAY","RESTAURANT_ID","OPENING_TIME","CLOSING_TIME")VALUES('Mon','62363705','6:00 pm','11:00 pm');
INSERT INTO "OPENING_HOUR" ("DAY","RESTAURANT_ID","OPENING_TIME","CLOSING_TIME")VALUES('Tue','62363705','6:00 pm','11:00 pm');
INSERT INTO "OPENING_HOUR" ("DAY","RESTAURANT_ID","OPENING_TIME","CLOSING_TIME")VALUES('Wed','62363705','6:00 pm','11:00 pm');
INSERT INTO "OPENING_HOUR" ("DAY","RESTAURANT_ID","OPENING_TIME","CLOSING_TIME")VALUES('Thu','62363705','6:00 pm','11:00 pm');
INSERT INTO "OPENING_HOUR" ("DAY","RESTAURANT_ID","OPENING_TIME","CLOSING_TIME")VALUES('Fri','62363705','6:00 pm','11:00 pm');
INSERT INTO "OPENING_HOUR" ("DAY","RESTAURANT_ID","OPENING_TIME","CLOSING_TIME")VALUES('Sat','62363705','6:00 pm','11:00 pm');
INSERT INTO "OPENING_HOUR" ("DAY","RESTAURANT_ID","OPENING_TIME","CLOSING_TIME")VALUES('Sun','62363705','Open now','11:00 pm');
INSERT INTO "RESTAURANT_RATING" ("RESTAURANT_ID","SCALE","OVERALL_RATING","SOURCE")VALUES('62363705','5','4.4','Google Map');
INSERT INTO "USER_REVIEW" ("RESTAURANT_ID","REVIEW_DATE","COMMENT","REVIEW_RATING")VALUES('62363705','2017-12-29','One of the best Spanish food ever (i live in Spain!!). Great service, deli dishes, original beers and strong wines. The owner is really nice and speaks German, English, Spanish and Italian','5');
INSERT INTO "USER_REVIEW" ("RESTAURANT_ID","REVIEW_DATE","COMMENT","REVIEW_RATING")VALUES('62363705','2017-12-19','Nice, friendly place and food is very good','4');
INSERT INTO "USER_REVIEW" ("RESTAURANT_ID","REVIEW_DATE","COMMENT","REVIEW_RATING")VALUES('62363705','2017-11-28','It was good, but the prices a bit higher and it''s no possible pay by credit card.','3');
INSERT INTO "USER_REVIEW" ("RESTAURANT_ID","REVIEW_DATE","COMMENT","REVIEW_RATING")VALUES('62363705','2017-11-23','Surround buy kebab places and currywurst stands, El Pepe is a pearl in the neighborhood of Gesundbrunnen.
- Price: affordable spanish tapas and drinks.
- Food: excellent and more importantly, authentic.
- Service: very friendly staff, the italian girl speaks german, spanish, english and italian (obvs).
Looking forward to my next visit.','5');
INSERT INTO "USER_REVIEW" ("RESTAURANT_ID","REVIEW_DATE","COMMENT","REVIEW_RATING")VALUES('62363705','2017-10-01','Delicious tapas, great wine, awesome staff. Will gladly come here again!','5');
INSERT INTO "LOCATION" ("LOCATION_ID","LOCATION_TYPE","ADDRESS","LONGITUDE","LATITUDE")VALUES('81','R','Vorbergstr. 10 A10823 BerlinGermany','13.3548685766','52.4891781787');
INSERT INTO "RESTAURANT" ("RESTAURANT_ID","PRICERANGE","PHONE_NUMBER","WEBSITE")VALUES('15292118','€€€','+49 30 78959001','weingut-berlin.de');
INSERT INTO "CUISINE" ("RESTAURANT_ID","CUISINE_TYPE")VALUES('15292118','Wine Bars');
INSERT INTO "CUISINE" ("RESTAURANT_ID","CUISINE_TYPE")VALUES('15292118','German');
INSERT INTO "RESTAURANT_RATING" ("RESTAURANT_ID","SCALE","OVERALL_RATING","SOURCE")VALUES('15292118','5','5.0','Yelp');
INSERT INTO "RESTAURANT_FEATURE" ("RESTAURANT_ID","FEATURE_NAME","DESCRIPTION")VALUES('15292118','Takes Reservations','Yes');
INSERT INTO "RESTAURANT_FEATURE" ("RESTAURANT_ID","FEATURE_NAME","DESCRIPTION")VALUES('15292118','Delivery','No');
INSERT INTO "RESTAURANT_FEATURE" ("RESTAURANT_ID","FEATURE_NAME","DESCRIPTION")VALUES('15292118','Take-out','No');
INSERT INTO "RESTAURANT_FEATURE" ("RESTAURANT_ID","FEATURE_NAME","DESCRIPTION")VALUES('15292118','Accepted Cards','None');
INSERT INTO "RESTAURANT_FEATURE" ("RESTAURANT_ID","FEATURE_NAME","DESCRIPTION")VALUES('15292118','Parking','Street');
INSERT INTO "RESTAURANT_FEATURE" ("RESTAURANT_ID","FEATURE_NAME","DESCRIPTION")VALUES('15292118','Good for Kids','No');
INSERT INTO "RESTAURANT_FEATURE" ("RESTAURANT_ID","FEATURE_NAME","DESCRIPTION")VALUES('15292118','Good for Groups','No');
INSERT INTO "RESTAURANT_FEATURE" ("RESTAURANT_ID","FEATURE_NAME","DESCRIPTION")VALUES('15292118','Attire','Casual');
INSERT INTO "RESTAURANT_FEATURE" ("RESTAURANT_ID","FEATURE_NAME","DESCRIPTION")VALUES('15292118','Outdoor Seating','Yes');
INSERT INTO "RESTAURANT_FEATURE" ("RESTAURANT_ID","FEATURE_NAME","DESCRIPTION")VALUES('15292118','Has TV','No');
INSERT INTO "OPENING_HOUR" ("DAY","RESTAURANT_ID","OPENING_TIME","CLOSING_TIME")VALUES('Mon','15292118','6:00 pm','12:00 am');
INSERT INTO "OPENING_HOUR" ("DAY","RESTAURANT_ID","OPENING_TIME","CLOSING_TIME")VALUES('Tue','15292118','6:00 pm','12:00 am');
INSERT INTO "OPENING_HOUR" ("DAY","RESTAURANT_ID","OPENING_TIME","CLOSING_TIME")VALUES('Wed','15292118','6:00 pm','12:00 am');
INSERT INTO "OPENING_HOUR" ("DAY","RESTAURANT_ID","OPENING_TIME","CLOSING_TIME")VALUES('Thu','15292118','6:00 pm','12:00 am');
INSERT INTO "OPENING_HOUR" ("DAY","RESTAURANT_ID","OPENING_TIME","CLOSING_TIME")VALUES('Fri','15292118','6:00 pm','12:00 am');
INSERT INTO "LOCATION" ("LOCATION_ID","LOCATION_TYPE","ADDRESS","LONGITUDE","LATITUDE")VALUES('82','R','Potsdamer Str. 7510785 BerlinGermany','13.36562','52.5026');
INSERT INTO "RESTAURANT" ("RESTAURANT_ID","PRICERANGE","PHONE_NUMBER","WEBSITE")VALUES('68257079','€€','+49 30 26369884','joseph-roth-diele.de');
INSERT INTO "CUISINE" ("RESTAURANT_ID","CUISINE_TYPE")VALUES('68257079','German');
INSERT INTO "RESTAURANT_RATING" ("RESTAURANT_ID","SCALE","OVERALL_RATING","SOURCE")VALUES('68257079','5','4.5','Yelp');
INSERT INTO "RESTAURANT_FEATURE" ("RESTAURANT_ID","FEATURE_NAME","DESCRIPTION")VALUES('68257079','Takes Reservations','Yes');
INSERT INTO "RESTAURANT_FEATURE" ("RESTAURANT_ID","FEATURE_NAME","DESCRIPTION")VALUES('68257079','Delivery','No');
INSERT INTO "RESTAURANT_FEATURE" ("RESTAURANT_ID","FEATURE_NAME","DESCRIPTION")VALUES('68257079','Take-out','No');
INSERT INTO "RESTAURANT_FEATURE" ("RESTAURANT_ID","FEATURE_NAME","DESCRIPTION")VALUES('68257079','Accepted Cards','None');
INSERT INTO "RESTAURANT_FEATURE" ("RESTAURANT_ID","FEATURE_NAME","DESCRIPTION")VALUES('68257079','Parking','Street');
INSERT INTO "RESTAURANT_FEATURE" ("RESTAURANT_ID","FEATURE_NAME","DESCRIPTION")VALUES('68257079','Good for Kids','Yes');
INSERT INTO "RESTAURANT_FEATURE" ("RESTAURANT_ID","FEATURE_NAME","DESCRIPTION")VALUES('68257079','Good for Groups','Yes');
INSERT INTO "RESTAURANT_FEATURE" ("RESTAURANT_ID","FEATURE_NAME","DESCRIPTION")VALUES('68257079','Attire','Casual');
INSERT INTO "RESTAURANT_FEATURE" ("RESTAURANT_ID","FEATURE_NAME","DESCRIPTION")VALUES('68257079','Noise Level','Loud');
INSERT INTO "RESTAURANT_FEATURE" ("RESTAURANT_ID","FEATURE_NAME","DESCRIPTION")VALUES('68257079','Alcohol','Full Bar');
INSERT INTO "RESTAURANT_FEATURE" ("RESTAURANT_ID","FEATURE_NAME","DESCRIPTION")VALUES('68257079','Outdoor Seating','Yes');
INSERT INTO "RESTAURANT_FEATURE" ("RESTAURANT_ID","FEATURE_NAME","DESCRIPTION")VALUES('68257079','Wi-Fi','No');
INSERT INTO "RESTAURANT_FEATURE" ("RESTAURANT_ID","FEATURE_NAME","DESCRIPTION")VALUES('68257079','Has TV','No');
INSERT INTO "RESTAURANT_FEATURE" ("RESTAURANT_ID","FEATURE_NAME","DESCRIPTION")VALUES('68257079','Caters','No');
INSERT INTO "OPENING_HOUR" ("DAY","RESTAURANT_ID","OPENING_TIME","CLOSING_TIME")VALUES('Mon','68257079','10:00 am','12:00 am');
INSERT INTO "OPENING_HOUR" ("DAY","RESTAURANT_ID","OPENING_TIME","CLOSING_TIME")VALUES('Tue','68257079','10:00 am','12:00 am');
INSERT INTO "OPENING_HOUR" ("DAY","RESTAURANT_ID","OPENING_TIME","CLOSING_TIME")VALUES('Wed','68257079','10:00 am','12:00 am');
INSERT INTO "OPENING_HOUR" ("DAY","RESTAURANT_ID","OPENING_TIME","CLOSING_TIME")VALUES('Thu','68257079','10:00 am','12:00 am');
INSERT INTO "OPENING_HOUR" ("DAY","RESTAURANT_ID","OPENING_TIME","CLOSING_TIME")VALUES('Fri','68257079','10:00 am','12:00 am');
INSERT INTO "USER_REVIEW" ("RESTAURANT_ID","REVIEW_DATE","COMMENT","REVIEW_RATING")VALUES('68257079','2017-09-07 12:59:55','This was a home run.  Atmosphere cozy and authentic.  Food tasted good and homemade, like there was a grandmother cooking in the kitchen. Music too.  Loved it.','5');
INSERT INTO "USER_REVIEW" ("RESTAURANT_ID","REVIEW_DATE","COMMENT","REVIEW_RATING")VALUES('68257079','2017-06-23 10:50:51','Took the advice of other Yelpers to come here and we were not disappointed! The decor is adorable, cozy, and the service is really friendly. The food was...','4');
INSERT INTO "PHOTO" ("RESTAURANT_ID","PICTURE_URL")VALUES('68257079','https://s3-media2.fl.yelpcdn.com/photo/K0afsCFTkuIEQ8_YnBe1iQ/o.jpg');
INSERT INTO "USER_REVIEW" ("RESTAURANT_ID","REVIEW_DATE","COMMENT","REVIEW_RATING")VALUES('68257079','2017-09-28 12:23:16','Great atmosphere, great value, very accommodating (we did call ahead by about an hour for a reservation), CASH ONLY, restaurant that serves hearty German...','4');
INSERT INTO "PHOTO" ("RESTAURANT_ID","PICTURE_URL")VALUES('68257079','https://s3-media3.fl.yelpcdn.com/photo/uS1NVEtfgpNGq5XL9dfcrQ/o.jpg');
INSERT INTO "RESTAURANT_RATING" ("RESTAURANT_ID","SCALE","OVERALL_RATING","SOURCE")VALUES('68257079','5','4.5','Google Map');
INSERT INTO "USER_REVIEW" ("RESTAURANT_ID","REVIEW_DATE","COMMENT","REVIEW_RATING")VALUES('68257079','2017-12-22','Just had dinner here and I love this restaurant so much! Even their toilet looks amazing and it''s so clean. Really friendly staff too (-:','5');
INSERT INTO "USER_REVIEW" ("RESTAURANT_ID","REVIEW_DATE","COMMENT","REVIEW_RATING")VALUES('68257079','2017-12-20','Cosy , authentic,  homely , friendly staff, cheap  too!','4');
INSERT INTO "USER_REVIEW" ("RESTAURANT_ID","REVIEW_DATE","COMMENT","REVIEW_RATING")VALUES('68257079','2017-11-13','Beautyfull and cozy, great food , service is great, staff is friendly , quick, and speak at least three languages . Live piano music when I came here . Small place with a live of its own . Come here if you are ever in Berlin !','5');
INSERT INTO "USER_REVIEW" ("RESTAURANT_ID","REVIEW_DATE","COMMENT","REVIEW_RATING")VALUES('68257079','2017-10-30','Great small restaurant with a very local feel. Extremely reasonably priced, excellent service, and delicious food!','5');
INSERT INTO "USER_REVIEW" ("RESTAURANT_ID","REVIEW_DATE","COMMENT","REVIEW_RATING")VALUES('68257079','2017-10-04','Amazing food, great service, excellent ambience. I ordered fried dumplings - I am not sure if dumplings can be better.','5');
INSERT INTO "LOCATION" ("LOCATION_ID","LOCATION_TYPE","ADDRESS","LONGITUDE","LATITUDE")VALUES('83','R','Skalitzer Str. 3810999 BerlinGermany','13.426648','52.49867');
INSERT INTO "RESTAURANT" ("RESTAURANT_ID","PRICERANGE","PHONE_NUMBER","WEBSITE")VALUES('26041264','€','+49 30 69533377','miss-saigon-berlin.de');
INSERT INTO "CUISINE" ("RESTAURANT_ID","CUISINE_TYPE")VALUES('26041264','Vietnamese');
INSERT INTO "RESTAURANT_RATING" ("RESTAURANT_ID","SCALE","OVERALL_RATING","SOURCE")VALUES('26041264','5','4.0','Yelp');
INSERT INTO "RESTAURANT_FEATURE" ("RESTAURANT_ID","FEATURE_NAME","DESCRIPTION")VALUES('26041264','Takes Reservations','Yes');
INSERT INTO "RESTAURANT_FEATURE" ("RESTAURANT_ID","FEATURE_NAME","DESCRIPTION")VALUES('26041264','Delivery','No');
INSERT INTO "RESTAURANT_FEATURE" ("RESTAURANT_ID","FEATURE_NAME","DESCRIPTION")VALUES('26041264','Take-out','Yes');
INSERT INTO "RESTAURANT_FEATURE" ("RESTAURANT_ID","FEATURE_NAME","DESCRIPTION")VALUES('26041264','Accepted Cards','Credit, Debit');
INSERT INTO "RESTAURANT_FEATURE" ("RESTAURANT_ID","FEATURE_NAME","DESCRIPTION")VALUES('26041264','Good For','Lunch, Dinner');
INSERT INTO "RESTAURANT_FEATURE" ("RESTAURANT_ID","FEATURE_NAME","DESCRIPTION")VALUES('26041264','Parking','Street');
INSERT INTO "RESTAURANT_FEATURE" ("RESTAURANT_ID","FEATURE_NAME","DESCRIPTION")VALUES('26041264','Wheelchair Accessible','Yes');
INSERT INTO "RESTAURANT_FEATURE" ("RESTAURANT_ID","FEATURE_NAME","DESCRIPTION")VALUES('26041264','Good for Kids','Yes');
INSERT INTO "RESTAURANT_FEATURE" ("RESTAURANT_ID","FEATURE_NAME","DESCRIPTION")VALUES('26041264','Good for Groups','Yes');
INSERT INTO "RESTAURANT_FEATURE" ("RESTAURANT_ID","FEATURE_NAME","DESCRIPTION")VALUES('26041264','Attire','Casual');
INSERT INTO "RESTAURANT_FEATURE" ("RESTAURANT_ID","FEATURE_NAME","DESCRIPTION")VALUES('26041264','Ambience','Casual');
INSERT INTO "RESTAURANT_FEATURE" ("RESTAURANT_ID","FEATURE_NAME","DESCRIPTION")VALUES('26041264','Noise Level','Average');
INSERT INTO "RESTAURANT_FEATURE" ("RESTAURANT_ID","FEATURE_NAME","DESCRIPTION")VALUES('26041264','Alcohol','Full Bar');
INSERT INTO "RESTAURANT_FEATURE" ("RESTAURANT_ID","FEATURE_NAME","DESCRIPTION")VALUES('26041264','Outdoor Seating','Yes');
INSERT INTO "RESTAURANT_FEATURE" ("RESTAURANT_ID","FEATURE_NAME","DESCRIPTION")VALUES('26041264','Wi-Fi','Free');
INSERT INTO "RESTAURANT_FEATURE" ("RESTAURANT_ID","FEATURE_NAME","DESCRIPTION")VALUES('26041264','Has TV','No');
INSERT INTO "RESTAURANT_FEATURE" ("RESTAURANT_ID","FEATURE_NAME","DESCRIPTION")VALUES('26041264','Waiter Service','Yes');
INSERT INTO "RESTAURANT_FEATURE" ("RESTAURANT_ID","FEATURE_NAME","DESCRIPTION")VALUES('26041264','Caters','Yes');
INSERT INTO "OPENING_HOUR" ("DAY","RESTAURANT_ID","OPENING_TIME","CLOSING_TIME")VALUES('Mon','26041264','12:00 pm','12:00 am');
INSERT INTO "OPENING_HOUR" ("DAY","RESTAURANT_ID","OPENING_TIME","CLOSING_TIME")VALUES('Tue','26041264','12:00 pm','12:00 am');
INSERT INTO "OPENING_HOUR" ("DAY","RESTAURANT_ID","OPENING_TIME","CLOSING_TIME")VALUES('Wed','26041264','12:00 pm','12:00 am');
INSERT INTO "OPENING_HOUR" ("DAY","RESTAURANT_ID","OPENING_TIME","CLOSING_TIME")VALUES('Thu','26041264','12:00 pm','12:00 am');
INSERT INTO "OPENING_HOUR" ("DAY","RESTAURANT_ID","OPENING_TIME","CLOSING_TIME")VALUES('Fri','26041264','12:00 pm','12:00 am');
INSERT INTO "OPENING_HOUR" ("DAY","RESTAURANT_ID","OPENING_TIME","CLOSING_TIME")VALUES('Sat','26041264','12:00 pm','12:00 am');
INSERT INTO "OPENING_HOUR" ("DAY","RESTAURANT_ID","OPENING_TIME","CLOSING_TIME")VALUES('Sun','26041264','Open now','12:00 am');
INSERT INTO "USER_REVIEW" ("RESTAURANT_ID","REVIEW_DATE","COMMENT","REVIEW_RATING")VALUES('26041264','2017-09-22 09:37:01','Great, friendly service. Great recommendations. Vegan and vegetarian variations. Tasty !','5');
INSERT INTO "PHOTO" ("RESTAURANT_ID","PICTURE_URL")VALUES('26041264','https://s3-media2.fl.yelpcdn.com/photo/pA5UOYP88gxoF8X71DVO1g/o.jpg');
INSERT INTO "USER_REVIEW" ("RESTAURANT_ID","REVIEW_DATE","COMMENT","REVIEW_RATING")VALUES('26041264','2017-08-22 18:59:48','After almost a week in Berlin, I was craving some Asian food and my friend recommended Miss Saigon. Coming from Philadelphia, which has one of the largest...','4');
INSERT INTO "PHOTO" ("RESTAURANT_ID","PICTURE_URL")VALUES('26041264','https://s3-media4.fl.yelpcdn.com/photo/q67Pvy-6sad7YghAsIoqoA/o.jpg');
INSERT INTO "USER_REVIEW" ("RESTAURANT_ID","REVIEW_DATE","COMMENT","REVIEW_RATING")VALUES('26041264','2018-01-06 11:00:51','It was so disappointing that we left after the starters. Beef was tasteless and dry, all the sauces are very similar and almost without spices. We reserved...','1');
INSERT INTO "RESTAURANT_RATING" ("RESTAURANT_ID","SCALE","OVERALL_RATING","SOURCE")VALUES('26041264','5','4.4','Google Map');
INSERT INTO "USER_REVIEW" ("RESTAURANT_ID","REVIEW_DATE","COMMENT","REVIEW_RATING")VALUES('26041264','2017-07-29','This is the most exceptional Vietnamese restaurant I''ve been to in Berlin. A unique and thoughtful menu, some items I''ve never even seen before, and I know Vietnamese food quite well. A great selection of dishes and flavors, with vegan and veggie options for many. Also a diverse custom tea selection for tea drinkers, and cocktails that are nicely strong. This place is a gem. I just hope they''re preparing to open another location in the future as it can get pretty packed at times.','5');
INSERT INTO "USER_REVIEW" ("RESTAURANT_ID","REVIEW_DATE","COMMENT","REVIEW_RATING")VALUES('26041264','2018-01-04','A local hidden gem in Berlin, the food was great and service was efficient. We arrived to a busy restaurant and the host quickly seated us near a local couple who where friendly and welcoming and added to the experience. Felt like being in the laneways in Ho Chi Minh. Meal was exceptionally good and really inexpensive.','5');
INSERT INTO "USER_REVIEW" ("RESTAURANT_ID","REVIEW_DATE","COMMENT","REVIEW_RATING")VALUES('26041264','2017-09-05','In one word: excellent. All the dishes we ordered were great and the service was excellent too. Especially the vegan pork belly was fascinating to eat as it really replicated the texture and taste of pork belly. Also, the chicken fillet based dish was some of the most succulent and juicy chicken fillet I''ve had in a long time.','5');
INSERT INTO "USER_REVIEW" ("RESTAURANT_ID","REVIEW_DATE","COMMENT","REVIEW_RATING")VALUES('26041264','2018-01-04','My favorite Vietnamese in Berlin! Really friendly staff, amazing traditional southern menu, all super delicious and freshly made, at very reasonable prices. Try the bun thiht nuong!','5');
INSERT INTO "USER_REVIEW" ("RESTAURANT_ID","REVIEW_DATE","COMMENT","REVIEW_RATING")VALUES('26041264','2017-08-11','About ¼ of the dishes can be made vegan.[1]  The fried dumplings I had we''re tasty and came with fresh herbs and salad. 3.5 stars.

[1] Considering how many *pure* vegan Vietnamese restaurants there are in Berlin, vegans might prefer to look elsewhere. This place serves dead animals.','4');
INSERT INTO "LOCATION" ("LOCATION_ID","LOCATION_TYPE","ADDRESS","LONGITUDE","LATITUDE")VALUES('84','R','Legiendamm 3210969 BerlinGermany','13.41619','52.50376');
INSERT INTO "RESTAURANT" ("RESTAURANT_ID","PRICERANGE","PHONE_NUMBER","WEBSITE")VALUES('96001070','€€','+49 30 6142356','zur-kleinen-markthalle.de');
INSERT INTO "CUISINE" ("RESTAURANT_ID","CUISINE_TYPE")VALUES('96001070','German');
INSERT INTO "RESTAURANT_RATING" ("RESTAURANT_ID","SCALE","OVERALL_RATING","SOURCE")VALUES('96001070','5','4.5','Yelp');
INSERT INTO "RESTAURANT_FEATURE" ("RESTAURANT_ID","FEATURE_NAME","DESCRIPTION")VALUES('96001070','Takes Reservations','Yes');
INSERT INTO "RESTAURANT_FEATURE" ("RESTAURANT_ID","FEATURE_NAME","DESCRIPTION")VALUES('96001070','Delivery','No');
INSERT INTO "RESTAURANT_FEATURE" ("RESTAURANT_ID","FEATURE_NAME","DESCRIPTION")VALUES('96001070','Take-out','No');
INSERT INTO "RESTAURANT_FEATURE" ("RESTAURANT_ID","FEATURE_NAME","DESCRIPTION")VALUES('96001070','Accepted Cards','None');
INSERT INTO "RESTAURANT_FEATURE" ("RESTAURANT_ID","FEATURE_NAME","DESCRIPTION")VALUES('96001070','Parking','Street');
INSERT INTO "RESTAURANT_FEATURE" ("RESTAURANT_ID","FEATURE_NAME","DESCRIPTION")VALUES('96001070','Good for Kids','Yes');
INSERT INTO "RESTAURANT_FEATURE" ("RESTAURANT_ID","FEATURE_NAME","DESCRIPTION")VALUES('96001070','Good for Groups','Yes');
INSERT INTO "RESTAURANT_FEATURE" ("RESTAURANT_ID","FEATURE_NAME","DESCRIPTION")VALUES('96001070','Attire','Casual');
INSERT INTO "RESTAURANT_FEATURE" ("RESTAURANT_ID","FEATURE_NAME","DESCRIPTION")VALUES('96001070','Ambience','Casual');
INSERT INTO "RESTAURANT_FEATURE" ("RESTAURANT_ID","FEATURE_NAME","DESCRIPTION")VALUES('96001070','Noise Level','Average');
INSERT INTO "RESTAURANT_FEATURE" ("RESTAURANT_ID","FEATURE_NAME","DESCRIPTION")VALUES('96001070','Alcohol','Full Bar');
INSERT INTO "RESTAURANT_FEATURE" ("RESTAURANT_ID","FEATURE_NAME","DESCRIPTION")VALUES('96001070','Outdoor Seating','Yes');
INSERT INTO "RESTAURANT_FEATURE" ("RESTAURANT_ID","FEATURE_NAME","DESCRIPTION")VALUES('96001070','Wi-Fi','No');
INSERT INTO "RESTAURANT_FEATURE" ("RESTAURANT_ID","FEATURE_NAME","DESCRIPTION")VALUES('96001070','Has TV','No');
INSERT INTO "RESTAURANT_FEATURE" ("RESTAURANT_ID","FEATURE_NAME","DESCRIPTION")VALUES('96001070','Caters','No');
INSERT INTO "OPENING_HOUR" ("DAY","RESTAURANT_ID","OPENING_TIME","CLOSING_TIME")VALUES('Mon','96001070','4:00 pm','1:00 am');
INSERT INTO "OPENING_HOUR" ("DAY","RESTAURANT_ID","OPENING_TIME","CLOSING_TIME")VALUES('Tue','96001070','4:00 pm','1:00 am');
INSERT INTO "OPENING_HOUR" ("DAY","RESTAURANT_ID","OPENING_TIME","CLOSING_TIME")VALUES('Wed','96001070','4:00 pm','1:00 am');
INSERT INTO "OPENING_HOUR" ("DAY","RESTAURANT_ID","OPENING_TIME","CLOSING_TIME")VALUES('Thu','96001070','4:00 pm','1:00 am');
INSERT INTO "OPENING_HOUR" ("DAY","RESTAURANT_ID","OPENING_TIME","CLOSING_TIME")VALUES('Fri','96001070','4:00 pm','1:00 am');
INSERT INTO "OPENING_HOUR" ("DAY","RESTAURANT_ID","OPENING_TIME","CLOSING_TIME")VALUES('Sat','96001070','4:00 pm','1:00 am');
INSERT INTO "USER_REVIEW" ("RESTAURANT_ID","REVIEW_DATE","COMMENT","REVIEW_RATING")VALUES('96001070','2017-09-14 11:03:55','Excellent pork knuckle, sausage and beer. The staffs are friendly and the restaurant atmosphere is very laid back. Unfortunately,  it is CASH only ~ so make...','4');
INSERT INTO "PHOTO" ("RESTAURANT_ID","PICTURE_URL")VALUES('96001070','https://s3-media3.fl.yelpcdn.com/photo/evrD3blXUIvDWT4IZBWJ7g/o.jpg');
INSERT INTO "USER_REVIEW" ("RESTAURANT_ID","REVIEW_DATE","COMMENT","REVIEW_RATING")VALUES('96001070','2017-07-10 21:46:52','After the place we thought we''d go for dinner turned out to be closed, we made our way here for what turned out to be an excellent meal. The weather was...','4');
INSERT INTO "PHOTO" ("RESTAURANT_ID","PICTURE_URL")VALUES('96001070','https://s3-media4.fl.yelpcdn.com/photo/T7fv6M2t5lFLH-oj7aEk7Q/o.jpg');
INSERT INTO "USER_REVIEW" ("RESTAURANT_ID","REVIEW_DATE","COMMENT","REVIEW_RATING")VALUES('96001070','2017-01-28 15:05:33','As I told my companion, when I die, I would like Zur Kleinen Markthalle to be where I end up. Traveling in Europe as an American can be intimidating, but...','5');
INSERT INTO "PHOTO" ("RESTAURANT_ID","PICTURE_URL")VALUES('96001070','https://s3-media3.fl.yelpcdn.com/photo/8euMDzgwhUX3hOSfsKUiZw/o.jpg');
INSERT INTO "RESTAURANT_RATING" ("RESTAURANT_ID","SCALE","OVERALL_RATING","SOURCE")VALUES('96001070','5','4.5','Google Map');
INSERT INTO "USER_REVIEW" ("RESTAURANT_ID","REVIEW_DATE","COMMENT","REVIEW_RATING")VALUES('96001070','2017-10-29','Great place for a typical German dinner. We booked on Friday night around 8 and we had to wait a little bit to get the food. Still, it was completely worth! The portions are really big and tasty. Better to book before going!','4');
INSERT INTO "USER_REVIEW" ("RESTAURANT_ID","REVIEW_DATE","COMMENT","REVIEW_RATING")VALUES('96001070','2017-11-08','Crispy chicken is a must to have. Nice staffs and friendly. Reservation is sometimes needed (mostly in summer time). You have to wait approximately 30 minutes until your foods are ready to be served.','5');
INSERT INTO "USER_REVIEW" ("RESTAURANT_ID","REVIEW_DATE","COMMENT","REVIEW_RATING")VALUES('96001070','2017-07-17','Had the perfect evening there. Not the place to be for vegetarians if you want to eat something, but the Biergarten is just perfect to drink some beer with friends. Also, the crispy chicken is the best I had for quite some time.','5');
INSERT INTO "USER_REVIEW" ("RESTAURANT_ID","REVIEW_DATE","COMMENT","REVIEW_RATING")VALUES('96001070','2017-11-24','Super bad service and very bad food','1');
INSERT INTO "USER_REVIEW" ("RESTAURANT_ID","REVIEW_DATE","COMMENT","REVIEW_RATING")VALUES('96001070','2017-09-21','Goid food good prices friendly family run','5');
INSERT INTO "LOCATION" ("LOCATION_ID","LOCATION_TYPE","ADDRESS","LONGITUDE","LATITUDE")VALUES('85','R','Friedrichstr. 16710117 BerlinGermany','13.3889577','52.5151809');
INSERT INTO "RESTAURANT" ("RESTAURANT_ID","PRICERANGE","PHONE_NUMBER","WEBSITE")VALUES('76955061','€€€','+49 30 20672828','boccadibacco.de');
INSERT INTO "CUISINE" ("RESTAURANT_ID","CUISINE_TYPE")VALUES('76955061','Italian');
INSERT INTO "RESTAURANT_RATING" ("RESTAURANT_ID","SCALE","OVERALL_RATING","SOURCE")VALUES('76955061','5','4.0','Yelp');
INSERT INTO "RESTAURANT_FEATURE" ("RESTAURANT_ID","FEATURE_NAME","DESCRIPTION")VALUES('76955061','Takes Reservations','Yes');
INSERT INTO "RESTAURANT_FEATURE" ("RESTAURANT_ID","FEATURE_NAME","DESCRIPTION")VALUES('76955061','Delivery','No');
INSERT INTO "RESTAURANT_FEATURE" ("RESTAURANT_ID","FEATURE_NAME","DESCRIPTION")VALUES('76955061','Take-out','No');
INSERT INTO "RESTAURANT_FEATURE" ("RESTAURANT_ID","FEATURE_NAME","DESCRIPTION")VALUES('76955061','Accepted Cards','Credit, Debit');
INSERT INTO "RESTAURANT_FEATURE" ("RESTAURANT_ID","FEATURE_NAME","DESCRIPTION")VALUES('76955061','Good For','Dinner');
INSERT INTO "RESTAURANT_FEATURE" ("RESTAURANT_ID","FEATURE_NAME","DESCRIPTION")VALUES('76955061','Good for Kids','No');
INSERT INTO "RESTAURANT_FEATURE" ("RESTAURANT_ID","FEATURE_NAME","DESCRIPTION")VALUES('76955061','Good for Groups','Yes');
INSERT INTO "RESTAURANT_FEATURE" ("RESTAURANT_ID","FEATURE_NAME","DESCRIPTION")VALUES('76955061','Attire','Dressy');
INSERT INTO "RESTAURANT_FEATURE" ("RESTAURANT_ID","FEATURE_NAME","DESCRIPTION")VALUES('76955061','Noise Level','Quiet');
INSERT INTO "RESTAURANT_FEATURE" ("RESTAURANT_ID","FEATURE_NAME","DESCRIPTION")VALUES('76955061','Alcohol','Full Bar');
INSERT INTO "RESTAURANT_FEATURE" ("RESTAURANT_ID","FEATURE_NAME","DESCRIPTION")VALUES('76955061','Outdoor Seating','No');
INSERT INTO "RESTAURANT_FEATURE" ("RESTAURANT_ID","FEATURE_NAME","DESCRIPTION")VALUES('76955061','Wi-Fi','No');
INSERT INTO "RESTAURANT_FEATURE" ("RESTAURANT_ID","FEATURE_NAME","DESCRIPTION")VALUES('76955061','Has TV','No');
INSERT INTO "RESTAURANT_FEATURE" ("RESTAURANT_ID","FEATURE_NAME","DESCRIPTION")VALUES('76955061','Caters','No');
INSERT INTO "OPENING_HOUR" ("DAY","RESTAURANT_ID","OPENING_TIME","CLOSING_TIME")VALUES('Mon','76955061','12:00 pm','12:00 am');
INSERT INTO "OPENING_HOUR" ("DAY","RESTAURANT_ID","OPENING_TIME","CLOSING_TIME")VALUES('Tue','76955061','12:00 pm','12:00 am');
INSERT INTO "OPENING_HOUR" ("DAY","RESTAURANT_ID","OPENING_TIME","CLOSING_TIME")VALUES('Wed','76955061','12:00 pm','12:00 am');
INSERT INTO "OPENING_HOUR" ("DAY","RESTAURANT_ID","OPENING_TIME","CLOSING_TIME")VALUES('Thu','76955061','12:00 pm','12:00 am');
INSERT INTO "OPENING_HOUR" ("DAY","RESTAURANT_ID","OPENING_TIME","CLOSING_TIME")VALUES('Fri','76955061','12:00 pm','12:00 am');
INSERT INTO "OPENING_HOUR" ("DAY","RESTAURANT_ID","OPENING_TIME","CLOSING_TIME")VALUES('Sat','76955061','12:00 pm','12:00 am');
INSERT INTO "OPENING_HOUR" ("DAY","RESTAURANT_ID","OPENING_TIME","CLOSING_TIME")VALUES('Sun','76955061','Open now','12:00 am');
INSERT INTO "USER_REVIEW" ("RESTAURANT_ID","REVIEW_DATE","COMMENT","REVIEW_RATING")VALUES('76955061','2017-12-28 19:11:47','It''s our favorite Italian restaurant in Berlin.
In our last visit it was not the best one but had amazing nights there 
They have a good wine list and...','4');
INSERT INTO "PHOTO" ("RESTAURANT_ID","PICTURE_URL")VALUES('76955061','https://s3-media2.fl.yelpcdn.com/photo/tMh7o8xI3MPbFG71TijX6Q/o.jpg');
INSERT INTO "USER_REVIEW" ("RESTAURANT_ID","REVIEW_DATE","COMMENT","REVIEW_RATING")VALUES('76955061','2017-12-29 05:18:56','A fair Italian restaurant with fresh ingredients, well seasoned food located in the shopping area. A worth-to-try for causal lunch or a date. 
Just need to...','3');
INSERT INTO "PHOTO" ("RESTAURANT_ID","PICTURE_URL")VALUES('76955061','https://s3-media4.fl.yelpcdn.com/photo/ZZgI9YtOBPjG6_1eIe_FAA/o.jpg');
INSERT INTO "USER_REVIEW" ("RESTAURANT_ID","REVIEW_DATE","COMMENT","REVIEW_RATING")VALUES('76955061','2016-07-28 09:45:31','Until today''s lunch, I''ve held this restaurant in high regard. I had a cheese and fig salad as an appetizer and fish as the main. 3 hours later, I felt ill....','1');
INSERT INTO "PHOTO" ("RESTAURANT_ID","PICTURE_URL")VALUES('76955061','https://s3-media3.fl.yelpcdn.com/photo/x41_TG0zwSSTRJL80ju8mA/o.jpg');
INSERT INTO "LOCATION" ("LOCATION_ID","LOCATION_TYPE","ADDRESS","LONGITUDE","LATITUDE")VALUES('86','R','Prenzlauer Allee 27 A10405 BerlinGermany','13.421037148','52.5329329836');
INSERT INTO "RESTAURANT" ("RESTAURANT_ID","PRICERANGE","PHONE_NUMBER","WEBSITE")VALUES('94628580','€€','+49 30 52685194','brotundsalz-restaurant.de');
INSERT INTO "CUISINE" ("RESTAURANT_ID","CUISINE_TYPE")VALUES('94628580','Bistros');
INSERT INTO "CUISINE" ("RESTAURANT_ID","CUISINE_TYPE")VALUES('94628580','Cafes');
INSERT INTO "CUISINE" ("RESTAURANT_ID","CUISINE_TYPE")VALUES('94628580','Austrian');
INSERT INTO "RESTAURANT_RATING" ("RESTAURANT_ID","SCALE","OVERALL_RATING","SOURCE")VALUES('94628580','5','4.5','Yelp');
INSERT INTO "RESTAURANT_FEATURE" ("RESTAURANT_ID","FEATURE_NAME","DESCRIPTION")VALUES('94628580','Takes Reservations','Yes');
INSERT INTO "RESTAURANT_FEATURE" ("RESTAURANT_ID","FEATURE_NAME","DESCRIPTION")VALUES('94628580','Delivery','No');
INSERT INTO "RESTAURANT_FEATURE" ("RESTAURANT_ID","FEATURE_NAME","DESCRIPTION")VALUES('94628580','Take-out','Yes');
INSERT INTO "RESTAURANT_FEATURE" ("RESTAURANT_ID","FEATURE_NAME","DESCRIPTION")VALUES('94628580','Accepts Bitcoin','No');
INSERT INTO "RESTAURANT_FEATURE" ("RESTAURANT_ID","FEATURE_NAME","DESCRIPTION")VALUES('94628580','Good For','Lunch');
INSERT INTO "RESTAURANT_FEATURE" ("RESTAURANT_ID","FEATURE_NAME","DESCRIPTION")VALUES('94628580','Parking','Street');
INSERT INTO "RESTAURANT_FEATURE" ("RESTAURANT_ID","FEATURE_NAME","DESCRIPTION")VALUES('94628580','Wheelchair Accessible','Yes');
INSERT INTO "RESTAURANT_FEATURE" ("RESTAURANT_ID","FEATURE_NAME","DESCRIPTION")VALUES('94628580','Good for Kids','Yes');
INSERT INTO "RESTAURANT_FEATURE" ("RESTAURANT_ID","FEATURE_NAME","DESCRIPTION")VALUES('94628580','Good for Groups','Yes');
INSERT INTO "RESTAURANT_FEATURE" ("RESTAURANT_ID","FEATURE_NAME","DESCRIPTION")VALUES('94628580','Attire','Casual');
INSERT INTO "RESTAURANT_FEATURE" ("RESTAURANT_ID","FEATURE_NAME","DESCRIPTION")VALUES('94628580','Ambience','Casual');
INSERT INTO "RESTAURANT_FEATURE" ("RESTAURANT_ID","FEATURE_NAME","DESCRIPTION")VALUES('94628580','Noise Level','Average');
INSERT INTO "RESTAURANT_FEATURE" ("RESTAURANT_ID","FEATURE_NAME","DESCRIPTION")VALUES('94628580','Alcohol','Full Bar');
INSERT INTO "RESTAURANT_FEATURE" ("RESTAURANT_ID","FEATURE_NAME","DESCRIPTION")VALUES('94628580','Outdoor Seating','Yes');
INSERT INTO "RESTAURANT_FEATURE" ("RESTAURANT_ID","FEATURE_NAME","DESCRIPTION")VALUES('94628580','Wi-Fi','Free');
INSERT INTO "RESTAURANT_FEATURE" ("RESTAURANT_ID","FEATURE_NAME","DESCRIPTION")VALUES('94628580','Has TV','No');
INSERT INTO "RESTAURANT_FEATURE" ("RESTAURANT_ID","FEATURE_NAME","DESCRIPTION")VALUES('94628580','Waiter Service','Yes');
INSERT INTO "RESTAURANT_FEATURE" ("RESTAURANT_ID","FEATURE_NAME","DESCRIPTION")VALUES('94628580','Caters','Yes');
INSERT INTO "OPENING_HOUR" ("DAY","RESTAURANT_ID","OPENING_TIME","CLOSING_TIME")VALUES('Mon','94628580','8:00 am','10:00 pm');
INSERT INTO "OPENING_HOUR" ("DAY","RESTAURANT_ID","OPENING_TIME","CLOSING_TIME")VALUES('Tue','94628580','8:00 am','10:00 pm');
INSERT INTO "OPENING_HOUR" ("DAY","RESTAURANT_ID","OPENING_TIME","CLOSING_TIME")VALUES('Wed','94628580','8:00 am','10:00 pm');
INSERT INTO "OPENING_HOUR" ("DAY","RESTAURANT_ID","OPENING_TIME","CLOSING_TIME")VALUES('Thu','94628580','8:00 am','10:00 pm');
INSERT INTO "OPENING_HOUR" ("DAY","RESTAURANT_ID","OPENING_TIME","CLOSING_TIME")VALUES('Fri','94628580','8:00 am','10:00 pm');
INSERT INTO "OPENING_HOUR" ("DAY","RESTAURANT_ID","OPENING_TIME","CLOSING_TIME")VALUES('Sat','94628580','8:00 am','10:00 pm');
INSERT INTO "USER_REVIEW" ("RESTAURANT_ID","REVIEW_DATE","COMMENT","REVIEW_RATING")VALUES('94628580','2015-11-27 04:58:15','Whether you need a cosy place for a nice cup of coffee or want to get a fine lunch or dinner, this is the place for you.

Great Austrian cuisine with class,...','5');
INSERT INTO "PHOTO" ("RESTAURANT_ID","PICTURE_URL")VALUES('94628580','https://s3-media1.fl.yelpcdn.com/photo/QeIjla-35WIOz9op35iIEA/o.jpg');
INSERT INTO "USER_REVIEW" ("RESTAURANT_ID","REVIEW_DATE","COMMENT","REVIEW_RATING")VALUES('94628580','2017-07-10 12:09:49','Absolutely amazing food, the chef is very refined and creates excellent flavors in the dishes, the waitress provided amazing service, she translated and...','5');
INSERT INTO "PHOTO" ("RESTAURANT_ID","PICTURE_URL")VALUES('94628580','https://s3-media2.fl.yelpcdn.com/photo/QyQo86X88AVdCdE_PwVqxA/o.jpg');
INSERT INTO "USER_REVIEW" ("RESTAURANT_ID","REVIEW_DATE","COMMENT","REVIEW_RATING")VALUES('94628580','2017-07-10 05:39:59','The bernaise sauce was amazing.  Got it on the side and ate it on everything.  Really nice lunch specials.','5');
INSERT INTO "PHOTO" ("RESTAURANT_ID","PICTURE_URL")VALUES('94628580','https://s3-media2.fl.yelpcdn.com/photo/zfH5QATv53A6QS1cl9oKCQ/o.jpg');
INSERT INTO "LOCATION" ("LOCATION_ID","LOCATION_TYPE","ADDRESS","LONGITUDE","LATITUDE")VALUES('87','R','Paul-Lincke-Ufer 2110999 BerlinGermany','13.4297089494','52.4937394334');
INSERT INTO "RESTAURANT" ("RESTAURANT_ID","PRICERANGE","PHONE_NUMBER","WEBSITE")VALUES('76237671','€€€','+49 30 338402320','restaurant-volt.de');
INSERT INTO "CUISINE" ("RESTAURANT_ID","CUISINE_TYPE")VALUES('76237671','German');
INSERT INTO "RESTAURANT_RATING" ("RESTAURANT_ID","SCALE","OVERALL_RATING","SOURCE")VALUES('76237671','5','4.5','Yelp');
INSERT INTO "RESTAURANT_FEATURE" ("RESTAURANT_ID","FEATURE_NAME","DESCRIPTION")VALUES('76237671','Takes Reservations','Yes');
INSERT INTO "RESTAURANT_FEATURE" ("RESTAURANT_ID","FEATURE_NAME","DESCRIPTION")VALUES('76237671','Delivery','No');
INSERT INTO "RESTAURANT_FEATURE" ("RESTAURANT_ID","FEATURE_NAME","DESCRIPTION")VALUES('76237671','Take-out','No');
INSERT INTO "RESTAURANT_FEATURE" ("RESTAURANT_ID","FEATURE_NAME","DESCRIPTION")VALUES('76237671','Accepted Cards','Credit, Debit');
INSERT INTO "RESTAURANT_FEATURE" ("RESTAURANT_ID","FEATURE_NAME","DESCRIPTION")VALUES('76237671','Parking','Street');
INSERT INTO "RESTAURANT_FEATURE" ("RESTAURANT_ID","FEATURE_NAME","DESCRIPTION")VALUES('76237671','Good for Kids','No');
INSERT INTO "RESTAURANT_FEATURE" ("RESTAURANT_ID","FEATURE_NAME","DESCRIPTION")VALUES('76237671','Good for Groups','Yes');
INSERT INTO "RESTAURANT_FEATURE" ("RESTAURANT_ID","FEATURE_NAME","DESCRIPTION")VALUES('76237671','Attire','Dressy');
INSERT INTO "RESTAURANT_FEATURE" ("RESTAURANT_ID","FEATURE_NAME","DESCRIPTION")VALUES('76237671','Ambience','Trendy, Classy, Upscale');
INSERT INTO "RESTAURANT_FEATURE" ("RESTAURANT_ID","FEATURE_NAME","DESCRIPTION")VALUES('76237671','Noise Level','Average');
INSERT INTO "RESTAURANT_FEATURE" ("RESTAURANT_ID","FEATURE_NAME","DESCRIPTION")VALUES('76237671','Alcohol','Full Bar');
INSERT INTO "RESTAURANT_FEATURE" ("RESTAURANT_ID","FEATURE_NAME","DESCRIPTION")VALUES('76237671','Outdoor Seating','Yes');
INSERT INTO "RESTAURANT_FEATURE" ("RESTAURANT_ID","FEATURE_NAME","DESCRIPTION")VALUES('76237671','Wi-Fi','No');
INSERT INTO "RESTAURANT_FEATURE" ("RESTAURANT_ID","FEATURE_NAME","DESCRIPTION")VALUES('76237671','Has TV','No');
INSERT INTO "RESTAURANT_FEATURE" ("RESTAURANT_ID","FEATURE_NAME","DESCRIPTION")VALUES('76237671','Caters','No');
INSERT INTO "OPENING_HOUR" ("DAY","RESTAURANT_ID","OPENING_TIME","CLOSING_TIME")VALUES('Mon','76237671','6:00 pm','12:00 am');
INSERT INTO "OPENING_HOUR" ("DAY","RESTAURANT_ID","OPENING_TIME","CLOSING_TIME")VALUES('Tue','76237671','6:00 pm','12:00 am');
INSERT INTO "OPENING_HOUR" ("DAY","RESTAURANT_ID","OPENING_TIME","CLOSING_TIME")VALUES('Wed','76237671','6:00 pm','12:00 am');
INSERT INTO "OPENING_HOUR" ("DAY","RESTAURANT_ID","OPENING_TIME","CLOSING_TIME")VALUES('Thu','76237671','6:00 pm','12:00 am');
INSERT INTO "OPENING_HOUR" ("DAY","RESTAURANT_ID","OPENING_TIME","CLOSING_TIME")VALUES('Fri','76237671','6:00 pm','12:00 am');
INSERT INTO "USER_REVIEW" ("RESTAURANT_ID","REVIEW_DATE","COMMENT","REVIEW_RATING")VALUES('76237671','2017-11-21 14:42:35','Cozy elegant atmosphere. Excellent service, waiters speak perfect English, helpful and friendly. 
The food is AMAZING, exquisite flavours. Good beers, good...','5');
INSERT INTO "PHOTO" ("RESTAURANT_ID","PICTURE_URL")VALUES('76237671','https://s3-media2.fl.yelpcdn.com/photo/7qMtFGK0bqqK51P6hj652g/o.jpg');
INSERT INTO "USER_REVIEW" ("RESTAURANT_ID","REVIEW_DATE","COMMENT","REVIEW_RATING")VALUES('76237671','2018-01-02 15:36:32','Really nice restaurant, food was great, service was great too. 
Loses a star because when we got here and it was kindof dead, didn''t really have an...','4');
INSERT INTO "PHOTO" ("RESTAURANT_ID","PICTURE_URL")VALUES('76237671','https://s3-media2.fl.yelpcdn.com/photo/2dW1ESUlZOFGXBFeIDkqsw/o.jpg');
INSERT INTO "USER_REVIEW" ("RESTAURANT_ID","REVIEW_DATE","COMMENT","REVIEW_RATING")VALUES('76237671','2017-04-23 06:46:26','We were able to grab a last-minute reservation while visiting Berlin (recommended by a friend). For mise-en-scene purposes: the restaurant is in an old...','5');
INSERT INTO "PHOTO" ("RESTAURANT_ID","PICTURE_URL")VALUES('76237671','https://s3-media4.fl.yelpcdn.com/photo/cKMRc4_oo1_JxSjPrqGx1Q/o.jpg');
INSERT INTO "LOCATION" ("LOCATION_ID","LOCATION_TYPE","ADDRESS","LONGITUDE","LATITUDE")VALUES('88','R','Akazienstr. 2710823 BerlinGermany','13.355048','52.486938');
INSERT INTO "RESTAURANT" ("RESTAURANT_ID","PRICERANGE","PHONE_NUMBER","WEBSITE")VALUES('47651227','€€','+49 30 70509959','buddhahaus.com');
INSERT INTO "CUISINE" ("RESTAURANT_ID","CUISINE_TYPE")VALUES('47651227','Thai');
INSERT INTO "CUISINE" ("RESTAURANT_ID","CUISINE_TYPE")VALUES('47651227','Himalayan/Nepalese');
INSERT INTO "RESTAURANT_RATING" ("RESTAURANT_ID","SCALE","OVERALL_RATING","SOURCE")VALUES('47651227','5','4.0','Yelp');
INSERT INTO "RESTAURANT_FEATURE" ("RESTAURANT_ID","FEATURE_NAME","DESCRIPTION")VALUES('47651227','Takes Reservations','Yes');
INSERT INTO "RESTAURANT_FEATURE" ("RESTAURANT_ID","FEATURE_NAME","DESCRIPTION")VALUES('47651227','Delivery','No');
INSERT INTO "RESTAURANT_FEATURE" ("RESTAURANT_ID","FEATURE_NAME","DESCRIPTION")VALUES('47651227','Take-out','Yes');
INSERT INTO "RESTAURANT_FEATURE" ("RESTAURANT_ID","FEATURE_NAME","DESCRIPTION")VALUES('47651227','Good For','Lunch, Dinner');
INSERT INTO "RESTAURANT_FEATURE" ("RESTAURANT_ID","FEATURE_NAME","DESCRIPTION")VALUES('47651227','Parking','Street');
INSERT INTO "RESTAURANT_FEATURE" ("RESTAURANT_ID","FEATURE_NAME","DESCRIPTION")VALUES('47651227','Good for Kids','Yes');
INSERT INTO "RESTAURANT_FEATURE" ("RESTAURANT_ID","FEATURE_NAME","DESCRIPTION")VALUES('47651227','Good for Groups','Yes');
INSERT INTO "RESTAURANT_FEATURE" ("RESTAURANT_ID","FEATURE_NAME","DESCRIPTION")VALUES('47651227','Attire','Casual');
INSERT INTO "RESTAURANT_FEATURE" ("RESTAURANT_ID","FEATURE_NAME","DESCRIPTION")VALUES('47651227','Noise Level','Average');
INSERT INTO "RESTAURANT_FEATURE" ("RESTAURANT_ID","FEATURE_NAME","DESCRIPTION")VALUES('47651227','Alcohol','Beer & Wine Only');
INSERT INTO "RESTAURANT_FEATURE" ("RESTAURANT_ID","FEATURE_NAME","DESCRIPTION")VALUES('47651227','Outdoor Seating','Yes');
INSERT INTO "RESTAURANT_FEATURE" ("RESTAURANT_ID","FEATURE_NAME","DESCRIPTION")VALUES('47651227','Wi-Fi','No');
INSERT INTO "RESTAURANT_FEATURE" ("RESTAURANT_ID","FEATURE_NAME","DESCRIPTION")VALUES('47651227','Has TV','No');
INSERT INTO "RESTAURANT_FEATURE" ("RESTAURANT_ID","FEATURE_NAME","DESCRIPTION")VALUES('47651227','Caters','No');
INSERT INTO "OPENING_HOUR" ("DAY","RESTAURANT_ID","OPENING_TIME","CLOSING_TIME")VALUES('Mon','47651227','12:00 pm','12:00 am');
INSERT INTO "OPENING_HOUR" ("DAY","RESTAURANT_ID","OPENING_TIME","CLOSING_TIME")VALUES('Tue','47651227','12:00 pm','12:00 am');
INSERT INTO "OPENING_HOUR" ("DAY","RESTAURANT_ID","OPENING_TIME","CLOSING_TIME")VALUES('Wed','47651227','12:00 pm','12:00 am');
INSERT INTO "OPENING_HOUR" ("DAY","RESTAURANT_ID","OPENING_TIME","CLOSING_TIME")VALUES('Thu','47651227','12:00 pm','12:00 am');
INSERT INTO "OPENING_HOUR" ("DAY","RESTAURANT_ID","OPENING_TIME","CLOSING_TIME")VALUES('Fri','47651227','12:00 pm','12:00 am');
INSERT INTO "OPENING_HOUR" ("DAY","RESTAURANT_ID","OPENING_TIME","CLOSING_TIME")VALUES('Sat','47651227','12:00 pm','12:00 am');
INSERT INTO "OPENING_HOUR" ("DAY","RESTAURANT_ID","OPENING_TIME","CLOSING_TIME")VALUES('Sun','47651227','Open now','12:00 am');
INSERT INTO "USER_REVIEW" ("RESTAURANT_ID","REVIEW_DATE","COMMENT","REVIEW_RATING")VALUES('47651227','2014-05-14 13:49:29','I really should give this restaurants 0 stars!
The restaurant it''s self is quite lovely. Only if the staff was attentive and the food was ok. Believe me...','1');
INSERT INTO "PHOTO" ("RESTAURANT_ID","PICTURE_URL")VALUES('47651227','https://s3-media3.fl.yelpcdn.com/photo/75HHLFe4V-LRDtB6GZoAaw/o.jpg');
INSERT INTO "USER_REVIEW" ("RESTAURANT_ID","REVIEW_DATE","COMMENT","REVIEW_RATING")VALUES('47651227','2012-07-30 08:53:07','Terrific! Our party went for the momos (steamed dumplings), a dhal bhat tarkari plate of small dishes and a lamb curry on corn flatbread. The seasoning was...','5');
INSERT INTO "PHOTO" ("RESTAURANT_ID","PICTURE_URL")VALUES('47651227','https://s3-media2.fl.yelpcdn.com/photo/I8TVOQ5BK_KrEdPrXyKFLQ/o.jpg');
INSERT INTO "USER_REVIEW" ("RESTAURANT_ID","REVIEW_DATE","COMMENT","REVIEW_RATING")VALUES('47651227','2009-10-24 12:13:14','I think this is my new favourite "Indian" in Berlin. The food is Nepalese but they''ve also got Thai food on the menu.


 The flavours are absolutely...','5');
INSERT INTO "PHOTO" ("RESTAURANT_ID","PICTURE_URL")VALUES('47651227','https://s3-media2.fl.yelpcdn.com/photo/TJGmZRrf_FW3IHzpGYhA-g/o.jpg');
INSERT INTO "RESTAURANT_RATING" ("RESTAURANT_ID","SCALE","OVERALL_RATING","SOURCE")VALUES('47651227','5','4.1','Google Map');
INSERT INTO "USER_REVIEW" ("RESTAURANT_ID","REVIEW_DATE","COMMENT","REVIEW_RATING")VALUES('47651227','2017-09-11','Momo''s close to perfect (though I prefer fried horns over steamed pillows), took some time before they arrived. Friendly stuff. Lovely Tibetan shop at the back','4');
INSERT INTO "USER_REVIEW" ("RESTAURANT_ID","REVIEW_DATE","COMMENT","REVIEW_RATING")VALUES('47651227','2017-05-01','Very good food and they also have a separate vegan catalog! I strongly suggest the vegan "chicken sticks". The portion is a bit small, but you can always order 2!
Service is usually nice. ','4');
INSERT INTO "USER_REVIEW" ("RESTAURANT_ID","REVIEW_DATE","COMMENT","REVIEW_RATING")VALUES('47651227','2017-08-02','Place is cool. I didn''t get the best plate, because probably of my low german skills 😂. The view is good though ','4');
INSERT INTO "USER_REVIEW" ("RESTAURANT_ID","REVIEW_DATE","COMMENT","REVIEW_RATING")VALUES('47651227','2017-07-23','We have been coming to this restaurant for many years and have found the food to be consistently good. We always order the momos and I particularly like the Lamm Fry. Nice and spicy!','4');
INSERT INTO "USER_REVIEW" ("RESTAURANT_ID","REVIEW_DATE","COMMENT","REVIEW_RATING")VALUES('47651227','2017-02-21','Really good authentic Nepalese and Tibetan food, great atmosphere and not too expensive','5');
INSERT INTO "LOCATION" ("LOCATION_ID","LOCATION_TYPE","ADDRESS","LONGITUDE","LATITUDE")VALUES('89','R','Schlegelstr. 26 C10115 BerlinGermany','13.38562','52.53019');
INSERT INTO "RESTAURANT" ("RESTAURANT_ID","PRICERANGE","PHONE_NUMBER","WEBSITE")VALUES('92415713','€€€€','+49 30 30881214','reinstoff.eu');
INSERT INTO "CUISINE" ("RESTAURANT_ID","CUISINE_TYPE")VALUES('92415713','Modern European');
INSERT INTO "RESTAURANT_RATING" ("RESTAURANT_ID","SCALE","OVERALL_RATING","SOURCE")VALUES('92415713','5','4.5','Yelp');
INSERT INTO "RESTAURANT_FEATURE" ("RESTAURANT_ID","FEATURE_NAME","DESCRIPTION")VALUES('92415713','Takes Reservations','Yes');
INSERT INTO "RESTAURANT_FEATURE" ("RESTAURANT_ID","FEATURE_NAME","DESCRIPTION")VALUES('92415713','Delivery','No');
INSERT INTO "RESTAURANT_FEATURE" ("RESTAURANT_ID","FEATURE_NAME","DESCRIPTION")VALUES('92415713','Take-out','No');
INSERT INTO "RESTAURANT_FEATURE" ("RESTAURANT_ID","FEATURE_NAME","DESCRIPTION")VALUES('92415713','Accepted Cards','Credit, Debit');
INSERT INTO "RESTAURANT_FEATURE" ("RESTAURANT_ID","FEATURE_NAME","DESCRIPTION")VALUES('92415713','Good for Kids','No');
INSERT INTO "RESTAURANT_FEATURE" ("RESTAURANT_ID","FEATURE_NAME","DESCRIPTION")VALUES('92415713','Good for Groups','Yes');
INSERT INTO "RESTAURANT_FEATURE" ("RESTAURANT_ID","FEATURE_NAME","DESCRIPTION")VALUES('92415713','Attire','Dressy');
INSERT INTO "RESTAURANT_FEATURE" ("RESTAURANT_ID","FEATURE_NAME","DESCRIPTION")VALUES('92415713','Ambience','Romantic');
INSERT INTO "RESTAURANT_FEATURE" ("RESTAURANT_ID","FEATURE_NAME","DESCRIPTION")VALUES('92415713','Noise Level','Quiet');
INSERT INTO "RESTAURANT_FEATURE" ("RESTAURANT_ID","FEATURE_NAME","DESCRIPTION")VALUES('92415713','Alcohol','Beer & Wine Only');
INSERT INTO "RESTAURANT_FEATURE" ("RESTAURANT_ID","FEATURE_NAME","DESCRIPTION")VALUES('92415713','Outdoor Seating','No');
INSERT INTO "RESTAURANT_FEATURE" ("RESTAURANT_ID","FEATURE_NAME","DESCRIPTION")VALUES('92415713','Wi-Fi','No');
INSERT INTO "RESTAURANT_FEATURE" ("RESTAURANT_ID","FEATURE_NAME","DESCRIPTION")VALUES('92415713','Has TV','No');
INSERT INTO "RESTAURANT_FEATURE" ("RESTAURANT_ID","FEATURE_NAME","DESCRIPTION")VALUES('92415713','Caters','No');
INSERT INTO "OPENING_HOUR" ("DAY","RESTAURANT_ID","OPENING_TIME","CLOSING_TIME")VALUES('Mon','92415713','7:00 pm','1:00 am');
INSERT INTO "OPENING_HOUR" ("DAY","RESTAURANT_ID","OPENING_TIME","CLOSING_TIME")VALUES('Tue','92415713','7:00 pm','1:00 am');
INSERT INTO "OPENING_HOUR" ("DAY","RESTAURANT_ID","OPENING_TIME","CLOSING_TIME")VALUES('Wed','92415713','7:00 pm','1:00 am');
INSERT INTO "OPENING_HOUR" ("DAY","RESTAURANT_ID","OPENING_TIME","CLOSING_TIME")VALUES('Thu','92415713','12:00 pm','1:30 pm');
INSERT INTO "OPENING_HOUR" ("DAY","RESTAURANT_ID","OPENING_TIME","CLOSING_TIME")VALUES('Fri','92415713','12:00 pm','1:30 pm');
INSERT INTO "USER_REVIEW" ("RESTAURANT_ID","REVIEW_DATE","COMMENT","REVIEW_RATING")VALUES('92415713','2017-01-05 14:36:04','Food: Incredible menu !!! No doubt, Chef D. Achilles will give you an forgettable taste if his creations either Locally or Worldly in his menu. 
Staff:...','4');
INSERT INTO "PHOTO" ("RESTAURANT_ID","PICTURE_URL")VALUES('92415713','https://s3-media1.fl.yelpcdn.com/photo/PeocJWSPHHL25r_15aBeYg/o.jpg');
INSERT INTO "USER_REVIEW" ("RESTAURANT_ID","REVIEW_DATE","COMMENT","REVIEW_RATING")VALUES('92415713','2017-09-23 07:20:19','Hoped I can give a better rating but not justified.

I guess it is fair to have high expectations to a 2 star restaurant. Service is trying but not overall...','2');
INSERT INTO "USER_REVIEW" ("RESTAURANT_ID","REVIEW_DATE","COMMENT","REVIEW_RATING")VALUES('92415713','2017-02-10 14:29:56','Well proportioned and delicately made with specific targets of pallets. The waiter Fabian Winkler is fabulously funny and caring for his patrons. The...','4');
INSERT INTO "PHOTO" ("RESTAURANT_ID","PICTURE_URL")VALUES('92415713','https://s3-media2.fl.yelpcdn.com/photo/YCWjJxMndXjf6Y7fIYbovg/o.jpg');
INSERT INTO "LOCATION" ("LOCATION_ID","LOCATION_TYPE","ADDRESS","LONGITUDE","LATITUDE")VALUES('90','R','Waldemarstr. 4810997 BerlinGermany','13.42086','52.50306');
INSERT INTO "RESTAURANT" ("RESTAURANT_ID","PRICERANGE","PHONE_NUMBER","WEBSITE")VALUES('787868','€€','+49 30 69533359','mundvoll-berlin.de');
INSERT INTO "CUISINE" ("RESTAURANT_ID","CUISINE_TYPE")VALUES('787868','International');
INSERT INTO "CUISINE" ("RESTAURANT_ID","CUISINE_TYPE")VALUES('787868','Breakfast & Brunch');
INSERT INTO "RESTAURANT_RATING" ("RESTAURANT_ID","SCALE","OVERALL_RATING","SOURCE")VALUES('787868','5','4.0','Yelp');
INSERT INTO "RESTAURANT_FEATURE" ("RESTAURANT_ID","FEATURE_NAME","DESCRIPTION")VALUES('787868','Takes Reservations','Yes');
INSERT INTO "RESTAURANT_FEATURE" ("RESTAURANT_ID","FEATURE_NAME","DESCRIPTION")VALUES('787868','Delivery','No');
INSERT INTO "RESTAURANT_FEATURE" ("RESTAURANT_ID","FEATURE_NAME","DESCRIPTION")VALUES('787868','Take-out','No');
INSERT INTO "RESTAURANT_FEATURE" ("RESTAURANT_ID","FEATURE_NAME","DESCRIPTION")VALUES('787868','Accepted Cards','Credit, Debit');
INSERT INTO "RESTAURANT_FEATURE" ("RESTAURANT_ID","FEATURE_NAME","DESCRIPTION")VALUES('787868','Good For','Breakfast, Brunch');
INSERT INTO "RESTAURANT_FEATURE" ("RESTAURANT_ID","FEATURE_NAME","DESCRIPTION")VALUES('787868','Parking','Street');
INSERT INTO "RESTAURANT_FEATURE" ("RESTAURANT_ID","FEATURE_NAME","DESCRIPTION")VALUES('787868','Good for Kids','Yes');
INSERT INTO "RESTAURANT_FEATURE" ("RESTAURANT_ID","FEATURE_NAME","DESCRIPTION")VALUES('787868','Good for Groups','Yes');
INSERT INTO "RESTAURANT_FEATURE" ("RESTAURANT_ID","FEATURE_NAME","DESCRIPTION")VALUES('787868','Attire','Casual');
INSERT INTO "RESTAURANT_FEATURE" ("RESTAURANT_ID","FEATURE_NAME","DESCRIPTION")VALUES('787868','Ambience','Hipster, Intimate');
INSERT INTO "RESTAURANT_FEATURE" ("RESTAURANT_ID","FEATURE_NAME","DESCRIPTION")VALUES('787868','Noise Level','Average');
INSERT INTO "RESTAURANT_FEATURE" ("RESTAURANT_ID","FEATURE_NAME","DESCRIPTION")VALUES('787868','Alcohol','Beer & Wine Only');
INSERT INTO "RESTAURANT_FEATURE" ("RESTAURANT_ID","FEATURE_NAME","DESCRIPTION")VALUES('787868','Outdoor Seating','Yes');
INSERT INTO "RESTAURANT_FEATURE" ("RESTAURANT_ID","FEATURE_NAME","DESCRIPTION")VALUES('787868','Wi-Fi','No');
INSERT INTO "RESTAURANT_FEATURE" ("RESTAURANT_ID","FEATURE_NAME","DESCRIPTION")VALUES('787868','Has TV','No');
INSERT INTO "RESTAURANT_FEATURE" ("RESTAURANT_ID","FEATURE_NAME","DESCRIPTION")VALUES('787868','Waiter Service','Yes');
INSERT INTO "RESTAURANT_FEATURE" ("RESTAURANT_ID","FEATURE_NAME","DESCRIPTION")VALUES('787868','Caters','No');
INSERT INTO "OPENING_HOUR" ("DAY","RESTAURANT_ID","OPENING_TIME","CLOSING_TIME")VALUES('Mon','787868','8:00 am','1:00 am');
INSERT INTO "OPENING_HOUR" ("DAY","RESTAURANT_ID","OPENING_TIME","CLOSING_TIME")VALUES('Tue','787868','8:00 am','1:00 am');
INSERT INTO "OPENING_HOUR" ("DAY","RESTAURANT_ID","OPENING_TIME","CLOSING_TIME")VALUES('Wed','787868','8:00 am','1:00 am');
INSERT INTO "OPENING_HOUR" ("DAY","RESTAURANT_ID","OPENING_TIME","CLOSING_TIME")VALUES('Thu','787868','8:00 am','1:00 am');
INSERT INTO "OPENING_HOUR" ("DAY","RESTAURANT_ID","OPENING_TIME","CLOSING_TIME")VALUES('Fri','787868','8:00 am','1:00 am');
INSERT INTO "OPENING_HOUR" ("DAY","RESTAURANT_ID","OPENING_TIME","CLOSING_TIME")VALUES('Sat','787868','9:00 am','1:00 am');
INSERT INTO "OPENING_HOUR" ("DAY","RESTAURANT_ID","OPENING_TIME","CLOSING_TIME")VALUES('Sun','787868','Open now','1:00 am');
INSERT INTO "USER_REVIEW" ("RESTAURANT_ID","REVIEW_DATE","COMMENT","REVIEW_RATING")VALUES('787868','2017-08-08 01:56:52','Delicious, hearty breakfast with a cool atmosphere. The staff were friendly and attentive. We had the large "wurst" breakfast the egg and ham toast which...','5');
INSERT INTO "PHOTO" ("RESTAURANT_ID","PICTURE_URL")VALUES('787868','https://s3-media3.fl.yelpcdn.com/photo/SVwICbrWAcSRUNL0xT3s-g/o.jpg');
INSERT INTO "USER_REVIEW" ("RESTAURANT_ID","REVIEW_DATE","COMMENT","REVIEW_RATING")VALUES('787868','2017-10-05 11:10:59','I really don''t understand where all these good reviews are from... this place is just not good. The food is served in a sloppy way, it is not tasty. This is...','1');
INSERT INTO "USER_REVIEW" ("RESTAURANT_ID","REVIEW_DATE","COMMENT","REVIEW_RATING")VALUES('787868','2015-08-15 08:43:22','The atmosphere is great, but the food isn''t. And expensive. Didn''t even finish my 15 euro meal. Also the place is so full of wasp that you spend most of the...','3');
INSERT INTO "PHOTO" ("RESTAURANT_ID","PICTURE_URL")VALUES('787868','https://s3-media3.fl.yelpcdn.com/photo/LbJIhDGFgOPtf9BUR_NSpw/o.jpg');
INSERT INTO "LOCATION" ("LOCATION_ID","LOCATION_TYPE","ADDRESS","LONGITUDE","LATITUDE")VALUES('91','R','Maybachufer 212047 BerlinGermany','13.4215406','52.4954096');
INSERT INTO "RESTAURANT" ("RESTAURANT_ID","PRICERANGE","PHONE_NUMBER","WEBSITE")VALUES('31395218','€€','+49 175 9122609','lesaintamour.de');
INSERT INTO "CUISINE" ("RESTAURANT_ID","CUISINE_TYPE")VALUES('31395218','French');
INSERT INTO "RESTAURANT_RATING" ("RESTAURANT_ID","SCALE","OVERALL_RATING","SOURCE")VALUES('31395218','5','5.0','Yelp');
INSERT INTO "RESTAURANT_FEATURE" ("RESTAURANT_ID","FEATURE_NAME","DESCRIPTION")VALUES('31395218','Takes Reservations','Yes');
INSERT INTO "RESTAURANT_FEATURE" ("RESTAURANT_ID","FEATURE_NAME","DESCRIPTION")VALUES('31395218','Delivery','No');
INSERT INTO "RESTAURANT_FEATURE" ("RESTAURANT_ID","FEATURE_NAME","DESCRIPTION")VALUES('31395218','Take-out','No');
INSERT INTO "RESTAURANT_FEATURE" ("RESTAURANT_ID","FEATURE_NAME","DESCRIPTION")VALUES('31395218','Accepted Cards','None');
INSERT INTO "RESTAURANT_FEATURE" ("RESTAURANT_ID","FEATURE_NAME","DESCRIPTION")VALUES('31395218','Good for Kids','No');
INSERT INTO "RESTAURANT_FEATURE" ("RESTAURANT_ID","FEATURE_NAME","DESCRIPTION")VALUES('31395218','Good for Groups','Yes');
INSERT INTO "RESTAURANT_FEATURE" ("RESTAURANT_ID","FEATURE_NAME","DESCRIPTION")VALUES('31395218','Attire','Casual');
INSERT INTO "RESTAURANT_FEATURE" ("RESTAURANT_ID","FEATURE_NAME","DESCRIPTION")VALUES('31395218','Noise Level','Quiet');
INSERT INTO "RESTAURANT_FEATURE" ("RESTAURANT_ID","FEATURE_NAME","DESCRIPTION")VALUES('31395218','Alcohol','Beer & Wine Only');
INSERT INTO "RESTAURANT_FEATURE" ("RESTAURANT_ID","FEATURE_NAME","DESCRIPTION")VALUES('31395218','Outdoor Seating','Yes');
INSERT INTO "RESTAURANT_FEATURE" ("RESTAURANT_ID","FEATURE_NAME","DESCRIPTION")VALUES('31395218','Has TV','No');
INSERT INTO "OPENING_HOUR" ("DAY","RESTAURANT_ID","OPENING_TIME","CLOSING_TIME")VALUES('Mon','31395218','6:30 pm','12:00 am');
INSERT INTO "OPENING_HOUR" ("DAY","RESTAURANT_ID","OPENING_TIME","CLOSING_TIME")VALUES('Tue','31395218','6:30 pm','12:00 am');
INSERT INTO "OPENING_HOUR" ("DAY","RESTAURANT_ID","OPENING_TIME","CLOSING_TIME")VALUES('Wed','31395218','6:30 pm','12:00 am');
INSERT INTO "OPENING_HOUR" ("DAY","RESTAURANT_ID","OPENING_TIME","CLOSING_TIME")VALUES('Thu','31395218','6:30 pm','12:00 am');
INSERT INTO "OPENING_HOUR" ("DAY","RESTAURANT_ID","OPENING_TIME","CLOSING_TIME")VALUES('Fri','31395218','6:30 pm','12:00 am');
INSERT INTO "USER_REVIEW" ("RESTAURANT_ID","REVIEW_DATE","COMMENT","REVIEW_RATING")VALUES('31395218','2015-09-20 02:54:57','One of my favorites places in Berlin. It''s like being back in France instantly. The place is like a typical bouchon Lyonnais, with typical dishes like...','5');
INSERT INTO "PHOTO" ("RESTAURANT_ID","PICTURE_URL")VALUES('31395218','https://s3-media4.fl.yelpcdn.com/photo/h0YAPbrt1CErXXfKXPU8FQ/o.jpg');
INSERT INTO "RESTAURANT_RATING" ("RESTAURANT_ID","SCALE","OVERALL_RATING","SOURCE")VALUES('31395218','5','5','Google Map');
INSERT INTO "USER_REVIEW" ("RESTAURANT_ID","REVIEW_DATE","COMMENT","REVIEW_RATING")VALUES('31395218','2017-05-14','Vegan food: Found this place by accident, just down the road from Brammibals Vegan donut shop. Got a cig kofte wrap, had never even heard of it before but was pleasantly surprised. Tastes meaty, price was good, lots of fresh herbs in the wrap and a lovely tangy pomegranite syrup. Make sure you eat it soon as it starts to get wet. Lady didn''t know much english but tried really hard which we appreciate! No music in the place which gave it a strange vibe, but good food. Think it''s new so things may improve.','5');
INSERT INTO "USER_REVIEW" ("RESTAURANT_ID","REVIEW_DATE","COMMENT","REVIEW_RATING")VALUES('31395218','2017-11-18','Richtig lecker und für Vegetarier/Veganer definitiv einen Besuch wert. Sehr leckerer Wrap mit außergewöhnlich guter Soße und Kräutermix. Service war sehr freundlich und hat die Speisen mit viel Sorgfalt und Detailliebe zubereitet! Beim nächsten Marktbesuch komme ich gerne wieder :)','5');
INSERT INTO "LOCATION" ("LOCATION_ID","LOCATION_TYPE","ADDRESS","LONGITUDE","LATITUDE")VALUES('92','R','Landsberger Allee 10610369 BerlinGermany','13.45716','52.5284199');
INSERT INTO "RESTAURANT" ("RESTAURANT_ID","PRICERANGE","PHONE_NUMBER","WEBSITE")VALUES('99515466','€€€€','+49 30 4530532620','skykitchen.berlin');
INSERT INTO "CUISINE" ("RESTAURANT_ID","CUISINE_TYPE")VALUES('99515466','Modern European');
INSERT INTO "RESTAURANT_RATING" ("RESTAURANT_ID","SCALE","OVERALL_RATING","SOURCE")VALUES('99515466','5','5.0','Yelp');
INSERT INTO "RESTAURANT_FEATURE" ("RESTAURANT_ID","FEATURE_NAME","DESCRIPTION")VALUES('99515466','Takes Reservations','Yes');
INSERT INTO "RESTAURANT_FEATURE" ("RESTAURANT_ID","FEATURE_NAME","DESCRIPTION")VALUES('99515466','Delivery','No');
INSERT INTO "RESTAURANT_FEATURE" ("RESTAURANT_ID","FEATURE_NAME","DESCRIPTION")VALUES('99515466','Take-out','No');
INSERT INTO "RESTAURANT_FEATURE" ("RESTAURANT_ID","FEATURE_NAME","DESCRIPTION")VALUES('99515466','Accepted Cards','Credit');
INSERT INTO "RESTAURANT_FEATURE" ("RESTAURANT_ID","FEATURE_NAME","DESCRIPTION")VALUES('99515466','Good for Kids','Yes');
INSERT INTO "RESTAURANT_FEATURE" ("RESTAURANT_ID","FEATURE_NAME","DESCRIPTION")VALUES('99515466','Good for Groups','Yes');
INSERT INTO "RESTAURANT_FEATURE" ("RESTAURANT_ID","FEATURE_NAME","DESCRIPTION")VALUES('99515466','Attire','Dressy');
INSERT INTO "RESTAURANT_FEATURE" ("RESTAURANT_ID","FEATURE_NAME","DESCRIPTION")VALUES('99515466','Noise Level','Average');
INSERT INTO "OPENING_HOUR" ("DAY","RESTAURANT_ID","OPENING_TIME","CLOSING_TIME")VALUES('Mon','99515466','6:00 pm','11:00 pm');
INSERT INTO "OPENING_HOUR" ("DAY","RESTAURANT_ID","OPENING_TIME","CLOSING_TIME")VALUES('Tue','99515466','6:00 pm','11:00 pm');
INSERT INTO "OPENING_HOUR" ("DAY","RESTAURANT_ID","OPENING_TIME","CLOSING_TIME")VALUES('Wed','99515466','6:00 pm','11:00 pm');
INSERT INTO "OPENING_HOUR" ("DAY","RESTAURANT_ID","OPENING_TIME","CLOSING_TIME")VALUES('Thu','99515466','6:00 pm','11:00 pm');
INSERT INTO "OPENING_HOUR" ("DAY","RESTAURANT_ID","OPENING_TIME","CLOSING_TIME")VALUES('Fri','99515466','6:00 pm','11:00 pm');
INSERT INTO "OPENING_HOUR" ("DAY","RESTAURANT_ID","OPENING_TIME","CLOSING_TIME")VALUES('Sat','99515466','Open now','3:00 pm');
INSERT INTO "USER_REVIEW" ("RESTAURANT_ID","REVIEW_DATE","COMMENT","REVIEW_RATING")VALUES('99515466','2016-01-06 00:27:57','Skykitchen was a beautiful place on a beautiful location. The food was good and the service exellent. But some of the food didn''t taste as good as it...','4');
INSERT INTO "PHOTO" ("RESTAURANT_ID","PICTURE_URL")VALUES('99515466','https://s3-media4.fl.yelpcdn.com/photo/UqDx9jFTi1XkOqYMAnqodQ/o.jpg');
INSERT INTO "LOCATION" ("LOCATION_ID","LOCATION_TYPE","ADDRESS","LONGITUDE","LATITUDE")VALUES('93','R','Meinekestr. 2410119 BerlinGermany','13.32934','52.502121');
INSERT INTO "RESTAURANT" ("RESTAURANT_ID","PRICERANGE","PHONE_NUMBER","WEBSITE")VALUES('1547274','€€','+49 30 88718468','luardi-berlin.de');
INSERT INTO "CUISINE" ("RESTAURANT_ID","CUISINE_TYPE")VALUES('1547274','Italian');
INSERT INTO "CUISINE" ("RESTAURANT_ID","CUISINE_TYPE")VALUES('1547274','Bars');
INSERT INTO "RESTAURANT_RATING" ("RESTAURANT_ID","SCALE","OVERALL_RATING","SOURCE")VALUES('1547274','5','4.5','Yelp');
INSERT INTO "RESTAURANT_FEATURE" ("RESTAURANT_ID","FEATURE_NAME","DESCRIPTION")VALUES('1547274','Takes Reservations','Yes');
INSERT INTO "RESTAURANT_FEATURE" ("RESTAURANT_ID","FEATURE_NAME","DESCRIPTION")VALUES('1547274','Delivery','No');
INSERT INTO "RESTAURANT_FEATURE" ("RESTAURANT_ID","FEATURE_NAME","DESCRIPTION")VALUES('1547274','Take-out','Yes');
INSERT INTO "RESTAURANT_FEATURE" ("RESTAURANT_ID","FEATURE_NAME","DESCRIPTION")VALUES('1547274','Accepted Cards','Credit, Debit');
INSERT INTO "RESTAURANT_FEATURE" ("RESTAURANT_ID","FEATURE_NAME","DESCRIPTION")VALUES('1547274','Good For','Lunch, Dinner');
INSERT INTO "RESTAURANT_FEATURE" ("RESTAURANT_ID","FEATURE_NAME","DESCRIPTION")VALUES('1547274','Parking','Street');
INSERT INTO "RESTAURANT_FEATURE" ("RESTAURANT_ID","FEATURE_NAME","DESCRIPTION")VALUES('1547274','Good for Kids','Yes');
INSERT INTO "RESTAURANT_FEATURE" ("RESTAURANT_ID","FEATURE_NAME","DESCRIPTION")VALUES('1547274','Good for Groups','Yes');
INSERT INTO "RESTAURANT_FEATURE" ("RESTAURANT_ID","FEATURE_NAME","DESCRIPTION")VALUES('1547274','Attire','Casual');
INSERT INTO "RESTAURANT_FEATURE" ("RESTAURANT_ID","FEATURE_NAME","DESCRIPTION")VALUES('1547274','Ambience','Casual');
INSERT INTO "RESTAURANT_FEATURE" ("RESTAURANT_ID","FEATURE_NAME","DESCRIPTION")VALUES('1547274','Noise Level','Average');
INSERT INTO "RESTAURANT_FEATURE" ("RESTAURANT_ID","FEATURE_NAME","DESCRIPTION")VALUES('1547274','Music','Background');
INSERT INTO "RESTAURANT_FEATURE" ("RESTAURANT_ID","FEATURE_NAME","DESCRIPTION")VALUES('1547274','Good For Dancing','No');
INSERT INTO "RESTAURANT_FEATURE" ("RESTAURANT_ID","FEATURE_NAME","DESCRIPTION")VALUES('1547274','Alcohol','Full Bar');
INSERT INTO "RESTAURANT_FEATURE" ("RESTAURANT_ID","FEATURE_NAME","DESCRIPTION")VALUES('1547274','Happy Hour','No');
INSERT INTO "RESTAURANT_FEATURE" ("RESTAURANT_ID","FEATURE_NAME","DESCRIPTION")VALUES('1547274','Coat Check','Yes');
INSERT INTO "RESTAURANT_FEATURE" ("RESTAURANT_ID","FEATURE_NAME","DESCRIPTION")VALUES('1547274','Smoking','No');
INSERT INTO "RESTAURANT_FEATURE" ("RESTAURANT_ID","FEATURE_NAME","DESCRIPTION")VALUES('1547274','Outdoor Seating','Yes');
INSERT INTO "RESTAURANT_FEATURE" ("RESTAURANT_ID","FEATURE_NAME","DESCRIPTION")VALUES('1547274','Wi-Fi','No');
INSERT INTO "RESTAURANT_FEATURE" ("RESTAURANT_ID","FEATURE_NAME","DESCRIPTION")VALUES('1547274','Has TV','No');
INSERT INTO "RESTAURANT_FEATURE" ("RESTAURANT_ID","FEATURE_NAME","DESCRIPTION")VALUES('1547274','Waiter Service','Yes');
INSERT INTO "RESTAURANT_FEATURE" ("RESTAURANT_ID","FEATURE_NAME","DESCRIPTION")VALUES('1547274','Caters','Yes');
INSERT INTO "RESTAURANT_FEATURE" ("RESTAURANT_ID","FEATURE_NAME","DESCRIPTION")VALUES('1547274','Has Pool Table','No');
INSERT INTO "OPENING_HOUR" ("DAY","RESTAURANT_ID","OPENING_TIME","CLOSING_TIME")VALUES('Mon','1547274','11:00 am','12:00 am');
INSERT INTO "OPENING_HOUR" ("DAY","RESTAURANT_ID","OPENING_TIME","CLOSING_TIME")VALUES('Tue','1547274','11:00 am','12:00 am');
INSERT INTO "OPENING_HOUR" ("DAY","RESTAURANT_ID","OPENING_TIME","CLOSING_TIME")VALUES('Wed','1547274','11:00 am','12:00 am');
INSERT INTO "OPENING_HOUR" ("DAY","RESTAURANT_ID","OPENING_TIME","CLOSING_TIME")VALUES('Thu','1547274','11:00 am','12:00 am');
INSERT INTO "OPENING_HOUR" ("DAY","RESTAURANT_ID","OPENING_TIME","CLOSING_TIME")VALUES('Fri','1547274','11:00 am','12:00 am');
INSERT INTO "OPENING_HOUR" ("DAY","RESTAURANT_ID","OPENING_TIME","CLOSING_TIME")VALUES('Sat','1547274','11:00 am','12:00 am');
INSERT INTO "OPENING_HOUR" ("DAY","RESTAURANT_ID","OPENING_TIME","CLOSING_TIME")VALUES('Sun','1547274','Open now','12:00 am');
INSERT INTO "USER_REVIEW" ("RESTAURANT_ID","REVIEW_DATE","COMMENT","REVIEW_RATING")VALUES('1547274','2017-07-30 11:54:46','A bit cheesy. The waiters were a bit cheesy with their Italian speak and behavior. Food (pizza) was decent but not outstanding

An experience that can be...','3');
INSERT INTO "PHOTO" ("RESTAURANT_ID","PICTURE_URL")VALUES('1547274','https://s3-media4.fl.yelpcdn.com/photo/nbuL_jlHM5Wsf7cGtpt-4A/o.jpg');
INSERT INTO "USER_REVIEW" ("RESTAURANT_ID","REVIEW_DATE","COMMENT","REVIEW_RATING")VALUES('1547274','2017-05-09 13:48:47','Great italians servers! Happy people.
Awesome food! Felt like if i was in Italy. Enjoy!','5');
INSERT INTO "PHOTO" ("RESTAURANT_ID","PICTURE_URL")VALUES('1547274','https://s3-media4.fl.yelpcdn.com/photo/rejGuPSdByczkc6BOgbZyA/o.jpg');
INSERT INTO "USER_REVIEW" ("RESTAURANT_ID","REVIEW_DATE","COMMENT","REVIEW_RATING")VALUES('1547274','2016-05-31 10:46:58','From having tried pizza all over the world, Luardi''s is really on top of their game. The pizza was chewy and crispy just like in Naples.
Well done!!','5');
INSERT INTO "PHOTO" ("RESTAURANT_ID","PICTURE_URL")VALUES('1547274','https://s3-media3.fl.yelpcdn.com/photo/YGXFax9M8oE8rPasVfEkjw/o.jpg');
INSERT INTO "LOCATION" ("LOCATION_ID","LOCATION_TYPE","ADDRESS","LONGITUDE","LATITUDE")VALUES('94','R','Auguststr. 2410117 BerlinGermany','13.39679','52.52667');
INSERT INTO "RESTAURANT" ("RESTAURANT_ID","PRICERANGE","PHONE_NUMBER","WEBSITE")VALUES('21873683','€€','+49 30 2829295','ballhaus.de');
INSERT INTO "CUISINE" ("RESTAURANT_ID","CUISINE_TYPE")VALUES('21873683','German');
INSERT INTO "CUISINE" ("RESTAURANT_ID","CUISINE_TYPE")VALUES('21873683','Music Venues');
INSERT INTO "CUISINE" ("RESTAURANT_ID","CUISINE_TYPE")VALUES('21873683','Beer Garden');
INSERT INTO "RESTAURANT_RATING" ("RESTAURANT_ID","SCALE","OVERALL_RATING","SOURCE")VALUES('21873683','5','4.0','Yelp');
INSERT INTO "RESTAURANT_FEATURE" ("RESTAURANT_ID","FEATURE_NAME","DESCRIPTION")VALUES('21873683','Takes Reservations','Yes');
INSERT INTO "RESTAURANT_FEATURE" ("RESTAURANT_ID","FEATURE_NAME","DESCRIPTION")VALUES('21873683','Delivery','No');
INSERT INTO "RESTAURANT_FEATURE" ("RESTAURANT_ID","FEATURE_NAME","DESCRIPTION")VALUES('21873683','Take-out','No');
INSERT INTO "RESTAURANT_FEATURE" ("RESTAURANT_ID","FEATURE_NAME","DESCRIPTION")VALUES('21873683','Accepted Cards','Credit, Debit');
INSERT INTO "RESTAURANT_FEATURE" ("RESTAURANT_ID","FEATURE_NAME","DESCRIPTION")VALUES('21873683','Accepts Bitcoin','No');
INSERT INTO "RESTAURANT_FEATURE" ("RESTAURANT_ID","FEATURE_NAME","DESCRIPTION")VALUES('21873683','Good For','Dinner');
INSERT INTO "RESTAURANT_FEATURE" ("RESTAURANT_ID","FEATURE_NAME","DESCRIPTION")VALUES('21873683','Parking','Street');
INSERT INTO "RESTAURANT_FEATURE" ("RESTAURANT_ID","FEATURE_NAME","DESCRIPTION")VALUES('21873683','Wheelchair Accessible','No');
INSERT INTO "RESTAURANT_FEATURE" ("RESTAURANT_ID","FEATURE_NAME","DESCRIPTION")VALUES('21873683','Good for Kids','Yes');
INSERT INTO "RESTAURANT_FEATURE" ("RESTAURANT_ID","FEATURE_NAME","DESCRIPTION")VALUES('21873683','Good for Groups','Yes');
INSERT INTO "RESTAURANT_FEATURE" ("RESTAURANT_ID","FEATURE_NAME","DESCRIPTION")VALUES('21873683','Attire','Casual');
INSERT INTO "RESTAURANT_FEATURE" ("RESTAURANT_ID","FEATURE_NAME","DESCRIPTION")VALUES('21873683','Ambience','Romantic');
INSERT INTO "RESTAURANT_FEATURE" ("RESTAURANT_ID","FEATURE_NAME","DESCRIPTION")VALUES('21873683','Noise Level','Loud');
INSERT INTO "RESTAURANT_FEATURE" ("RESTAURANT_ID","FEATURE_NAME","DESCRIPTION")VALUES('21873683','Music','DJ');
INSERT INTO "RESTAURANT_FEATURE" ("RESTAURANT_ID","FEATURE_NAME","DESCRIPTION")VALUES('21873683','Good For Dancing','Yes');
INSERT INTO "RESTAURANT_FEATURE" ("RESTAURANT_ID","FEATURE_NAME","DESCRIPTION")VALUES('21873683','Alcohol','Full Bar');
INSERT INTO "RESTAURANT_FEATURE" ("RESTAURANT_ID","FEATURE_NAME","DESCRIPTION")VALUES('21873683','Happy Hour','No');
INSERT INTO "RESTAURANT_FEATURE" ("RESTAURANT_ID","FEATURE_NAME","DESCRIPTION")VALUES('21873683','Best Nights','Thu, Fri, Sat');
INSERT INTO "RESTAURANT_FEATURE" ("RESTAURANT_ID","FEATURE_NAME","DESCRIPTION")VALUES('21873683','Coat Check','Yes');
INSERT INTO "RESTAURANT_FEATURE" ("RESTAURANT_ID","FEATURE_NAME","DESCRIPTION")VALUES('21873683','Smoking','Outdoor Area / Patio Only');
INSERT INTO "RESTAURANT_FEATURE" ("RESTAURANT_ID","FEATURE_NAME","DESCRIPTION")VALUES('21873683','Outdoor Seating','Yes');
INSERT INTO "RESTAURANT_FEATURE" ("RESTAURANT_ID","FEATURE_NAME","DESCRIPTION")VALUES('21873683','Wi-Fi','Free');
INSERT INTO "RESTAURANT_FEATURE" ("RESTAURANT_ID","FEATURE_NAME","DESCRIPTION")VALUES('21873683','Has TV','No');
INSERT INTO "RESTAURANT_FEATURE" ("RESTAURANT_ID","FEATURE_NAME","DESCRIPTION")VALUES('21873683','Dogs Allowed','No');
INSERT INTO "RESTAURANT_FEATURE" ("RESTAURANT_ID","FEATURE_NAME","DESCRIPTION")VALUES('21873683','Waiter Service','Yes');
INSERT INTO "RESTAURANT_FEATURE" ("RESTAURANT_ID","FEATURE_NAME","DESCRIPTION")VALUES('21873683','Caters','No');
INSERT INTO "USER_REVIEW" ("RESTAURANT_ID","REVIEW_DATE","COMMENT","REVIEW_RATING")VALUES('21873683','2017-03-04 20:48:36','This was so much fun.
Came super early for sat dinner.
The music was great but impossibly loud, as in don''t even attempt to talk to anyone including the...','4');
INSERT INTO "PHOTO" ("RESTAURANT_ID","PICTURE_URL")VALUES('21873683','https://s3-media4.fl.yelpcdn.com/photo/0g2JNggaRqfHVvWN9QWceQ/o.jpg');
INSERT INTO "USER_REVIEW" ("RESTAURANT_ID","REVIEW_DATE","COMMENT","REVIEW_RATING")VALUES('21873683','2017-06-14 02:09:17','In all honesty, I would not go here for the foot. We had pizza here and were not that impressed. 

The place however is really nice. Sitting outside in the...','4');
INSERT INTO "USER_REVIEW" ("RESTAURANT_ID","REVIEW_DATE","COMMENT","REVIEW_RATING")VALUES('21873683','2016-08-12 09:54:13','Worst service I''ve experienced in Berlin. They are understaffed for the patio outside and the waiter tries to rush everyone to order. There is one main...','1');
INSERT INTO "PHOTO" ("RESTAURANT_ID","PICTURE_URL")VALUES('21873683','https://s3-media4.fl.yelpcdn.com/photo/QWUL7n9_oXs7jbqKa-iO8A/o.jpg');
INSERT INTO "RESTAURANT_RATING" ("RESTAURANT_ID","SCALE","OVERALL_RATING","SOURCE")VALUES('21873683','5','4.2','Google Map');
INSERT INTO "USER_REVIEW" ("RESTAURANT_ID","REVIEW_DATE","COMMENT","REVIEW_RATING")VALUES('21873683','2017-12-18','I stumbled upon this place by chance while walking around on a cold night on one of my two nights in Berlin. It seemed nice and I went inside to warm up. Best surprise ever! Old school German feel to the place. Very historic and grand. Great crowd of all age groups. They even had green tea at the bar ! 🍵☕','5');
INSERT INTO "USER_REVIEW" ("RESTAURANT_ID","REVIEW_DATE","COMMENT","REVIEW_RATING")VALUES('21873683','2017-12-16','This is one of the most famous but hidden places in the biggest village of Germany! The dancing location has a long term history of more than 100 years for dancing and party in the eastern part of Berlin. All the Berliners know the place by the name, but not everybody visit it. So actually it''s more famous to the tourists and all the trendy pseudo-hipsters from all over the world.
But during regular weekday you can go to there. Just to have a dancing course in front all the other people, who visit the location for eating, drinking or chatting. The restaurant has a italian cuisine, but the wine is from Germany. All together it''s a very nice and very common event location with a good mix of local people and visitors. If you want, you can learn salsa dancing too with slender gender gay-girlfriend. Enjoy it!','5');
INSERT INTO "USER_REVIEW" ("RESTAURANT_ID","REVIEW_DATE","COMMENT","REVIEW_RATING")VALUES('21873683','2018-01-04','Nice and funny. For something different.. to live something you would never expect in Berlin. But you have to like ballads, German food or pizza. There is also another room where to eat that in general is more quiet and the location is just amazing. In the end I would say is a bit retro'' place but sometimes is nice to experience something different','5');
INSERT INTO "USER_REVIEW" ("RESTAURANT_ID","REVIEW_DATE","COMMENT","REVIEW_RATING")VALUES('21873683','2017-12-14','Full of character and characters, this location shows its age in the best way. Once busy the staff gets a bit swamped with orders yet they stayed friendly throughout. Food was tasty, music was great and dancing was fun. Had a great evening, highly recommended','5');
INSERT INTO "USER_REVIEW" ("RESTAURANT_ID","REVIEW_DATE","COMMENT","REVIEW_RATING")VALUES('21873683','2017-12-19','This is one of the coolest places I have seen so far in Berlin. The food is good and the portions are huge (seriously, you will not be disappointed and the pricepoint is also very fair), the service is quick and nice but what really makes this place is the nice and relaxed atmosphere amongst the countless people dancing on the dancefloor. The music at least when I was there was fitting and overall we had a very nice evening as a group. Five stars!','5');
INSERT INTO "LOCATION" ("LOCATION_ID","LOCATION_TYPE","ADDRESS","LONGITUDE","LATITUDE")VALUES('95','R','Leipziger Str. 3010117 BerlinGermany','13.39052','52.51017');
INSERT INTO "RESTAURANT" ("RESTAURANT_ID","PRICERANGE","PHONE_NUMBER","WEBSITE")VALUES('5914518','€€','+49 30 20605300','otito.de');
INSERT INTO "CUISINE" ("RESTAURANT_ID","CUISINE_TYPE")VALUES('5914518','Vietnamese');
INSERT INTO "CUISINE" ("RESTAURANT_ID","CUISINE_TYPE")VALUES('5914518','Sushi Bars');
INSERT INTO "RESTAURANT_RATING" ("RESTAURANT_ID","SCALE","OVERALL_RATING","SOURCE")VALUES('5914518','5','4.0','Yelp');
INSERT INTO "RESTAURANT_FEATURE" ("RESTAURANT_ID","FEATURE_NAME","DESCRIPTION")VALUES('5914518','Takes Reservations','Yes');
INSERT INTO "RESTAURANT_FEATURE" ("RESTAURANT_ID","FEATURE_NAME","DESCRIPTION")VALUES('5914518','Delivery','No');
INSERT INTO "RESTAURANT_FEATURE" ("RESTAURANT_ID","FEATURE_NAME","DESCRIPTION")VALUES('5914518','Take-out','Yes');
INSERT INTO "RESTAURANT_FEATURE" ("RESTAURANT_ID","FEATURE_NAME","DESCRIPTION")VALUES('5914518','Accepted Cards','Credit');
INSERT INTO "RESTAURANT_FEATURE" ("RESTAURANT_ID","FEATURE_NAME","DESCRIPTION")VALUES('5914518','Good For','Lunch, Dinner');
INSERT INTO "RESTAURANT_FEATURE" ("RESTAURANT_ID","FEATURE_NAME","DESCRIPTION")VALUES('5914518','Parking','Street');
INSERT INTO "RESTAURANT_FEATURE" ("RESTAURANT_ID","FEATURE_NAME","DESCRIPTION")VALUES('5914518','Good for Kids','Yes');
INSERT INTO "RESTAURANT_FEATURE" ("RESTAURANT_ID","FEATURE_NAME","DESCRIPTION")VALUES('5914518','Good for Groups','Yes');
INSERT INTO "RESTAURANT_FEATURE" ("RESTAURANT_ID","FEATURE_NAME","DESCRIPTION")VALUES('5914518','Attire','Casual');
INSERT INTO "RESTAURANT_FEATURE" ("RESTAURANT_ID","FEATURE_NAME","DESCRIPTION")VALUES('5914518','Ambience','Casual');
INSERT INTO "RESTAURANT_FEATURE" ("RESTAURANT_ID","FEATURE_NAME","DESCRIPTION")VALUES('5914518','Noise Level','Average');
INSERT INTO "RESTAURANT_FEATURE" ("RESTAURANT_ID","FEATURE_NAME","DESCRIPTION")VALUES('5914518','Alcohol','Full Bar');
INSERT INTO "RESTAURANT_FEATURE" ("RESTAURANT_ID","FEATURE_NAME","DESCRIPTION")VALUES('5914518','Outdoor Seating','Yes');
INSERT INTO "RESTAURANT_FEATURE" ("RESTAURANT_ID","FEATURE_NAME","DESCRIPTION")VALUES('5914518','Wi-Fi','No');
INSERT INTO "RESTAURANT_FEATURE" ("RESTAURANT_ID","FEATURE_NAME","DESCRIPTION")VALUES('5914518','Has TV','No');
INSERT INTO "RESTAURANT_FEATURE" ("RESTAURANT_ID","FEATURE_NAME","DESCRIPTION")VALUES('5914518','Waiter Service','Yes');
INSERT INTO "RESTAURANT_FEATURE" ("RESTAURANT_ID","FEATURE_NAME","DESCRIPTION")VALUES('5914518','Caters','Yes');
INSERT INTO "OPENING_HOUR" ("DAY","RESTAURANT_ID","OPENING_TIME","CLOSING_TIME")VALUES('Mon','5914518','11:00 am','11:00 pm');
INSERT INTO "OPENING_HOUR" ("DAY","RESTAURANT_ID","OPENING_TIME","CLOSING_TIME")VALUES('Tue','5914518','11:00 am','11:00 pm');
INSERT INTO "OPENING_HOUR" ("DAY","RESTAURANT_ID","OPENING_TIME","CLOSING_TIME")VALUES('Wed','5914518','11:00 am','11:00 pm');
INSERT INTO "OPENING_HOUR" ("DAY","RESTAURANT_ID","OPENING_TIME","CLOSING_TIME")VALUES('Thu','5914518','11:00 am','11:00 pm');
INSERT INTO "OPENING_HOUR" ("DAY","RESTAURANT_ID","OPENING_TIME","CLOSING_TIME")VALUES('Fri','5914518','11:00 am','11:00 pm');
INSERT INTO "OPENING_HOUR" ("DAY","RESTAURANT_ID","OPENING_TIME","CLOSING_TIME")VALUES('Sat','5914518','1:00 pm','11:00 pm');
INSERT INTO "OPENING_HOUR" ("DAY","RESTAURANT_ID","OPENING_TIME","CLOSING_TIME")VALUES('Sun','5914518','Open now','11:00 pm');
INSERT INTO "USER_REVIEW" ("RESTAURANT_ID","REVIEW_DATE","COMMENT","REVIEW_RATING")VALUES('5914518','2017-12-21 07:44:19','Really nice! Very casual setting, we had the pho and sashimi and both were great and served quickly.
Super close to Stadtmitte so if you are close to...','5');
INSERT INTO "PHOTO" ("RESTAURANT_ID","PICTURE_URL")VALUES('5914518','https://s3-media1.fl.yelpcdn.com/photo/HSp5dadnQBegp_QYyQsP9Q/o.jpg');
INSERT INTO "USER_REVIEW" ("RESTAURANT_ID","REVIEW_DATE","COMMENT","REVIEW_RATING")VALUES('5914518','2017-12-30 23:28:31','Overall I think the food is reasonable compare to the Asian food I had during the trip.  However I was very displeased at them charging me 4.4 euro for hot...','2');
INSERT INTO "PHOTO" ("RESTAURANT_ID","PICTURE_URL")VALUES('5914518','https://s3-media3.fl.yelpcdn.com/photo/GXtlVm9e7bA3w3spq7kJ7A/o.jpg');
INSERT INTO "USER_REVIEW" ("RESTAURANT_ID","REVIEW_DATE","COMMENT","REVIEW_RATING")VALUES('5914518','2017-02-04 10:05:08','I have a Asian stomach. I crave for my clear pho broth or some sort of broth when I haven''t had any Asian food for awhile. 

This hits the spot...','5');
INSERT INTO "PHOTO" ("RESTAURANT_ID","PICTURE_URL")VALUES('5914518','https://s3-media3.fl.yelpcdn.com/photo/EuNR3yJwMt9D3y5MVBzrnA/o.jpg');
INSERT INTO "LOCATION" ("LOCATION_ID","LOCATION_TYPE","ADDRESS","LONGITUDE","LATITUDE")VALUES('96','R','Tempelhofer Ufer 1210963 BerlinGermany','13.38554','52.49827');
INSERT INTO "RESTAURANT" ("RESTAURANT_ID","PRICERANGE","PHONE_NUMBER","WEBSITE")VALUES('36879094','€€','+49 30 2516069','taverna-athene.de');
INSERT INTO "CUISINE" ("RESTAURANT_ID","CUISINE_TYPE")VALUES('36879094','Greek');
INSERT INTO "RESTAURANT_RATING" ("RESTAURANT_ID","SCALE","OVERALL_RATING","SOURCE")VALUES('36879094','5','4.5','Yelp');
INSERT INTO "RESTAURANT_FEATURE" ("RESTAURANT_ID","FEATURE_NAME","DESCRIPTION")VALUES('36879094','Takes Reservations','Yes');
INSERT INTO "RESTAURANT_FEATURE" ("RESTAURANT_ID","FEATURE_NAME","DESCRIPTION")VALUES('36879094','Delivery','No');
INSERT INTO "RESTAURANT_FEATURE" ("RESTAURANT_ID","FEATURE_NAME","DESCRIPTION")VALUES('36879094','Take-out','Yes');
INSERT INTO "RESTAURANT_FEATURE" ("RESTAURANT_ID","FEATURE_NAME","DESCRIPTION")VALUES('36879094','Accepted Cards','Credit, Debit');
INSERT INTO "RESTAURANT_FEATURE" ("RESTAURANT_ID","FEATURE_NAME","DESCRIPTION")VALUES('36879094','Good for Kids','Yes');
INSERT INTO "RESTAURANT_FEATURE" ("RESTAURANT_ID","FEATURE_NAME","DESCRIPTION")VALUES('36879094','Good for Groups','Yes');
INSERT INTO "RESTAURANT_FEATURE" ("RESTAURANT_ID","FEATURE_NAME","DESCRIPTION")VALUES('36879094','Attire','Casual');
INSERT INTO "RESTAURANT_FEATURE" ("RESTAURANT_ID","FEATURE_NAME","DESCRIPTION")VALUES('36879094','Ambience','Casual');
INSERT INTO "RESTAURANT_FEATURE" ("RESTAURANT_ID","FEATURE_NAME","DESCRIPTION")VALUES('36879094','Noise Level','Quiet');
INSERT INTO "RESTAURANT_FEATURE" ("RESTAURANT_ID","FEATURE_NAME","DESCRIPTION")VALUES('36879094','Alcohol','Full Bar');
INSERT INTO "RESTAURANT_FEATURE" ("RESTAURANT_ID","FEATURE_NAME","DESCRIPTION")VALUES('36879094','Outdoor Seating','Yes');
INSERT INTO "RESTAURANT_FEATURE" ("RESTAURANT_ID","FEATURE_NAME","DESCRIPTION")VALUES('36879094','Wi-Fi','No');
INSERT INTO "RESTAURANT_FEATURE" ("RESTAURANT_ID","FEATURE_NAME","DESCRIPTION")VALUES('36879094','Has TV','No');
INSERT INTO "RESTAURANT_FEATURE" ("RESTAURANT_ID","FEATURE_NAME","DESCRIPTION")VALUES('36879094','Caters','Yes');
INSERT INTO "OPENING_HOUR" ("DAY","RESTAURANT_ID","OPENING_TIME","CLOSING_TIME")VALUES('Mon','36879094','3:00 pm','12:00 am');
INSERT INTO "OPENING_HOUR" ("DAY","RESTAURANT_ID","OPENING_TIME","CLOSING_TIME")VALUES('Tue','36879094','3:00 pm','12:00 am');
INSERT INTO "OPENING_HOUR" ("DAY","RESTAURANT_ID","OPENING_TIME","CLOSING_TIME")VALUES('Wed','36879094','3:00 pm','12:00 am');
INSERT INTO "OPENING_HOUR" ("DAY","RESTAURANT_ID","OPENING_TIME","CLOSING_TIME")VALUES('Thu','36879094','3:00 pm','12:00 am');
INSERT INTO "OPENING_HOUR" ("DAY","RESTAURANT_ID","OPENING_TIME","CLOSING_TIME")VALUES('Fri','36879094','3:00 pm','12:00 am');
INSERT INTO "OPENING_HOUR" ("DAY","RESTAURANT_ID","OPENING_TIME","CLOSING_TIME")VALUES('Sat','36879094','Open now','12:00 am');
INSERT INTO "USER_REVIEW" ("RESTAURANT_ID","REVIEW_DATE","COMMENT","REVIEW_RATING")VALUES('36879094','2017-08-22 16:24:39','How does one describe an island of Greek scrumptious in the sea of Germania? Two words: Taverne Athene.

This spectacularly located, wonderfully set Greek...','5');
INSERT INTO "PHOTO" ("RESTAURANT_ID","PICTURE_URL")VALUES('36879094','https://s3-media2.fl.yelpcdn.com/photo/pEus7oR_EaPhpLM9n4gZSg/o.jpg');
INSERT INTO "USER_REVIEW" ("RESTAURANT_ID","REVIEW_DATE","COMMENT","REVIEW_RATING")VALUES('36879094','2017-03-04 11:21:45','During a visit to Berlin for my 50th birthday, we decided to eat Greek and found this restaurant on our way to the hotel. I was very favorably surprised by...','5');
INSERT INTO "PHOTO" ("RESTAURANT_ID","PICTURE_URL")VALUES('36879094','https://s3-media4.fl.yelpcdn.com/photo/9vbqZDybpSt2Pd28NpsyYw/o.jpg');
INSERT INTO "USER_REVIEW" ("RESTAURANT_ID","REVIEW_DATE","COMMENT","REVIEW_RATING")VALUES('36879094','2016-02-29 17:48:00','Came in on a Friday night and was sat down right away the place was quite busy too... service was on point and food was also on point, probably some of the...','4');
INSERT INTO "PHOTO" ("RESTAURANT_ID","PICTURE_URL")VALUES('36879094','https://s3-media4.fl.yelpcdn.com/photo/Lrh0VGbTDhe1UlD2llldEw/o.jpg');
INSERT INTO "LOCATION" ("LOCATION_ID","LOCATION_TYPE","ADDRESS","LONGITUDE","LATITUDE")VALUES('97','R','Strausberger Platz 210243 BerlinGermany','13.4275348786','52.519343266');
INSERT INTO "RESTAURANT" ("RESTAURANT_ID","PRICERANGE","PHONE_NUMBER","WEBSITE")VALUES('99204519','€€','+49 30 95598243','amano-ristorante.de');
INSERT INTO "CUISINE" ("RESTAURANT_ID","CUISINE_TYPE")VALUES('99204519','Italian');
INSERT INTO "RESTAURANT_RATING" ("RESTAURANT_ID","SCALE","OVERALL_RATING","SOURCE")VALUES('99204519','5','4.5','Yelp');
INSERT INTO "RESTAURANT_FEATURE" ("RESTAURANT_ID","FEATURE_NAME","DESCRIPTION")VALUES('99204519','Takes Reservations','Yes');
INSERT INTO "RESTAURANT_FEATURE" ("RESTAURANT_ID","FEATURE_NAME","DESCRIPTION")VALUES('99204519','Delivery','No');
INSERT INTO "RESTAURANT_FEATURE" ("RESTAURANT_ID","FEATURE_NAME","DESCRIPTION")VALUES('99204519','Take-out','Yes');
INSERT INTO "RESTAURANT_FEATURE" ("RESTAURANT_ID","FEATURE_NAME","DESCRIPTION")VALUES('99204519','Accepted Cards','Credit, Debit');
INSERT INTO "RESTAURANT_FEATURE" ("RESTAURANT_ID","FEATURE_NAME","DESCRIPTION")VALUES('99204519','Good For','Dinner');
INSERT INTO "RESTAURANT_FEATURE" ("RESTAURANT_ID","FEATURE_NAME","DESCRIPTION")VALUES('99204519','Parking','Street');
INSERT INTO "RESTAURANT_FEATURE" ("RESTAURANT_ID","FEATURE_NAME","DESCRIPTION")VALUES('99204519','Good for Kids','Yes');
INSERT INTO "RESTAURANT_FEATURE" ("RESTAURANT_ID","FEATURE_NAME","DESCRIPTION")VALUES('99204519','Good for Groups','Yes');
INSERT INTO "RESTAURANT_FEATURE" ("RESTAURANT_ID","FEATURE_NAME","DESCRIPTION")VALUES('99204519','Attire','Casual');
INSERT INTO "RESTAURANT_FEATURE" ("RESTAURANT_ID","FEATURE_NAME","DESCRIPTION")VALUES('99204519','Noise Level','Quiet');
INSERT INTO "RESTAURANT_FEATURE" ("RESTAURANT_ID","FEATURE_NAME","DESCRIPTION")VALUES('99204519','Alcohol','Full Bar');
INSERT INTO "RESTAURANT_FEATURE" ("RESTAURANT_ID","FEATURE_NAME","DESCRIPTION")VALUES('99204519','Outdoor Seating','Yes');
INSERT INTO "RESTAURANT_FEATURE" ("RESTAURANT_ID","FEATURE_NAME","DESCRIPTION")VALUES('99204519','Wi-Fi','No');
INSERT INTO "RESTAURANT_FEATURE" ("RESTAURANT_ID","FEATURE_NAME","DESCRIPTION")VALUES('99204519','Has TV','No');
INSERT INTO "OPENING_HOUR" ("DAY","RESTAURANT_ID","OPENING_TIME","CLOSING_TIME")VALUES('Mon','99204519','11:30 am','12:00 am');
INSERT INTO "OPENING_HOUR" ("DAY","RESTAURANT_ID","OPENING_TIME","CLOSING_TIME")VALUES('Tue','99204519','11:30 am','12:00 am');
INSERT INTO "OPENING_HOUR" ("DAY","RESTAURANT_ID","OPENING_TIME","CLOSING_TIME")VALUES('Wed','99204519','11:30 am','12:00 am');
INSERT INTO "OPENING_HOUR" ("DAY","RESTAURANT_ID","OPENING_TIME","CLOSING_TIME")VALUES('Thu','99204519','11:30 am','12:00 am');
INSERT INTO "OPENING_HOUR" ("DAY","RESTAURANT_ID","OPENING_TIME","CLOSING_TIME")VALUES('Fri','99204519','11:30 am','12:00 am');
INSERT INTO "OPENING_HOUR" ("DAY","RESTAURANT_ID","OPENING_TIME","CLOSING_TIME")VALUES('Sat','99204519','11:30 am','12:00 am');
INSERT INTO "OPENING_HOUR" ("DAY","RESTAURANT_ID","OPENING_TIME","CLOSING_TIME")VALUES('Sun','99204519','Open now','12:00 am');
INSERT INTO "USER_REVIEW" ("RESTAURANT_ID","REVIEW_DATE","COMMENT","REVIEW_RATING")VALUES('99204519','2018-01-03 14:42:40','Our experience here was 5 stars from start to finish.  The service was amazing, our waiter was both knowledgeable and enthusiastic about the menu.  

We had...','5');
INSERT INTO "PHOTO" ("RESTAURANT_ID","PICTURE_URL")VALUES('99204519','https://s3-media3.fl.yelpcdn.com/photo/xqyWyVqQLBZQMhd1fXpxxQ/o.jpg');
INSERT INTO "USER_REVIEW" ("RESTAURANT_ID","REVIEW_DATE","COMMENT","REVIEW_RATING")VALUES('99204519','2017-11-04 10:53:39','Went to Ristorante a Mano without reservations on a Wednesday night. They were pretty full, however we were able to snag a table for 2. After ordering...','5');
INSERT INTO "PHOTO" ("RESTAURANT_ID","PICTURE_URL")VALUES('99204519','https://s3-media3.fl.yelpcdn.com/photo/wH3lqIWlPVPz-4AhiK3nZg/o.jpg');
INSERT INTO "USER_REVIEW" ("RESTAURANT_ID","REVIEW_DATE","COMMENT","REVIEW_RATING")VALUES('99204519','2017-10-01 07:16:10','My family and I recently took a trip to Berlin. After a couple days of doner, sausages, etc., we were jonesing for some good Italian food. After...','5');
INSERT INTO "PHOTO" ("RESTAURANT_ID","PICTURE_URL")VALUES('99204519','https://s3-media1.fl.yelpcdn.com/photo/7Eip0vlJSM6kmeQq696wCA/o.jpg');
INSERT INTO "LOCATION" ("LOCATION_ID","LOCATION_TYPE","ADDRESS","LONGITUDE","LATITUDE")VALUES('98','R','Schliemannstr. 3110437 BerlinGermany','13.41994','52.54411');
INSERT INTO "RESTAURANT" ("RESTAURANT_ID","PRICERANGE","PHONE_NUMBER","WEBSITE")VALUES('43814501','€€','+49 30 91448885','saltnbone.de');
INSERT INTO "CUISINE" ("RESTAURANT_ID","CUISINE_TYPE")VALUES('43814501','Pubs');
INSERT INTO "CUISINE" ("RESTAURANT_ID","CUISINE_TYPE")VALUES('43814501','Gastropubs');
INSERT INTO "CUISINE" ("RESTAURANT_ID","CUISINE_TYPE")VALUES('43814501','Burgers');
INSERT INTO "RESTAURANT_RATING" ("RESTAURANT_ID","SCALE","OVERALL_RATING","SOURCE")VALUES('43814501','5','4.5','Yelp');
INSERT INTO "RESTAURANT_FEATURE" ("RESTAURANT_ID","FEATURE_NAME","DESCRIPTION")VALUES('43814501','Takes Reservations','Yes');
INSERT INTO "RESTAURANT_FEATURE" ("RESTAURANT_ID","FEATURE_NAME","DESCRIPTION")VALUES('43814501','Delivery','No');
INSERT INTO "RESTAURANT_FEATURE" ("RESTAURANT_ID","FEATURE_NAME","DESCRIPTION")VALUES('43814501','Take-out','No');
INSERT INTO "RESTAURANT_FEATURE" ("RESTAURANT_ID","FEATURE_NAME","DESCRIPTION")VALUES('43814501','Accepted Cards','Credit, Debit');
INSERT INTO "RESTAURANT_FEATURE" ("RESTAURANT_ID","FEATURE_NAME","DESCRIPTION")VALUES('43814501','Wheelchair Accessible','Yes');
INSERT INTO "RESTAURANT_FEATURE" ("RESTAURANT_ID","FEATURE_NAME","DESCRIPTION")VALUES('43814501','Good for Kids','No');
INSERT INTO "RESTAURANT_FEATURE" ("RESTAURANT_ID","FEATURE_NAME","DESCRIPTION")VALUES('43814501','Good for Groups','Yes');
INSERT INTO "RESTAURANT_FEATURE" ("RESTAURANT_ID","FEATURE_NAME","DESCRIPTION")VALUES('43814501','Attire','Casual');
INSERT INTO "RESTAURANT_FEATURE" ("RESTAURANT_ID","FEATURE_NAME","DESCRIPTION")VALUES('43814501','Ambience','Hipster');
INSERT INTO "RESTAURANT_FEATURE" ("RESTAURANT_ID","FEATURE_NAME","DESCRIPTION")VALUES('43814501','Noise Level','Average');
INSERT INTO "RESTAURANT_FEATURE" ("RESTAURANT_ID","FEATURE_NAME","DESCRIPTION")VALUES('43814501','Good For Dancing','No');
INSERT INTO "RESTAURANT_FEATURE" ("RESTAURANT_ID","FEATURE_NAME","DESCRIPTION")VALUES('43814501','Alcohol','Beer & Wine Only');
INSERT INTO "RESTAURANT_FEATURE" ("RESTAURANT_ID","FEATURE_NAME","DESCRIPTION")VALUES('43814501','Happy Hour','No');
INSERT INTO "RESTAURANT_FEATURE" ("RESTAURANT_ID","FEATURE_NAME","DESCRIPTION")VALUES('43814501','Outdoor Seating','Yes');
INSERT INTO "RESTAURANT_FEATURE" ("RESTAURANT_ID","FEATURE_NAME","DESCRIPTION")VALUES('43814501','Wi-Fi','Free');
INSERT INTO "RESTAURANT_FEATURE" ("RESTAURANT_ID","FEATURE_NAME","DESCRIPTION")VALUES('43814501','Has TV','No');
INSERT INTO "RESTAURANT_FEATURE" ("RESTAURANT_ID","FEATURE_NAME","DESCRIPTION")VALUES('43814501','Dogs Allowed','Yes');
INSERT INTO "RESTAURANT_FEATURE" ("RESTAURANT_ID","FEATURE_NAME","DESCRIPTION")VALUES('43814501','Waiter Service','Yes');
INSERT INTO "RESTAURANT_FEATURE" ("RESTAURANT_ID","FEATURE_NAME","DESCRIPTION")VALUES('43814501','Drive-Thru','No');
INSERT INTO "RESTAURANT_FEATURE" ("RESTAURANT_ID","FEATURE_NAME","DESCRIPTION")VALUES('43814501','Has Pool Table','No');
INSERT INTO "OPENING_HOUR" ("DAY","RESTAURANT_ID","OPENING_TIME","CLOSING_TIME")VALUES('Mon','43814501','6:00 pm','2:00 am');
INSERT INTO "OPENING_HOUR" ("DAY","RESTAURANT_ID","OPENING_TIME","CLOSING_TIME")VALUES('Tue','43814501','6:00 pm','2:00 am');
INSERT INTO "OPENING_HOUR" ("DAY","RESTAURANT_ID","OPENING_TIME","CLOSING_TIME")VALUES('Wed','43814501','6:00 pm','2:00 am');
INSERT INTO "OPENING_HOUR" ("DAY","RESTAURANT_ID","OPENING_TIME","CLOSING_TIME")VALUES('Thu','43814501','6:00 pm','3:00 am');
INSERT INTO "OPENING_HOUR" ("DAY","RESTAURANT_ID","OPENING_TIME","CLOSING_TIME")VALUES('Fri','43814501','5:00 pm','3:00 am');
INSERT INTO "OPENING_HOUR" ("DAY","RESTAURANT_ID","OPENING_TIME","CLOSING_TIME")VALUES('Sat','43814501','Open now','12:00 am');
INSERT INTO "USER_REVIEW" ("RESTAURANT_ID","REVIEW_DATE","COMMENT","REVIEW_RATING")VALUES('43814501','2017-10-28 16:44:55','A proper Negroni is hard to find in the city that loves its biergarten and beach bars. 

But trust that my good friend knows where to find one. He found one...','4');
INSERT INTO "PHOTO" ("RESTAURANT_ID","PICTURE_URL")VALUES('43814501','https://s3-media2.fl.yelpcdn.com/photo/Y4YhAVOABdmuykz7IQTXTQ/o.jpg');
INSERT INTO "USER_REVIEW" ("RESTAURANT_ID","REVIEW_DATE","COMMENT","REVIEW_RATING")VALUES('43814501','2017-09-02 12:42:55','Nestled on a quite avenue in Prenzlauer Berg, this American cuisine eatery will sports a classic menu of authentic Americans with a distinctly German...','5');
INSERT INTO "PHOTO" ("RESTAURANT_ID","PICTURE_URL")VALUES('43814501','https://s3-media2.fl.yelpcdn.com/photo/pEus7oR_EaPhpLM9n4gZSg/o.jpg');
INSERT INTO "USER_REVIEW" ("RESTAURANT_ID","REVIEW_DATE","COMMENT","REVIEW_RATING")VALUES('43814501','2017-11-24 14:12:19','this place is great; I did not want to like it because of the hype and the fact that it is in the Helmholzkiez, but it was really good. The service, the...','5');
INSERT INTO "PHOTO" ("RESTAURANT_ID","PICTURE_URL")VALUES('43814501','https://s3-media2.fl.yelpcdn.com/photo/7lYh7Ttw2oVEb0UCklddlw/o.jpg');
INSERT INTO "LOCATION" ("LOCATION_ID","LOCATION_TYPE","ADDRESS","LONGITUDE","LATITUDE")VALUES('99','R','Hedwigstr. 1812159 BerlinGermany','13.3361','52.4715');
INSERT INTO "RESTAURANT" ("RESTAURANT_ID","PRICERANGE","PHONE_NUMBER","WEBSITE")VALUES('90995449','€€','+49 30 95629407','dabangg.de');
INSERT INTO "CUISINE" ("RESTAURANT_ID","CUISINE_TYPE")VALUES('90995449','Korean');
INSERT INTO "CUISINE" ("RESTAURANT_ID","CUISINE_TYPE")VALUES('90995449','Tea Rooms');
INSERT INTO "RESTAURANT_RATING" ("RESTAURANT_ID","SCALE","OVERALL_RATING","SOURCE")VALUES('90995449','5','5.0','Yelp');
INSERT INTO "RESTAURANT_FEATURE" ("RESTAURANT_ID","FEATURE_NAME","DESCRIPTION")VALUES('90995449','Takes Reservations','Yes');
INSERT INTO "RESTAURANT_FEATURE" ("RESTAURANT_ID","FEATURE_NAME","DESCRIPTION")VALUES('90995449','Delivery','No');
INSERT INTO "RESTAURANT_FEATURE" ("RESTAURANT_ID","FEATURE_NAME","DESCRIPTION")VALUES('90995449','Take-out','Yes');
INSERT INTO "RESTAURANT_FEATURE" ("RESTAURANT_ID","FEATURE_NAME","DESCRIPTION")VALUES('90995449','Accepted Cards','Credit, Debit');
INSERT INTO "RESTAURANT_FEATURE" ("RESTAURANT_ID","FEATURE_NAME","DESCRIPTION")VALUES('90995449','Parking','Street');
INSERT INTO "RESTAURANT_FEATURE" ("RESTAURANT_ID","FEATURE_NAME","DESCRIPTION")VALUES('90995449','Good for Kids','Yes');
INSERT INTO "RESTAURANT_FEATURE" ("RESTAURANT_ID","FEATURE_NAME","DESCRIPTION")VALUES('90995449','Good for Groups','Yes');
INSERT INTO "RESTAURANT_FEATURE" ("RESTAURANT_ID","FEATURE_NAME","DESCRIPTION")VALUES('90995449','Attire','Casual');
INSERT INTO "RESTAURANT_FEATURE" ("RESTAURANT_ID","FEATURE_NAME","DESCRIPTION")VALUES('90995449','Ambience','Casual');
INSERT INTO "RESTAURANT_FEATURE" ("RESTAURANT_ID","FEATURE_NAME","DESCRIPTION")VALUES('90995449','Noise Level','Average');
INSERT INTO "RESTAURANT_FEATURE" ("RESTAURANT_ID","FEATURE_NAME","DESCRIPTION")VALUES('90995449','Alcohol','Beer & Wine Only');
INSERT INTO "RESTAURANT_FEATURE" ("RESTAURANT_ID","FEATURE_NAME","DESCRIPTION")VALUES('90995449','Outdoor Seating','Yes');
INSERT INTO "RESTAURANT_FEATURE" ("RESTAURANT_ID","FEATURE_NAME","DESCRIPTION")VALUES('90995449','Wi-Fi','No');
INSERT INTO "RESTAURANT_FEATURE" ("RESTAURANT_ID","FEATURE_NAME","DESCRIPTION")VALUES('90995449','Has TV','No');
INSERT INTO "RESTAURANT_FEATURE" ("RESTAURANT_ID","FEATURE_NAME","DESCRIPTION")VALUES('90995449','Caters','No');
INSERT INTO "OPENING_HOUR" ("DAY","RESTAURANT_ID","OPENING_TIME","CLOSING_TIME")VALUES('Mon','90995449','12:00 pm','10:00 pm');
INSERT INTO "OPENING_HOUR" ("DAY","RESTAURANT_ID","OPENING_TIME","CLOSING_TIME")VALUES('Tue','90995449','12:00 pm','10:00 pm');
INSERT INTO "OPENING_HOUR" ("DAY","RESTAURANT_ID","OPENING_TIME","CLOSING_TIME")VALUES('Wed','90995449','12:00 pm','10:00 pm');
INSERT INTO "OPENING_HOUR" ("DAY","RESTAURANT_ID","OPENING_TIME","CLOSING_TIME")VALUES('Thu','90995449','12:00 pm','10:00 pm');
INSERT INTO "OPENING_HOUR" ("DAY","RESTAURANT_ID","OPENING_TIME","CLOSING_TIME")VALUES('Fri','90995449','12:00 pm','10:00 pm');
INSERT INTO "OPENING_HOUR" ("DAY","RESTAURANT_ID","OPENING_TIME","CLOSING_TIME")VALUES('Sat','90995449','Open now','10:00 pm');
INSERT INTO "USER_REVIEW" ("RESTAURANT_ID","REVIEW_DATE","COMMENT","REVIEW_RATING")VALUES('90995449','2017-07-26 01:02:28','I think this has become my favorite Korean restaurant that I''ve ever visited. Came here with 2 friends on a rainy Saturday and got seated right away. The...','5');
INSERT INTO "PHOTO" ("RESTAURANT_ID","PICTURE_URL")VALUES('90995449','https://s3-media4.fl.yelpcdn.com/photo/5LErmrFbm2JqA71-IhLLFQ/o.jpg');
INSERT INTO "USER_REVIEW" ("RESTAURANT_ID","REVIEW_DATE","COMMENT","REVIEW_RATING")VALUES('90995449','2017-03-31 07:57:50','I had this bookmarked for two years now, and finally I got a chance to visit it. It was recommended to me by a Korean colleague, and today I went here for...','5');
INSERT INTO "PHOTO" ("RESTAURANT_ID","PICTURE_URL")VALUES('90995449','https://s3-media1.fl.yelpcdn.com/photo/ToTju2zYCHa7hPAMdeK58w/o.jpg');
INSERT INTO "USER_REVIEW" ("RESTAURANT_ID","REVIEW_DATE","COMMENT","REVIEW_RATING")VALUES('90995449','2016-02-08 14:14:27','Cheap lunch option for bibimbap and kimchee.  Homemade and very cozy place with a wide selection of tea

The bibimbap was ok. Not dolsot (hot stone) so that...','4');
INSERT INTO "PHOTO" ("RESTAURANT_ID","PICTURE_URL")VALUES('90995449','https://s3-media4.fl.yelpcdn.com/photo/eLmr4Vz1nLQkuKXVkd8EQQ/o.jpg');
INSERT INTO "LOCATION" ("LOCATION_ID","LOCATION_TYPE","ADDRESS","LONGITUDE","LATITUDE")VALUES('100','R','Knaackstr. 22/2410405 BerlinGermany','13.4186','52.53479');
INSERT INTO "RESTAURANT" ("RESTAURANT_ID","PRICERANGE","PHONE_NUMBER","WEBSITE")VALUES('38441707','€€','+49 30 4413399','restaurant-pasternak.de');
INSERT INTO "CUISINE" ("RESTAURANT_ID","CUISINE_TYPE")VALUES('38441707','Russian');
INSERT INTO "CUISINE" ("RESTAURANT_ID","CUISINE_TYPE")VALUES('38441707','Jewish');
INSERT INTO "RESTAURANT_RATING" ("RESTAURANT_ID","SCALE","OVERALL_RATING","SOURCE")VALUES('38441707','5','4.0','Yelp');
INSERT INTO "RESTAURANT_FEATURE" ("RESTAURANT_ID","FEATURE_NAME","DESCRIPTION")VALUES('38441707','Takes Reservations','Yes');
INSERT INTO "RESTAURANT_FEATURE" ("RESTAURANT_ID","FEATURE_NAME","DESCRIPTION")VALUES('38441707','Delivery','Yes');
INSERT INTO "RESTAURANT_FEATURE" ("RESTAURANT_ID","FEATURE_NAME","DESCRIPTION")VALUES('38441707','Take-out','Yes');
INSERT INTO "RESTAURANT_FEATURE" ("RESTAURANT_ID","FEATURE_NAME","DESCRIPTION")VALUES('38441707','Accepted Cards','Credit, Debit');
INSERT INTO "RESTAURANT_FEATURE" ("RESTAURANT_ID","FEATURE_NAME","DESCRIPTION")VALUES('38441707','Good For','Brunch');
INSERT INTO "RESTAURANT_FEATURE" ("RESTAURANT_ID","FEATURE_NAME","DESCRIPTION")VALUES('38441707','Parking','Street');
INSERT INTO "RESTAURANT_FEATURE" ("RESTAURANT_ID","FEATURE_NAME","DESCRIPTION")VALUES('38441707','Good for Kids','Yes');
INSERT INTO "RESTAURANT_FEATURE" ("RESTAURANT_ID","FEATURE_NAME","DESCRIPTION")VALUES('38441707','Good for Groups','Yes');
INSERT INTO "RESTAURANT_FEATURE" ("RESTAURANT_ID","FEATURE_NAME","DESCRIPTION")VALUES('38441707','Attire','Casual');
INSERT INTO "RESTAURANT_FEATURE" ("RESTAURANT_ID","FEATURE_NAME","DESCRIPTION")VALUES('38441707','Noise Level','Average');
INSERT INTO "RESTAURANT_FEATURE" ("RESTAURANT_ID","FEATURE_NAME","DESCRIPTION")VALUES('38441707','Alcohol','Full Bar');
INSERT INTO "RESTAURANT_FEATURE" ("RESTAURANT_ID","FEATURE_NAME","DESCRIPTION")VALUES('38441707','Outdoor Seating','Yes');
INSERT INTO "RESTAURANT_FEATURE" ("RESTAURANT_ID","FEATURE_NAME","DESCRIPTION")VALUES('38441707','Wi-Fi','Free');
INSERT INTO "RESTAURANT_FEATURE" ("RESTAURANT_ID","FEATURE_NAME","DESCRIPTION")VALUES('38441707','Has TV','No');
INSERT INTO "RESTAURANT_FEATURE" ("RESTAURANT_ID","FEATURE_NAME","DESCRIPTION")VALUES('38441707','Caters','Yes');
INSERT INTO "OPENING_HOUR" ("DAY","RESTAURANT_ID","OPENING_TIME","CLOSING_TIME")VALUES('Mon','38441707','9:00 am','1:00 am');
INSERT INTO "OPENING_HOUR" ("DAY","RESTAURANT_ID","OPENING_TIME","CLOSING_TIME")VALUES('Tue','38441707','9:00 am','1:00 am');
INSERT INTO "OPENING_HOUR" ("DAY","RESTAURANT_ID","OPENING_TIME","CLOSING_TIME")VALUES('Wed','38441707','9:00 am','1:00 am');
INSERT INTO "OPENING_HOUR" ("DAY","RESTAURANT_ID","OPENING_TIME","CLOSING_TIME")VALUES('Thu','38441707','9:00 am','1:00 am');
INSERT INTO "OPENING_HOUR" ("DAY","RESTAURANT_ID","OPENING_TIME","CLOSING_TIME")VALUES('Fri','38441707','9:00 am','1:00 am');
INSERT INTO "OPENING_HOUR" ("DAY","RESTAURANT_ID","OPENING_TIME","CLOSING_TIME")VALUES('Sat','38441707','9:00 am','1:00 am');
INSERT INTO "OPENING_HOUR" ("DAY","RESTAURANT_ID","OPENING_TIME","CLOSING_TIME")VALUES('Sun','38441707','Open now','1:00 am');
INSERT INTO "USER_REVIEW" ("RESTAURANT_ID","REVIEW_DATE","COMMENT","REVIEW_RATING")VALUES('38441707','2017-09-10 01:10:34','I just love love love the breakfast! Fresh, tasty and different to other places. Especially the cream cheese pancakes are delicious!!','5');
INSERT INTO "PHOTO" ("RESTAURANT_ID","PICTURE_URL")VALUES('38441707','https://s3-media2.fl.yelpcdn.com/photo/-5Gj12kDFwkplEyvQkwO1Q/o.jpg');
INSERT INTO "USER_REVIEW" ("RESTAURANT_ID","REVIEW_DATE","COMMENT","REVIEW_RATING")VALUES('38441707','2016-08-05 03:09:01','Amazing Jewish/Russian Cuisine. Perfect soups for a cold day, great cold dishes for a warm one. The Sunday Brunch is just unbelievable, it gets a bit busy,...','5');
INSERT INTO "PHOTO" ("RESTAURANT_ID","PICTURE_URL")VALUES('38441707','https://s3-media1.fl.yelpcdn.com/photo/yL_Fl_be8x-6MOc-9b6J_A/o.jpg');
INSERT INTO "USER_REVIEW" ("RESTAURANT_ID","REVIEW_DATE","COMMENT","REVIEW_RATING")VALUES('38441707','2016-12-22 13:12:24','I''m a fan still and still call this place one of my favorites in Berlin but they seem to have got some new staff recently who are a bit on the bitchy...','4');
INSERT INTO "PHOTO" ("RESTAURANT_ID","PICTURE_URL")VALUES('38441707','https://s3-media4.fl.yelpcdn.com/photo/6s8owfknrUHolYYJDp3Gkg/o.jpg');
INSERT INTO "LOCATION" ("LOCATION_ID","LOCATION_TYPE","ADDRESS","LONGITUDE","LATITUDE")VALUES('101','R','Marburger Str. 210789 BerlinGermany','13.3371776498','52.5032618366');
INSERT INTO "RESTAURANT" ("RESTAURANT_ID","PRICERANGE","PHONE_NUMBER","WEBSITE")VALUES('10310811','€€','+49 30 21915415','cao-cao.de');
INSERT INTO "CUISINE" ("RESTAURANT_ID","CUISINE_TYPE")VALUES('10310811','Vietnamese');
INSERT INTO "RESTAURANT_RATING" ("RESTAURANT_ID","SCALE","OVERALL_RATING","SOURCE")VALUES('10310811','5','5.0','Yelp');
INSERT INTO "RESTAURANT_FEATURE" ("RESTAURANT_ID","FEATURE_NAME","DESCRIPTION")VALUES('10310811','Takes Reservations','Yes');
INSERT INTO "RESTAURANT_FEATURE" ("RESTAURANT_ID","FEATURE_NAME","DESCRIPTION")VALUES('10310811','Delivery','No');
INSERT INTO "RESTAURANT_FEATURE" ("RESTAURANT_ID","FEATURE_NAME","DESCRIPTION")VALUES('10310811','Take-out','No');
INSERT INTO "RESTAURANT_FEATURE" ("RESTAURANT_ID","FEATURE_NAME","DESCRIPTION")VALUES('10310811','Good for Kids','Yes');
INSERT INTO "RESTAURANT_FEATURE" ("RESTAURANT_ID","FEATURE_NAME","DESCRIPTION")VALUES('10310811','Good for Groups','Yes');
INSERT INTO "RESTAURANT_FEATURE" ("RESTAURANT_ID","FEATURE_NAME","DESCRIPTION")VALUES('10310811','Attire','Casual');
INSERT INTO "RESTAURANT_FEATURE" ("RESTAURANT_ID","FEATURE_NAME","DESCRIPTION")VALUES('10310811','Noise Level','Quiet');
INSERT INTO "RESTAURANT_FEATURE" ("RESTAURANT_ID","FEATURE_NAME","DESCRIPTION")VALUES('10310811','Has TV','No');
INSERT INTO "RESTAURANT_FEATURE" ("RESTAURANT_ID","FEATURE_NAME","DESCRIPTION")VALUES('10310811','Caters','Yes');
INSERT INTO "OPENING_HOUR" ("DAY","RESTAURANT_ID","OPENING_TIME","CLOSING_TIME")VALUES('Mon','10310811','11:00 am','11:00 pm');
INSERT INTO "OPENING_HOUR" ("DAY","RESTAURANT_ID","OPENING_TIME","CLOSING_TIME")VALUES('Tue','10310811','11:00 am','11:00 pm');
INSERT INTO "OPENING_HOUR" ("DAY","RESTAURANT_ID","OPENING_TIME","CLOSING_TIME")VALUES('Wed','10310811','11:00 am','11:00 pm');
INSERT INTO "OPENING_HOUR" ("DAY","RESTAURANT_ID","OPENING_TIME","CLOSING_TIME")VALUES('Thu','10310811','11:00 am','11:00 pm');
INSERT INTO "OPENING_HOUR" ("DAY","RESTAURANT_ID","OPENING_TIME","CLOSING_TIME")VALUES('Fri','10310811','11:00 am','11:00 pm');
INSERT INTO "OPENING_HOUR" ("DAY","RESTAURANT_ID","OPENING_TIME","CLOSING_TIME")VALUES('Sat','10310811','11:00 am','11:00 pm');
INSERT INTO "OPENING_HOUR" ("DAY","RESTAURANT_ID","OPENING_TIME","CLOSING_TIME")VALUES('Sun','10310811','Open now','11:00 pm');
INSERT INTO "USER_REVIEW" ("RESTAURANT_ID","REVIEW_DATE","COMMENT","REVIEW_RATING")VALUES('10310811','2017-11-11 11:36:21','Their pho was actually quite good!! Beef pho all-day :) 
Pho ha noi is different from southern style so it was quite a nice surprise.
Great service !','5');
INSERT INTO "PHOTO" ("RESTAURANT_ID","PICTURE_URL")VALUES('10310811','https://s3-media3.fl.yelpcdn.com/photo/Qh9VkmGmN5pMwTqR-mP83A/o.jpg');
INSERT INTO "USER_REVIEW" ("RESTAURANT_ID","REVIEW_DATE","COMMENT","REVIEW_RATING")VALUES('10310811','2017-10-20 01:37:27','I love the coconut orange sauce！And the sweet potato chips and the beef！The service is great too. Strongly recommended.','5');
INSERT INTO "PHOTO" ("RESTAURANT_ID","PICTURE_URL")VALUES('10310811','https://s3-media3.fl.yelpcdn.com/photo/IAD3OnZelqKA4FpGuyIW0g/o.jpg');
INSERT INTO "USER_REVIEW" ("RESTAURANT_ID","REVIEW_DATE","COMMENT","REVIEW_RATING")VALUES('10310811','2017-06-30 10:51:32','Excellent food served quickly at a reasonable price. Service was very good and internal decor of restaurant was very nice. Overall the best meal for the...','5');
INSERT INTO "LOCATION" ("LOCATION_ID","LOCATION_TYPE","ADDRESS","LONGITUDE","LATITUDE")VALUES('102','R','Wühlischstr. 3010245 BerlinGermany','13.45758','52.50969');
INSERT INTO "RESTAURANT" ("RESTAURANT_ID","PRICERANGE","PHONE_NUMBER","WEBSITE")VALUES('81400643','€€','+49 30 67968602','speisehaus-berlin.de');
INSERT INTO "CUISINE" ("RESTAURANT_ID","CUISINE_TYPE")VALUES('81400643','German');
INSERT INTO "RESTAURANT_RATING" ("RESTAURANT_ID","SCALE","OVERALL_RATING","SOURCE")VALUES('81400643','5','4.0','Yelp');
INSERT INTO "RESTAURANT_FEATURE" ("RESTAURANT_ID","FEATURE_NAME","DESCRIPTION")VALUES('81400643','Takes Reservations','Yes');
INSERT INTO "RESTAURANT_FEATURE" ("RESTAURANT_ID","FEATURE_NAME","DESCRIPTION")VALUES('81400643','Delivery','No');
INSERT INTO "RESTAURANT_FEATURE" ("RESTAURANT_ID","FEATURE_NAME","DESCRIPTION")VALUES('81400643','Take-out','Yes');
INSERT INTO "RESTAURANT_FEATURE" ("RESTAURANT_ID","FEATURE_NAME","DESCRIPTION")VALUES('81400643','Parking','Street');
INSERT INTO "RESTAURANT_FEATURE" ("RESTAURANT_ID","FEATURE_NAME","DESCRIPTION")VALUES('81400643','Good for Kids','Yes');
INSERT INTO "RESTAURANT_FEATURE" ("RESTAURANT_ID","FEATURE_NAME","DESCRIPTION")VALUES('81400643','Good for Groups','Yes');
INSERT INTO "RESTAURANT_FEATURE" ("RESTAURANT_ID","FEATURE_NAME","DESCRIPTION")VALUES('81400643','Attire','Casual');
INSERT INTO "RESTAURANT_FEATURE" ("RESTAURANT_ID","FEATURE_NAME","DESCRIPTION")VALUES('81400643','Ambience','Casual');
INSERT INTO "RESTAURANT_FEATURE" ("RESTAURANT_ID","FEATURE_NAME","DESCRIPTION")VALUES('81400643','Noise Level','Average');
INSERT INTO "RESTAURANT_FEATURE" ("RESTAURANT_ID","FEATURE_NAME","DESCRIPTION")VALUES('81400643','Alcohol','Full Bar');
INSERT INTO "RESTAURANT_FEATURE" ("RESTAURANT_ID","FEATURE_NAME","DESCRIPTION")VALUES('81400643','Outdoor Seating','Yes');
INSERT INTO "RESTAURANT_FEATURE" ("RESTAURANT_ID","FEATURE_NAME","DESCRIPTION")VALUES('81400643','Wi-Fi','Free');
INSERT INTO "RESTAURANT_FEATURE" ("RESTAURANT_ID","FEATURE_NAME","DESCRIPTION")VALUES('81400643','Has TV','No');
INSERT INTO "RESTAURANT_FEATURE" ("RESTAURANT_ID","FEATURE_NAME","DESCRIPTION")VALUES('81400643','Caters','No');
INSERT INTO "OPENING_HOUR" ("DAY","RESTAURANT_ID","OPENING_TIME","CLOSING_TIME")VALUES('Mon','81400643','12:00 pm','12:00 am');
INSERT INTO "OPENING_HOUR" ("DAY","RESTAURANT_ID","OPENING_TIME","CLOSING_TIME")VALUES('Tue','81400643','12:00 pm','12:00 am');
INSERT INTO "OPENING_HOUR" ("DAY","RESTAURANT_ID","OPENING_TIME","CLOSING_TIME")VALUES('Wed','81400643','12:00 pm','12:00 am');
INSERT INTO "OPENING_HOUR" ("DAY","RESTAURANT_ID","OPENING_TIME","CLOSING_TIME")VALUES('Thu','81400643','12:00 pm','12:00 am');
INSERT INTO "OPENING_HOUR" ("DAY","RESTAURANT_ID","OPENING_TIME","CLOSING_TIME")VALUES('Fri','81400643','12:00 pm','12:00 am');
INSERT INTO "OPENING_HOUR" ("DAY","RESTAURANT_ID","OPENING_TIME","CLOSING_TIME")VALUES('Sat','81400643','12:00 pm','12:00 am');
INSERT INTO "OPENING_HOUR" ("DAY","RESTAURANT_ID","OPENING_TIME","CLOSING_TIME")VALUES('Sun','81400643','Open now','12:00 am');
INSERT INTO "USER_REVIEW" ("RESTAURANT_ID","REVIEW_DATE","COMMENT","REVIEW_RATING")VALUES('81400643','2015-10-20 07:14:12','Menu had sufficient choices of German food. I had the smoked pork for the main (really good) and the tartine (which turned out to be much like a pizza) for...','4');
INSERT INTO "PHOTO" ("RESTAURANT_ID","PICTURE_URL")VALUES('81400643','https://s3-media2.fl.yelpcdn.com/photo/0G8Nm89TEYux0eIxts4jzg/o.jpg');
INSERT INTO "USER_REVIEW" ("RESTAURANT_ID","REVIEW_DATE","COMMENT","REVIEW_RATING")VALUES('81400643','2016-08-08 09:34:41','This was our first meal in Germany and it was perfect. Great area, staff was friendly and quick service. The South-Germany style veal schnitzel was...','5');
INSERT INTO "PHOTO" ("RESTAURANT_ID","PICTURE_URL")VALUES('81400643','https://s3-media2.fl.yelpcdn.com/photo/Kpob8oSSfydQpJC7aqOfZg/o.jpg');
INSERT INTO "USER_REVIEW" ("RESTAURANT_ID","REVIEW_DATE","COMMENT","REVIEW_RATING")VALUES('81400643','2014-10-05 08:30:46','Good German food! I had the schnitzel which was very good. It comes with potato salad and some vegetables. Overall it was very tasty. Also tried some of the...','4');
INSERT INTO "PHOTO" ("RESTAURANT_ID","PICTURE_URL")VALUES('81400643','https://s3-media2.fl.yelpcdn.com/photo/7-OmvcSfCgwyzZy0nkzzsA/o.jpg');
INSERT INTO "LOCATION" ("LOCATION_ID","LOCATION_TYPE","ADDRESS","LONGITUDE","LATITUDE")VALUES('103','R','Mauerstr. 81 - 8210117 BerlinGermany','13.3883667044','52.5091089588');
INSERT INTO "RESTAURANT" ("RESTAURANT_ID","PRICERANGE","PHONE_NUMBER","WEBSITE")VALUES('39143484','€','+49 30 23578730','avanberlin.com');
INSERT INTO "CUISINE" ("RESTAURANT_ID","CUISINE_TYPE")VALUES('39143484','Pan Asian');
INSERT INTO "RESTAURANT_RATING" ("RESTAURANT_ID","SCALE","OVERALL_RATING","SOURCE")VALUES('39143484','5','4.0','Yelp');
INSERT INTO "RESTAURANT_FEATURE" ("RESTAURANT_ID","FEATURE_NAME","DESCRIPTION")VALUES('39143484','Takes Reservations','Yes');
INSERT INTO "RESTAURANT_FEATURE" ("RESTAURANT_ID","FEATURE_NAME","DESCRIPTION")VALUES('39143484','Delivery','Yes');
INSERT INTO "RESTAURANT_FEATURE" ("RESTAURANT_ID","FEATURE_NAME","DESCRIPTION")VALUES('39143484','Take-out','Yes');
INSERT INTO "RESTAURANT_FEATURE" ("RESTAURANT_ID","FEATURE_NAME","DESCRIPTION")VALUES('39143484','Good for Kids','No');
INSERT INTO "RESTAURANT_FEATURE" ("RESTAURANT_ID","FEATURE_NAME","DESCRIPTION")VALUES('39143484','Good for Groups','Yes');
INSERT INTO "RESTAURANT_FEATURE" ("RESTAURANT_ID","FEATURE_NAME","DESCRIPTION")VALUES('39143484','Attire','Casual');
INSERT INTO "RESTAURANT_FEATURE" ("RESTAURANT_ID","FEATURE_NAME","DESCRIPTION")VALUES('39143484','Outdoor Seating','Yes');
INSERT INTO "RESTAURANT_FEATURE" ("RESTAURANT_ID","FEATURE_NAME","DESCRIPTION")VALUES('39143484','Wi-Fi','Free');
INSERT INTO "RESTAURANT_FEATURE" ("RESTAURANT_ID","FEATURE_NAME","DESCRIPTION")VALUES('39143484','Has TV','No');
INSERT INTO "RESTAURANT_FEATURE" ("RESTAURANT_ID","FEATURE_NAME","DESCRIPTION")VALUES('39143484','Caters','No');
INSERT INTO "OPENING_HOUR" ("DAY","RESTAURANT_ID","OPENING_TIME","CLOSING_TIME")VALUES('Mon','39143484','12:00 pm','10:00 pm');
INSERT INTO "OPENING_HOUR" ("DAY","RESTAURANT_ID","OPENING_TIME","CLOSING_TIME")VALUES('Tue','39143484','12:00 pm','10:00 pm');
INSERT INTO "OPENING_HOUR" ("DAY","RESTAURANT_ID","OPENING_TIME","CLOSING_TIME")VALUES('Wed','39143484','12:00 pm','10:00 pm');
INSERT INTO "OPENING_HOUR" ("DAY","RESTAURANT_ID","OPENING_TIME","CLOSING_TIME")VALUES('Thu','39143484','12:00 pm','10:00 pm');
INSERT INTO "OPENING_HOUR" ("DAY","RESTAURANT_ID","OPENING_TIME","CLOSING_TIME")VALUES('Fri','39143484','12:00 pm','10:00 pm');
INSERT INTO "OPENING_HOUR" ("DAY","RESTAURANT_ID","OPENING_TIME","CLOSING_TIME")VALUES('Sat','39143484','12:00 pm','10:00 pm');
INSERT INTO "USER_REVIEW" ("RESTAURANT_ID","REVIEW_DATE","COMMENT","REVIEW_RATING")VALUES('39143484','2017-10-08 05:21:59','The food here was one of the highlights of visiting Berlin.  The flavors were perfectly balanced and the menu was simple while offering enough variety to...','5');
INSERT INTO "PHOTO" ("RESTAURANT_ID","PICTURE_URL")VALUES('39143484','https://s3-media3.fl.yelpcdn.com/photo/FbRDyOplFrc7R0_sHLXFgA/o.jpg');
INSERT INTO "USER_REVIEW" ("RESTAURANT_ID","REVIEW_DATE","COMMENT","REVIEW_RATING")VALUES('39143484','2016-12-24 19:23:28','I would expect German food to be done well in the motherland, but Asian fusion? I was skeptical. Modern looking interior, it can be all looks and no...','5');
INSERT INTO "PHOTO" ("RESTAURANT_ID","PICTURE_URL")VALUES('39143484','https://s3-media2.fl.yelpcdn.com/photo/Y4YhAVOABdmuykz7IQTXTQ/o.jpg');
INSERT INTO "USER_REVIEW" ("RESTAURANT_ID","REVIEW_DATE","COMMENT","REVIEW_RATING")VALUES('39143484','2017-06-10 09:13:08','Bland food and surprisingly rude and slow service. Attached to the hotel we stayed at, and purely out of convenience we ate there twice.  Unimpressed the...','1');
INSERT INTO "PHOTO" ("RESTAURANT_ID","PICTURE_URL")VALUES('39143484','https://s3-media1.fl.yelpcdn.com/photo/gLkNIKK7B6jJFVbCGH-kxQ/o.jpg');
INSERT INTO "LOCATION" ("LOCATION_ID","LOCATION_TYPE","ADDRESS","LONGITUDE","LATITUDE")VALUES('104','R','Schlossstr. 6414059 BerlinGermany','13.2969566','52.5176585');
INSERT INTO "RESTAURANT" ("RESTAURANT_ID","PRICERANGE","PHONE_NUMBER","WEBSITE")VALUES('74727024','€€','+49 30 36702299','restaurant-schlossgarten-berl…');
INSERT INTO "CUISINE" ("RESTAURANT_ID","CUISINE_TYPE")VALUES('74727024','German');
INSERT INTO "RESTAURANT_RATING" ("RESTAURANT_ID","SCALE","OVERALL_RATING","SOURCE")VALUES('74727024','5','4.5','Yelp');
INSERT INTO "RESTAURANT_FEATURE" ("RESTAURANT_ID","FEATURE_NAME","DESCRIPTION")VALUES('74727024','Takes Reservations','Yes');
INSERT INTO "RESTAURANT_FEATURE" ("RESTAURANT_ID","FEATURE_NAME","DESCRIPTION")VALUES('74727024','Delivery','No');
INSERT INTO "RESTAURANT_FEATURE" ("RESTAURANT_ID","FEATURE_NAME","DESCRIPTION")VALUES('74727024','Take-out','No');
INSERT INTO "RESTAURANT_FEATURE" ("RESTAURANT_ID","FEATURE_NAME","DESCRIPTION")VALUES('74727024','Good For','Lunch, Dinner');
INSERT INTO "RESTAURANT_FEATURE" ("RESTAURANT_ID","FEATURE_NAME","DESCRIPTION")VALUES('74727024','Parking','Street');
INSERT INTO "RESTAURANT_FEATURE" ("RESTAURANT_ID","FEATURE_NAME","DESCRIPTION")VALUES('74727024','Good for Kids','Yes');
INSERT INTO "RESTAURANT_FEATURE" ("RESTAURANT_ID","FEATURE_NAME","DESCRIPTION")VALUES('74727024','Good for Groups','Yes');
INSERT INTO "RESTAURANT_FEATURE" ("RESTAURANT_ID","FEATURE_NAME","DESCRIPTION")VALUES('74727024','Attire','Casual');
INSERT INTO "RESTAURANT_FEATURE" ("RESTAURANT_ID","FEATURE_NAME","DESCRIPTION")VALUES('74727024','Ambience','Casual, Intimate');
INSERT INTO "RESTAURANT_FEATURE" ("RESTAURANT_ID","FEATURE_NAME","DESCRIPTION")VALUES('74727024','Noise Level','Quiet');
INSERT INTO "RESTAURANT_FEATURE" ("RESTAURANT_ID","FEATURE_NAME","DESCRIPTION")VALUES('74727024','Alcohol','Full Bar');
INSERT INTO "RESTAURANT_FEATURE" ("RESTAURANT_ID","FEATURE_NAME","DESCRIPTION")VALUES('74727024','Outdoor Seating','Yes');
INSERT INTO "RESTAURANT_FEATURE" ("RESTAURANT_ID","FEATURE_NAME","DESCRIPTION")VALUES('74727024','Wi-Fi','Free');
INSERT INTO "RESTAURANT_FEATURE" ("RESTAURANT_ID","FEATURE_NAME","DESCRIPTION")VALUES('74727024','Has TV','No');
INSERT INTO "RESTAURANT_FEATURE" ("RESTAURANT_ID","FEATURE_NAME","DESCRIPTION")VALUES('74727024','Caters','No');
INSERT INTO "OPENING_HOUR" ("DAY","RESTAURANT_ID","OPENING_TIME","CLOSING_TIME")VALUES('Mon','74727024','11:30 am','10:00 pm');
INSERT INTO "OPENING_HOUR" ("DAY","RESTAURANT_ID","OPENING_TIME","CLOSING_TIME")VALUES('Tue','74727024','11:30 am','10:00 pm');
INSERT INTO "OPENING_HOUR" ("DAY","RESTAURANT_ID","OPENING_TIME","CLOSING_TIME")VALUES('Wed','74727024','11:30 am','10:00 pm');
INSERT INTO "OPENING_HOUR" ("DAY","RESTAURANT_ID","OPENING_TIME","CLOSING_TIME")VALUES('Thu','74727024','11:30 am','10:00 pm');
INSERT INTO "OPENING_HOUR" ("DAY","RESTAURANT_ID","OPENING_TIME","CLOSING_TIME")VALUES('Fri','74727024','11:30 am','10:00 pm');
INSERT INTO "OPENING_HOUR" ("DAY","RESTAURANT_ID","OPENING_TIME","CLOSING_TIME")VALUES('Sat','74727024','Open now','8:00 pm');
INSERT INTO "USER_REVIEW" ("RESTAURANT_ID","REVIEW_DATE","COMMENT","REVIEW_RATING")VALUES('74727024','2017-01-06 23:38:34','A delightful restaurant in the heart of Berlin, tucked in between museums. Great German food, wine and ambiance. I tried the game platter (deer, doe and...','5');
INSERT INTO "PHOTO" ("RESTAURANT_ID","PICTURE_URL")VALUES('74727024','https://s3-media3.fl.yelpcdn.com/photo/of3pJTtcnaVq55omu-zJwA/o.jpg');
INSERT INTO "USER_REVIEW" ("RESTAURANT_ID","REVIEW_DATE","COMMENT","REVIEW_RATING")VALUES('74727024','2017-07-20 14:14:55','The food was unique but the staff were rude. 

We were tourists and didn''t know what to get. They had a vegetarian section so we ordered off of that. Not...','3');
INSERT INTO "PHOTO" ("RESTAURANT_ID","PICTURE_URL")VALUES('74727024','https://s3-media2.fl.yelpcdn.com/photo/vK1EFmjXI7gcA5BOfAk4Pw/o.jpg');
INSERT INTO "USER_REVIEW" ("RESTAURANT_ID","REVIEW_DATE","COMMENT","REVIEW_RATING")VALUES('74727024','2017-06-18 10:18:21','The restaurant environment was very nice and comfortable. We sat outside and the weather was amazing. I ordered the schnitzel and it was a very big portion....','4');
INSERT INTO "PHOTO" ("RESTAURANT_ID","PICTURE_URL")VALUES('74727024','https://s3-media1.fl.yelpcdn.com/photo/ZE3SYJ6AoNA6WdAGG4Obkw/o.jpg');
INSERT INTO "LOCATION" ("LOCATION_ID","LOCATION_TYPE","ADDRESS","LONGITUDE","LATITUDE")VALUES('105','R','Boxhagener Str. 2610245 BerlinGermany','13.45801','52.51259');
INSERT INTO "RESTAURANT" ("RESTAURANT_ID","PRICERANGE","PHONE_NUMBER","WEBSITE")VALUES('63873888','Unknown','+49 30 84426700','None');
INSERT INTO "CUISINE" ("RESTAURANT_ID","CUISINE_TYPE")VALUES('63873888','Ramen');
INSERT INTO "RESTAURANT_RATING" ("RESTAURANT_ID","SCALE","OVERALL_RATING","SOURCE")VALUES('63873888','5','3.5','Yelp');
INSERT INTO "RESTAURANT_FEATURE" ("RESTAURANT_ID","FEATURE_NAME","DESCRIPTION")VALUES('63873888','Good for Groups','No');
INSERT INTO "RESTAURANT_FEATURE" ("RESTAURANT_ID","FEATURE_NAME","DESCRIPTION")VALUES('63873888','Alcohol','No');
INSERT INTO "RESTAURANT_FEATURE" ("RESTAURANT_ID","FEATURE_NAME","DESCRIPTION")VALUES('63873888','Has TV','No');
INSERT INTO "OPENING_HOUR" ("DAY","RESTAURANT_ID","OPENING_TIME","CLOSING_TIME")VALUES('Mon','63873888','5:00 pm','11:00 pm');
INSERT INTO "OPENING_HOUR" ("DAY","RESTAURANT_ID","OPENING_TIME","CLOSING_TIME")VALUES('Tue','63873888','5:00 pm','11:00 pm');
INSERT INTO "OPENING_HOUR" ("DAY","RESTAURANT_ID","OPENING_TIME","CLOSING_TIME")VALUES('Wed','63873888','5:00 pm','11:00 pm');
INSERT INTO "OPENING_HOUR" ("DAY","RESTAURANT_ID","OPENING_TIME","CLOSING_TIME")VALUES('Thu','63873888','5:00 pm','11:00 pm');
INSERT INTO "OPENING_HOUR" ("DAY","RESTAURANT_ID","OPENING_TIME","CLOSING_TIME")VALUES('Fri','63873888','5:00 pm','11:00 pm');
INSERT INTO "OPENING_HOUR" ("DAY","RESTAURANT_ID","OPENING_TIME","CLOSING_TIME")VALUES('Sat','63873888','5:00 pm','11:00 pm');
INSERT INTO "OPENING_HOUR" ("DAY","RESTAURANT_ID","OPENING_TIME","CLOSING_TIME")VALUES('Sun','63873888','Open now','11:00 pm');
INSERT INTO "USER_REVIEW" ("RESTAURANT_ID","REVIEW_DATE","COMMENT","REVIEW_RATING")VALUES('63873888','2017-10-18 09:02:40','This new Ramen restaurant was excellent! They provide delicious and authentic Ramen. 
However, on the menu are only a few drinks, and they do not provide...','4');
INSERT INTO "PHOTO" ("RESTAURANT_ID","PICTURE_URL")VALUES('63873888','https://s3-media2.fl.yelpcdn.com/photo/68CKexaMIXBjBqWePM55KA/o.jpg');
INSERT INTO "USER_REVIEW" ("RESTAURANT_ID","REVIEW_DATE","COMMENT","REVIEW_RATING")VALUES('63873888','2017-12-20 02:44:42','Better than Cocolo. And that says a lot! It''s a tiny hole in the wall place offering ramen both vegetarian and classic flavors. I have been in search of a...','5');
INSERT INTO "RESTAURANT_RATING" ("RESTAURANT_ID","SCALE","OVERALL_RATING","SOURCE")VALUES('63873888','5','4.5','Google Map');
INSERT INTO "USER_REVIEW" ("RESTAURANT_ID","REVIEW_DATE","COMMENT","REVIEW_RATING")VALUES('63873888','2018-01-01','Probably the best ramen in Berlin! For me ramen is all about the broth. The chicken and beef broth in this place are equally excellent. Depending on when you arrive (best chances just after 5pm when they open), you are seated quickly and can witness the careful preparation of your meal(if seated at the bar). The fast and super friendly service make this a fantastic and uncomplicated dinner experience.','5');
INSERT INTO "USER_REVIEW" ("RESTAURANT_ID","REVIEW_DATE","COMMENT","REVIEW_RATING")VALUES('63873888','2017-12-02','Very good choice for eating a ramen. Be aware that the "extra noodles" are served besides your main dish (not mixed with the rest)! The staff was very nice and a lot of attention has been put in the atmosphere of the place. Would definitely come back!','4');
INSERT INTO "USER_REVIEW" ("RESTAURANT_ID","REVIEW_DATE","COMMENT","REVIEW_RATING")VALUES('63873888','2018-01-08','Great service. Ramen is also tasty. I just wish they would open for lunch too','5');
INSERT INTO "USER_REVIEW" ("RESTAURANT_ID","REVIEW_DATE","COMMENT","REVIEW_RATING")VALUES('63873888','2017-12-06','Ate here a few days ago and it was awesome. Really tasty broth, thin noodles with loads of flavour and the egg was just right. Would recommend for a local in Xhain.','5');
INSERT INTO "USER_REVIEW" ("RESTAURANT_ID","REVIEW_DATE","COMMENT","REVIEW_RATING")VALUES('63873888','2018-01-14','Compared to its competitors in Berlin, Hako fails badly. Most of the meals are not as tasty/aromatic as it should be. The meat in the landmark Tonkotsu Traditionelle was simply tasteless. Also the side dishes are lacking a lot of flavour. Ramen broth is also not tasty at all if one does not add extra spices, which are at least served with every dish. Definitely NOT the number one choice for ramen in Berlin.','2');
INSERT INTO "LOCATION" ("LOCATION_ID","LOCATION_TYPE","ADDRESS","LONGITUDE","LATITUDE")VALUES('106','R','Luisenstr. 4110117 BerlinGermany','13.37987','52.52228');
INSERT INTO "RESTAURANT" ("RESTAURANT_ID","PRICERANGE","PHONE_NUMBER","WEBSITE")VALUES('94044080','€€','+49 30 27572164','volver-tapas.de');
INSERT INTO "CUISINE" ("RESTAURANT_ID","CUISINE_TYPE")VALUES('94044080','Tapas/Small Plates');
INSERT INTO "RESTAURANT_RATING" ("RESTAURANT_ID","SCALE","OVERALL_RATING","SOURCE")VALUES('94044080','5','4.0','Yelp');
INSERT INTO "RESTAURANT_FEATURE" ("RESTAURANT_ID","FEATURE_NAME","DESCRIPTION")VALUES('94044080','Takes Reservations','Yes');
INSERT INTO "RESTAURANT_FEATURE" ("RESTAURANT_ID","FEATURE_NAME","DESCRIPTION")VALUES('94044080','Delivery','No');
INSERT INTO "RESTAURANT_FEATURE" ("RESTAURANT_ID","FEATURE_NAME","DESCRIPTION")VALUES('94044080','Take-out','No');
INSERT INTO "RESTAURANT_FEATURE" ("RESTAURANT_ID","FEATURE_NAME","DESCRIPTION")VALUES('94044080','Accepted Cards','Credit, Debit');
INSERT INTO "RESTAURANT_FEATURE" ("RESTAURANT_ID","FEATURE_NAME","DESCRIPTION")VALUES('94044080','Good for Kids','No');
INSERT INTO "RESTAURANT_FEATURE" ("RESTAURANT_ID","FEATURE_NAME","DESCRIPTION")VALUES('94044080','Good for Groups','Yes');
INSERT INTO "RESTAURANT_FEATURE" ("RESTAURANT_ID","FEATURE_NAME","DESCRIPTION")VALUES('94044080','Attire','Casual');
INSERT INTO "RESTAURANT_FEATURE" ("RESTAURANT_ID","FEATURE_NAME","DESCRIPTION")VALUES('94044080','Noise Level','Loud');
INSERT INTO "RESTAURANT_FEATURE" ("RESTAURANT_ID","FEATURE_NAME","DESCRIPTION")VALUES('94044080','Alcohol','Full Bar');
INSERT INTO "RESTAURANT_FEATURE" ("RESTAURANT_ID","FEATURE_NAME","DESCRIPTION")VALUES('94044080','Outdoor Seating','No');
INSERT INTO "RESTAURANT_FEATURE" ("RESTAURANT_ID","FEATURE_NAME","DESCRIPTION")VALUES('94044080','Wi-Fi','No');
INSERT INTO "RESTAURANT_FEATURE" ("RESTAURANT_ID","FEATURE_NAME","DESCRIPTION")VALUES('94044080','Has TV','No');
INSERT INTO "OPENING_HOUR" ("DAY","RESTAURANT_ID","OPENING_TIME","CLOSING_TIME")VALUES('Mon','94044080','6:00 pm','11:00 pm');
INSERT INTO "OPENING_HOUR" ("DAY","RESTAURANT_ID","OPENING_TIME","CLOSING_TIME")VALUES('Tue','94044080','6:00 pm','11:00 pm');
INSERT INTO "OPENING_HOUR" ("DAY","RESTAURANT_ID","OPENING_TIME","CLOSING_TIME")VALUES('Wed','94044080','6:00 pm','11:00 pm');
INSERT INTO "OPENING_HOUR" ("DAY","RESTAURANT_ID","OPENING_TIME","CLOSING_TIME")VALUES('Thu','94044080','6:00 pm','11:00 pm');
INSERT INTO "OPENING_HOUR" ("DAY","RESTAURANT_ID","OPENING_TIME","CLOSING_TIME")VALUES('Fri','94044080','6:00 pm','11:00 pm');
INSERT INTO "OPENING_HOUR" ("DAY","RESTAURANT_ID","OPENING_TIME","CLOSING_TIME")VALUES('Sat','94044080','6:00 pm','12:00 am');
INSERT INTO "USER_REVIEW" ("RESTAURANT_ID","REVIEW_DATE","COMMENT","REVIEW_RATING")VALUES('94044080','2017-05-27 09:55:04','Excellent little place, family owned and operated. The owner served us early dinner and we could tell he takes great care of every item on his menu. All...','5');
INSERT INTO "PHOTO" ("RESTAURANT_ID","PICTURE_URL")VALUES('94044080','https://s3-media4.fl.yelpcdn.com/photo/oZCYpYur1YeDzV3dHerupw/o.jpg');
INSERT INTO "USER_REVIEW" ("RESTAURANT_ID","REVIEW_DATE","COMMENT","REVIEW_RATING")VALUES('94044080','2015-12-30 14:17:45','This is our local tapas place and we have been eating to come here ever since we moved here. Tonight we finally came by and was not let down at all. 

A...','4');
INSERT INTO "PHOTO" ("RESTAURANT_ID","PICTURE_URL")VALUES('94044080','https://s3-media2.fl.yelpcdn.com/photo/8cNhTMfxFYdreUp4JL6o6Q/o.jpg');
INSERT INTO "USER_REVIEW" ("RESTAURANT_ID","REVIEW_DATE","COMMENT","REVIEW_RATING")VALUES('94044080','2017-01-22 11:15:42','2*s is for the food, quite nice.  But it''s expensive.  No hot tea, only coffee.  The owner wouldn''t give you hot water either even when I paid for the...','2');
INSERT INTO "LOCATION" ("LOCATION_ID","LOCATION_TYPE","ADDRESS","LONGITUDE","LATITUDE")VALUES('107','R','Samariterstr. 3610247 BerlinGermany','13.46465','52.51579');
INSERT INTO "RESTAURANT" ("RESTAURANT_ID","PRICERANGE","PHONE_NUMBER","WEBSITE")VALUES('89257166','€€','+49 30 81725514','None');
INSERT INTO "CUISINE" ("RESTAURANT_ID","CUISINE_TYPE")VALUES('89257166','Bistros');
INSERT INTO "CUISINE" ("RESTAURANT_ID","CUISINE_TYPE")VALUES('89257166','Mediterranean');
INSERT INTO "RESTAURANT_RATING" ("RESTAURANT_ID","SCALE","OVERALL_RATING","SOURCE")VALUES('89257166','5','4.5','Yelp');
INSERT INTO "RESTAURANT_FEATURE" ("RESTAURANT_ID","FEATURE_NAME","DESCRIPTION")VALUES('89257166','Takes Reservations','Yes');
INSERT INTO "RESTAURANT_FEATURE" ("RESTAURANT_ID","FEATURE_NAME","DESCRIPTION")VALUES('89257166','Delivery','No');
INSERT INTO "RESTAURANT_FEATURE" ("RESTAURANT_ID","FEATURE_NAME","DESCRIPTION")VALUES('89257166','Take-out','Yes');
INSERT INTO "RESTAURANT_FEATURE" ("RESTAURANT_ID","FEATURE_NAME","DESCRIPTION")VALUES('89257166','Accepts Bitcoin','No');
INSERT INTO "RESTAURANT_FEATURE" ("RESTAURANT_ID","FEATURE_NAME","DESCRIPTION")VALUES('89257166','Parking','Street');
INSERT INTO "RESTAURANT_FEATURE" ("RESTAURANT_ID","FEATURE_NAME","DESCRIPTION")VALUES('89257166','Wheelchair Accessible','Yes');
INSERT INTO "RESTAURANT_FEATURE" ("RESTAURANT_ID","FEATURE_NAME","DESCRIPTION")VALUES('89257166','Good for Kids','Yes');
INSERT INTO "RESTAURANT_FEATURE" ("RESTAURANT_ID","FEATURE_NAME","DESCRIPTION")VALUES('89257166','Good for Groups','Yes');
INSERT INTO "RESTAURANT_FEATURE" ("RESTAURANT_ID","FEATURE_NAME","DESCRIPTION")VALUES('89257166','Attire','Casual');
INSERT INTO "RESTAURANT_FEATURE" ("RESTAURANT_ID","FEATURE_NAME","DESCRIPTION")VALUES('89257166','Ambience','Casual');
INSERT INTO "RESTAURANT_FEATURE" ("RESTAURANT_ID","FEATURE_NAME","DESCRIPTION")VALUES('89257166','Noise Level','Average');
INSERT INTO "RESTAURANT_FEATURE" ("RESTAURANT_ID","FEATURE_NAME","DESCRIPTION")VALUES('89257166','Alcohol','Full Bar');
INSERT INTO "RESTAURANT_FEATURE" ("RESTAURANT_ID","FEATURE_NAME","DESCRIPTION")VALUES('89257166','Outdoor Seating','Yes');
INSERT INTO "RESTAURANT_FEATURE" ("RESTAURANT_ID","FEATURE_NAME","DESCRIPTION")VALUES('89257166','Wi-Fi','No');
INSERT INTO "RESTAURANT_FEATURE" ("RESTAURANT_ID","FEATURE_NAME","DESCRIPTION")VALUES('89257166','Has TV','No');
INSERT INTO "RESTAURANT_FEATURE" ("RESTAURANT_ID","FEATURE_NAME","DESCRIPTION")VALUES('89257166','Waiter Service','Yes');
INSERT INTO "RESTAURANT_FEATURE" ("RESTAURANT_ID","FEATURE_NAME","DESCRIPTION")VALUES('89257166','Caters','Yes');
INSERT INTO "OPENING_HOUR" ("DAY","RESTAURANT_ID","OPENING_TIME","CLOSING_TIME")VALUES('Mon','89257166','12:00 pm','11:00 pm');
INSERT INTO "OPENING_HOUR" ("DAY","RESTAURANT_ID","OPENING_TIME","CLOSING_TIME")VALUES('Tue','89257166','5:00 pm','11:00 pm');
INSERT INTO "OPENING_HOUR" ("DAY","RESTAURANT_ID","OPENING_TIME","CLOSING_TIME")VALUES('Wed','89257166','5:00 pm','11:00 pm');
INSERT INTO "OPENING_HOUR" ("DAY","RESTAURANT_ID","OPENING_TIME","CLOSING_TIME")VALUES('Thu','89257166','5:00 pm','11:00 pm');
INSERT INTO "OPENING_HOUR" ("DAY","RESTAURANT_ID","OPENING_TIME","CLOSING_TIME")VALUES('Fri','89257166','12:00 pm','12:00 am');
INSERT INTO "OPENING_HOUR" ("DAY","RESTAURANT_ID","OPENING_TIME","CLOSING_TIME")VALUES('Sat','89257166','12:00 pm','12:00 am');
INSERT INTO "USER_REVIEW" ("RESTAURANT_ID","REVIEW_DATE","COMMENT","REVIEW_RATING")VALUES('89257166','2010-01-30 08:50:52','Lovely little place with home made Mediterranean (Greek, Turkish, Italian) specialties, nice wines and friendly service focusing on a healthy, biological...','5');
INSERT INTO "PHOTO" ("RESTAURANT_ID","PICTURE_URL")VALUES('89257166','https://s3-media4.fl.yelpcdn.com/photo/gj5QNetC8zR8P5_INHGGyA/o.jpg');
INSERT INTO "USER_REVIEW" ("RESTAURANT_ID","REVIEW_DATE","COMMENT","REVIEW_RATING")VALUES('89257166','2011-05-11 22:16:47','Amazing little place that''s guaranteed to delight, as long as there''s a free place to sit! Delicious and creative specials alongside a slew of traditional...','5');
INSERT INTO "PHOTO" ("RESTAURANT_ID","PICTURE_URL")VALUES('89257166','https://s3-media1.fl.yelpcdn.com/photo/dCU5RXox7WNgsk_DqV9geg/o.jpg');
INSERT INTO "LOCATION" ("LOCATION_ID","LOCATION_TYPE","ADDRESS","LONGITUDE","LATITUDE")VALUES('108','R','Voßstr. 110117 BerlinGermany','13.3828368','52.511542245');
INSERT INTO "RESTAURANT" ("RESTAURANT_ID","PRICERANGE","PHONE_NUMBER","WEBSITE")VALUES('768545','€€','+49 30 2294523','peking-ente-berlin.de');
INSERT INTO "CUISINE" ("RESTAURANT_ID","CUISINE_TYPE")VALUES('768545','Chinese');
INSERT INTO "RESTAURANT_RATING" ("RESTAURANT_ID","SCALE","OVERALL_RATING","SOURCE")VALUES('768545','5','4.0','Yelp');
INSERT INTO "RESTAURANT_FEATURE" ("RESTAURANT_ID","FEATURE_NAME","DESCRIPTION")VALUES('768545','Takes Reservations','Yes');
INSERT INTO "RESTAURANT_FEATURE" ("RESTAURANT_ID","FEATURE_NAME","DESCRIPTION")VALUES('768545','Delivery','No');
INSERT INTO "RESTAURANT_FEATURE" ("RESTAURANT_ID","FEATURE_NAME","DESCRIPTION")VALUES('768545','Take-out','Yes');
INSERT INTO "RESTAURANT_FEATURE" ("RESTAURANT_ID","FEATURE_NAME","DESCRIPTION")VALUES('768545','Accepted Cards','Credit, Debit');
INSERT INTO "RESTAURANT_FEATURE" ("RESTAURANT_ID","FEATURE_NAME","DESCRIPTION")VALUES('768545','Parking','Street');
INSERT INTO "RESTAURANT_FEATURE" ("RESTAURANT_ID","FEATURE_NAME","DESCRIPTION")VALUES('768545','Good for Kids','Yes');
INSERT INTO "RESTAURANT_FEATURE" ("RESTAURANT_ID","FEATURE_NAME","DESCRIPTION")VALUES('768545','Good for Groups','Yes');
INSERT INTO "RESTAURANT_FEATURE" ("RESTAURANT_ID","FEATURE_NAME","DESCRIPTION")VALUES('768545','Attire','Casual');
INSERT INTO "RESTAURANT_FEATURE" ("RESTAURANT_ID","FEATURE_NAME","DESCRIPTION")VALUES('768545','Ambience','Casual');
INSERT INTO "RESTAURANT_FEATURE" ("RESTAURANT_ID","FEATURE_NAME","DESCRIPTION")VALUES('768545','Noise Level','Average');
INSERT INTO "RESTAURANT_FEATURE" ("RESTAURANT_ID","FEATURE_NAME","DESCRIPTION")VALUES('768545','Alcohol','Full Bar');
INSERT INTO "RESTAURANT_FEATURE" ("RESTAURANT_ID","FEATURE_NAME","DESCRIPTION")VALUES('768545','Outdoor Seating','Yes');
INSERT INTO "RESTAURANT_FEATURE" ("RESTAURANT_ID","FEATURE_NAME","DESCRIPTION")VALUES('768545','Wi-Fi','No');
INSERT INTO "RESTAURANT_FEATURE" ("RESTAURANT_ID","FEATURE_NAME","DESCRIPTION")VALUES('768545','Has TV','No');
INSERT INTO "RESTAURANT_FEATURE" ("RESTAURANT_ID","FEATURE_NAME","DESCRIPTION")VALUES('768545','Caters','No');
INSERT INTO "OPENING_HOUR" ("DAY","RESTAURANT_ID","OPENING_TIME","CLOSING_TIME")VALUES('Mon','768545','11:30 am','11:30 pm');
INSERT INTO "OPENING_HOUR" ("DAY","RESTAURANT_ID","OPENING_TIME","CLOSING_TIME")VALUES('Tue','768545','11:30 am','11:30 pm');
INSERT INTO "OPENING_HOUR" ("DAY","RESTAURANT_ID","OPENING_TIME","CLOSING_TIME")VALUES('Wed','768545','11:30 am','11:30 pm');
INSERT INTO "OPENING_HOUR" ("DAY","RESTAURANT_ID","OPENING_TIME","CLOSING_TIME")VALUES('Thu','768545','11:30 am','11:30 pm');
INSERT INTO "OPENING_HOUR" ("DAY","RESTAURANT_ID","OPENING_TIME","CLOSING_TIME")VALUES('Fri','768545','11:30 am','11:30 pm');
INSERT INTO "OPENING_HOUR" ("DAY","RESTAURANT_ID","OPENING_TIME","CLOSING_TIME")VALUES('Sat','768545','12:00 pm','11:30 pm');
INSERT INTO "OPENING_HOUR" ("DAY","RESTAURANT_ID","OPENING_TIME","CLOSING_TIME")VALUES('Sun','768545','Open now','11:30 pm');
INSERT INTO "USER_REVIEW" ("RESTAURANT_ID","REVIEW_DATE","COMMENT","REVIEW_RATING")VALUES('768545','2016-08-04 14:10:10','I give this place a solid 4 stars. I went to this spot during their lunch hours so I was able to order from their lunch menu. The prices were super...','4');
INSERT INTO "PHOTO" ("RESTAURANT_ID","PICTURE_URL")VALUES('768545','https://s3-media2.fl.yelpcdn.com/photo/TehiVrQ8zDUI92HQu4Lznw/o.jpg');
INSERT INTO "USER_REVIEW" ("RESTAURANT_ID","REVIEW_DATE","COMMENT","REVIEW_RATING")VALUES('768545','2017-09-22 10:59:12','We''ve eaten Chinese in lots of place around the world and this ranks easily in the top 3. My wife had gong pao chicken and I had the fried black pepper...','5');
INSERT INTO "USER_REVIEW" ("RESTAURANT_ID","REVIEW_DATE","COMMENT","REVIEW_RATING")VALUES('768545','2016-09-30 14:24:46','They don''t actually stay open as late as they say. Hours aren''t accurate. We arrived a half hour before the listed closing time, and we weren''t allowed to...','1');
INSERT INTO "PHOTO" ("RESTAURANT_ID","PICTURE_URL")VALUES('768545','https://s3-media2.fl.yelpcdn.com/photo/FsL4wJNnGouQbY5wIrfDlA/o.jpg');
INSERT INTO "RESTAURANT_RATING" ("RESTAURANT_ID","SCALE","OVERALL_RATING","SOURCE")VALUES('768545','5','3.9','Google Map');
INSERT INTO "USER_REVIEW" ("RESTAURANT_ID","REVIEW_DATE","COMMENT","REVIEW_RATING")VALUES('768545','2018-01-06','Noting exceptional. Acceptable food, enough rice but no so much meet, prices twice higher than is other places. Looks like they are just taking advantage of the location :(','2');
INSERT INTO "USER_REVIEW" ("RESTAURANT_ID","REVIEW_DATE","COMMENT","REVIEW_RATING")VALUES('768545','2017-10-19','Let me explain why I give your restaurant only one star. First of all, I never heard that before as a Chinese restaurant has to be make a reserve table to eat, if you want to act like a professional restaurant, but your basic service is not like professional. Second, your waiter saw their friend walk in and was full reserved in that time, they can make a table to their friend. Excuse me? Third, Peking duck is chief recommend cuisine, but why you showed me a fresh one and gave me half cold one. Why? Because the duck skin was not crisp. Don''t tell me you change to the non fresh one. 
I hope "MasterCheif" can tell you how to do your business and don''t fool your customers.

One star for your nice location.','1');
INSERT INTO "USER_REVIEW" ("RESTAURANT_ID","REVIEW_DATE","COMMENT","REVIEW_RATING")VALUES('768545','2018-01-01','Amazing place!!! We were there 2 times and going to visit it more. Tasty food, not expensive, friendly personnel and the most clean toilet I’ve ever seen.','5');
INSERT INTO "USER_REVIEW" ("RESTAURANT_ID","REVIEW_DATE","COMMENT","REVIEW_RATING")VALUES('768545','2017-10-30','After a poor beginning it became very good. The spring roll as starter wasn’t hot enough. The signature dish is the Beijing duck. It was delicious and is a good reason to come back. Perfect was the duck soup at the end.','4');
INSERT INTO "USER_REVIEW" ("RESTAURANT_ID","REVIEW_DATE","COMMENT","REVIEW_RATING")VALUES('768545','2017-11-25','Horrible and absolutely regressive place. I am an Indian, travelling with friends in Berlin. After a tiring and very cold day we entered the place for an early dinner. The place was full so we asked one of the waiters to help us with a table once its free. He just refused to let us wait saying he isn''t sure when the next table will get free. Meanwhile a Caucasian family entered and they were directed to the waiting area! We were appalled!  Seriously!!?? Racial discrimination at THIS day and age!?? Also, please note, the waiting staff was Asian himself. So if you are an Asian or someone who doesnt support such discrimination avoid this place by all means.

P.S. - I wish I could have rated them negative.','1');
INSERT INTO "LOCATION" ("LOCATION_ID","LOCATION_TYPE","ADDRESS","LONGITUDE","LATITUDE")VALUES('109','R','Karl-Liebknecht-Str. 2910178 BerlinGermany','13.4115134323','52.5242051275');
INSERT INTO "RESTAURANT" ("RESTAURANT_ID","PRICERANGE","PHONE_NUMBER","WEBSITE")VALUES('74174502','€€','+49 30 2415472','las-olas.de');
INSERT INTO "CUISINE" ("RESTAURANT_ID","CUISINE_TYPE")VALUES('74174502','Spanish');
INSERT INTO "RESTAURANT_RATING" ("RESTAURANT_ID","SCALE","OVERALL_RATING","SOURCE")VALUES('74174502','5','4.0','Yelp');
INSERT INTO "RESTAURANT_FEATURE" ("RESTAURANT_ID","FEATURE_NAME","DESCRIPTION")VALUES('74174502','Takes Reservations','Yes');
INSERT INTO "RESTAURANT_FEATURE" ("RESTAURANT_ID","FEATURE_NAME","DESCRIPTION")VALUES('74174502','Delivery','No');
INSERT INTO "RESTAURANT_FEATURE" ("RESTAURANT_ID","FEATURE_NAME","DESCRIPTION")VALUES('74174502','Take-out','No');
INSERT INTO "RESTAURANT_FEATURE" ("RESTAURANT_ID","FEATURE_NAME","DESCRIPTION")VALUES('74174502','Accepted Cards','Credit, Debit');
INSERT INTO "RESTAURANT_FEATURE" ("RESTAURANT_ID","FEATURE_NAME","DESCRIPTION")VALUES('74174502','Good for Kids','Yes');
INSERT INTO "RESTAURANT_FEATURE" ("RESTAURANT_ID","FEATURE_NAME","DESCRIPTION")VALUES('74174502','Good for Groups','Yes');
INSERT INTO "RESTAURANT_FEATURE" ("RESTAURANT_ID","FEATURE_NAME","DESCRIPTION")VALUES('74174502','Attire','Casual');
INSERT INTO "RESTAURANT_FEATURE" ("RESTAURANT_ID","FEATURE_NAME","DESCRIPTION")VALUES('74174502','Noise Level','Average');
INSERT INTO "RESTAURANT_FEATURE" ("RESTAURANT_ID","FEATURE_NAME","DESCRIPTION")VALUES('74174502','Alcohol','Beer & Wine Only');
INSERT INTO "RESTAURANT_FEATURE" ("RESTAURANT_ID","FEATURE_NAME","DESCRIPTION")VALUES('74174502','Outdoor Seating','Yes');
INSERT INTO "RESTAURANT_FEATURE" ("RESTAURANT_ID","FEATURE_NAME","DESCRIPTION")VALUES('74174502','Wi-Fi','No');
INSERT INTO "RESTAURANT_FEATURE" ("RESTAURANT_ID","FEATURE_NAME","DESCRIPTION")VALUES('74174502','Has TV','No');
INSERT INTO "USER_REVIEW" ("RESTAURANT_ID","REVIEW_DATE","COMMENT","REVIEW_RATING")VALUES('74174502','2016-12-26 09:26:43','The worst Paella!!!!! Rice was half-cooked.  The ambience was good and the waitresses were very nice.','1');
INSERT INTO "USER_REVIEW" ("RESTAURANT_ID","REVIEW_DATE","COMMENT","REVIEW_RATING")VALUES('74174502','2016-03-13 05:18:51','Yesterday evening we thought: Tapas would sound nice. As a believer in Yelp and usually accurate reviews we went to Las Olas. We ordered 5 different Tapas...','1');
INSERT INTO "USER_REVIEW" ("RESTAURANT_ID","REVIEW_DATE","COMMENT","REVIEW_RATING")VALUES('74174502','2016-01-25 08:18:56','Really Good restaurant!! The best cream brulee I ever had here in Berlin :)','4');
INSERT INTO "PHOTO" ("RESTAURANT_ID","PICTURE_URL")VALUES('74174502','https://s3-media2.fl.yelpcdn.com/photo/6-ZEZJgZlWV7yNigdWhXuQ/o.jpg');
INSERT INTO "LOCATION" ("LOCATION_ID","LOCATION_TYPE","ADDRESS","LONGITUDE","LATITUDE")VALUES('110','R','Potsdamer Str. 8410785 BerlinGermany','13.36568','52.50344');
INSERT INTO "RESTAURANT" ("RESTAURANT_ID","PRICERANGE","PHONE_NUMBER","WEBSITE")VALUES('6636823','€€','+49 30 2613991','None');
INSERT INTO "CUISINE" ("RESTAURANT_ID","CUISINE_TYPE")VALUES('6636823','Barbeque');
INSERT INTO "CUISINE" ("RESTAURANT_ID","CUISINE_TYPE")VALUES('6636823','Seafood');
INSERT INTO "CUISINE" ("RESTAURANT_ID","CUISINE_TYPE")VALUES('6636823','Serbo Croatian');
INSERT INTO "RESTAURANT_RATING" ("RESTAURANT_ID","SCALE","OVERALL_RATING","SOURCE")VALUES('6636823','5','4.0','Yelp');
INSERT INTO "RESTAURANT_FEATURE" ("RESTAURANT_ID","FEATURE_NAME","DESCRIPTION")VALUES('6636823','Takes Reservations','Yes');
INSERT INTO "RESTAURANT_FEATURE" ("RESTAURANT_ID","FEATURE_NAME","DESCRIPTION")VALUES('6636823','Delivery','No');
INSERT INTO "RESTAURANT_FEATURE" ("RESTAURANT_ID","FEATURE_NAME","DESCRIPTION")VALUES('6636823','Take-out','Yes');
INSERT INTO "RESTAURANT_FEATURE" ("RESTAURANT_ID","FEATURE_NAME","DESCRIPTION")VALUES('6636823','Accepted Cards','Credit, Debit');
INSERT INTO "RESTAURANT_FEATURE" ("RESTAURANT_ID","FEATURE_NAME","DESCRIPTION")VALUES('6636823','Parking','Street');
INSERT INTO "RESTAURANT_FEATURE" ("RESTAURANT_ID","FEATURE_NAME","DESCRIPTION")VALUES('6636823','Good for Kids','Yes');
INSERT INTO "RESTAURANT_FEATURE" ("RESTAURANT_ID","FEATURE_NAME","DESCRIPTION")VALUES('6636823','Good for Groups','Yes');
INSERT INTO "RESTAURANT_FEATURE" ("RESTAURANT_ID","FEATURE_NAME","DESCRIPTION")VALUES('6636823','Attire','Casual');
INSERT INTO "RESTAURANT_FEATURE" ("RESTAURANT_ID","FEATURE_NAME","DESCRIPTION")VALUES('6636823','Noise Level','Very Loud');
INSERT INTO "RESTAURANT_FEATURE" ("RESTAURANT_ID","FEATURE_NAME","DESCRIPTION")VALUES('6636823','Alcohol','Full Bar');
INSERT INTO "RESTAURANT_FEATURE" ("RESTAURANT_ID","FEATURE_NAME","DESCRIPTION")VALUES('6636823','Outdoor Seating','No');
INSERT INTO "RESTAURANT_FEATURE" ("RESTAURANT_ID","FEATURE_NAME","DESCRIPTION")VALUES('6636823','Wi-Fi','No');
INSERT INTO "RESTAURANT_FEATURE" ("RESTAURANT_ID","FEATURE_NAME","DESCRIPTION")VALUES('6636823','Has TV','No');
INSERT INTO "RESTAURANT_FEATURE" ("RESTAURANT_ID","FEATURE_NAME","DESCRIPTION")VALUES('6636823','Caters','No');
INSERT INTO "OPENING_HOUR" ("DAY","RESTAURANT_ID","OPENING_TIME","CLOSING_TIME")VALUES('Mon','6636823','11:30 am','11:00 pm');
INSERT INTO "OPENING_HOUR" ("DAY","RESTAURANT_ID","OPENING_TIME","CLOSING_TIME")VALUES('Tue','6636823','11:30 am','11:00 pm');
INSERT INTO "OPENING_HOUR" ("DAY","RESTAURANT_ID","OPENING_TIME","CLOSING_TIME")VALUES('Wed','6636823','11:30 am','11:00 pm');
INSERT INTO "OPENING_HOUR" ("DAY","RESTAURANT_ID","OPENING_TIME","CLOSING_TIME")VALUES('Thu','6636823','11:30 am','11:00 pm');
INSERT INTO "OPENING_HOUR" ("DAY","RESTAURANT_ID","OPENING_TIME","CLOSING_TIME")VALUES('Fri','6636823','11:30 am','11:00 pm');
INSERT INTO "OPENING_HOUR" ("DAY","RESTAURANT_ID","OPENING_TIME","CLOSING_TIME")VALUES('Sat','6636823','11:30 am','11:00 pm');
INSERT INTO "OPENING_HOUR" ("DAY","RESTAURANT_ID","OPENING_TIME","CLOSING_TIME")VALUES('Sun','6636823','Open now','11:00 pm');
INSERT INTO "USER_REVIEW" ("RESTAURANT_ID","REVIEW_DATE","COMMENT","REVIEW_RATING")VALUES('6636823','2016-03-14 18:50:15','I had lunch at Dalmacija Grill with my girlfriend. The place is fabulous! The menu is great and it offers so many options. Service was very fast and we got...','5');
INSERT INTO "PHOTO" ("RESTAURANT_ID","PICTURE_URL")VALUES('6636823','https://s3-media2.fl.yelpcdn.com/photo/XAWl_9gI2XSRGFOs6sAsZA/o.jpg');
INSERT INTO "USER_REVIEW" ("RESTAURANT_ID","REVIEW_DATE","COMMENT","REVIEW_RATING")VALUES('6636823','2013-01-24 13:33:04','Super! It was all very tasty and cheap! Very here like grilled prawns and squid! Free Wi-Fi from a nearby hotel.','5');
INSERT INTO "PHOTO" ("RESTAURANT_ID","PICTURE_URL")VALUES('6636823','https://s3-media1.fl.yelpcdn.com/photo/MU3K3ZIQZjonCjx_W5Ei6w/o.jpg');
INSERT INTO "USER_REVIEW" ("RESTAURANT_ID","REVIEW_DATE","COMMENT","REVIEW_RATING")VALUES('6636823','2015-07-24 13:15:39','Fantastic! Very good food, cheap prices, and friendly service. Absolutely recommend!','4');
INSERT INTO "LOCATION" ("LOCATION_ID","LOCATION_TYPE","ADDRESS","LONGITUDE","LATITUDE")VALUES('111','R','Rudi-Dutschke-Str. 2610969 BerlinGermany','13.39143','52.5069');
INSERT INTO "RESTAURANT" ("RESTAURANT_ID","PRICERANGE","PHONE_NUMBER","WEBSITE")VALUES('45484616','€€€€','+49 30 25937930','tim-raue.com');
INSERT INTO "CUISINE" ("RESTAURANT_ID","CUISINE_TYPE")VALUES('45484616','Modern European');
INSERT INTO "CUISINE" ("RESTAURANT_ID","CUISINE_TYPE")VALUES('45484616','Pan Asian');
INSERT INTO "RESTAURANT_RATING" ("RESTAURANT_ID","SCALE","OVERALL_RATING","SOURCE")VALUES('45484616','5','4.0','Yelp');
INSERT INTO "RESTAURANT_FEATURE" ("RESTAURANT_ID","FEATURE_NAME","DESCRIPTION")VALUES('45484616','Takes Reservations','Yes');
INSERT INTO "RESTAURANT_FEATURE" ("RESTAURANT_ID","FEATURE_NAME","DESCRIPTION")VALUES('45484616','Delivery','No');
INSERT INTO "RESTAURANT_FEATURE" ("RESTAURANT_ID","FEATURE_NAME","DESCRIPTION")VALUES('45484616','Take-out','No');
INSERT INTO "RESTAURANT_FEATURE" ("RESTAURANT_ID","FEATURE_NAME","DESCRIPTION")VALUES('45484616','Accepted Cards','Credit, Debit');
INSERT INTO "RESTAURANT_FEATURE" ("RESTAURANT_ID","FEATURE_NAME","DESCRIPTION")VALUES('45484616','Parking','Street');
INSERT INTO "RESTAURANT_FEATURE" ("RESTAURANT_ID","FEATURE_NAME","DESCRIPTION")VALUES('45484616','Good for Kids','No');
INSERT INTO "RESTAURANT_FEATURE" ("RESTAURANT_ID","FEATURE_NAME","DESCRIPTION")VALUES('45484616','Good for Groups','No');
INSERT INTO "RESTAURANT_FEATURE" ("RESTAURANT_ID","FEATURE_NAME","DESCRIPTION")VALUES('45484616','Attire','Dressy');
INSERT INTO "RESTAURANT_FEATURE" ("RESTAURANT_ID","FEATURE_NAME","DESCRIPTION")VALUES('45484616','Ambience','Upscale');
INSERT INTO "RESTAURANT_FEATURE" ("RESTAURANT_ID","FEATURE_NAME","DESCRIPTION")VALUES('45484616','Noise Level','Average');
INSERT INTO "RESTAURANT_FEATURE" ("RESTAURANT_ID","FEATURE_NAME","DESCRIPTION")VALUES('45484616','Alcohol','Beer & Wine Only');
INSERT INTO "RESTAURANT_FEATURE" ("RESTAURANT_ID","FEATURE_NAME","DESCRIPTION")VALUES('45484616','Outdoor Seating','No');
INSERT INTO "RESTAURANT_FEATURE" ("RESTAURANT_ID","FEATURE_NAME","DESCRIPTION")VALUES('45484616','Has TV','No');
INSERT INTO "OPENING_HOUR" ("DAY","RESTAURANT_ID","OPENING_TIME","CLOSING_TIME")VALUES('Mon','45484616','7:00 pm','9:00 pm');
INSERT INTO "OPENING_HOUR" ("DAY","RESTAURANT_ID","OPENING_TIME","CLOSING_TIME")VALUES('Tue','45484616','12:00 pm','1:00 pm');
INSERT INTO "OPENING_HOUR" ("DAY","RESTAURANT_ID","OPENING_TIME","CLOSING_TIME")VALUES('Wed','45484616','12:00 pm','1:00 pm');
INSERT INTO "OPENING_HOUR" ("DAY","RESTAURANT_ID","OPENING_TIME","CLOSING_TIME")VALUES('Thu','45484616','12:00 pm','1:00 pm');
INSERT INTO "OPENING_HOUR" ("DAY","RESTAURANT_ID","OPENING_TIME","CLOSING_TIME")VALUES('Fri','45484616','12:00 pm','1:00 pm');
INSERT INTO "USER_REVIEW" ("RESTAURANT_ID","REVIEW_DATE","COMMENT","REVIEW_RATING")VALUES('45484616','2017-08-02 07:18:58','This is as good as it gets. 

We had a five course lunch at T.R and Everything from the service to the ambiance and food was nothing short of spectacular. I...','5');
INSERT INTO "PHOTO" ("RESTAURANT_ID","PICTURE_URL")VALUES('45484616','https://s3-media2.fl.yelpcdn.com/photo/Z1B9Kv4-GfvRy3uHFjAElw/o.jpg');
INSERT INTO "USER_REVIEW" ("RESTAURANT_ID","REVIEW_DATE","COMMENT","REVIEW_RATING")VALUES('45484616','2017-12-01 11:51:01','this was our splurge meal while in Berlin for a week and while there were some hits and misses on the food, i really had a good experience here at Tim Raue....','4');
INSERT INTO "PHOTO" ("RESTAURANT_ID","PICTURE_URL")VALUES('45484616','https://s3-media2.fl.yelpcdn.com/photo/UwFANktQi0owxv2qeXKcrQ/o.jpg');
INSERT INTO "USER_REVIEW" ("RESTAURANT_ID","REVIEW_DATE","COMMENT","REVIEW_RATING")VALUES('45484616','2016-09-05 08:32:42','Tim Raue is a high-end, two Michelin star restaurant located near Checkpoint Charlie in the heart of Berlin, serving Asian fusion food. The service,...','3');
INSERT INTO "PHOTO" ("RESTAURANT_ID","PICTURE_URL")VALUES('45484616','https://s3-media2.fl.yelpcdn.com/photo/vGEuUzev-TJPBVRKH5pRxQ/o.jpg');
INSERT INTO "LOCATION" ("LOCATION_ID","LOCATION_TYPE","ADDRESS","LONGITUDE","LATITUDE")VALUES('112','R','Humboldt BoxSchlossplatz 510178 BerlinGermany','13.4006','52.5178');
INSERT INTO "RESTAURANT" ("RESTAURANT_ID","PRICERANGE","PHONE_NUMBER","WEBSITE")VALUES('1163421','€€','+49 30 20625076','humboldt-terrassen.de');
INSERT INTO "CUISINE" ("RESTAURANT_ID","CUISINE_TYPE")VALUES('1163421','German');
INSERT INTO "RESTAURANT_RATING" ("RESTAURANT_ID","SCALE","OVERALL_RATING","SOURCE")VALUES('1163421','5','4.0','Yelp');
INSERT INTO "RESTAURANT_FEATURE" ("RESTAURANT_ID","FEATURE_NAME","DESCRIPTION")VALUES('1163421','Takes Reservations','Yes');
INSERT INTO "RESTAURANT_FEATURE" ("RESTAURANT_ID","FEATURE_NAME","DESCRIPTION")VALUES('1163421','Delivery','No');
INSERT INTO "RESTAURANT_FEATURE" ("RESTAURANT_ID","FEATURE_NAME","DESCRIPTION")VALUES('1163421','Take-out','No');
INSERT INTO "RESTAURANT_FEATURE" ("RESTAURANT_ID","FEATURE_NAME","DESCRIPTION")VALUES('1163421','Accepted Cards','Credit, Debit');
INSERT INTO "RESTAURANT_FEATURE" ("RESTAURANT_ID","FEATURE_NAME","DESCRIPTION")VALUES('1163421','Parking','Street');
INSERT INTO "RESTAURANT_FEATURE" ("RESTAURANT_ID","FEATURE_NAME","DESCRIPTION")VALUES('1163421','Good for Kids','Yes');
INSERT INTO "RESTAURANT_FEATURE" ("RESTAURANT_ID","FEATURE_NAME","DESCRIPTION")VALUES('1163421','Good for Groups','Yes');
INSERT INTO "RESTAURANT_FEATURE" ("RESTAURANT_ID","FEATURE_NAME","DESCRIPTION")VALUES('1163421','Attire','Casual');
INSERT INTO "RESTAURANT_FEATURE" ("RESTAURANT_ID","FEATURE_NAME","DESCRIPTION")VALUES('1163421','Ambience','Touristy, Romantic');
INSERT INTO "RESTAURANT_FEATURE" ("RESTAURANT_ID","FEATURE_NAME","DESCRIPTION")VALUES('1163421','Noise Level','Quiet');
INSERT INTO "RESTAURANT_FEATURE" ("RESTAURANT_ID","FEATURE_NAME","DESCRIPTION")VALUES('1163421','Alcohol','Full Bar');
INSERT INTO "RESTAURANT_FEATURE" ("RESTAURANT_ID","FEATURE_NAME","DESCRIPTION")VALUES('1163421','Outdoor Seating','Yes');
INSERT INTO "RESTAURANT_FEATURE" ("RESTAURANT_ID","FEATURE_NAME","DESCRIPTION")VALUES('1163421','Wi-Fi','No');
INSERT INTO "RESTAURANT_FEATURE" ("RESTAURANT_ID","FEATURE_NAME","DESCRIPTION")VALUES('1163421','Has TV','No');
INSERT INTO "RESTAURANT_FEATURE" ("RESTAURANT_ID","FEATURE_NAME","DESCRIPTION")VALUES('1163421','Caters','Yes');
INSERT INTO "OPENING_HOUR" ("DAY","RESTAURANT_ID","OPENING_TIME","CLOSING_TIME")VALUES('Mon','1163421','10:00 am','7:00 pm');
INSERT INTO "OPENING_HOUR" ("DAY","RESTAURANT_ID","OPENING_TIME","CLOSING_TIME")VALUES('Tue','1163421','10:00 am','7:00 pm');
INSERT INTO "OPENING_HOUR" ("DAY","RESTAURANT_ID","OPENING_TIME","CLOSING_TIME")VALUES('Wed','1163421','10:00 am','7:00 pm');
INSERT INTO "OPENING_HOUR" ("DAY","RESTAURANT_ID","OPENING_TIME","CLOSING_TIME")VALUES('Thu','1163421','10:00 am','7:00 pm');
INSERT INTO "OPENING_HOUR" ("DAY","RESTAURANT_ID","OPENING_TIME","CLOSING_TIME")VALUES('Fri','1163421','10:00 am','7:00 pm');
INSERT INTO "OPENING_HOUR" ("DAY","RESTAURANT_ID","OPENING_TIME","CLOSING_TIME")VALUES('Sat','1163421','10:00 am','7:00 pm');
INSERT INTO "OPENING_HOUR" ("DAY","RESTAURANT_ID","OPENING_TIME","CLOSING_TIME")VALUES('Sun','1163421','Closed now','7:00 pm');
INSERT INTO "USER_REVIEW" ("RESTAURANT_ID","REVIEW_DATE","COMMENT","REVIEW_RATING")VALUES('1163421','2017-01-31 13:39:46','Beautiful venue overlooking Unter den Linden avenue and my favorite building in Berlin, the Berlin dome. I attended a private dinner and was thoroughly...','5');
INSERT INTO "PHOTO" ("RESTAURANT_ID","PICTURE_URL")VALUES('1163421','https://s3-media3.fl.yelpcdn.com/photo/dlJs8ZDNitylRXw5N2TvGQ/o.jpg');
INSERT INTO "USER_REVIEW" ("RESTAURANT_ID","REVIEW_DATE","COMMENT","REVIEW_RATING")VALUES('1163421','2016-06-06 13:26:11','Even if you do not fancy eating or hanging out here, the view is absolutely stunning!! 
At first I was a bit hesitant to enter this restaurant with rooftop...','4');
INSERT INTO "PHOTO" ("RESTAURANT_ID","PICTURE_URL")VALUES('1163421','https://s3-media3.fl.yelpcdn.com/photo/twR69jv8u0dyjh87QvSfsg/o.jpg');
INSERT INTO "USER_REVIEW" ("RESTAURANT_ID","REVIEW_DATE","COMMENT","REVIEW_RATING")VALUES('1163421','2016-05-23 11:59:23','Humbolt Terrassen is a cafe on the top floor of the Humboldt-Box where you can enjoy 360 degree views of Berlin! They weren''t serving food when we arrived...','5');
INSERT INTO "PHOTO" ("RESTAURANT_ID","PICTURE_URL")VALUES('1163421','https://s3-media1.fl.yelpcdn.com/photo/VNxJRdzJpIaxzi5VPbGrCg/o.jpg');
INSERT INTO "LOCATION" ("LOCATION_ID","LOCATION_TYPE","ADDRESS","LONGITUDE","LATITUDE")VALUES('113','R','Tucholskystr. 4810117 BerlinGermany','13.39299','52.52764');
INSERT INTO "RESTAURANT" ("RESTAURANT_ID","PRICERANGE","PHONE_NUMBER","WEBSITE")VALUES('35312831','€€','+49 30 28098084','schwarzwaldstuben-berlin.com/…');
INSERT INTO "CUISINE" ("RESTAURANT_ID","CUISINE_TYPE")VALUES('35312831','Breakfast & Brunch');
INSERT INTO "CUISINE" ("RESTAURANT_ID","CUISINE_TYPE")VALUES('35312831','Swabian');
INSERT INTO "CUISINE" ("RESTAURANT_ID","CUISINE_TYPE")VALUES('35312831','Baden');
INSERT INTO "RESTAURANT_RATING" ("RESTAURANT_ID","SCALE","OVERALL_RATING","SOURCE")VALUES('35312831','5','4.0','Yelp');
INSERT INTO "RESTAURANT_FEATURE" ("RESTAURANT_ID","FEATURE_NAME","DESCRIPTION")VALUES('35312831','Takes Reservations','Yes');
INSERT INTO "RESTAURANT_FEATURE" ("RESTAURANT_ID","FEATURE_NAME","DESCRIPTION")VALUES('35312831','Delivery','No');
INSERT INTO "RESTAURANT_FEATURE" ("RESTAURANT_ID","FEATURE_NAME","DESCRIPTION")VALUES('35312831','Take-out','Yes');
INSERT INTO "RESTAURANT_FEATURE" ("RESTAURANT_ID","FEATURE_NAME","DESCRIPTION")VALUES('35312831','Accepts Bitcoin','No');
INSERT INTO "RESTAURANT_FEATURE" ("RESTAURANT_ID","FEATURE_NAME","DESCRIPTION")VALUES('35312831','Good For','Dinner');
INSERT INTO "RESTAURANT_FEATURE" ("RESTAURANT_ID","FEATURE_NAME","DESCRIPTION")VALUES('35312831','Parking','Street');
INSERT INTO "RESTAURANT_FEATURE" ("RESTAURANT_ID","FEATURE_NAME","DESCRIPTION")VALUES('35312831','Good for Kids','Yes');
INSERT INTO "RESTAURANT_FEATURE" ("RESTAURANT_ID","FEATURE_NAME","DESCRIPTION")VALUES('35312831','Good for Groups','Yes');
INSERT INTO "RESTAURANT_FEATURE" ("RESTAURANT_ID","FEATURE_NAME","DESCRIPTION")VALUES('35312831','Attire','Casual');
INSERT INTO "RESTAURANT_FEATURE" ("RESTAURANT_ID","FEATURE_NAME","DESCRIPTION")VALUES('35312831','Ambience','Casual');
INSERT INTO "RESTAURANT_FEATURE" ("RESTAURANT_ID","FEATURE_NAME","DESCRIPTION")VALUES('35312831','Noise Level','Average');
INSERT INTO "RESTAURANT_FEATURE" ("RESTAURANT_ID","FEATURE_NAME","DESCRIPTION")VALUES('35312831','Alcohol','Full Bar');
INSERT INTO "RESTAURANT_FEATURE" ("RESTAURANT_ID","FEATURE_NAME","DESCRIPTION")VALUES('35312831','Outdoor Seating','Yes');
INSERT INTO "RESTAURANT_FEATURE" ("RESTAURANT_ID","FEATURE_NAME","DESCRIPTION")VALUES('35312831','Wi-Fi','No');
INSERT INTO "RESTAURANT_FEATURE" ("RESTAURANT_ID","FEATURE_NAME","DESCRIPTION")VALUES('35312831','Has TV','No');
INSERT INTO "RESTAURANT_FEATURE" ("RESTAURANT_ID","FEATURE_NAME","DESCRIPTION")VALUES('35312831','Dogs Allowed','Yes');
INSERT INTO "RESTAURANT_FEATURE" ("RESTAURANT_ID","FEATURE_NAME","DESCRIPTION")VALUES('35312831','Waiter Service','Yes');
INSERT INTO "RESTAURANT_FEATURE" ("RESTAURANT_ID","FEATURE_NAME","DESCRIPTION")VALUES('35312831','Caters','Yes');
INSERT INTO "OPENING_HOUR" ("DAY","RESTAURANT_ID","OPENING_TIME","CLOSING_TIME")VALUES('Mon','35312831','9:00 am','12:00 am');
INSERT INTO "OPENING_HOUR" ("DAY","RESTAURANT_ID","OPENING_TIME","CLOSING_TIME")VALUES('Tue','35312831','9:00 am','12:00 am');
INSERT INTO "OPENING_HOUR" ("DAY","RESTAURANT_ID","OPENING_TIME","CLOSING_TIME")VALUES('Wed','35312831','9:00 am','12:00 am');
INSERT INTO "OPENING_HOUR" ("DAY","RESTAURANT_ID","OPENING_TIME","CLOSING_TIME")VALUES('Thu','35312831','9:00 am','12:00 am');
INSERT INTO "OPENING_HOUR" ("DAY","RESTAURANT_ID","OPENING_TIME","CLOSING_TIME")VALUES('Fri','35312831','9:00 am','12:00 am');
INSERT INTO "OPENING_HOUR" ("DAY","RESTAURANT_ID","OPENING_TIME","CLOSING_TIME")VALUES('Sat','35312831','9:00 am','12:00 am');
INSERT INTO "OPENING_HOUR" ("DAY","RESTAURANT_ID","OPENING_TIME","CLOSING_TIME")VALUES('Sun','35312831','Open now','12:00 am');
INSERT INTO "USER_REVIEW" ("RESTAURANT_ID","REVIEW_DATE","COMMENT","REVIEW_RATING")VALUES('35312831','2017-11-23 05:44:52','Came here yesterday for breakfast to start off a full day in Berlin. The place definitely has a European hipster vibe but I enjoyed it! Check out the...','5');
INSERT INTO "PHOTO" ("RESTAURANT_ID","PICTURE_URL")VALUES('35312831','https://s3-media2.fl.yelpcdn.com/photo/lx6WYLpHYPyUMqp10mM-fw/o.jpg');
INSERT INTO "USER_REVIEW" ("RESTAURANT_ID","REVIEW_DATE","COMMENT","REVIEW_RATING")VALUES('35312831','2017-02-02 06:19:14','Went here for lunch today. I must say the food is absolutely amazing and trully authentic. Haven''t had such a nice lunch for a long time. We ordered...','4');
INSERT INTO "PHOTO" ("RESTAURANT_ID","PICTURE_URL")VALUES('35312831','https://s3-media4.fl.yelpcdn.com/photo/VHw4jOiP9ffWbFq8leVe4Q/o.jpg');
INSERT INTO "USER_REVIEW" ("RESTAURANT_ID","REVIEW_DATE","COMMENT","REVIEW_RATING")VALUES('35312831','2016-08-28 06:10:02','This place was amazing! Quirky and cute on the corner in the very hip Mitte neighborhood. We split the pear, goat cheese, and walnut flammkuchen (thin...','5');
INSERT INTO "PHOTO" ("RESTAURANT_ID","PICTURE_URL")VALUES('35312831','https://s3-media1.fl.yelpcdn.com/photo/DS5xpQUHEa5TZPYgXRAVog/o.jpg');
INSERT INTO "RESTAURANT_RATING" ("RESTAURANT_ID","SCALE","OVERALL_RATING","SOURCE")VALUES('35312831','5','4.1','Google Map');
INSERT INTO "USER_REVIEW" ("RESTAURANT_ID","REVIEW_DATE","COMMENT","REVIEW_RATING")VALUES('35312831','2018-01-02','Food was really good! But the service was TERRIBLE!!!! The waiters literally ignore you. After waiting around an hour for our food and asking the waitress she said "You ordered a starter, have you ate it already? Well, now comes the main dish." While she was eating a pizza. I said "Yes but we''ve been waiting for an hour" and she laughed and said "No" and just ignored me. Very rude and awful staff. Shittiest service ever!','1');
INSERT INTO "USER_REVIEW" ("RESTAURANT_ID","REVIEW_DATE","COMMENT","REVIEW_RATING")VALUES('35312831','2018-01-02','Food was really good! But the service was TERRIBLE!!!! The waiters literally ignore you. After waiting around an hour for our food and asking the waitress she said "You ordered a starter, have you ate it already? Well, now comes the main dish." While she was eating a pizza. I said "Yes but we''ve been waiting for an hour" and she laughed and said "No" and just ignored me. Very rude and awful staff. Shittiest service ever!','1');
INSERT INTO "USER_REVIEW" ("RESTAURANT_ID","REVIEW_DATE","COMMENT","REVIEW_RATING")VALUES('35312831','2017-10-17','Had an absolutely amazing dinner here with my partner - the food was full of flavour and very filling. Service was super friendly and the place itself is very cosy and casual. I would not hesitate to go again (and again)!

Be aware, it''s cash only.','5');
INSERT INTO "USER_REVIEW" ("RESTAURANT_ID","REVIEW_DATE","COMMENT","REVIEW_RATING")VALUES('35312831','2017-11-25','Rothaus on tap, best lentil and wiener dish in town, and lovely staff. Gets busy in summer but is a gem in the winter. Still one of the top German restaurants in Berlin.','5');
INSERT INTO "USER_REVIEW" ("RESTAURANT_ID","REVIEW_DATE","COMMENT","REVIEW_RATING")VALUES('35312831','2018-01-01','Very popular, thus very crowded. The pie there tastes good and you get a lot for a low price.','4');
INSERT INTO "LOCATION" ("LOCATION_ID","LOCATION_TYPE","ADDRESS","LONGITUDE","LATITUDE")VALUES('114','R','Neue Bahnhofstr. 610245 BerlinGermany','13.46994','52.50551');
INSERT INTO "RESTAURANT" ("RESTAURANT_ID","PRICERANGE","PHONE_NUMBER","WEBSITE")VALUES('34574601','€€','+49 30 29043461','None');
INSERT INTO "CUISINE" ("RESTAURANT_ID","CUISINE_TYPE")VALUES('34574601','Vietnamese');
INSERT INTO "CUISINE" ("RESTAURANT_ID","CUISINE_TYPE")VALUES('34574601','Pan Asian');
INSERT INTO "RESTAURANT_RATING" ("RESTAURANT_ID","SCALE","OVERALL_RATING","SOURCE")VALUES('34574601','5','4.5','Yelp');
INSERT INTO "RESTAURANT_FEATURE" ("RESTAURANT_ID","FEATURE_NAME","DESCRIPTION")VALUES('34574601','Takes Reservations','Yes');
INSERT INTO "RESTAURANT_FEATURE" ("RESTAURANT_ID","FEATURE_NAME","DESCRIPTION")VALUES('34574601','Delivery','Yes');
INSERT INTO "RESTAURANT_FEATURE" ("RESTAURANT_ID","FEATURE_NAME","DESCRIPTION")VALUES('34574601','Take-out','Yes');
INSERT INTO "RESTAURANT_FEATURE" ("RESTAURANT_ID","FEATURE_NAME","DESCRIPTION")VALUES('34574601','Good for Kids','Yes');
INSERT INTO "RESTAURANT_FEATURE" ("RESTAURANT_ID","FEATURE_NAME","DESCRIPTION")VALUES('34574601','Good for Groups','Yes');
INSERT INTO "RESTAURANT_FEATURE" ("RESTAURANT_ID","FEATURE_NAME","DESCRIPTION")VALUES('34574601','Attire','Casual');
INSERT INTO "RESTAURANT_FEATURE" ("RESTAURANT_ID","FEATURE_NAME","DESCRIPTION")VALUES('34574601','Noise Level','Average');
INSERT INTO "RESTAURANT_FEATURE" ("RESTAURANT_ID","FEATURE_NAME","DESCRIPTION")VALUES('34574601','Alcohol','Beer & Wine Only');
INSERT INTO "RESTAURANT_FEATURE" ("RESTAURANT_ID","FEATURE_NAME","DESCRIPTION")VALUES('34574601','Outdoor Seating','Yes');
INSERT INTO "RESTAURANT_FEATURE" ("RESTAURANT_ID","FEATURE_NAME","DESCRIPTION")VALUES('34574601','Wi-Fi','No');
INSERT INTO "RESTAURANT_FEATURE" ("RESTAURANT_ID","FEATURE_NAME","DESCRIPTION")VALUES('34574601','Has TV','No');
INSERT INTO "RESTAURANT_FEATURE" ("RESTAURANT_ID","FEATURE_NAME","DESCRIPTION")VALUES('34574601','Waiter Service','Yes');
INSERT INTO "RESTAURANT_FEATURE" ("RESTAURANT_ID","FEATURE_NAME","DESCRIPTION")VALUES('34574601','Caters','No');
INSERT INTO "OPENING_HOUR" ("DAY","RESTAURANT_ID","OPENING_TIME","CLOSING_TIME")VALUES('Mon','34574601','11:00 am','11:00 pm');
INSERT INTO "OPENING_HOUR" ("DAY","RESTAURANT_ID","OPENING_TIME","CLOSING_TIME")VALUES('Tue','34574601','11:00 am','11:00 pm');
INSERT INTO "OPENING_HOUR" ("DAY","RESTAURANT_ID","OPENING_TIME","CLOSING_TIME")VALUES('Wed','34574601','11:00 am','11:00 pm');
INSERT INTO "OPENING_HOUR" ("DAY","RESTAURANT_ID","OPENING_TIME","CLOSING_TIME")VALUES('Thu','34574601','11:00 am','11:00 pm');
INSERT INTO "OPENING_HOUR" ("DAY","RESTAURANT_ID","OPENING_TIME","CLOSING_TIME")VALUES('Fri','34574601','11:00 am','11:00 pm');
INSERT INTO "OPENING_HOUR" ("DAY","RESTAURANT_ID","OPENING_TIME","CLOSING_TIME")VALUES('Sat','34574601','11:00 am','11:00 pm');
INSERT INTO "OPENING_HOUR" ("DAY","RESTAURANT_ID","OPENING_TIME","CLOSING_TIME")VALUES('Sun','34574601','Open now','11:00 pm');
INSERT INTO "USER_REVIEW" ("RESTAURANT_ID","REVIEW_DATE","COMMENT","REVIEW_RATING")VALUES('34574601','2017-03-08 12:07:24','Definitely coming back to try the other burgers as well as the coco noodle soups. Great service, food came super quick and neatly arranged, quality was...','5');
INSERT INTO "PHOTO" ("RESTAURANT_ID","PICTURE_URL")VALUES('34574601','https://s3-media4.fl.yelpcdn.com/photo/WiuTvfX-iQoLeCbD5YA-2w/o.jpg');
INSERT INTO "USER_REVIEW" ("RESTAURANT_ID","REVIEW_DATE","COMMENT","REVIEW_RATING")VALUES('34574601','2016-07-19 05:13:02','Flavorful! This place takes authentic Vietnamese tastes and packs it into delicious little burgers. So good!','5');
INSERT INTO "PHOTO" ("RESTAURANT_ID","PICTURE_URL")VALUES('34574601','https://s3-media1.fl.yelpcdn.com/photo/t3YY83uwX5yAZPAp8gLnBg/o.jpg');
INSERT INTO "USER_REVIEW" ("RESTAURANT_ID","REVIEW_DATE","COMMENT","REVIEW_RATING")VALUES('34574601','2016-09-10 09:58:31','Wow! I love Asian flavours and I love burgers, and this place nails the fusion of the two! Amazing!!! Delicious shrimp burger and sweet potato fries and a...','5');
INSERT INTO "LOCATION" ("LOCATION_ID","LOCATION_TYPE","ADDRESS","LONGITUDE","LATITUDE")VALUES('115','R','Erich-Weinert-Str. 12810409 BerlinGermany','13.43699','52.54477');
INSERT INTO "RESTAURANT" ("RESTAURANT_ID","PRICERANGE","PHONE_NUMBER","WEBSITE")VALUES('32534917','€€','+49 30 4216312','zurhaxe.de');
INSERT INTO "CUISINE" ("RESTAURANT_ID","CUISINE_TYPE")VALUES('32534917','German');
INSERT INTO "RESTAURANT_RATING" ("RESTAURANT_ID","SCALE","OVERALL_RATING","SOURCE")VALUES('32534917','5','4.5','Yelp');
INSERT INTO "RESTAURANT_FEATURE" ("RESTAURANT_ID","FEATURE_NAME","DESCRIPTION")VALUES('32534917','Takes Reservations','Yes');
INSERT INTO "RESTAURANT_FEATURE" ("RESTAURANT_ID","FEATURE_NAME","DESCRIPTION")VALUES('32534917','Delivery','No');
INSERT INTO "RESTAURANT_FEATURE" ("RESTAURANT_ID","FEATURE_NAME","DESCRIPTION")VALUES('32534917','Take-out','Yes');
INSERT INTO "RESTAURANT_FEATURE" ("RESTAURANT_ID","FEATURE_NAME","DESCRIPTION")VALUES('32534917','Accepted Cards','None');
INSERT INTO "RESTAURANT_FEATURE" ("RESTAURANT_ID","FEATURE_NAME","DESCRIPTION")VALUES('32534917','Good For','Dinner');
INSERT INTO "RESTAURANT_FEATURE" ("RESTAURANT_ID","FEATURE_NAME","DESCRIPTION")VALUES('32534917','Parking','Street');
INSERT INTO "RESTAURANT_FEATURE" ("RESTAURANT_ID","FEATURE_NAME","DESCRIPTION")VALUES('32534917','Good for Kids','Yes');
INSERT INTO "RESTAURANT_FEATURE" ("RESTAURANT_ID","FEATURE_NAME","DESCRIPTION")VALUES('32534917','Good for Groups','Yes');
INSERT INTO "RESTAURANT_FEATURE" ("RESTAURANT_ID","FEATURE_NAME","DESCRIPTION")VALUES('32534917','Attire','Casual');
INSERT INTO "RESTAURANT_FEATURE" ("RESTAURANT_ID","FEATURE_NAME","DESCRIPTION")VALUES('32534917','Noise Level','Average');
INSERT INTO "RESTAURANT_FEATURE" ("RESTAURANT_ID","FEATURE_NAME","DESCRIPTION")VALUES('32534917','Alcohol','Full Bar');
INSERT INTO "RESTAURANT_FEATURE" ("RESTAURANT_ID","FEATURE_NAME","DESCRIPTION")VALUES('32534917','Outdoor Seating','Yes');
INSERT INTO "RESTAURANT_FEATURE" ("RESTAURANT_ID","FEATURE_NAME","DESCRIPTION")VALUES('32534917','Wi-Fi','No');
INSERT INTO "RESTAURANT_FEATURE" ("RESTAURANT_ID","FEATURE_NAME","DESCRIPTION")VALUES('32534917','Has TV','No');
INSERT INTO "RESTAURANT_FEATURE" ("RESTAURANT_ID","FEATURE_NAME","DESCRIPTION")VALUES('32534917','Waiter Service','Yes');
INSERT INTO "RESTAURANT_FEATURE" ("RESTAURANT_ID","FEATURE_NAME","DESCRIPTION")VALUES('32534917','Caters','No');
INSERT INTO "OPENING_HOUR" ("DAY","RESTAURANT_ID","OPENING_TIME","CLOSING_TIME")VALUES('Mon','32534917','4:00 pm','12:00 am');
INSERT INTO "OPENING_HOUR" ("DAY","RESTAURANT_ID","OPENING_TIME","CLOSING_TIME")VALUES('Tue','32534917','4:00 pm','12:00 am');
INSERT INTO "OPENING_HOUR" ("DAY","RESTAURANT_ID","OPENING_TIME","CLOSING_TIME")VALUES('Wed','32534917','4:00 pm','12:00 am');
INSERT INTO "OPENING_HOUR" ("DAY","RESTAURANT_ID","OPENING_TIME","CLOSING_TIME")VALUES('Thu','32534917','4:00 pm','12:00 am');
INSERT INTO "OPENING_HOUR" ("DAY","RESTAURANT_ID","OPENING_TIME","CLOSING_TIME")VALUES('Fri','32534917','4:00 pm','12:00 am');
INSERT INTO "OPENING_HOUR" ("DAY","RESTAURANT_ID","OPENING_TIME","CLOSING_TIME")VALUES('Sat','32534917','12:00 pm','12:00 am');
INSERT INTO "OPENING_HOUR" ("DAY","RESTAURANT_ID","OPENING_TIME","CLOSING_TIME")VALUES('Sun','32534917','Open now','12:00 am');
INSERT INTO "USER_REVIEW" ("RESTAURANT_ID","REVIEW_DATE","COMMENT","REVIEW_RATING")VALUES('32534917','2017-10-30 06:45:58','This place is not hard to find, just follow your Google map. I got there at 5pm on a Sunday night, and I don''t have to wait in line to get seated. As I was...','5');
INSERT INTO "PHOTO" ("RESTAURANT_ID","PICTURE_URL")VALUES('32534917','https://s3-media1.fl.yelpcdn.com/photo/nGOoVm95qT0xRW_nGJwVZQ/o.jpg');
INSERT INTO "USER_REVIEW" ("RESTAURANT_ID","REVIEW_DATE","COMMENT","REVIEW_RATING")VALUES('32534917','2016-10-03 12:40:32','This restaurant is in the hip neighborhood of Prenzlauer Berg.  Before we got there, we were thinking it was going to be a trendy type of bar/restaurant....','5');
INSERT INTO "PHOTO" ("RESTAURANT_ID","PICTURE_URL")VALUES('32534917','https://s3-media3.fl.yelpcdn.com/photo/PWFtLT51g7Rk5oivaEfl-w/o.jpg');
INSERT INTO "USER_REVIEW" ("RESTAURANT_ID","REVIEW_DATE","COMMENT","REVIEW_RATING")VALUES('32534917','2017-01-21 18:13:07','For our last day of vacation, my husband and I wanted one last traditional German meal, and --- fit the bill perfectly. It is tucked away from the touristy...','4');
INSERT INTO "PHOTO" ("RESTAURANT_ID","PICTURE_URL")VALUES('32534917','https://s3-media1.fl.yelpcdn.com/photo/Vzqw9MfjK8Ojuez2wx2vFw/o.jpg');
INSERT INTO "LOCATION" ("LOCATION_ID","LOCATION_TYPE","ADDRESS","LONGITUDE","LATITUDE")VALUES('116','R','Nazarethkirchstr. 4513347 BerlinGermany','13.3609376449','52.5489069378');
INSERT INTO "RESTAURANT" ("RESTAURANT_ID","PRICERANGE","PHONE_NUMBER","WEBSITE")VALUES('88665845','€€','+49 176 65692249','None');
INSERT INTO "CUISINE" ("RESTAURANT_ID","CUISINE_TYPE")VALUES('88665845','Korean');
INSERT INTO "RESTAURANT_RATING" ("RESTAURANT_ID","SCALE","OVERALL_RATING","SOURCE")VALUES('88665845','5','4.0','Yelp');
INSERT INTO "RESTAURANT_FEATURE" ("RESTAURANT_ID","FEATURE_NAME","DESCRIPTION")VALUES('88665845','Takes Reservations','Yes');
INSERT INTO "RESTAURANT_FEATURE" ("RESTAURANT_ID","FEATURE_NAME","DESCRIPTION")VALUES('88665845','Delivery','No');
INSERT INTO "RESTAURANT_FEATURE" ("RESTAURANT_ID","FEATURE_NAME","DESCRIPTION")VALUES('88665845','Take-out','Yes');
INSERT INTO "RESTAURANT_FEATURE" ("RESTAURANT_ID","FEATURE_NAME","DESCRIPTION")VALUES('88665845','Accepted Cards','None');
INSERT INTO "RESTAURANT_FEATURE" ("RESTAURANT_ID","FEATURE_NAME","DESCRIPTION")VALUES('88665845','Parking','Street');
INSERT INTO "RESTAURANT_FEATURE" ("RESTAURANT_ID","FEATURE_NAME","DESCRIPTION")VALUES('88665845','Good for Kids','Yes');
INSERT INTO "RESTAURANT_FEATURE" ("RESTAURANT_ID","FEATURE_NAME","DESCRIPTION")VALUES('88665845','Good for Groups','Yes');
INSERT INTO "RESTAURANT_FEATURE" ("RESTAURANT_ID","FEATURE_NAME","DESCRIPTION")VALUES('88665845','Attire','Casual');
INSERT INTO "RESTAURANT_FEATURE" ("RESTAURANT_ID","FEATURE_NAME","DESCRIPTION")VALUES('88665845','Noise Level','Quiet');
INSERT INTO "RESTAURANT_FEATURE" ("RESTAURANT_ID","FEATURE_NAME","DESCRIPTION")VALUES('88665845','Alcohol','Beer & Wine Only');
INSERT INTO "RESTAURANT_FEATURE" ("RESTAURANT_ID","FEATURE_NAME","DESCRIPTION")VALUES('88665845','Outdoor Seating','No');
INSERT INTO "RESTAURANT_FEATURE" ("RESTAURANT_ID","FEATURE_NAME","DESCRIPTION")VALUES('88665845','Wi-Fi','No');
INSERT INTO "RESTAURANT_FEATURE" ("RESTAURANT_ID","FEATURE_NAME","DESCRIPTION")VALUES('88665845','Has TV','No');
INSERT INTO "RESTAURANT_FEATURE" ("RESTAURANT_ID","FEATURE_NAME","DESCRIPTION")VALUES('88665845','Waiter Service','Yes');
INSERT INTO "OPENING_HOUR" ("DAY","RESTAURANT_ID","OPENING_TIME","CLOSING_TIME")VALUES('Mon','88665845','3:00 pm','11:00 pm');
INSERT INTO "OPENING_HOUR" ("DAY","RESTAURANT_ID","OPENING_TIME","CLOSING_TIME")VALUES('Tue','88665845','3:00 pm','11:00 pm');
INSERT INTO "OPENING_HOUR" ("DAY","RESTAURANT_ID","OPENING_TIME","CLOSING_TIME")VALUES('Wed','88665845','3:00 pm','11:00 pm');
INSERT INTO "OPENING_HOUR" ("DAY","RESTAURANT_ID","OPENING_TIME","CLOSING_TIME")VALUES('Thu','88665845','3:00 pm','11:00 pm');
INSERT INTO "OPENING_HOUR" ("DAY","RESTAURANT_ID","OPENING_TIME","CLOSING_TIME")VALUES('Fri','88665845','3:00 pm','11:00 pm');
INSERT INTO "OPENING_HOUR" ("DAY","RESTAURANT_ID","OPENING_TIME","CLOSING_TIME")VALUES('Sat','88665845','Open now','11:00 pm');
INSERT INTO "USER_REVIEW" ("RESTAURANT_ID","REVIEW_DATE","COMMENT","REVIEW_RATING")VALUES('88665845','2017-06-15 09:03:26','Two stars for the 5 stars food; -5 stars for the really poor service.

A lot of people had recommended me this place and I was very much looking forward to...','2');
INSERT INTO "PHOTO" ("RESTAURANT_ID","PICTURE_URL")VALUES('88665845','https://s3-media4.fl.yelpcdn.com/photo/_8XdPY86VTGrGXw8NIb2zQ/o.jpg');
INSERT INTO "USER_REVIEW" ("RESTAURANT_ID","REVIEW_DATE","COMMENT","REVIEW_RATING")VALUES('88665845','2017-06-09 00:39:59','Very good food, reasonably price! The restaurant is very popular, you should better have a reservation in advance !','4');
INSERT INTO "PHOTO" ("RESTAURANT_ID","PICTURE_URL")VALUES('88665845','https://s3-media4.fl.yelpcdn.com/photo/4sP4r1-_t4YN9PRQSpNy_Q/o.jpg');
INSERT INTO "USER_REVIEW" ("RESTAURANT_ID","REVIEW_DATE","COMMENT","REVIEW_RATING")VALUES('88665845','2015-07-31 11:38:34','I have been here a few times and I really love that restaurant. It''s authentic Korean food and since Arirang moved from Seestrasse in Weeding which was...','5');
INSERT INTO "PHOTO" ("RESTAURANT_ID","PICTURE_URL")VALUES('88665845','https://s3-media1.fl.yelpcdn.com/photo/aHg0StwyhcseoMhk7ue8pg/o.jpg');
INSERT INTO "LOCATION" ("LOCATION_ID","LOCATION_TYPE","ADDRESS","LONGITUDE","LATITUDE")VALUES('117','R','Ebertstr. 310117 BerlinGermany','13.3765699','52.51108');
INSERT INTO "RESTAURANT" ("RESTAURANT_ID","PRICERANGE","PHONE_NUMBER","WEBSITE")VALUES('12769568','€€€','+49 30 220005415','midtown-grill.de');
INSERT INTO "CUISINE" ("RESTAURANT_ID","CUISINE_TYPE")VALUES('12769568','Steakhouses');
INSERT INTO "CUISINE" ("RESTAURANT_ID","CUISINE_TYPE")VALUES('12769568','Barbeque');
INSERT INTO "RESTAURANT_RATING" ("RESTAURANT_ID","SCALE","OVERALL_RATING","SOURCE")VALUES('12769568','5','4.0','Yelp');
INSERT INTO "RESTAURANT_FEATURE" ("RESTAURANT_ID","FEATURE_NAME","DESCRIPTION")VALUES('12769568','Takes Reservations','Yes');
INSERT INTO "RESTAURANT_FEATURE" ("RESTAURANT_ID","FEATURE_NAME","DESCRIPTION")VALUES('12769568','Delivery','No');
INSERT INTO "RESTAURANT_FEATURE" ("RESTAURANT_ID","FEATURE_NAME","DESCRIPTION")VALUES('12769568','Take-out','No');
INSERT INTO "RESTAURANT_FEATURE" ("RESTAURANT_ID","FEATURE_NAME","DESCRIPTION")VALUES('12769568','Accepted Cards','Credit, Debit');
INSERT INTO "RESTAURANT_FEATURE" ("RESTAURANT_ID","FEATURE_NAME","DESCRIPTION")VALUES('12769568','Parking','Garage');
INSERT INTO "RESTAURANT_FEATURE" ("RESTAURANT_ID","FEATURE_NAME","DESCRIPTION")VALUES('12769568','Good for Kids','Yes');
INSERT INTO "RESTAURANT_FEATURE" ("RESTAURANT_ID","FEATURE_NAME","DESCRIPTION")VALUES('12769568','Good for Groups','Yes');
INSERT INTO "RESTAURANT_FEATURE" ("RESTAURANT_ID","FEATURE_NAME","DESCRIPTION")VALUES('12769568','Attire','Casual');
INSERT INTO "RESTAURANT_FEATURE" ("RESTAURANT_ID","FEATURE_NAME","DESCRIPTION")VALUES('12769568','Ambience','Upscale');
INSERT INTO "RESTAURANT_FEATURE" ("RESTAURANT_ID","FEATURE_NAME","DESCRIPTION")VALUES('12769568','Noise Level','Average');
INSERT INTO "RESTAURANT_FEATURE" ("RESTAURANT_ID","FEATURE_NAME","DESCRIPTION")VALUES('12769568','Alcohol','Full Bar');
INSERT INTO "RESTAURANT_FEATURE" ("RESTAURANT_ID","FEATURE_NAME","DESCRIPTION")VALUES('12769568','Outdoor Seating','Yes');
INSERT INTO "RESTAURANT_FEATURE" ("RESTAURANT_ID","FEATURE_NAME","DESCRIPTION")VALUES('12769568','Wi-Fi','Free');
INSERT INTO "RESTAURANT_FEATURE" ("RESTAURANT_ID","FEATURE_NAME","DESCRIPTION")VALUES('12769568','Has TV','No');
INSERT INTO "RESTAURANT_FEATURE" ("RESTAURANT_ID","FEATURE_NAME","DESCRIPTION")VALUES('12769568','Caters','Yes');
INSERT INTO "OPENING_HOUR" ("DAY","RESTAURANT_ID","OPENING_TIME","CLOSING_TIME")VALUES('Mon','12769568','6:30 am','11:00 am');
INSERT INTO "OPENING_HOUR" ("DAY","RESTAURANT_ID","OPENING_TIME","CLOSING_TIME")VALUES('Tue','12769568','6:30 am','11:00 am');
INSERT INTO "OPENING_HOUR" ("DAY","RESTAURANT_ID","OPENING_TIME","CLOSING_TIME")VALUES('Wed','12769568','6:30 am','11:00 am');
INSERT INTO "OPENING_HOUR" ("DAY","RESTAURANT_ID","OPENING_TIME","CLOSING_TIME")VALUES('Thu','12769568','6:30 am','11:00 am');
INSERT INTO "OPENING_HOUR" ("DAY","RESTAURANT_ID","OPENING_TIME","CLOSING_TIME")VALUES('Fri','12769568','6:30 am','11:00 am');
INSERT INTO "OPENING_HOUR" ("DAY","RESTAURANT_ID","OPENING_TIME","CLOSING_TIME")VALUES('Sat','12769568','7:00 am','11:00 pm');
INSERT INTO "OPENING_HOUR" ("DAY","RESTAURANT_ID","OPENING_TIME","CLOSING_TIME")VALUES('Sun','12769568','Open now','11:00 pm');
INSERT INTO "USER_REVIEW" ("RESTAURANT_ID","REVIEW_DATE","COMMENT","REVIEW_RATING")VALUES('12769568','2017-08-10 03:10:37','We went to for lunch and our experience at the restaurant was ok..  The decor, seating and foods are good for  the price.  Their services are poor.  They...','2');
INSERT INTO "PHOTO" ("RESTAURANT_ID","PICTURE_URL")VALUES('12769568','https://s3-media3.fl.yelpcdn.com/photo/RAGuUnZjpeeUQzARc2gzMg/o.jpg');
INSERT INTO "USER_REVIEW" ("RESTAURANT_ID","REVIEW_DATE","COMMENT","REVIEW_RATING")VALUES('12769568','2017-09-04 11:35:34','This place is amazing! This restaurant is in Marriott hotel where we stayed for 4 days. Both the hotel and this restaurant are just perfect!! We''ll...','5');
INSERT INTO "PHOTO" ("RESTAURANT_ID","PICTURE_URL")VALUES('12769568','https://s3-media2.fl.yelpcdn.com/photo/lS0g8-E4vsq8aiAd2vvJHQ/o.jpg');
INSERT INTO "USER_REVIEW" ("RESTAURANT_ID","REVIEW_DATE","COMMENT","REVIEW_RATING")VALUES('12769568','2017-07-01 00:45:09','The best steakhouse I visited in Germany! I was so happy because it was in my hotel so I had a reliable dinner place to come ''home'' to every night. Great...','5');
INSERT INTO "PHOTO" ("RESTAURANT_ID","PICTURE_URL")VALUES('12769568','https://s3-media3.fl.yelpcdn.com/photo/rzVqPEq-myUybZLFjJkGQA/o.jpg');
INSERT INTO "LOCATION" ("LOCATION_ID","LOCATION_TYPE","ADDRESS","LONGITUDE","LATITUDE")VALUES('118','R','Welserstr. 2510777 BerlinGermany','13.3420296','52.4988785');
INSERT INTO "RESTAURANT" ("RESTAURANT_ID","PRICERANGE","PHONE_NUMBER","WEBSITE")VALUES('61619632','€€','+49 30 64828377','None');
INSERT INTO "CUISINE" ("RESTAURANT_ID","CUISINE_TYPE")VALUES('61619632','Italian');
INSERT INTO "RESTAURANT_RATING" ("RESTAURANT_ID","SCALE","OVERALL_RATING","SOURCE")VALUES('61619632','5','5.0','Yelp');
INSERT INTO "RESTAURANT_FEATURE" ("RESTAURANT_ID","FEATURE_NAME","DESCRIPTION")VALUES('61619632','Takes Reservations','Yes');
INSERT INTO "RESTAURANT_FEATURE" ("RESTAURANT_ID","FEATURE_NAME","DESCRIPTION")VALUES('61619632','Delivery','Yes');
INSERT INTO "RESTAURANT_FEATURE" ("RESTAURANT_ID","FEATURE_NAME","DESCRIPTION")VALUES('61619632','Take-out','Yes');
INSERT INTO "RESTAURANT_FEATURE" ("RESTAURANT_ID","FEATURE_NAME","DESCRIPTION")VALUES('61619632','Good for Kids','Yes');
INSERT INTO "RESTAURANT_FEATURE" ("RESTAURANT_ID","FEATURE_NAME","DESCRIPTION")VALUES('61619632','Good for Groups','Yes');
INSERT INTO "RESTAURANT_FEATURE" ("RESTAURANT_ID","FEATURE_NAME","DESCRIPTION")VALUES('61619632','Attire','Casual');
INSERT INTO "RESTAURANT_FEATURE" ("RESTAURANT_ID","FEATURE_NAME","DESCRIPTION")VALUES('61619632','Noise Level','Average');
INSERT INTO "RESTAURANT_FEATURE" ("RESTAURANT_ID","FEATURE_NAME","DESCRIPTION")VALUES('61619632','Alcohol','Full Bar');
INSERT INTO "RESTAURANT_FEATURE" ("RESTAURANT_ID","FEATURE_NAME","DESCRIPTION")VALUES('61619632','Outdoor Seating','Yes');
INSERT INTO "RESTAURANT_FEATURE" ("RESTAURANT_ID","FEATURE_NAME","DESCRIPTION")VALUES('61619632','Wi-Fi','No');
INSERT INTO "RESTAURANT_FEATURE" ("RESTAURANT_ID","FEATURE_NAME","DESCRIPTION")VALUES('61619632','Has TV','No');
INSERT INTO "RESTAURANT_FEATURE" ("RESTAURANT_ID","FEATURE_NAME","DESCRIPTION")VALUES('61619632','Waiter Service','Yes');
INSERT INTO "RESTAURANT_FEATURE" ("RESTAURANT_ID","FEATURE_NAME","DESCRIPTION")VALUES('61619632','Caters','Yes');
INSERT INTO "USER_REVIEW" ("RESTAURANT_ID","REVIEW_DATE","COMMENT","REVIEW_RATING")VALUES('61619632','2018-01-02 11:49:58','Stunning, tiny Italian restaurant (well, more of a cafe really) seating just 16. They have a limited menu of pizza, pasta,and salads, alongside starters and...','5');
INSERT INTO "PHOTO" ("RESTAURANT_ID","PICTURE_URL")VALUES('61619632','https://s3-media3.fl.yelpcdn.com/photo/bOtz953cqs4tYAdiHwYigQ/o.jpg');
INSERT INTO "USER_REVIEW" ("RESTAURANT_ID","REVIEW_DATE","COMMENT","REVIEW_RATING")VALUES('61619632','2016-11-21 12:44:25','The best italian restaurant in town. Period.
Real italians serving and cooking. I''ve always missed the real italian pizza and pasta that enjoyed in Italy...','5');
INSERT INTO "USER_REVIEW" ("RESTAURANT_ID","REVIEW_DATE","COMMENT","REVIEW_RATING")VALUES('61619632','2017-06-25 12:26:17','Hitting secret for the local, food and service is amazing.  Fresh home made pasta and she make you feel like home.','5');
INSERT INTO "PHOTO" ("RESTAURANT_ID","PICTURE_URL")VALUES('61619632','https://s3-media2.fl.yelpcdn.com/photo/tOGbz3aVtUvAN8PM4BYRyw/o.jpg');
INSERT INTO "LOCATION" ("LOCATION_ID","LOCATION_TYPE","ADDRESS","LONGITUDE","LATITUDE")VALUES('119','R','Poststr. 2810178 BerlinGermany','13.40629','52.5173');
INSERT INTO "RESTAURANT" ("RESTAURANT_ID","PRICERANGE","PHONE_NUMBER","WEBSITE")VALUES('76008626','€€€','+49 30 2425295','reinhards.de');
INSERT INTO "CUISINE" ("RESTAURANT_ID","CUISINE_TYPE")VALUES('76008626','French');
INSERT INTO "CUISINE" ("RESTAURANT_ID","CUISINE_TYPE")VALUES('76008626','German');
INSERT INTO "RESTAURANT_RATING" ("RESTAURANT_ID","SCALE","OVERALL_RATING","SOURCE")VALUES('76008626','5','4.0','Yelp');
INSERT INTO "RESTAURANT_FEATURE" ("RESTAURANT_ID","FEATURE_NAME","DESCRIPTION")VALUES('76008626','Takes Reservations','Yes');
INSERT INTO "RESTAURANT_FEATURE" ("RESTAURANT_ID","FEATURE_NAME","DESCRIPTION")VALUES('76008626','Delivery','No');
INSERT INTO "RESTAURANT_FEATURE" ("RESTAURANT_ID","FEATURE_NAME","DESCRIPTION")VALUES('76008626','Take-out','No');
INSERT INTO "RESTAURANT_FEATURE" ("RESTAURANT_ID","FEATURE_NAME","DESCRIPTION")VALUES('76008626','Accepted Cards','Credit, Debit');
INSERT INTO "RESTAURANT_FEATURE" ("RESTAURANT_ID","FEATURE_NAME","DESCRIPTION")VALUES('76008626','Accepts Bitcoin','No');
INSERT INTO "RESTAURANT_FEATURE" ("RESTAURANT_ID","FEATURE_NAME","DESCRIPTION")VALUES('76008626','Good for Kids','Yes');
INSERT INTO "RESTAURANT_FEATURE" ("RESTAURANT_ID","FEATURE_NAME","DESCRIPTION")VALUES('76008626','Good for Groups','Yes');
INSERT INTO "RESTAURANT_FEATURE" ("RESTAURANT_ID","FEATURE_NAME","DESCRIPTION")VALUES('76008626','Attire','Casual');
INSERT INTO "RESTAURANT_FEATURE" ("RESTAURANT_ID","FEATURE_NAME","DESCRIPTION")VALUES('76008626','Noise Level','Quiet');
INSERT INTO "RESTAURANT_FEATURE" ("RESTAURANT_ID","FEATURE_NAME","DESCRIPTION")VALUES('76008626','Alcohol','Full Bar');
INSERT INTO "RESTAURANT_FEATURE" ("RESTAURANT_ID","FEATURE_NAME","DESCRIPTION")VALUES('76008626','Outdoor Seating','Yes');
INSERT INTO "RESTAURANT_FEATURE" ("RESTAURANT_ID","FEATURE_NAME","DESCRIPTION")VALUES('76008626','Wi-Fi','No');
INSERT INTO "RESTAURANT_FEATURE" ("RESTAURANT_ID","FEATURE_NAME","DESCRIPTION")VALUES('76008626','Has TV','No');
INSERT INTO "RESTAURANT_FEATURE" ("RESTAURANT_ID","FEATURE_NAME","DESCRIPTION")VALUES('76008626','Caters','Yes');
INSERT INTO "OPENING_HOUR" ("DAY","RESTAURANT_ID","OPENING_TIME","CLOSING_TIME")VALUES('Mon','76008626','9:00 am','12:00 am');
INSERT INTO "OPENING_HOUR" ("DAY","RESTAURANT_ID","OPENING_TIME","CLOSING_TIME")VALUES('Tue','76008626','9:00 am','12:00 am');
INSERT INTO "OPENING_HOUR" ("DAY","RESTAURANT_ID","OPENING_TIME","CLOSING_TIME")VALUES('Wed','76008626','9:00 am','12:00 am');
INSERT INTO "OPENING_HOUR" ("DAY","RESTAURANT_ID","OPENING_TIME","CLOSING_TIME")VALUES('Thu','76008626','9:00 am','12:00 am');
INSERT INTO "OPENING_HOUR" ("DAY","RESTAURANT_ID","OPENING_TIME","CLOSING_TIME")VALUES('Fri','76008626','9:00 am','12:00 am');
INSERT INTO "OPENING_HOUR" ("DAY","RESTAURANT_ID","OPENING_TIME","CLOSING_TIME")VALUES('Sat','76008626','9:00 am','12:00 am');
INSERT INTO "OPENING_HOUR" ("DAY","RESTAURANT_ID","OPENING_TIME","CLOSING_TIME")VALUES('Sun','76008626','Open now','12:00 am');
INSERT INTO "USER_REVIEW" ("RESTAURANT_ID","REVIEW_DATE","COMMENT","REVIEW_RATING")VALUES('76008626','2016-02-07 14:44:31','We were looking for a restaurant with an authentic German cuisine. Before deciding for this place we looked around in the neighborhood and I had a good...','5');
INSERT INTO "PHOTO" ("RESTAURANT_ID","PICTURE_URL")VALUES('76008626','https://s3-media2.fl.yelpcdn.com/photo/LJ9GNeN2auiFwFoRzpmE6g/o.jpg');
INSERT INTO "USER_REVIEW" ("RESTAURANT_ID","REVIEW_DATE","COMMENT","REVIEW_RATING")VALUES('76008626','2017-12-25 14:50:59','Good food, but horrible service.  We felt very rushed the entire time, which is not a typical feeling in restaurants in Germany. The waiter was extremely...','2');
INSERT INTO "USER_REVIEW" ("RESTAURANT_ID","REVIEW_DATE","COMMENT","REVIEW_RATING")VALUES('76008626','2016-08-07 11:07:19','Weiner schnitzel at a sidewalk cafe in Berlin; pinch me I''m living a European dream. The schnitzel was seasoned well and served with lemon and  a delicious...','4');
INSERT INTO "PHOTO" ("RESTAURANT_ID","PICTURE_URL")VALUES('76008626','https://s3-media4.fl.yelpcdn.com/photo/zbWsVvOp4xfiyzL-NzqWFQ/o.jpg');
INSERT INTO "RESTAURANT_RATING" ("RESTAURANT_ID","SCALE","OVERALL_RATING","SOURCE")VALUES('76008626','5','4.2','Google Map');
INSERT INTO "USER_REVIEW" ("RESTAURANT_ID","REVIEW_DATE","COMMENT","REVIEW_RATING")VALUES('76008626','2017-08-31','We absolutely loved the look of this restaurant, the ambience and service was lovely, our waitress was enchanting. However we chose the wrong dishes, both fish. Bland and tasteless, sadly.  However wine and coffee superb.  The reviews were we read related to pizza or pasta. Please don''t be put off by our review - choose wisely.','2');
INSERT INTO "USER_REVIEW" ("RESTAURANT_ID","REVIEW_DATE","COMMENT","REVIEW_RATING")VALUES('76008626','2017-08-04','The food here is nice and the service was very friendly. I had the amatriciana which was a bit spicy but lovely. I would skip the garlic bread if I went again however. The tiramisu was great. The waitress was very nice. The patio is lovely in good weather. ','4');
INSERT INTO "USER_REVIEW" ("RESTAURANT_ID","REVIEW_DATE","COMMENT","REVIEW_RATING")VALUES('76008626','2016-11-18','Our experience was unbelievable!  We had 21 people in our group and 18 were hungry high school students. Our server, Susann Sievert, was so friendly, outgoing and helpful. She got our group right in and gave great suggestions of what to order. The food was delicious and the dessert was wonderful. I only wish I could give more than 5 stars! I highly recommend eating at Marcellino!','5');
INSERT INTO "USER_REVIEW" ("RESTAURANT_ID","REVIEW_DATE","COMMENT","REVIEW_RATING")VALUES('76008626','2017-02-15','Very friendly service. The food is well made and affordable. Great pizza. Good appetizers. Delicious desserts.','5');
INSERT INTO "USER_REVIEW" ("RESTAURANT_ID","REVIEW_DATE","COMMENT","REVIEW_RATING")VALUES('76008626','2016-10-01','Cheerful yellow-checked tablecloths reflect the warmth and friendliness of the staff at this cosy, informal and warm Italian cafe. It''s tucked away in a quiet leafy courtyard which gives it a secluded feel. I ate here on a dark wet September evening but I can imagine that on a warm summers evening a seat outside would be a treat. I started with the chefs salad which was very fresh and well dressed. The steak was ordered and cooked medium, a rarity in Germany where medium usually means well-done. The vegetables were crisp and again obviously fresh that day. The Tiramisu lacks a little of the alcohol kick one might expect but is by no means poor. I''ve spent a pleasant two and a half hours here, and never felt rushed. Marcellino is bookmarked for my next trip to Berlin. ','5');
INSERT INTO "LOCATION" ("LOCATION_ID","LOCATION_TYPE","ADDRESS","LONGITUDE","LATITUDE")VALUES('120','R','Ludwigkirchplatz 210719 BerlinGermany','13.3219313','52.4979563');
INSERT INTO "RESTAURANT" ("RESTAURANT_ID","PRICERANGE","PHONE_NUMBER","WEBSITE")VALUES('66135442','€€','+49 30 28866935','handoyos.de');
INSERT INTO "CUISINE" ("RESTAURANT_ID","CUISINE_TYPE")VALUES('66135442','Indonesian');
INSERT INTO "RESTAURANT_RATING" ("RESTAURANT_ID","SCALE","OVERALL_RATING","SOURCE")VALUES('66135442','5','5.0','Yelp');
INSERT INTO "RESTAURANT_FEATURE" ("RESTAURANT_ID","FEATURE_NAME","DESCRIPTION")VALUES('66135442','Takes Reservations','Yes');
INSERT INTO "RESTAURANT_FEATURE" ("RESTAURANT_ID","FEATURE_NAME","DESCRIPTION")VALUES('66135442','Delivery','No');
INSERT INTO "RESTAURANT_FEATURE" ("RESTAURANT_ID","FEATURE_NAME","DESCRIPTION")VALUES('66135442','Take-out','Yes');
INSERT INTO "RESTAURANT_FEATURE" ("RESTAURANT_ID","FEATURE_NAME","DESCRIPTION")VALUES('66135442','Accepted Cards','Credit, Debit');
INSERT INTO "RESTAURANT_FEATURE" ("RESTAURANT_ID","FEATURE_NAME","DESCRIPTION")VALUES('66135442','Accepts Bitcoin','No');
INSERT INTO "RESTAURANT_FEATURE" ("RESTAURANT_ID","FEATURE_NAME","DESCRIPTION")VALUES('66135442','Parking','Street');
INSERT INTO "RESTAURANT_FEATURE" ("RESTAURANT_ID","FEATURE_NAME","DESCRIPTION")VALUES('66135442','Good for Kids','Yes');
INSERT INTO "RESTAURANT_FEATURE" ("RESTAURANT_ID","FEATURE_NAME","DESCRIPTION")VALUES('66135442','Good for Groups','Yes');
INSERT INTO "RESTAURANT_FEATURE" ("RESTAURANT_ID","FEATURE_NAME","DESCRIPTION")VALUES('66135442','Attire','Casual');
INSERT INTO "RESTAURANT_FEATURE" ("RESTAURANT_ID","FEATURE_NAME","DESCRIPTION")VALUES('66135442','Noise Level','Quiet');
INSERT INTO "RESTAURANT_FEATURE" ("RESTAURANT_ID","FEATURE_NAME","DESCRIPTION")VALUES('66135442','Alcohol','Beer & Wine Only');
INSERT INTO "RESTAURANT_FEATURE" ("RESTAURANT_ID","FEATURE_NAME","DESCRIPTION")VALUES('66135442','Outdoor Seating','Yes');
INSERT INTO "RESTAURANT_FEATURE" ("RESTAURANT_ID","FEATURE_NAME","DESCRIPTION")VALUES('66135442','Wi-Fi','Free');
INSERT INTO "RESTAURANT_FEATURE" ("RESTAURANT_ID","FEATURE_NAME","DESCRIPTION")VALUES('66135442','Has TV','No');
INSERT INTO "RESTAURANT_FEATURE" ("RESTAURANT_ID","FEATURE_NAME","DESCRIPTION")VALUES('66135442','Dogs Allowed','Yes');
INSERT INTO "RESTAURANT_FEATURE" ("RESTAURANT_ID","FEATURE_NAME","DESCRIPTION")VALUES('66135442','Waiter Service','Yes');
INSERT INTO "RESTAURANT_FEATURE" ("RESTAURANT_ID","FEATURE_NAME","DESCRIPTION")VALUES('66135442','Caters','Yes');
INSERT INTO "OPENING_HOUR" ("DAY","RESTAURANT_ID","OPENING_TIME","CLOSING_TIME")VALUES('Mon','66135442','12:00 pm','10:00 pm');
INSERT INTO "OPENING_HOUR" ("DAY","RESTAURANT_ID","OPENING_TIME","CLOSING_TIME")VALUES('Tue','66135442','12:00 pm','10:00 pm');
INSERT INTO "OPENING_HOUR" ("DAY","RESTAURANT_ID","OPENING_TIME","CLOSING_TIME")VALUES('Wed','66135442','12:00 pm','10:00 pm');
INSERT INTO "OPENING_HOUR" ("DAY","RESTAURANT_ID","OPENING_TIME","CLOSING_TIME")VALUES('Thu','66135442','12:00 pm','10:00 pm');
INSERT INTO "OPENING_HOUR" ("DAY","RESTAURANT_ID","OPENING_TIME","CLOSING_TIME")VALUES('Fri','66135442','1:00 pm','10:00 pm');
INSERT INTO "OPENING_HOUR" ("DAY","RESTAURANT_ID","OPENING_TIME","CLOSING_TIME")VALUES('Sat','66135442','Open now','10:00 pm');
INSERT INTO "USER_REVIEW" ("RESTAURANT_ID","REVIEW_DATE","COMMENT","REVIEW_RATING")VALUES('66135442','2016-05-24 04:41:31','w00t. One of the rare authentic indonesian spots in Germany. Super cozy place with very tasty food. Must try''s: Gado Gado (veggie) and Sate Ayam (chicken...','5');
INSERT INTO "PHOTO" ("RESTAURANT_ID","PICTURE_URL")VALUES('66135442','https://s3-media2.fl.yelpcdn.com/photo/GivjZKggFwz1x4oNsDpTGA/o.jpg');
INSERT INTO "USER_REVIEW" ("RESTAURANT_ID","REVIEW_DATE","COMMENT","REVIEW_RATING")VALUES('66135442','2016-08-04 11:09:54','Loved the place, the service and the amazing food there. Such tasty food. At some point i was like this is the best food i have ever eaten :) there are also...','5');
INSERT INTO "PHOTO" ("RESTAURANT_ID","PICTURE_URL")VALUES('66135442','https://s3-media2.fl.yelpcdn.com/photo/yTJf4nRCAEfq39viG83V3w/o.jpg');
INSERT INTO "USER_REVIEW" ("RESTAURANT_ID","REVIEW_DATE","COMMENT","REVIEW_RATING")VALUES('66135442','2016-03-26 10:25:20','It was a really nice visit. Great food and great service. Am very pleased that they had a dogs allowed policy. Our favoriter was spring rolls and satay.','5');
INSERT INTO "PHOTO" ("RESTAURANT_ID","PICTURE_URL")VALUES('66135442','https://s3-media3.fl.yelpcdn.com/photo/BGIJNXYdoC_zjBtcsum1Tw/o.jpg');
INSERT INTO "LOCATION" ("LOCATION_ID","LOCATION_TYPE","ADDRESS","LONGITUDE","LATITUDE")VALUES('121','R','Potsdamer Platz 110785 BerlinGermany','13.37551','52.50918');
INSERT INTO "RESTAURANT" ("RESTAURANT_ID","PRICERANGE","PHONE_NUMBER","WEBSITE")VALUES('18021449','€€€','+49 30 25937080','panoramapunkt.de');
INSERT INTO "CUISINE" ("RESTAURANT_ID","CUISINE_TYPE")VALUES('18021449','Cafes');
INSERT INTO "RESTAURANT_RATING" ("RESTAURANT_ID","SCALE","OVERALL_RATING","SOURCE")VALUES('18021449','5','4.5','Yelp');
INSERT INTO "RESTAURANT_FEATURE" ("RESTAURANT_ID","FEATURE_NAME","DESCRIPTION")VALUES('18021449','Takes Reservations','No');
INSERT INTO "RESTAURANT_FEATURE" ("RESTAURANT_ID","FEATURE_NAME","DESCRIPTION")VALUES('18021449','Delivery','No');
INSERT INTO "RESTAURANT_FEATURE" ("RESTAURANT_ID","FEATURE_NAME","DESCRIPTION")VALUES('18021449','Take-out','No');
INSERT INTO "RESTAURANT_FEATURE" ("RESTAURANT_ID","FEATURE_NAME","DESCRIPTION")VALUES('18021449','Accepted Cards','Debit');
INSERT INTO "RESTAURANT_FEATURE" ("RESTAURANT_ID","FEATURE_NAME","DESCRIPTION")VALUES('18021449','Parking','Garage, Street');
INSERT INTO "RESTAURANT_FEATURE" ("RESTAURANT_ID","FEATURE_NAME","DESCRIPTION")VALUES('18021449','Good for Kids','Yes');
INSERT INTO "RESTAURANT_FEATURE" ("RESTAURANT_ID","FEATURE_NAME","DESCRIPTION")VALUES('18021449','Good for Groups','Yes');
INSERT INTO "RESTAURANT_FEATURE" ("RESTAURANT_ID","FEATURE_NAME","DESCRIPTION")VALUES('18021449','Attire','Casual');
INSERT INTO "RESTAURANT_FEATURE" ("RESTAURANT_ID","FEATURE_NAME","DESCRIPTION")VALUES('18021449','Ambience','Casual, Touristy');
INSERT INTO "RESTAURANT_FEATURE" ("RESTAURANT_ID","FEATURE_NAME","DESCRIPTION")VALUES('18021449','Noise Level','Average');
INSERT INTO "RESTAURANT_FEATURE" ("RESTAURANT_ID","FEATURE_NAME","DESCRIPTION")VALUES('18021449','Alcohol','Full Bar');
INSERT INTO "RESTAURANT_FEATURE" ("RESTAURANT_ID","FEATURE_NAME","DESCRIPTION")VALUES('18021449','Outdoor Seating','No');
INSERT INTO "RESTAURANT_FEATURE" ("RESTAURANT_ID","FEATURE_NAME","DESCRIPTION")VALUES('18021449','Wi-Fi','No');
INSERT INTO "RESTAURANT_FEATURE" ("RESTAURANT_ID","FEATURE_NAME","DESCRIPTION")VALUES('18021449','Has TV','No');
INSERT INTO "RESTAURANT_FEATURE" ("RESTAURANT_ID","FEATURE_NAME","DESCRIPTION")VALUES('18021449','Caters','No');
INSERT INTO "OPENING_HOUR" ("DAY","RESTAURANT_ID","OPENING_TIME","CLOSING_TIME")VALUES('Mon','18021449','10:00 am','6:00 pm');
INSERT INTO "OPENING_HOUR" ("DAY","RESTAURANT_ID","OPENING_TIME","CLOSING_TIME")VALUES('Tue','18021449','10:00 am','6:00 pm');
INSERT INTO "OPENING_HOUR" ("DAY","RESTAURANT_ID","OPENING_TIME","CLOSING_TIME")VALUES('Wed','18021449','10:00 am','6:00 pm');
INSERT INTO "OPENING_HOUR" ("DAY","RESTAURANT_ID","OPENING_TIME","CLOSING_TIME")VALUES('Thu','18021449','10:00 am','6:00 pm');
INSERT INTO "OPENING_HOUR" ("DAY","RESTAURANT_ID","OPENING_TIME","CLOSING_TIME")VALUES('Fri','18021449','10:00 am','6:00 pm');
INSERT INTO "OPENING_HOUR" ("DAY","RESTAURANT_ID","OPENING_TIME","CLOSING_TIME")VALUES('Sat','18021449','10:00 am','6:00 pm');
INSERT INTO "OPENING_HOUR" ("DAY","RESTAURANT_ID","OPENING_TIME","CLOSING_TIME")VALUES('Sun','18021449','Closed now','6:00 pm');
INSERT INTO "USER_REVIEW" ("RESTAURANT_ID","REVIEW_DATE","COMMENT","REVIEW_RATING")VALUES('18021449','2015-02-02 16:04:55','If you want to see the view of whole Berlin from the top, there are serval locations for that. Panoramapunkt is one of them, it is also the easiest one to...','4');
INSERT INTO "PHOTO" ("RESTAURANT_ID","PICTURE_URL")VALUES('18021449','https://s3-media3.fl.yelpcdn.com/photo/IdlBt1_4j25nOKLWw0f-dw/o.jpg');
INSERT INTO "USER_REVIEW" ("RESTAURANT_ID","REVIEW_DATE","COMMENT","REVIEW_RATING")VALUES('18021449','2015-08-22 22:59:27','I haven''t been up Berlin before. I guess even after being here for three years, I still have to go up the TV Tower in Alexanderplatz. Perhaps the tallest...','4');
INSERT INTO "PHOTO" ("RESTAURANT_ID","PICTURE_URL")VALUES('18021449','https://s3-media1.fl.yelpcdn.com/photo/ToTju2zYCHa7hPAMdeK58w/o.jpg');
INSERT INTO "USER_REVIEW" ("RESTAURANT_ID","REVIEW_DATE","COMMENT","REVIEW_RATING")VALUES('18021449','2016-11-05 09:38:23','The view from the cafe is great! Elevator is very fast and interesting!','4');
INSERT INTO "LOCATION" ("LOCATION_ID","LOCATION_TYPE","ADDRESS","LONGITUDE","LATITUDE")VALUES('122','R','BachstraßeS-Bahnbogen 48210555 BerlinGermany','13.336896','52.515165');
INSERT INTO "RESTAURANT" ("RESTAURANT_ID","PRICERANGE","PHONE_NUMBER","WEBSITE")VALUES('73846954','€€','+49 30 3927615','tiergartenquelle.de');
INSERT INTO "CUISINE" ("RESTAURANT_ID","CUISINE_TYPE")VALUES('73846954','German');
INSERT INTO "CUISINE" ("RESTAURANT_ID","CUISINE_TYPE")VALUES('73846954','Dive Bars');
INSERT INTO "RESTAURANT_RATING" ("RESTAURANT_ID","SCALE","OVERALL_RATING","SOURCE")VALUES('73846954','5','4.0','Yelp');
INSERT INTO "RESTAURANT_FEATURE" ("RESTAURANT_ID","FEATURE_NAME","DESCRIPTION")VALUES('73846954','Takes Reservations','Yes');
INSERT INTO "RESTAURANT_FEATURE" ("RESTAURANT_ID","FEATURE_NAME","DESCRIPTION")VALUES('73846954','Delivery','No');
INSERT INTO "RESTAURANT_FEATURE" ("RESTAURANT_ID","FEATURE_NAME","DESCRIPTION")VALUES('73846954','Take-out','No');
INSERT INTO "RESTAURANT_FEATURE" ("RESTAURANT_ID","FEATURE_NAME","DESCRIPTION")VALUES('73846954','Accepted Cards','None');
INSERT INTO "RESTAURANT_FEATURE" ("RESTAURANT_ID","FEATURE_NAME","DESCRIPTION")VALUES('73846954','Good For','Lunch, Dinner');
INSERT INTO "RESTAURANT_FEATURE" ("RESTAURANT_ID","FEATURE_NAME","DESCRIPTION")VALUES('73846954','Parking','Street');
INSERT INTO "RESTAURANT_FEATURE" ("RESTAURANT_ID","FEATURE_NAME","DESCRIPTION")VALUES('73846954','Good for Kids','No');
INSERT INTO "RESTAURANT_FEATURE" ("RESTAURANT_ID","FEATURE_NAME","DESCRIPTION")VALUES('73846954','Good for Groups','Yes');
INSERT INTO "RESTAURANT_FEATURE" ("RESTAURANT_ID","FEATURE_NAME","DESCRIPTION")VALUES('73846954','Attire','Casual');
INSERT INTO "RESTAURANT_FEATURE" ("RESTAURANT_ID","FEATURE_NAME","DESCRIPTION")VALUES('73846954','Ambience','Casual');
INSERT INTO "RESTAURANT_FEATURE" ("RESTAURANT_ID","FEATURE_NAME","DESCRIPTION")VALUES('73846954','Noise Level','Loud');
INSERT INTO "RESTAURANT_FEATURE" ("RESTAURANT_ID","FEATURE_NAME","DESCRIPTION")VALUES('73846954','Good For Dancing','No');
INSERT INTO "RESTAURANT_FEATURE" ("RESTAURANT_ID","FEATURE_NAME","DESCRIPTION")VALUES('73846954','Alcohol','Full Bar');
INSERT INTO "RESTAURANT_FEATURE" ("RESTAURANT_ID","FEATURE_NAME","DESCRIPTION")VALUES('73846954','Coat Check','No');
INSERT INTO "RESTAURANT_FEATURE" ("RESTAURANT_ID","FEATURE_NAME","DESCRIPTION")VALUES('73846954','Smoking','Yes');
INSERT INTO "RESTAURANT_FEATURE" ("RESTAURANT_ID","FEATURE_NAME","DESCRIPTION")VALUES('73846954','Outdoor Seating','Yes');
INSERT INTO "RESTAURANT_FEATURE" ("RESTAURANT_ID","FEATURE_NAME","DESCRIPTION")VALUES('73846954','Wi-Fi','No');
INSERT INTO "RESTAURANT_FEATURE" ("RESTAURANT_ID","FEATURE_NAME","DESCRIPTION")VALUES('73846954','Has TV','No');
INSERT INTO "RESTAURANT_FEATURE" ("RESTAURANT_ID","FEATURE_NAME","DESCRIPTION")VALUES('73846954','Caters','Yes');
INSERT INTO "RESTAURANT_FEATURE" ("RESTAURANT_ID","FEATURE_NAME","DESCRIPTION")VALUES('73846954','Has Pool Table','No');
INSERT INTO "OPENING_HOUR" ("DAY","RESTAURANT_ID","OPENING_TIME","CLOSING_TIME")VALUES('Mon','73846954','4:00 pm','12:00 am');
INSERT INTO "OPENING_HOUR" ("DAY","RESTAURANT_ID","OPENING_TIME","CLOSING_TIME")VALUES('Tue','73846954','4:00 pm','12:00 am');
INSERT INTO "OPENING_HOUR" ("DAY","RESTAURANT_ID","OPENING_TIME","CLOSING_TIME")VALUES('Wed','73846954','4:00 pm','12:00 am');
INSERT INTO "OPENING_HOUR" ("DAY","RESTAURANT_ID","OPENING_TIME","CLOSING_TIME")VALUES('Thu','73846954','4:00 pm','12:00 am');
INSERT INTO "OPENING_HOUR" ("DAY","RESTAURANT_ID","OPENING_TIME","CLOSING_TIME")VALUES('Fri','73846954','4:00 pm','1:00 am');
INSERT INTO "OPENING_HOUR" ("DAY","RESTAURANT_ID","OPENING_TIME","CLOSING_TIME")VALUES('Sat','73846954','12:00 pm','1:00 am');
INSERT INTO "OPENING_HOUR" ("DAY","RESTAURANT_ID","OPENING_TIME","CLOSING_TIME")VALUES('Sun','73846954','Open now','12:00 am');
INSERT INTO "USER_REVIEW" ("RESTAURANT_ID","REVIEW_DATE","COMMENT","REVIEW_RATING")VALUES('73846954','2018-01-19 13:34:54','Good food with a fun and unique atmosphere. The people that work there are nice to tourists and most speak English. The food was amazing, but was served in...','5');
INSERT INTO "PHOTO" ("RESTAURANT_ID","PICTURE_URL")VALUES('73846954','https://s3-media2.fl.yelpcdn.com/photo/Ig4u-yjFTuVTq33ov9j1wg/o.jpg');
INSERT INTO "USER_REVIEW" ("RESTAURANT_ID","REVIEW_DATE","COMMENT","REVIEW_RATING")VALUES('73846954','2018-01-17 16:35:23','After the third night there the waiters recognized and promptly had my requested beer ready,... is that good or bad?  Coming from American i wasn''t used to...','5');
INSERT INTO "PHOTO" ("RESTAURANT_ID","PICTURE_URL")VALUES('73846954','https://s3-media2.fl.yelpcdn.com/photo/oSv4mhAIkE-4FXR0lO1dsQ/o.jpg');
INSERT INTO "USER_REVIEW" ("RESTAURANT_ID","REVIEW_DATE","COMMENT","REVIEW_RATING")VALUES('73846954','2017-11-14 11:33:39','The schnitzel is delicious, and the red cabbage is as well. They have a friendly, English-speaking staff, and the service is great. It is just below the...','5');
INSERT INTO "PHOTO" ("RESTAURANT_ID","PICTURE_URL")VALUES('73846954','https://s3-media4.fl.yelpcdn.com/photo/ZkFJ6Gq2IHY7367iTI2epQ/o.jpg');
INSERT INTO "RESTAURANT_RATING" ("RESTAURANT_ID","SCALE","OVERALL_RATING","SOURCE")VALUES('73846954','5','4.3','Google Map');
INSERT INTO "USER_REVIEW" ("RESTAURANT_ID","REVIEW_DATE","COMMENT","REVIEW_RATING")VALUES('73846954','2017-12-10','Fantastic food, brilliant staff, a definite go back to place.

The food is good old fashioned proper food. Guaranteed to not leave hungry. 

I measure a place by the amount of locals eating there and there were many, good sign! Anyone who was a tourist could be seen taking photos of the food, showing the size of the food and quality.

The staff made us feel very welcome and never rushed us. 

I would strongly recommend anyone to go to Tiergarten Quelle and enjoy the wonderful food and atmosphere','5');
INSERT INTO "USER_REVIEW" ("RESTAURANT_ID","REVIEW_DATE","COMMENT","REVIEW_RATING")VALUES('73846954','2017-10-29','Goulash soup tasty but too salty and i like salt!  The crispy knuckle was undercooked.  It should be cooked 4 hrs minimum. So the pork meat although cooked was very tough instead if tender as it should be.  And the skin was hard rather than crispy and completely un chewable.  If it once was good it no longer is.  Go somewhere else!','1');
INSERT INTO "USER_REVIEW" ("RESTAURANT_ID","REVIEW_DATE","COMMENT","REVIEW_RATING")VALUES('73846954','2017-11-28','Great beers on tap.  Small batch German style beers.  Traditional German fare.  This place takes reservations and is usually pretty busy at 8pm.  There is a biergarten for warm weather.  This is literally under the Tiergarten S station.  Definitely worth a visit.','5');
INSERT INTO "USER_REVIEW" ("RESTAURANT_ID","REVIEW_DATE","COMMENT","REVIEW_RATING")VALUES('73846954','2017-11-05','I''ve been here with my girlfriend, nice typical German food and really nice staff. Long wooden tables, pub style, with candles on it. Really nice atmosphere','5');
INSERT INTO "USER_REVIEW" ("RESTAURANT_ID","REVIEW_DATE","COMMENT","REVIEW_RATING")VALUES('73846954','2017-12-16','The best burger that I''ve ever eaten in my life, the service is not the best, we''ve waited nearly 2 hours because there was a mixup with our order but the waiting was worth the wonderful taste of the burger. You have to make reservations a day before you want to go there . Would definitely come back there and i definitely recommend to go there','4');
INSERT INTO "LOCATION" ("LOCATION_ID","LOCATION_TYPE","ADDRESS","LONGITUDE","LATITUDE")VALUES('123','R','Grolmanstr. 2110623 BerlinGermany','13.3212783605','52.5070407582');
INSERT INTO "RESTAURANT" ("RESTAURANT_ID","PRICERANGE","PHONE_NUMBER","WEBSITE")VALUES('14334786','€€','+49 30 60940932','east-restaurant.de');
INSERT INTO "CUISINE" ("RESTAURANT_ID","CUISINE_TYPE")VALUES('14334786','Chinese');
INSERT INTO "RESTAURANT_RATING" ("RESTAURANT_ID","SCALE","OVERALL_RATING","SOURCE")VALUES('14334786','5','4.5','Yelp');
INSERT INTO "RESTAURANT_FEATURE" ("RESTAURANT_ID","FEATURE_NAME","DESCRIPTION")VALUES('14334786','Takes Reservations','Yes');
INSERT INTO "RESTAURANT_FEATURE" ("RESTAURANT_ID","FEATURE_NAME","DESCRIPTION")VALUES('14334786','Delivery','No');
INSERT INTO "RESTAURANT_FEATURE" ("RESTAURANT_ID","FEATURE_NAME","DESCRIPTION")VALUES('14334786','Take-out','Yes');
INSERT INTO "RESTAURANT_FEATURE" ("RESTAURANT_ID","FEATURE_NAME","DESCRIPTION")VALUES('14334786','Accepted Cards','Credit, Debit');
INSERT INTO "RESTAURANT_FEATURE" ("RESTAURANT_ID","FEATURE_NAME","DESCRIPTION")VALUES('14334786','Parking','Street');
INSERT INTO "RESTAURANT_FEATURE" ("RESTAURANT_ID","FEATURE_NAME","DESCRIPTION")VALUES('14334786','Good for Kids','Yes');
INSERT INTO "RESTAURANT_FEATURE" ("RESTAURANT_ID","FEATURE_NAME","DESCRIPTION")VALUES('14334786','Good for Groups','Yes');
INSERT INTO "RESTAURANT_FEATURE" ("RESTAURANT_ID","FEATURE_NAME","DESCRIPTION")VALUES('14334786','Attire','Casual');
INSERT INTO "RESTAURANT_FEATURE" ("RESTAURANT_ID","FEATURE_NAME","DESCRIPTION")VALUES('14334786','Ambience','Casual');
INSERT INTO "RESTAURANT_FEATURE" ("RESTAURANT_ID","FEATURE_NAME","DESCRIPTION")VALUES('14334786','Noise Level','Average');
INSERT INTO "RESTAURANT_FEATURE" ("RESTAURANT_ID","FEATURE_NAME","DESCRIPTION")VALUES('14334786','Alcohol','Full Bar');
INSERT INTO "RESTAURANT_FEATURE" ("RESTAURANT_ID","FEATURE_NAME","DESCRIPTION")VALUES('14334786','Outdoor Seating','Yes');
INSERT INTO "RESTAURANT_FEATURE" ("RESTAURANT_ID","FEATURE_NAME","DESCRIPTION")VALUES('14334786','Wi-Fi','Free');
INSERT INTO "RESTAURANT_FEATURE" ("RESTAURANT_ID","FEATURE_NAME","DESCRIPTION")VALUES('14334786','Has TV','No');
INSERT INTO "RESTAURANT_FEATURE" ("RESTAURANT_ID","FEATURE_NAME","DESCRIPTION")VALUES('14334786','Caters','Yes');
INSERT INTO "OPENING_HOUR" ("DAY","RESTAURANT_ID","OPENING_TIME","CLOSING_TIME")VALUES('Mon','14334786','12:00 pm','10:00 pm');
INSERT INTO "OPENING_HOUR" ("DAY","RESTAURANT_ID","OPENING_TIME","CLOSING_TIME")VALUES('Tue','14334786','12:00 pm','10:00 pm');
INSERT INTO "OPENING_HOUR" ("DAY","RESTAURANT_ID","OPENING_TIME","CLOSING_TIME")VALUES('Wed','14334786','12:00 pm','10:00 pm');
INSERT INTO "OPENING_HOUR" ("DAY","RESTAURANT_ID","OPENING_TIME","CLOSING_TIME")VALUES('Thu','14334786','12:00 pm','10:00 pm');
INSERT INTO "OPENING_HOUR" ("DAY","RESTAURANT_ID","OPENING_TIME","CLOSING_TIME")VALUES('Fri','14334786','12:00 pm','10:00 pm');
INSERT INTO "OPENING_HOUR" ("DAY","RESTAURANT_ID","OPENING_TIME","CLOSING_TIME")VALUES('Sat','14334786','4:30 pm','10:30 pm');
INSERT INTO "USER_REVIEW" ("RESTAURANT_ID","REVIEW_DATE","COMMENT","REVIEW_RATING")VALUES('14334786','2017-07-26 13:43:01','This is a great Chinese restaurant. Food is great, spicy but acceptable because of the quality and the freshness of the food. Lots of Chinese restaurant is...','4');
INSERT INTO "USER_REVIEW" ("RESTAURANT_ID","REVIEW_DATE","COMMENT","REVIEW_RATING")VALUES('14334786','2015-06-08 05:31:47','Really good Chinese food! Had spicy chicken with pineapple, carrots and peppers. It was really solid. Nice interior, very clean and modern, white tablecloth...','4');
INSERT INTO "PHOTO" ("RESTAURANT_ID","PICTURE_URL")VALUES('14334786','https://s3-media3.fl.yelpcdn.com/photo/eLhNOwYXxVQfnOSwbLQRuA/o.jpg');
INSERT INTO "USER_REVIEW" ("RESTAURANT_ID","REVIEW_DATE","COMMENT","REVIEW_RATING")VALUES('14334786','2014-02-03 04:46:59','Best Chinese I know. Always delicious and friendly. Very reasonably priced as well.
Lunch menue is unbeatable in quality and price! Tastebuds what''ya say...','5');
INSERT INTO "PHOTO" ("RESTAURANT_ID","PICTURE_URL")VALUES('14334786','https://s3-media1.fl.yelpcdn.com/photo/ormD7a1AVI2K9GeXCzFYAg/o.jpg');
INSERT INTO "LOCATION" ("LOCATION_ID","LOCATION_TYPE","ADDRESS","LONGITUDE","LATITUDE")VALUES('124','R','Chausseestr. 810115 BerlinGermany','13.3863','52.5282');
INSERT INTO "RESTAURANT" ("RESTAURANT_ID","PRICERANGE","PHONE_NUMBER","WEBSITE")VALUES('71679996','€€€','+49 30 24628760','rutz-restaurant.de');
INSERT INTO "CUISINE" ("RESTAURANT_ID","CUISINE_TYPE")VALUES('71679996','Wine Bars');
INSERT INTO "CUISINE" ("RESTAURANT_ID","CUISINE_TYPE")VALUES('71679996','Modern European');
INSERT INTO "RESTAURANT_RATING" ("RESTAURANT_ID","SCALE","OVERALL_RATING","SOURCE")VALUES('71679996','5','4.5','Yelp');
INSERT INTO "RESTAURANT_FEATURE" ("RESTAURANT_ID","FEATURE_NAME","DESCRIPTION")VALUES('71679996','Takes Reservations','Yes');
INSERT INTO "RESTAURANT_FEATURE" ("RESTAURANT_ID","FEATURE_NAME","DESCRIPTION")VALUES('71679996','Delivery','No');
INSERT INTO "RESTAURANT_FEATURE" ("RESTAURANT_ID","FEATURE_NAME","DESCRIPTION")VALUES('71679996','Take-out','No');
INSERT INTO "RESTAURANT_FEATURE" ("RESTAURANT_ID","FEATURE_NAME","DESCRIPTION")VALUES('71679996','Accepted Cards','Credit, Debit');
INSERT INTO "RESTAURANT_FEATURE" ("RESTAURANT_ID","FEATURE_NAME","DESCRIPTION")VALUES('71679996','Parking','Garage, Street');
INSERT INTO "RESTAURANT_FEATURE" ("RESTAURANT_ID","FEATURE_NAME","DESCRIPTION")VALUES('71679996','Good for Kids','No');
INSERT INTO "RESTAURANT_FEATURE" ("RESTAURANT_ID","FEATURE_NAME","DESCRIPTION")VALUES('71679996','Good for Groups','Yes');
INSERT INTO "RESTAURANT_FEATURE" ("RESTAURANT_ID","FEATURE_NAME","DESCRIPTION")VALUES('71679996','Attire','Dressy');
INSERT INTO "RESTAURANT_FEATURE" ("RESTAURANT_ID","FEATURE_NAME","DESCRIPTION")VALUES('71679996','Noise Level','Quiet');
INSERT INTO "RESTAURANT_FEATURE" ("RESTAURANT_ID","FEATURE_NAME","DESCRIPTION")VALUES('71679996','Alcohol','Full Bar');
INSERT INTO "RESTAURANT_FEATURE" ("RESTAURANT_ID","FEATURE_NAME","DESCRIPTION")VALUES('71679996','Outdoor Seating','Yes');
INSERT INTO "RESTAURANT_FEATURE" ("RESTAURANT_ID","FEATURE_NAME","DESCRIPTION")VALUES('71679996','Wi-Fi','Free');
INSERT INTO "RESTAURANT_FEATURE" ("RESTAURANT_ID","FEATURE_NAME","DESCRIPTION")VALUES('71679996','Has TV','No');
INSERT INTO "RESTAURANT_FEATURE" ("RESTAURANT_ID","FEATURE_NAME","DESCRIPTION")VALUES('71679996','Caters','No');
INSERT INTO "OPENING_HOUR" ("DAY","RESTAURANT_ID","OPENING_TIME","CLOSING_TIME")VALUES('Mon','71679996','4:00 pm','11:00 pm');
INSERT INTO "OPENING_HOUR" ("DAY","RESTAURANT_ID","OPENING_TIME","CLOSING_TIME")VALUES('Tue','71679996','4:00 pm','11:00 pm');
INSERT INTO "OPENING_HOUR" ("DAY","RESTAURANT_ID","OPENING_TIME","CLOSING_TIME")VALUES('Wed','71679996','4:00 pm','11:00 pm');
INSERT INTO "OPENING_HOUR" ("DAY","RESTAURANT_ID","OPENING_TIME","CLOSING_TIME")VALUES('Thu','71679996','4:00 pm','11:00 pm');
INSERT INTO "OPENING_HOUR" ("DAY","RESTAURANT_ID","OPENING_TIME","CLOSING_TIME")VALUES('Fri','71679996','4:00 pm','11:00 pm');
INSERT INTO "USER_REVIEW" ("RESTAURANT_ID","REVIEW_DATE","COMMENT","REVIEW_RATING")VALUES('71679996','2017-09-21 15:17:19','Now THIS is a wine bar kids!  Superb and huge selection of wines that would make any oenophile squeal in delight like a tween girl at a Twilight...','5');
INSERT INTO "PHOTO" ("RESTAURANT_ID","PICTURE_URL")VALUES('71679996','https://s3-media2.fl.yelpcdn.com/photo/456nT2BsggKzNq24Ppyeeg/o.jpg');
INSERT INTO "USER_REVIEW" ("RESTAURANT_ID","REVIEW_DATE","COMMENT","REVIEW_RATING")VALUES('71679996','2016-09-25 13:27:04','This place is excellent! 
The beef tartare was superb. The steak was fantastic. The lady sommelier was very experienced and recommended a unique wine...','5');
INSERT INTO "PHOTO" ("RESTAURANT_ID","PICTURE_URL")VALUES('71679996','https://s3-media4.fl.yelpcdn.com/photo/yo1lJ0mLvkf9SdKzdNEHTQ/o.jpg');
INSERT INTO "USER_REVIEW" ("RESTAURANT_ID","REVIEW_DATE","COMMENT","REVIEW_RATING")VALUES('71679996','2015-03-29 20:25:45','WowwwwZZZZ!    The BEST  meal I''ve had in Berlin this last trip was at Weinbar Rutz.  It was crowded when I went and Ummmm was hesitant because of the...','4');
INSERT INTO "PHOTO" ("RESTAURANT_ID","PICTURE_URL")VALUES('71679996','https://s3-media2.fl.yelpcdn.com/photo/cr29vxWTzpUVOl1HmbInBQ/o.jpg');
INSERT INTO "LOCATION" ("LOCATION_ID","LOCATION_TYPE","ADDRESS","LONGITUDE","LATITUDE")VALUES('125','R','Leipziger Platz 1210117 BerlinGermany','13.380510807','52.5103932378');
INSERT INTO "RESTAURANT" ("RESTAURANT_ID","PRICERANGE","PHONE_NUMBER","WEBSITE")VALUES('92570363','€','+49 30 20621770','None');
INSERT INTO "CUISINE" ("RESTAURANT_ID","CUISINE_TYPE")VALUES('92570363','Vietnamese');
INSERT INTO "RESTAURANT_RATING" ("RESTAURANT_ID","SCALE","OVERALL_RATING","SOURCE")VALUES('92570363','5','4.0','Yelp');
INSERT INTO "RESTAURANT_FEATURE" ("RESTAURANT_ID","FEATURE_NAME","DESCRIPTION")VALUES('92570363','Takes Reservations','No');
INSERT INTO "RESTAURANT_FEATURE" ("RESTAURANT_ID","FEATURE_NAME","DESCRIPTION")VALUES('92570363','Delivery','No');
INSERT INTO "RESTAURANT_FEATURE" ("RESTAURANT_ID","FEATURE_NAME","DESCRIPTION")VALUES('92570363','Take-out','Yes');
INSERT INTO "RESTAURANT_FEATURE" ("RESTAURANT_ID","FEATURE_NAME","DESCRIPTION")VALUES('92570363','Good for Kids','Yes');
INSERT INTO "RESTAURANT_FEATURE" ("RESTAURANT_ID","FEATURE_NAME","DESCRIPTION")VALUES('92570363','Good for Groups','Yes');
INSERT INTO "RESTAURANT_FEATURE" ("RESTAURANT_ID","FEATURE_NAME","DESCRIPTION")VALUES('92570363','Attire','Casual');
INSERT INTO "RESTAURANT_FEATURE" ("RESTAURANT_ID","FEATURE_NAME","DESCRIPTION")VALUES('92570363','Outdoor Seating','No');
INSERT INTO "RESTAURANT_FEATURE" ("RESTAURANT_ID","FEATURE_NAME","DESCRIPTION")VALUES('92570363','Wi-Fi','Free');
INSERT INTO "RESTAURANT_FEATURE" ("RESTAURANT_ID","FEATURE_NAME","DESCRIPTION")VALUES('92570363','Has TV','No');
INSERT INTO "OPENING_HOUR" ("DAY","RESTAURANT_ID","OPENING_TIME","CLOSING_TIME")VALUES('Mon','92570363','10:00 am','9:00 pm');
INSERT INTO "OPENING_HOUR" ("DAY","RESTAURANT_ID","OPENING_TIME","CLOSING_TIME")VALUES('Tue','92570363','10:00 am','9:00 pm');
INSERT INTO "OPENING_HOUR" ("DAY","RESTAURANT_ID","OPENING_TIME","CLOSING_TIME")VALUES('Wed','92570363','10:00 am','9:00 pm');
INSERT INTO "OPENING_HOUR" ("DAY","RESTAURANT_ID","OPENING_TIME","CLOSING_TIME")VALUES('Thu','92570363','10:00 am','9:00 pm');
INSERT INTO "OPENING_HOUR" ("DAY","RESTAURANT_ID","OPENING_TIME","CLOSING_TIME")VALUES('Fri','92570363','10:00 am','9:00 pm');
INSERT INTO "OPENING_HOUR" ("DAY","RESTAURANT_ID","OPENING_TIME","CLOSING_TIME")VALUES('Sat','92570363','10:00 am','9:00 pm');
INSERT INTO "USER_REVIEW" ("RESTAURANT_ID","REVIEW_DATE","COMMENT","REVIEW_RATING")VALUES('92570363','2017-05-23 04:42:59','Same than all Asian restaurants in Germany, selling the same Currys, that taste exactly the same in all Vietnamese and Thai restaurants in Germany. It has...','2');
INSERT INTO "PHOTO" ("RESTAURANT_ID","PICTURE_URL")VALUES('92570363','https://s3-media2.fl.yelpcdn.com/photo/b3K_w79TxwNs2tI1kwZFew/o.jpg');
INSERT INTO "USER_REVIEW" ("RESTAURANT_ID","REVIEW_DATE","COMMENT","REVIEW_RATING")VALUES('92570363','2016-01-03 01:35:18','I had low expectations given the fact this place is in a mall food court. Looking for something vegan and gluten-free in a German mall typically means I am...','5');
INSERT INTO "PHOTO" ("RESTAURANT_ID","PICTURE_URL")VALUES('92570363','https://s3-media3.fl.yelpcdn.com/photo/dlJs8ZDNitylRXw5N2TvGQ/o.jpg');
INSERT INTO "USER_REVIEW" ("RESTAURANT_ID","REVIEW_DATE","COMMENT","REVIEW_RATING")VALUES('92570363','2016-08-20 13:22:18','It''s okay, I guess. 
If you want to eat cheap and not looking for quality, this might be the case. The waitress, who also was the lady behind the counter...','3');
INSERT INTO "PHOTO" ("RESTAURANT_ID","PICTURE_URL")VALUES('92570363','https://s3-media4.fl.yelpcdn.com/photo/3WslJD_uB1nyhMpqbuGZ3w/o.jpg');
INSERT INTO "LOCATION" ("LOCATION_ID","LOCATION_TYPE","ADDRESS","LONGITUDE","LATITUDE")VALUES('126','R','Tauroggener Str. 710589 BerlinGermany','13.30139','52.52411');
INSERT INTO "RESTAURANT" ("RESTAURANT_ID","PRICERANGE","PHONE_NUMBER","WEBSITE")VALUES('46709838','€','+49 30 33006562','None');
INSERT INTO "CUISINE" ("RESTAURANT_ID","CUISINE_TYPE")VALUES('46709838','Korean');
INSERT INTO "RESTAURANT_RATING" ("RESTAURANT_ID","SCALE","OVERALL_RATING","SOURCE")VALUES('46709838','5','4.0','Yelp');
INSERT INTO "RESTAURANT_FEATURE" ("RESTAURANT_ID","FEATURE_NAME","DESCRIPTION")VALUES('46709838','Takes Reservations','Yes');
INSERT INTO "RESTAURANT_FEATURE" ("RESTAURANT_ID","FEATURE_NAME","DESCRIPTION")VALUES('46709838','Delivery','No');
INSERT INTO "RESTAURANT_FEATURE" ("RESTAURANT_ID","FEATURE_NAME","DESCRIPTION")VALUES('46709838','Take-out','Yes');
INSERT INTO "RESTAURANT_FEATURE" ("RESTAURANT_ID","FEATURE_NAME","DESCRIPTION")VALUES('46709838','Good For','Lunch');
INSERT INTO "RESTAURANT_FEATURE" ("RESTAURANT_ID","FEATURE_NAME","DESCRIPTION")VALUES('46709838','Good for Kids','Yes');
INSERT INTO "RESTAURANT_FEATURE" ("RESTAURANT_ID","FEATURE_NAME","DESCRIPTION")VALUES('46709838','Good for Groups','Yes');
INSERT INTO "RESTAURANT_FEATURE" ("RESTAURANT_ID","FEATURE_NAME","DESCRIPTION")VALUES('46709838','Attire','Casual');
INSERT INTO "RESTAURANT_FEATURE" ("RESTAURANT_ID","FEATURE_NAME","DESCRIPTION")VALUES('46709838','Noise Level','Average');
INSERT INTO "RESTAURANT_FEATURE" ("RESTAURANT_ID","FEATURE_NAME","DESCRIPTION")VALUES('46709838','Alcohol','Beer & Wine Only');
INSERT INTO "RESTAURANT_FEATURE" ("RESTAURANT_ID","FEATURE_NAME","DESCRIPTION")VALUES('46709838','Outdoor Seating','No');
INSERT INTO "RESTAURANT_FEATURE" ("RESTAURANT_ID","FEATURE_NAME","DESCRIPTION")VALUES('46709838','Wi-Fi','No');
INSERT INTO "RESTAURANT_FEATURE" ("RESTAURANT_ID","FEATURE_NAME","DESCRIPTION")VALUES('46709838','Has TV','No');
INSERT INTO "RESTAURANT_FEATURE" ("RESTAURANT_ID","FEATURE_NAME","DESCRIPTION")VALUES('46709838','Caters','No');
INSERT INTO "OPENING_HOUR" ("DAY","RESTAURANT_ID","OPENING_TIME","CLOSING_TIME")VALUES('Mon','46709838','12:00 pm','10:00 am');
INSERT INTO "OPENING_HOUR" ("DAY","RESTAURANT_ID","OPENING_TIME","CLOSING_TIME")VALUES('Tue','46709838','12:00 pm','10:00 am');
INSERT INTO "OPENING_HOUR" ("DAY","RESTAURANT_ID","OPENING_TIME","CLOSING_TIME")VALUES('Wed','46709838','12:00 pm','10:00 am');
INSERT INTO "OPENING_HOUR" ("DAY","RESTAURANT_ID","OPENING_TIME","CLOSING_TIME")VALUES('Thu','46709838','12:00 pm','10:00 am');
INSERT INTO "OPENING_HOUR" ("DAY","RESTAURANT_ID","OPENING_TIME","CLOSING_TIME")VALUES('Fri','46709838','12:00 pm','10:00 am');
INSERT INTO "OPENING_HOUR" ("DAY","RESTAURANT_ID","OPENING_TIME","CLOSING_TIME")VALUES('Sat','46709838','12:00 pm','10:00 am');
INSERT INTO "OPENING_HOUR" ("DAY","RESTAURANT_ID","OPENING_TIME","CLOSING_TIME")VALUES('Sun','46709838','Open now','10:00 am');
INSERT INTO "USER_REVIEW" ("RESTAURANT_ID","REVIEW_DATE","COMMENT","REVIEW_RATING")VALUES('46709838','2015-07-19 12:38:14','The food is sooo delicious and u will get free Kimchi here. And the food is actually cheap when u see the size and the taste.','5');
INSERT INTO "PHOTO" ("RESTAURANT_ID","PICTURE_URL")VALUES('46709838','https://s3-media4.fl.yelpcdn.com/photo/feYfBePLqJYQRBe7MqDgRQ/o.jpg');
INSERT INTO "USER_REVIEW" ("RESTAURANT_ID","REVIEW_DATE","COMMENT","REVIEW_RATING")VALUES('46709838','2016-02-21 01:31:29','I love this place. It''s my favourite restaurant as of now in Berlin. I don''t know how authentic the Chinese dishes were because we didn''t order them, but...','5');
INSERT INTO "RESTAURANT_RATING" ("RESTAURANT_ID","SCALE","OVERALL_RATING","SOURCE")VALUES('46709838','5','4.1','Google Map');
INSERT INTO "USER_REVIEW" ("RESTAURANT_ID","REVIEW_DATE","COMMENT","REVIEW_RATING")VALUES('46709838','2017-11-05','Very good Korean restaurant. It''s one of my favorites. But you need to check out the end of the menue with the real/original korean stuff is. I espacalie like the noodles in black beans (Jajangmyeon)','5');
INSERT INTO "USER_REVIEW" ("RESTAURANT_ID","REVIEW_DATE","COMMENT","REVIEW_RATING")VALUES('46709838','2017-08-03','food is okay but the decoration is a bit lacking','3');
INSERT INTO "USER_REVIEW" ("RESTAURANT_ID","REVIEW_DATE","COMMENT","REVIEW_RATING")VALUES('46709838','2017-08-12','Korean Chinese food was naja','2');
INSERT INTO "USER_REVIEW" ("RESTAURANT_ID","REVIEW_DATE","COMMENT","REVIEW_RATING")VALUES('46709838','2017-11-02','Sehr gutes Preis-Leistungsverhältnis, Ambiente ist nicht überragend, aber sonst sauberer Laden. Meistens kann man hier ungestört zu Abendessen was ich als ruheliebender Mensch als großes Plus in Berlin empfinde. Waren jetzt schon mit mehreren Freunden dort und alle waren zufrieden mit ihrem Essen. Getränkeangebot ist auch völlig ok. 
Besonders haben es uns die Garnelengerichte angetan.
Die T-Gerichte sind ein absolutes Highlight, allerdings sollte man nicht gerade seine besten Sachen dabei an haben da die Platte auf denen serviert wird wirklich gerade aus dem Ofen kommen und Öl spritzen kann.','5');
INSERT INTO "USER_REVIEW" ("RESTAURANT_ID","REVIEW_DATE","COMMENT","REVIEW_RATING")VALUES('46709838','2017-07-17','Die Inhaberin, auch wenn sie nicht perfekt auf deutsch spricht, ist sehr nett. Das Essen ist authentisch, lecker und ziemlich günstig. Empfehlenswert. ','5');
INSERT INTO "LOCATION" ("LOCATION_ID","LOCATION_TYPE","ADDRESS","LONGITUDE","LATITUDE")VALUES('127','R','Dircksenstr. 3710178 BerlinGermany','13.4085081836','52.5231161015');
INSERT INTO "RESTAURANT" ("RESTAURANT_ID","PRICERANGE","PHONE_NUMBER","WEBSITE")VALUES('82260159','€€','+49 30 24724371','thai-inside.de');
INSERT INTO "CUISINE" ("RESTAURANT_ID","CUISINE_TYPE")VALUES('82260159','Thai');
INSERT INTO "CUISINE" ("RESTAURANT_ID","CUISINE_TYPE")VALUES('82260159','Bars');
INSERT INTO "CUISINE" ("RESTAURANT_ID","CUISINE_TYPE")VALUES('82260159','Pan Asian');
INSERT INTO "RESTAURANT_RATING" ("RESTAURANT_ID","SCALE","OVERALL_RATING","SOURCE")VALUES('82260159','5','4.0','Yelp');
INSERT INTO "RESTAURANT_FEATURE" ("RESTAURANT_ID","FEATURE_NAME","DESCRIPTION")VALUES('82260159','Takes Reservations','Yes');
INSERT INTO "RESTAURANT_FEATURE" ("RESTAURANT_ID","FEATURE_NAME","DESCRIPTION")VALUES('82260159','Delivery','No');
INSERT INTO "RESTAURANT_FEATURE" ("RESTAURANT_ID","FEATURE_NAME","DESCRIPTION")VALUES('82260159','Take-out','Yes');
INSERT INTO "RESTAURANT_FEATURE" ("RESTAURANT_ID","FEATURE_NAME","DESCRIPTION")VALUES('82260159','Accepted Cards','Credit, Debit');
INSERT INTO "RESTAURANT_FEATURE" ("RESTAURANT_ID","FEATURE_NAME","DESCRIPTION")VALUES('82260159','Parking','Street');
INSERT INTO "RESTAURANT_FEATURE" ("RESTAURANT_ID","FEATURE_NAME","DESCRIPTION")VALUES('82260159','Good for Kids','Yes');
INSERT INTO "RESTAURANT_FEATURE" ("RESTAURANT_ID","FEATURE_NAME","DESCRIPTION")VALUES('82260159','Good for Groups','Yes');
INSERT INTO "RESTAURANT_FEATURE" ("RESTAURANT_ID","FEATURE_NAME","DESCRIPTION")VALUES('82260159','Attire','Casual');
INSERT INTO "RESTAURANT_FEATURE" ("RESTAURANT_ID","FEATURE_NAME","DESCRIPTION")VALUES('82260159','Ambience','Casual');
INSERT INTO "RESTAURANT_FEATURE" ("RESTAURANT_ID","FEATURE_NAME","DESCRIPTION")VALUES('82260159','Noise Level','Average');
INSERT INTO "RESTAURANT_FEATURE" ("RESTAURANT_ID","FEATURE_NAME","DESCRIPTION")VALUES('82260159','Good For Dancing','No');
INSERT INTO "RESTAURANT_FEATURE" ("RESTAURANT_ID","FEATURE_NAME","DESCRIPTION")VALUES('82260159','Alcohol','Full Bar');
INSERT INTO "RESTAURANT_FEATURE" ("RESTAURANT_ID","FEATURE_NAME","DESCRIPTION")VALUES('82260159','Outdoor Seating','Yes');
INSERT INTO "RESTAURANT_FEATURE" ("RESTAURANT_ID","FEATURE_NAME","DESCRIPTION")VALUES('82260159','Wi-Fi','No');
INSERT INTO "RESTAURANT_FEATURE" ("RESTAURANT_ID","FEATURE_NAME","DESCRIPTION")VALUES('82260159','Has TV','No');
INSERT INTO "RESTAURANT_FEATURE" ("RESTAURANT_ID","FEATURE_NAME","DESCRIPTION")VALUES('82260159','Caters','No');
INSERT INTO "RESTAURANT_FEATURE" ("RESTAURANT_ID","FEATURE_NAME","DESCRIPTION")VALUES('82260159','Has Pool Table','No');
INSERT INTO "OPENING_HOUR" ("DAY","RESTAURANT_ID","OPENING_TIME","CLOSING_TIME")VALUES('Mon','82260159','12:00 pm','12:00 am');
INSERT INTO "OPENING_HOUR" ("DAY","RESTAURANT_ID","OPENING_TIME","CLOSING_TIME")VALUES('Tue','82260159','12:00 pm','12:00 am');
INSERT INTO "OPENING_HOUR" ("DAY","RESTAURANT_ID","OPENING_TIME","CLOSING_TIME")VALUES('Wed','82260159','12:00 pm','12:00 am');
INSERT INTO "OPENING_HOUR" ("DAY","RESTAURANT_ID","OPENING_TIME","CLOSING_TIME")VALUES('Thu','82260159','12:00 pm','12:00 am');
INSERT INTO "OPENING_HOUR" ("DAY","RESTAURANT_ID","OPENING_TIME","CLOSING_TIME")VALUES('Fri','82260159','12:00 pm','12:00 am');
INSERT INTO "OPENING_HOUR" ("DAY","RESTAURANT_ID","OPENING_TIME","CLOSING_TIME")VALUES('Sat','82260159','12:00 pm','12:00 am');
INSERT INTO "OPENING_HOUR" ("DAY","RESTAURANT_ID","OPENING_TIME","CLOSING_TIME")VALUES('Sun','82260159','Open now','12:00 am');
INSERT INTO "USER_REVIEW" ("RESTAURANT_ID","REVIEW_DATE","COMMENT","REVIEW_RATING")VALUES('82260159','2017-10-30 16:03:11','Considering that most Thai food places we have tried in Berlin so far were somewhat disappointing, we were really surprised to find Thai Inside. Pricy, as...','4');
INSERT INTO "PHOTO" ("RESTAURANT_ID","PICTURE_URL")VALUES('82260159','https://s3-media4.fl.yelpcdn.com/photo/joUHcUqyF4FJs0OZoL1i4Q/o.jpg');
INSERT INTO "USER_REVIEW" ("RESTAURANT_ID","REVIEW_DATE","COMMENT","REVIEW_RATING")VALUES('82260159','2017-12-02 13:40:58','Unbelievable, Apparently closes at midnight but the kitchen was closed at ten.  Many tables were open at the restaurant but the reason given was the kitchen...','1');
INSERT INTO "USER_REVIEW" ("RESTAURANT_ID","REVIEW_DATE","COMMENT","REVIEW_RATING")VALUES('82260159','2017-07-29 11:36:25','A bit pricy for the taste. Don''t get me wrong, the food is delicious and served beautifully, but taste is average, so IMO it is not worth more than 3.5...','3');
INSERT INTO "PHOTO" ("RESTAURANT_ID","PICTURE_URL")VALUES('82260159','https://s3-media4.fl.yelpcdn.com/photo/nbuL_jlHM5Wsf7cGtpt-4A/o.jpg');
INSERT INTO "LOCATION" ("LOCATION_ID","LOCATION_TYPE","ADDRESS","LONGITUDE","LATITUDE")VALUES('128','R','Wichertstr. 4310409 BerlinGermany','13.42709','52.54619');
INSERT INTO "RESTAURANT" ("RESTAURANT_ID","PRICERANGE","PHONE_NUMBER","WEBSITE")VALUES('12522722','€€','+49 30 89642113','laoxiang.de');
INSERT INTO "CUISINE" ("RESTAURANT_ID","CUISINE_TYPE")VALUES('12522722','Chinese');
INSERT INTO "RESTAURANT_RATING" ("RESTAURANT_ID","SCALE","OVERALL_RATING","SOURCE")VALUES('12522722','5','4.5','Yelp');
INSERT INTO "RESTAURANT_FEATURE" ("RESTAURANT_ID","FEATURE_NAME","DESCRIPTION")VALUES('12522722','Takes Reservations','Yes');
INSERT INTO "RESTAURANT_FEATURE" ("RESTAURANT_ID","FEATURE_NAME","DESCRIPTION")VALUES('12522722','Delivery','No');
INSERT INTO "RESTAURANT_FEATURE" ("RESTAURANT_ID","FEATURE_NAME","DESCRIPTION")VALUES('12522722','Take-out','Yes');
INSERT INTO "RESTAURANT_FEATURE" ("RESTAURANT_ID","FEATURE_NAME","DESCRIPTION")VALUES('12522722','Accepted Cards','Debit');
INSERT INTO "RESTAURANT_FEATURE" ("RESTAURANT_ID","FEATURE_NAME","DESCRIPTION")VALUES('12522722','Good For','Lunch');
INSERT INTO "RESTAURANT_FEATURE" ("RESTAURANT_ID","FEATURE_NAME","DESCRIPTION")VALUES('12522722','Good for Kids','Yes');
INSERT INTO "RESTAURANT_FEATURE" ("RESTAURANT_ID","FEATURE_NAME","DESCRIPTION")VALUES('12522722','Good for Groups','Yes');
INSERT INTO "RESTAURANT_FEATURE" ("RESTAURANT_ID","FEATURE_NAME","DESCRIPTION")VALUES('12522722','Attire','Casual');
INSERT INTO "RESTAURANT_FEATURE" ("RESTAURANT_ID","FEATURE_NAME","DESCRIPTION")VALUES('12522722','Noise Level','Quiet');
INSERT INTO "RESTAURANT_FEATURE" ("RESTAURANT_ID","FEATURE_NAME","DESCRIPTION")VALUES('12522722','Outdoor Seating','Yes');
INSERT INTO "RESTAURANT_FEATURE" ("RESTAURANT_ID","FEATURE_NAME","DESCRIPTION")VALUES('12522722','Has TV','No');
INSERT INTO "RESTAURANT_FEATURE" ("RESTAURANT_ID","FEATURE_NAME","DESCRIPTION")VALUES('12522722','Waiter Service','Yes');
INSERT INTO "OPENING_HOUR" ("DAY","RESTAURANT_ID","OPENING_TIME","CLOSING_TIME")VALUES('Mon','12522722','12:00 pm','11:30 pm');
INSERT INTO "OPENING_HOUR" ("DAY","RESTAURANT_ID","OPENING_TIME","CLOSING_TIME")VALUES('Tue','12522722','12:00 pm','11:30 pm');
INSERT INTO "OPENING_HOUR" ("DAY","RESTAURANT_ID","OPENING_TIME","CLOSING_TIME")VALUES('Wed','12522722','12:00 pm','11:30 pm');
INSERT INTO "OPENING_HOUR" ("DAY","RESTAURANT_ID","OPENING_TIME","CLOSING_TIME")VALUES('Thu','12522722','12:00 pm','11:30 pm');
INSERT INTO "OPENING_HOUR" ("DAY","RESTAURANT_ID","OPENING_TIME","CLOSING_TIME")VALUES('Fri','12522722','12:00 pm','11:30 pm');
INSERT INTO "OPENING_HOUR" ("DAY","RESTAURANT_ID","OPENING_TIME","CLOSING_TIME")VALUES('Sat','12522722','12:00 pm','11:30 pm');
INSERT INTO "OPENING_HOUR" ("DAY","RESTAURANT_ID","OPENING_TIME","CLOSING_TIME")VALUES('Sun','12522722','Open now','11:30 pm');
INSERT INTO "USER_REVIEW" ("RESTAURANT_ID","REVIEW_DATE","COMMENT","REVIEW_RATING")VALUES('12522722','2017-09-22 06:48:20','We enjoyed the cold wood ear salad/ fish congee/ pork buns/ cumin lamb. Cool atmosphere','4');
INSERT INTO "PHOTO" ("RESTAURANT_ID","PICTURE_URL")VALUES('12522722','https://s3-media2.fl.yelpcdn.com/photo/VMXJrB9-zMwom0foPD4UTg/o.jpg');
INSERT INTO "USER_REVIEW" ("RESTAURANT_ID","REVIEW_DATE","COMMENT","REVIEW_RATING")VALUES('12522722','2017-06-28 09:24:13','3* is for the nice staff.  Food really is disappointing.  Not quality ingredients & uses cheap substitutes.  Dishes came out different than in the menu...','3');
INSERT INTO "USER_REVIEW" ("RESTAURANT_ID","REVIEW_DATE","COMMENT","REVIEW_RATING")VALUES('12522722','2016-06-11 14:58:12','This is difficult for me to admit, but yes-I am a closet yelper. I have rarely been satisfied enough by my meal to consider cracking open the door of...','5');
INSERT INTO "PHOTO" ("RESTAURANT_ID","PICTURE_URL")VALUES('12522722','https://s3-media3.fl.yelpcdn.com/photo/yKnQzxAj6RK296gtSo0XuA/o.jpg');
INSERT INTO "LOCATION" ("LOCATION_ID","LOCATION_TYPE","ADDRESS","LONGITUDE","LATITUDE")VALUES('129','R','Motzstr. 5410777 BerlinGermany','13.3428881','52.4962239');
INSERT INTO "RESTAURANT" ("RESTAURANT_ID","PRICERANGE","PHONE_NUMBER","WEBSITE")VALUES('69999577','€€','+49 30 2143655','ribaltone.de');
INSERT INTO "CUISINE" ("RESTAURANT_ID","CUISINE_TYPE")VALUES('69999577','Italian');
INSERT INTO "RESTAURANT_RATING" ("RESTAURANT_ID","SCALE","OVERALL_RATING","SOURCE")VALUES('69999577','5','4.5','Yelp');
INSERT INTO "RESTAURANT_FEATURE" ("RESTAURANT_ID","FEATURE_NAME","DESCRIPTION")VALUES('69999577','Takes Reservations','Yes');
INSERT INTO "RESTAURANT_FEATURE" ("RESTAURANT_ID","FEATURE_NAME","DESCRIPTION")VALUES('69999577','Delivery','No');
INSERT INTO "RESTAURANT_FEATURE" ("RESTAURANT_ID","FEATURE_NAME","DESCRIPTION")VALUES('69999577','Take-out','No');
INSERT INTO "RESTAURANT_FEATURE" ("RESTAURANT_ID","FEATURE_NAME","DESCRIPTION")VALUES('69999577','Accepted Cards','None');
INSERT INTO "RESTAURANT_FEATURE" ("RESTAURANT_ID","FEATURE_NAME","DESCRIPTION")VALUES('69999577','Good For','Dinner');
INSERT INTO "RESTAURANT_FEATURE" ("RESTAURANT_ID","FEATURE_NAME","DESCRIPTION")VALUES('69999577','Parking','Street');
INSERT INTO "RESTAURANT_FEATURE" ("RESTAURANT_ID","FEATURE_NAME","DESCRIPTION")VALUES('69999577','Good for Kids','Yes');
INSERT INTO "RESTAURANT_FEATURE" ("RESTAURANT_ID","FEATURE_NAME","DESCRIPTION")VALUES('69999577','Good for Groups','Yes');
INSERT INTO "RESTAURANT_FEATURE" ("RESTAURANT_ID","FEATURE_NAME","DESCRIPTION")VALUES('69999577','Attire','Casual');
INSERT INTO "RESTAURANT_FEATURE" ("RESTAURANT_ID","FEATURE_NAME","DESCRIPTION")VALUES('69999577','Noise Level','Average');
INSERT INTO "RESTAURANT_FEATURE" ("RESTAURANT_ID","FEATURE_NAME","DESCRIPTION")VALUES('69999577','Alcohol','Beer & Wine Only');
INSERT INTO "RESTAURANT_FEATURE" ("RESTAURANT_ID","FEATURE_NAME","DESCRIPTION")VALUES('69999577','Outdoor Seating','Yes');
INSERT INTO "RESTAURANT_FEATURE" ("RESTAURANT_ID","FEATURE_NAME","DESCRIPTION")VALUES('69999577','Wi-Fi','No');
INSERT INTO "RESTAURANT_FEATURE" ("RESTAURANT_ID","FEATURE_NAME","DESCRIPTION")VALUES('69999577','Has TV','No');
INSERT INTO "RESTAURANT_FEATURE" ("RESTAURANT_ID","FEATURE_NAME","DESCRIPTION")VALUES('69999577','Waiter Service','Yes');
INSERT INTO "RESTAURANT_FEATURE" ("RESTAURANT_ID","FEATURE_NAME","DESCRIPTION")VALUES('69999577','Caters','No');
INSERT INTO "OPENING_HOUR" ("DAY","RESTAURANT_ID","OPENING_TIME","CLOSING_TIME")VALUES('Mon','69999577','5:00 pm','12:00 am');
INSERT INTO "OPENING_HOUR" ("DAY","RESTAURANT_ID","OPENING_TIME","CLOSING_TIME")VALUES('Tue','69999577','5:00 pm','12:00 am');
INSERT INTO "OPENING_HOUR" ("DAY","RESTAURANT_ID","OPENING_TIME","CLOSING_TIME")VALUES('Wed','69999577','5:00 pm','12:00 am');
INSERT INTO "OPENING_HOUR" ("DAY","RESTAURANT_ID","OPENING_TIME","CLOSING_TIME")VALUES('Thu','69999577','5:00 pm','12:00 am');
INSERT INTO "OPENING_HOUR" ("DAY","RESTAURANT_ID","OPENING_TIME","CLOSING_TIME")VALUES('Fri','69999577','5:00 pm','12:00 am');
INSERT INTO "OPENING_HOUR" ("DAY","RESTAURANT_ID","OPENING_TIME","CLOSING_TIME")VALUES('Sat','69999577','5:00 pm','12:00 am');
INSERT INTO "OPENING_HOUR" ("DAY","RESTAURANT_ID","OPENING_TIME","CLOSING_TIME")VALUES('Sun','69999577','Open now','12:00 am');
INSERT INTO "USER_REVIEW" ("RESTAURANT_ID","REVIEW_DATE","COMMENT","REVIEW_RATING")VALUES('69999577','2017-09-13 16:45:23','An excellent and deservedly popular Italian located on the delightful Viktoria Luise Platz.

The restaurant has a small outside eating area at the front,...','5');
INSERT INTO "PHOTO" ("RESTAURANT_ID","PICTURE_URL")VALUES('69999577','https://s3-media3.fl.yelpcdn.com/photo/bOtz953cqs4tYAdiHwYigQ/o.jpg');
INSERT INTO "USER_REVIEW" ("RESTAURANT_ID","REVIEW_DATE","COMMENT","REVIEW_RATING")VALUES('69999577','2015-06-18 07:47:57','Definitely a foody place! Reservation is needed. Small place with big appetite...offer traditional Italian dishes. If you have been experienced Italian...','5');
INSERT INTO "PHOTO" ("RESTAURANT_ID","PICTURE_URL")VALUES('69999577','https://s3-media1.fl.yelpcdn.com/photo/PeocJWSPHHL25r_15aBeYg/o.jpg');
INSERT INTO "USER_REVIEW" ("RESTAURANT_ID","REVIEW_DATE","COMMENT","REVIEW_RATING")VALUES('69999577','2015-08-19 01:13:45','My companion and I were here last night for a spontaneous dinner date. We called around 18:30 asking if they still had a free table that evening, and when...','5');
INSERT INTO "PHOTO" ("RESTAURANT_ID","PICTURE_URL")VALUES('69999577','https://s3-media1.fl.yelpcdn.com/photo/ToTju2zYCHa7hPAMdeK58w/o.jpg');
INSERT INTO "LOCATION" ("LOCATION_ID","LOCATION_TYPE","ADDRESS","LONGITUDE","LATITUDE")VALUES('130','R','Eisenacher Str. 4810823 BerlinGermany','13.3493030292','52.4877934078');
INSERT INTO "RESTAURANT" ("RESTAURANT_ID","PRICERANGE","PHONE_NUMBER","WEBSITE")VALUES('35795769','€€','+49 30 30360275','pequena-habana.de');
INSERT INTO "CUISINE" ("RESTAURANT_ID","CUISINE_TYPE")VALUES('35795769','Caribbean');
INSERT INTO "RESTAURANT_RATING" ("RESTAURANT_ID","SCALE","OVERALL_RATING","SOURCE")VALUES('35795769','5','4.5','Yelp');
INSERT INTO "RESTAURANT_FEATURE" ("RESTAURANT_ID","FEATURE_NAME","DESCRIPTION")VALUES('35795769','Takes Reservations','Yes');
INSERT INTO "RESTAURANT_FEATURE" ("RESTAURANT_ID","FEATURE_NAME","DESCRIPTION")VALUES('35795769','Delivery','No');
INSERT INTO "RESTAURANT_FEATURE" ("RESTAURANT_ID","FEATURE_NAME","DESCRIPTION")VALUES('35795769','Take-out','No');
INSERT INTO "RESTAURANT_FEATURE" ("RESTAURANT_ID","FEATURE_NAME","DESCRIPTION")VALUES('35795769','Good For','Dinner');
INSERT INTO "RESTAURANT_FEATURE" ("RESTAURANT_ID","FEATURE_NAME","DESCRIPTION")VALUES('35795769','Good for Kids','No');
INSERT INTO "RESTAURANT_FEATURE" ("RESTAURANT_ID","FEATURE_NAME","DESCRIPTION")VALUES('35795769','Good for Groups','Yes');
INSERT INTO "RESTAURANT_FEATURE" ("RESTAURANT_ID","FEATURE_NAME","DESCRIPTION")VALUES('35795769','Attire','Casual');
INSERT INTO "RESTAURANT_FEATURE" ("RESTAURANT_ID","FEATURE_NAME","DESCRIPTION")VALUES('35795769','Ambience','Casual');
INSERT INTO "RESTAURANT_FEATURE" ("RESTAURANT_ID","FEATURE_NAME","DESCRIPTION")VALUES('35795769','Noise Level','Average');
INSERT INTO "RESTAURANT_FEATURE" ("RESTAURANT_ID","FEATURE_NAME","DESCRIPTION")VALUES('35795769','Alcohol','Full Bar');
INSERT INTO "RESTAURANT_FEATURE" ("RESTAURANT_ID","FEATURE_NAME","DESCRIPTION")VALUES('35795769','Outdoor Seating','Yes');
INSERT INTO "RESTAURANT_FEATURE" ("RESTAURANT_ID","FEATURE_NAME","DESCRIPTION")VALUES('35795769','Has TV','Yes');
INSERT INTO "RESTAURANT_FEATURE" ("RESTAURANT_ID","FEATURE_NAME","DESCRIPTION")VALUES('35795769','Waiter Service','Yes');
INSERT INTO "OPENING_HOUR" ("DAY","RESTAURANT_ID","OPENING_TIME","CLOSING_TIME")VALUES('Mon','35795769','5:00 pm','11:30 pm');
INSERT INTO "OPENING_HOUR" ("DAY","RESTAURANT_ID","OPENING_TIME","CLOSING_TIME")VALUES('Tue','35795769','5:00 pm','11:30 pm');
INSERT INTO "OPENING_HOUR" ("DAY","RESTAURANT_ID","OPENING_TIME","CLOSING_TIME")VALUES('Wed','35795769','5:00 pm','11:30 pm');
INSERT INTO "OPENING_HOUR" ("DAY","RESTAURANT_ID","OPENING_TIME","CLOSING_TIME")VALUES('Thu','35795769','5:00 pm','11:30 pm');
INSERT INTO "OPENING_HOUR" ("DAY","RESTAURANT_ID","OPENING_TIME","CLOSING_TIME")VALUES('Fri','35795769','5:00 pm','11:30 pm');
INSERT INTO "OPENING_HOUR" ("DAY","RESTAURANT_ID","OPENING_TIME","CLOSING_TIME")VALUES('Sat','35795769','Open now','11:00 pm');
INSERT INTO "USER_REVIEW" ("RESTAURANT_ID","REVIEW_DATE","COMMENT","REVIEW_RATING")VALUES('35795769','2017-01-30 11:27:42','Came here with 2 friends. All of us ordered a meal and a cocktail. We all were still hungry when we left and had to stop for a second dinner. 
If  you are...','2');
INSERT INTO "PHOTO" ("RESTAURANT_ID","PICTURE_URL")VALUES('35795769','https://s3-media1.fl.yelpcdn.com/photo/ePwPayg3wUXEga-vqcqpqQ/o.jpg');
INSERT INTO "USER_REVIEW" ("RESTAURANT_ID","REVIEW_DATE","COMMENT","REVIEW_RATING")VALUES('35795769','2016-11-03 14:30:30','I was on my way with friends of mine and we just got out of "Rum Depot" right around the corner, so we were really pleased to see decent rum on their menu...','5');
INSERT INTO "PHOTO" ("RESTAURANT_ID","PICTURE_URL")VALUES('35795769','https://s3-media2.fl.yelpcdn.com/photo/0sz0PfgH1WWMqoPyQORlBQ/o.jpg');
INSERT INTO "USER_REVIEW" ("RESTAURANT_ID","REVIEW_DATE","COMMENT","REVIEW_RATING")VALUES('35795769','2016-08-04 21:36:37','This restaurant is amazing. I consider myself to be a very picky eater, and the ropa vieja at this restaurant was one of the best I have ever had. I usually...','5');
INSERT INTO "PHOTO" ("RESTAURANT_ID","PICTURE_URL")VALUES('35795769','https://s3-media1.fl.yelpcdn.com/photo/OYVeqgeynLwhEBkNoiWYbw/o.jpg');
INSERT INTO "LOCATION" ("LOCATION_ID","LOCATION_TYPE","ADDRESS","LONGITUDE","LATITUDE")VALUES('131','R','Jägerstr. 7010117 BerlinGermany','13.38688','52.51384');
INSERT INTO "RESTAURANT" ("RESTAURANT_ID","PRICERANGE","PHONE_NUMBER","WEBSITE")VALUES('46751230','€€','+49 30 24630456','None');
INSERT INTO "CUISINE" ("RESTAURANT_ID","CUISINE_TYPE")VALUES('46751230','Italian');
INSERT INTO "RESTAURANT_RATING" ("RESTAURANT_ID","SCALE","OVERALL_RATING","SOURCE")VALUES('46751230','5','4.5','Yelp');
INSERT INTO "RESTAURANT_FEATURE" ("RESTAURANT_ID","FEATURE_NAME","DESCRIPTION")VALUES('46751230','Takes Reservations','Yes');
INSERT INTO "RESTAURANT_FEATURE" ("RESTAURANT_ID","FEATURE_NAME","DESCRIPTION")VALUES('46751230','Delivery','No');
INSERT INTO "RESTAURANT_FEATURE" ("RESTAURANT_ID","FEATURE_NAME","DESCRIPTION")VALUES('46751230','Take-out','No');
INSERT INTO "RESTAURANT_FEATURE" ("RESTAURANT_ID","FEATURE_NAME","DESCRIPTION")VALUES('46751230','Good for Kids','Yes');
INSERT INTO "RESTAURANT_FEATURE" ("RESTAURANT_ID","FEATURE_NAME","DESCRIPTION")VALUES('46751230','Good for Groups','Yes');
INSERT INTO "RESTAURANT_FEATURE" ("RESTAURANT_ID","FEATURE_NAME","DESCRIPTION")VALUES('46751230','Attire','Casual');
INSERT INTO "RESTAURANT_FEATURE" ("RESTAURANT_ID","FEATURE_NAME","DESCRIPTION")VALUES('46751230','Noise Level','Average');
INSERT INTO "RESTAURANT_FEATURE" ("RESTAURANT_ID","FEATURE_NAME","DESCRIPTION")VALUES('46751230','Alcohol','Full Bar');
INSERT INTO "RESTAURANT_FEATURE" ("RESTAURANT_ID","FEATURE_NAME","DESCRIPTION")VALUES('46751230','Outdoor Seating','Yes');
INSERT INTO "RESTAURANT_FEATURE" ("RESTAURANT_ID","FEATURE_NAME","DESCRIPTION")VALUES('46751230','Wi-Fi','No');
INSERT INTO "RESTAURANT_FEATURE" ("RESTAURANT_ID","FEATURE_NAME","DESCRIPTION")VALUES('46751230','Has TV','No');
INSERT INTO "OPENING_HOUR" ("DAY","RESTAURANT_ID","OPENING_TIME","CLOSING_TIME")VALUES('Mon','46751230','12:00 pm','11:00 pm');
INSERT INTO "OPENING_HOUR" ("DAY","RESTAURANT_ID","OPENING_TIME","CLOSING_TIME")VALUES('Tue','46751230','12:00 pm','11:00 pm');
INSERT INTO "OPENING_HOUR" ("DAY","RESTAURANT_ID","OPENING_TIME","CLOSING_TIME")VALUES('Wed','46751230','12:00 pm','11:00 pm');
INSERT INTO "OPENING_HOUR" ("DAY","RESTAURANT_ID","OPENING_TIME","CLOSING_TIME")VALUES('Thu','46751230','12:00 pm','11:00 pm');
INSERT INTO "OPENING_HOUR" ("DAY","RESTAURANT_ID","OPENING_TIME","CLOSING_TIME")VALUES('Fri','46751230','12:00 pm','11:00 pm');
INSERT INTO "OPENING_HOUR" ("DAY","RESTAURANT_ID","OPENING_TIME","CLOSING_TIME")VALUES('Sat','46751230','5:00 pm','11:00 pm');
INSERT INTO "USER_REVIEW" ("RESTAURANT_ID","REVIEW_DATE","COMMENT","REVIEW_RATING")VALUES('46751230','2017-10-12 14:45:58','The best hospitality I have ever experienced at a restaurant. Mario - one of the brothers who runs this place is such a pleasant person. When his brother is...','5');
INSERT INTO "PHOTO" ("RESTAURANT_ID","PICTURE_URL")VALUES('46751230','https://s3-media4.fl.yelpcdn.com/photo/unuZAEZ__XXAMxIl7Cyh2w/o.jpg');
INSERT INTO "USER_REVIEW" ("RESTAURANT_ID","REVIEW_DATE","COMMENT","REVIEW_RATING")VALUES('46751230','2016-12-29 12:57:44','Considering price and quality you will have a great evening here. Homemade food and great friendly service.  Anti past can be shared and the prosecco does...','4');
INSERT INTO "PHOTO" ("RESTAURANT_ID","PICTURE_URL")VALUES('46751230','https://s3-media2.fl.yelpcdn.com/photo/CbXNuF0Ew9SbAdRUmW4tHA/o.jpg');
INSERT INTO "USER_REVIEW" ("RESTAURANT_ID","REVIEW_DATE","COMMENT","REVIEW_RATING")VALUES('46751230','2017-05-16 13:53:39','Excellent supper. From the beginning you feel welcome and appreciated. The server runs the place with his brother, and it''s clearly something they really...','5');
INSERT INTO "LOCATION" ("LOCATION_ID","LOCATION_TYPE","ADDRESS","LONGITUDE","LATITUDE")VALUES('132','R','Lychener Str. 610437 BerlinGermany','13.41526','52.54142');
INSERT INTO "RESTAURANT" ("RESTAURANT_ID","PRICERANGE","PHONE_NUMBER","WEBSITE")VALUES('8063353','Unknown','None','None');
INSERT INTO "CUISINE" ("RESTAURANT_ID","CUISINE_TYPE")VALUES('8063353','American (Traditional)');
INSERT INTO "CUISINE" ("RESTAURANT_ID","CUISINE_TYPE")VALUES('8063353','Waffles');
INSERT INTO "RESTAURANT_RATING" ("RESTAURANT_ID","SCALE","OVERALL_RATING","SOURCE")VALUES('8063353','5','4.0','Yelp');
INSERT INTO "USER_REVIEW" ("RESTAURANT_ID","REVIEW_DATE","COMMENT","REVIEW_RATING")VALUES('8063353','2017-11-20 13:23:15','Nestled in the calm neighborhood of Prenzlauer Berg, Southern Vittles is a more than welcome addition to the American food landscape in icy Berlin. Managed...','4');
INSERT INTO "LOCATION" ("LOCATION_ID","LOCATION_TYPE","ADDRESS","LONGITUDE","LATITUDE")VALUES('133','R','Rosa-Luxemburg-Str. 710178 BerlinGermany','13.409277','52.523781');
INSERT INTO "RESTAURANT" ("RESTAURANT_ID","PRICERANGE","PHONE_NUMBER","WEBSITE")VALUES('51745351','€','+49 30 28099597','dolores-berlin.de');
INSERT INTO "CUISINE" ("RESTAURANT_ID","CUISINE_TYPE")VALUES('51745351','Mexican');
INSERT INTO "RESTAURANT_RATING" ("RESTAURANT_ID","SCALE","OVERALL_RATING","SOURCE")VALUES('51745351','5','4.0','Yelp');
INSERT INTO "RESTAURANT_FEATURE" ("RESTAURANT_ID","FEATURE_NAME","DESCRIPTION")VALUES('51745351','Takes Reservations','No');
INSERT INTO "RESTAURANT_FEATURE" ("RESTAURANT_ID","FEATURE_NAME","DESCRIPTION")VALUES('51745351','Delivery','No');
INSERT INTO "RESTAURANT_FEATURE" ("RESTAURANT_ID","FEATURE_NAME","DESCRIPTION")VALUES('51745351','Take-out','Yes');
INSERT INTO "RESTAURANT_FEATURE" ("RESTAURANT_ID","FEATURE_NAME","DESCRIPTION")VALUES('51745351','Accepted Cards','None');
INSERT INTO "RESTAURANT_FEATURE" ("RESTAURANT_ID","FEATURE_NAME","DESCRIPTION")VALUES('51745351','Good For','Lunch');
INSERT INTO "RESTAURANT_FEATURE" ("RESTAURANT_ID","FEATURE_NAME","DESCRIPTION")VALUES('51745351','Parking','Street');
INSERT INTO "RESTAURANT_FEATURE" ("RESTAURANT_ID","FEATURE_NAME","DESCRIPTION")VALUES('51745351','Good for Kids','Yes');
INSERT INTO "RESTAURANT_FEATURE" ("RESTAURANT_ID","FEATURE_NAME","DESCRIPTION")VALUES('51745351','Good for Groups','Yes');
INSERT INTO "RESTAURANT_FEATURE" ("RESTAURANT_ID","FEATURE_NAME","DESCRIPTION")VALUES('51745351','Attire','Casual');
INSERT INTO "RESTAURANT_FEATURE" ("RESTAURANT_ID","FEATURE_NAME","DESCRIPTION")VALUES('51745351','Ambience','Casual');
INSERT INTO "RESTAURANT_FEATURE" ("RESTAURANT_ID","FEATURE_NAME","DESCRIPTION")VALUES('51745351','Noise Level','Loud');
INSERT INTO "RESTAURANT_FEATURE" ("RESTAURANT_ID","FEATURE_NAME","DESCRIPTION")VALUES('51745351','Alcohol','Beer & Wine Only');
INSERT INTO "RESTAURANT_FEATURE" ("RESTAURANT_ID","FEATURE_NAME","DESCRIPTION")VALUES('51745351','Outdoor Seating','Yes');
INSERT INTO "RESTAURANT_FEATURE" ("RESTAURANT_ID","FEATURE_NAME","DESCRIPTION")VALUES('51745351','Wi-Fi','No');
INSERT INTO "RESTAURANT_FEATURE" ("RESTAURANT_ID","FEATURE_NAME","DESCRIPTION")VALUES('51745351','Has TV','No');
INSERT INTO "RESTAURANT_FEATURE" ("RESTAURANT_ID","FEATURE_NAME","DESCRIPTION")VALUES('51745351','Caters','No');
INSERT INTO "OPENING_HOUR" ("DAY","RESTAURANT_ID","OPENING_TIME","CLOSING_TIME")VALUES('Mon','51745351','11:30 am','10:00 pm');
INSERT INTO "OPENING_HOUR" ("DAY","RESTAURANT_ID","OPENING_TIME","CLOSING_TIME")VALUES('Tue','51745351','11:30 am','10:00 pm');
INSERT INTO "OPENING_HOUR" ("DAY","RESTAURANT_ID","OPENING_TIME","CLOSING_TIME")VALUES('Wed','51745351','11:30 am','10:00 pm');
INSERT INTO "OPENING_HOUR" ("DAY","RESTAURANT_ID","OPENING_TIME","CLOSING_TIME")VALUES('Thu','51745351','11:30 am','10:00 pm');
INSERT INTO "OPENING_HOUR" ("DAY","RESTAURANT_ID","OPENING_TIME","CLOSING_TIME")VALUES('Fri','51745351','11:30 am','10:00 pm');
INSERT INTO "OPENING_HOUR" ("DAY","RESTAURANT_ID","OPENING_TIME","CLOSING_TIME")VALUES('Sat','51745351','11:30 am','10:00 pm');
INSERT INTO "OPENING_HOUR" ("DAY","RESTAURANT_ID","OPENING_TIME","CLOSING_TIME")VALUES('Sun','51745351','Open now','10:00 pm');
INSERT INTO "USER_REVIEW" ("RESTAURANT_ID","REVIEW_DATE","COMMENT","REVIEW_RATING")VALUES('51745351','2017-10-13 03:51:43','Definitely my favorite burrito place I''ve found so far in Berlin. I''m from the US, so finding Mexican food to meet my requirements is tricky. This place is...','5');
INSERT INTO "PHOTO" ("RESTAURANT_ID","PICTURE_URL")VALUES('51745351','https://s3-media1.fl.yelpcdn.com/photo/6z3nxBOniRLu9vUACpIFDA/o.jpg');
INSERT INTO "USER_REVIEW" ("RESTAURANT_ID","REVIEW_DATE","COMMENT","REVIEW_RATING")VALUES('51745351','2018-01-14 05:45:12','The rating description sums up my thoughts nicely - meh, I''ve experienced better.

Like many others have stated, the burritos here are similar to...','2');
INSERT INTO "PHOTO" ("RESTAURANT_ID","PICTURE_URL")VALUES('51745351','https://s3-media2.fl.yelpcdn.com/photo/jqrjUvG8U1wFY0d4g-qhfg/o.jpg');
INSERT INTO "USER_REVIEW" ("RESTAURANT_ID","REVIEW_DATE","COMMENT","REVIEW_RATING")VALUES('51745351','2017-12-31 11:10:46','Moving some of my old reviews over to Yelp. This review was originally written/posted on 10 Oct 2010.

Great vegan burritos!
The "Dolores Vegan Burrito" was...','4');
INSERT INTO "PHOTO" ("RESTAURANT_ID","PICTURE_URL")VALUES('51745351','https://s3-media4.fl.yelpcdn.com/photo/tndboHcmWeZ7QjvSCH38ug/o.jpg');
INSERT INTO "RESTAURANT_RATING" ("RESTAURANT_ID","SCALE","OVERALL_RATING","SOURCE")VALUES('51745351','5','4.4','Google Map');
INSERT INTO "USER_REVIEW" ("RESTAURANT_ID","REVIEW_DATE","COMMENT","REVIEW_RATING")VALUES('51745351','2017-11-23','Standard inexpensive burrito place. Dishes are cheap and decent quality. Usually full of tourists, try and get there before or after peak hours.
- Service: friendly, self-pickup.
- Price: cheap,  around 5-6 euros for a burrito or bowl.
- Restaurant: interior and exterior,  usually enough space as turnover is fast.','4');
INSERT INTO "USER_REVIEW" ("RESTAURANT_ID","REVIEW_DATE","COMMENT","REVIEW_RATING")VALUES('51745351','2017-12-01','Good, decent Mexican food to a low price. The food is good, but no wow factor whatsoever.

Not too cozy atmosphere and the place gets crowded pretty quickly. So, if you''re looking for a quick, tasty bite of food this place is the place to go to - orherwise, try find something more cozy and calmer. 

+ Inexpensive
- Crowded, cash only','3');
INSERT INTO "USER_REVIEW" ("RESTAURANT_ID","REVIEW_DATE","COMMENT","REVIEW_RATING")VALUES('51745351','2017-11-06','A really nice Mexican restaurant. One might compare or liken it to Chipotle. But I think the atmosphere here is much better. The food is served fast enough. There is always a long line. But mostly a ten or fifteen minutes wait.

The food itself is really tasty and filling. The bowl is really nice. Especially the tortilla chips are homemade and authentic','5');
INSERT INTO "USER_REVIEW" ("RESTAURANT_ID","REVIEW_DATE","COMMENT","REVIEW_RATING")VALUES('51745351','2018-01-09','Best Burritos around. Really good food. Only rated it 4, because of the waiting times. It''s really busy and you aleays have to wait, but it''s worth it.','4');
INSERT INTO "USER_REVIEW" ("RESTAURANT_ID","REVIEW_DATE","COMMENT","REVIEW_RATING")VALUES('51745351','2018-01-03','Pretty solid lunch menu. Not 100% what you’re expecting from a burrito place, but always enjoyable. Surprisingly enough I apparently like peanuts with my burrito - who knew! It gets a bit insane here for the lunch rush so pay attention to the order number or you’ll miss your meal.','4');
INSERT INTO "LOCATION" ("LOCATION_ID","LOCATION_TYPE","ADDRESS","LONGITUDE","LATITUDE")VALUES('134','R','Lindenstr. 2910969 BerlinGermany','13.3971','52.5052');
INSERT INTO "RESTAURANT" ("RESTAURANT_ID","PRICERANGE","PHONE_NUMBER","WEBSITE")VALUES('7275660','€€','+49 30 2518491','restaurant-glashaus.de');
INSERT INTO "CUISINE" ("RESTAURANT_ID","CUISINE_TYPE")VALUES('7275660','Serbo Croatian');
INSERT INTO "RESTAURANT_RATING" ("RESTAURANT_ID","SCALE","OVERALL_RATING","SOURCE")VALUES('7275660','5','4.5','Yelp');
INSERT INTO "RESTAURANT_FEATURE" ("RESTAURANT_ID","FEATURE_NAME","DESCRIPTION")VALUES('7275660','Takes Reservations','Yes');
INSERT INTO "RESTAURANT_FEATURE" ("RESTAURANT_ID","FEATURE_NAME","DESCRIPTION")VALUES('7275660','Take-out','Yes');
INSERT INTO "RESTAURANT_FEATURE" ("RESTAURANT_ID","FEATURE_NAME","DESCRIPTION")VALUES('7275660','Accepted Cards','Credit');
INSERT INTO "RESTAURANT_FEATURE" ("RESTAURANT_ID","FEATURE_NAME","DESCRIPTION")VALUES('7275660','Parking','Street');
INSERT INTO "RESTAURANT_FEATURE" ("RESTAURANT_ID","FEATURE_NAME","DESCRIPTION")VALUES('7275660','Good for Kids','Yes');
INSERT INTO "RESTAURANT_FEATURE" ("RESTAURANT_ID","FEATURE_NAME","DESCRIPTION")VALUES('7275660','Good for Groups','Yes');
INSERT INTO "RESTAURANT_FEATURE" ("RESTAURANT_ID","FEATURE_NAME","DESCRIPTION")VALUES('7275660','Attire','Casual');
INSERT INTO "RESTAURANT_FEATURE" ("RESTAURANT_ID","FEATURE_NAME","DESCRIPTION")VALUES('7275660','Noise Level','Quiet');
INSERT INTO "RESTAURANT_FEATURE" ("RESTAURANT_ID","FEATURE_NAME","DESCRIPTION")VALUES('7275660','Alcohol','Full Bar');
INSERT INTO "RESTAURANT_FEATURE" ("RESTAURANT_ID","FEATURE_NAME","DESCRIPTION")VALUES('7275660','Outdoor Seating','Yes');
INSERT INTO "RESTAURANT_FEATURE" ("RESTAURANT_ID","FEATURE_NAME","DESCRIPTION")VALUES('7275660','Wi-Fi','No');
INSERT INTO "RESTAURANT_FEATURE" ("RESTAURANT_ID","FEATURE_NAME","DESCRIPTION")VALUES('7275660','Has TV','Yes');
INSERT INTO "OPENING_HOUR" ("DAY","RESTAURANT_ID","OPENING_TIME","CLOSING_TIME")VALUES('Mon','7275660','11:30 am','12:00 am');
INSERT INTO "OPENING_HOUR" ("DAY","RESTAURANT_ID","OPENING_TIME","CLOSING_TIME")VALUES('Tue','7275660','11:30 am','12:00 am');
INSERT INTO "OPENING_HOUR" ("DAY","RESTAURANT_ID","OPENING_TIME","CLOSING_TIME")VALUES('Wed','7275660','11:30 am','12:00 am');
INSERT INTO "OPENING_HOUR" ("DAY","RESTAURANT_ID","OPENING_TIME","CLOSING_TIME")VALUES('Thu','7275660','11:30 am','12:00 am');
INSERT INTO "OPENING_HOUR" ("DAY","RESTAURANT_ID","OPENING_TIME","CLOSING_TIME")VALUES('Fri','7275660','11:30 am','12:00 am');
INSERT INTO "OPENING_HOUR" ("DAY","RESTAURANT_ID","OPENING_TIME","CLOSING_TIME")VALUES('Sat','7275660','11:30 am','12:00 am');
INSERT INTO "OPENING_HOUR" ("DAY","RESTAURANT_ID","OPENING_TIME","CLOSING_TIME")VALUES('Sun','7275660','Open now','12:00 am');
INSERT INTO "USER_REVIEW" ("RESTAURANT_ID","REVIEW_DATE","COMMENT","REVIEW_RATING")VALUES('7275660','2017-04-10 06:15:41','Very delicious! Staff was very nice to us Americans. Had the snails in herb butter. Gruman platter, meatloaf with goat cheese was AMAZING (starts with "P"...','5');
INSERT INTO "PHOTO" ("RESTAURANT_ID","PICTURE_URL")VALUES('7275660','https://s3-media3.fl.yelpcdn.com/photo/lwFF2IhdsKsxjYrS9amorw/o.jpg');
INSERT INTO "USER_REVIEW" ("RESTAURANT_ID","REVIEW_DATE","COMMENT","REVIEW_RATING")VALUES('7275660','2017-03-26 12:04:46','Amazing place. Very pleasant authentic interior, delicious food  (we had mixed fish plate and "Gurman" meat plate)  , friendly and accommodating staff....','5');
INSERT INTO "PHOTO" ("RESTAURANT_ID","PICTURE_URL")VALUES('7275660','https://s3-media2.fl.yelpcdn.com/photo/gtST_lNPHxotln_aM5kUhw/o.jpg');
INSERT INTO "USER_REVIEW" ("RESTAURANT_ID","REVIEW_DATE","COMMENT","REVIEW_RATING")VALUES('7275660','2016-09-07 04:41:38','If you don''t speak German, don''t bother going here. I was promptly dismissed for not speaking their language. I left not only hungry, but extremely offended.','1');
INSERT INTO "PHOTO" ("RESTAURANT_ID","PICTURE_URL")VALUES('7275660','https://s3-media4.fl.yelpcdn.com/photo/0_nfVO7KI2d8CNGb3gu7TA/o.jpg');
INSERT INTO "LOCATION" ("LOCATION_ID","LOCATION_TYPE","ADDRESS","LONGITUDE","LATITUDE")VALUES('135','R','Charlottenstr. 5510117 BerlinGermany','13.390907','52.513728');
INSERT INTO "RESTAURANT" ("RESTAURANT_ID","PRICERANGE","PHONE_NUMBER","WEBSITE")VALUES('55899249','€€','+49 30 20454020','augustiner-braeu-berlin.de');
INSERT INTO "CUISINE" ("RESTAURANT_ID","CUISINE_TYPE")VALUES('55899249','German');
INSERT INTO "RESTAURANT_RATING" ("RESTAURANT_ID","SCALE","OVERALL_RATING","SOURCE")VALUES('55899249','5','3.5','Yelp');
INSERT INTO "RESTAURANT_FEATURE" ("RESTAURANT_ID","FEATURE_NAME","DESCRIPTION")VALUES('55899249','Takes Reservations','Yes');
INSERT INTO "RESTAURANT_FEATURE" ("RESTAURANT_ID","FEATURE_NAME","DESCRIPTION")VALUES('55899249','Delivery','No');
INSERT INTO "RESTAURANT_FEATURE" ("RESTAURANT_ID","FEATURE_NAME","DESCRIPTION")VALUES('55899249','Take-out','No');
INSERT INTO "RESTAURANT_FEATURE" ("RESTAURANT_ID","FEATURE_NAME","DESCRIPTION")VALUES('55899249','Accepted Cards','Credit, Debit');
INSERT INTO "RESTAURANT_FEATURE" ("RESTAURANT_ID","FEATURE_NAME","DESCRIPTION")VALUES('55899249','Good For','Lunch, Dinner');
INSERT INTO "RESTAURANT_FEATURE" ("RESTAURANT_ID","FEATURE_NAME","DESCRIPTION")VALUES('55899249','Parking','Street');
INSERT INTO "RESTAURANT_FEATURE" ("RESTAURANT_ID","FEATURE_NAME","DESCRIPTION")VALUES('55899249','Good for Kids','Yes');
INSERT INTO "RESTAURANT_FEATURE" ("RESTAURANT_ID","FEATURE_NAME","DESCRIPTION")VALUES('55899249','Good for Groups','Yes');
INSERT INTO "RESTAURANT_FEATURE" ("RESTAURANT_ID","FEATURE_NAME","DESCRIPTION")VALUES('55899249','Attire','Casual');
INSERT INTO "RESTAURANT_FEATURE" ("RESTAURANT_ID","FEATURE_NAME","DESCRIPTION")VALUES('55899249','Ambience','Casual');
INSERT INTO "RESTAURANT_FEATURE" ("RESTAURANT_ID","FEATURE_NAME","DESCRIPTION")VALUES('55899249','Noise Level','Loud');
INSERT INTO "RESTAURANT_FEATURE" ("RESTAURANT_ID","FEATURE_NAME","DESCRIPTION")VALUES('55899249','Alcohol','Full Bar');
INSERT INTO "RESTAURANT_FEATURE" ("RESTAURANT_ID","FEATURE_NAME","DESCRIPTION")VALUES('55899249','Outdoor Seating','Yes');
INSERT INTO "RESTAURANT_FEATURE" ("RESTAURANT_ID","FEATURE_NAME","DESCRIPTION")VALUES('55899249','Wi-Fi','No');
INSERT INTO "RESTAURANT_FEATURE" ("RESTAURANT_ID","FEATURE_NAME","DESCRIPTION")VALUES('55899249','Has TV','No');
INSERT INTO "RESTAURANT_FEATURE" ("RESTAURANT_ID","FEATURE_NAME","DESCRIPTION")VALUES('55899249','Waiter Service','Yes');
INSERT INTO "RESTAURANT_FEATURE" ("RESTAURANT_ID","FEATURE_NAME","DESCRIPTION")VALUES('55899249','Caters','No');
INSERT INTO "OPENING_HOUR" ("DAY","RESTAURANT_ID","OPENING_TIME","CLOSING_TIME")VALUES('Mon','55899249','10:00 am','1:00 am');
INSERT INTO "OPENING_HOUR" ("DAY","RESTAURANT_ID","OPENING_TIME","CLOSING_TIME")VALUES('Tue','55899249','10:00 am','1:00 am');
INSERT INTO "OPENING_HOUR" ("DAY","RESTAURANT_ID","OPENING_TIME","CLOSING_TIME")VALUES('Wed','55899249','10:00 am','1:00 am');
INSERT INTO "OPENING_HOUR" ("DAY","RESTAURANT_ID","OPENING_TIME","CLOSING_TIME")VALUES('Thu','55899249','10:00 am','1:00 am');
INSERT INTO "OPENING_HOUR" ("DAY","RESTAURANT_ID","OPENING_TIME","CLOSING_TIME")VALUES('Fri','55899249','10:00 am','1:00 am');
INSERT INTO "OPENING_HOUR" ("DAY","RESTAURANT_ID","OPENING_TIME","CLOSING_TIME")VALUES('Sat','55899249','10:00 am','1:00 am');
INSERT INTO "OPENING_HOUR" ("DAY","RESTAURANT_ID","OPENING_TIME","CLOSING_TIME")VALUES('Sun','55899249','Open now','1:00 am');
INSERT INTO "USER_REVIEW" ("RESTAURANT_ID","REVIEW_DATE","COMMENT","REVIEW_RATING")VALUES('55899249','2018-01-10 00:00:36','Good for what it is -- a place to get a beer and share a bite to eat while seeing the historical sites of Berlin. Wouldn''t consider it a destination for a...','4');
INSERT INTO "PHOTO" ("RESTAURANT_ID","PICTURE_URL")VALUES('55899249','https://s3-media4.fl.yelpcdn.com/photo/XtOYzluT6uyiZkmfnSDOvQ/o.jpg');
INSERT INTO "USER_REVIEW" ("RESTAURANT_ID","REVIEW_DATE","COMMENT","REVIEW_RATING")VALUES('55899249','2017-09-29 21:12:36','The food wasn''t bad (if you do go here try the pork knuckle, it''s a unique Bavarian dish that this place does really well), but be warned:

1.) I got...','1');
INSERT INTO "PHOTO" ("RESTAURANT_ID","PICTURE_URL")VALUES('55899249','https://s3-media1.fl.yelpcdn.com/photo/P9SOdgReHkp1-3Wi1E_vvA/o.jpg');
INSERT INTO "USER_REVIEW" ("RESTAURANT_ID","REVIEW_DATE","COMMENT","REVIEW_RATING")VALUES('55899249','2018-01-11 06:29:08','Great place to stop or a traditional German meal after our walking tour with ''the original
Berlin walking tour''. Reasonably priced and very quick service....','5');
INSERT INTO "PHOTO" ("RESTAURANT_ID","PICTURE_URL")VALUES('55899249','https://s3-media4.fl.yelpcdn.com/photo/4U5g0-8pViOVKX2loMk1Gg/o.jpg');
INSERT INTO "RESTAURANT_RATING" ("RESTAURANT_ID","SCALE","OVERALL_RATING","SOURCE")VALUES('55899249','5','3.8','Google Map');
INSERT INTO "USER_REVIEW" ("RESTAURANT_ID","REVIEW_DATE","COMMENT","REVIEW_RATING")VALUES('55899249','2017-11-25','I waited for waiter/waitress for table for 10 min and no one wanted to meet my eye so I had to grab someone to get a table. Also the waitress dropped plates and utensil loudly. Only time she was nice was when she was asking for tips when I was paying. Also the pork I ordered was fried so hard that I had to stab (no cutting seriously stabbing) the pork to eat it. The only thing I liked about it was the beer. The lonely planet guide said it is top choice but I did not agree at all.','1');
INSERT INTO "USER_REVIEW" ("RESTAURANT_ID","REVIEW_DATE","COMMENT","REVIEW_RATING")VALUES('55899249','2018-01-11','A very reliable pub in the centre of town. I’m a tourist, so establishments like these where you have an English menu and brisk service is super helpful. The food and drinks are very reasonably priced. Their Wiener schnitzel is massive!','4');
INSERT INTO "USER_REVIEW" ("RESTAURANT_ID","REVIEW_DATE","COMMENT","REVIEW_RATING")VALUES('55899249','2018-01-04','Pleasant ambience, with a nice but not loud buzz from diners enjoying themselves. Food excellent (a weiner schnitzel and a medium rump steak). Quite busy, but with a steady turnover, and staff were very pleasant and gelerally seemed to keep up. We did see one couple leave after not being served after a short wait, but that was not our experience. Would happily recommend it.','5');
INSERT INTO "USER_REVIEW" ("RESTAURANT_ID","REVIEW_DATE","COMMENT","REVIEW_RATING")VALUES('55899249','2018-01-01','Good pork knuckle and good beer. Good environment, relaxed and cozy. Service can be a little slow due to the crowd, but services waiters and waitresses were chilled and friendly. One of the better place to visit least once.','4');
INSERT INTO "USER_REVIEW" ("RESTAURANT_ID","REVIEW_DATE","COMMENT","REVIEW_RATING")VALUES('55899249','2018-01-01','The service was prompt and polite. Food was good; very tasty. However there was an expectation for a tip; but with no wifi and a further expectation to pay to use the toilets, we did not feel a tip was warranted.','4');
INSERT INTO "LOCATION" ("LOCATION_ID","LOCATION_TYPE","ADDRESS","LONGITUDE","LATITUDE")VALUES('136','R','Gotenstr. 110829 BerlinGermany','13.360134','52.484691');
INSERT INTO "RESTAURANT" ("RESTAURANT_ID","PRICERANGE","PHONE_NUMBER","WEBSITE")VALUES('74413914','€€','+49 30 78957337','wirtshaus-heuberger.de');
INSERT INTO "CUISINE" ("RESTAURANT_ID","CUISINE_TYPE")VALUES('74413914','German');
INSERT INTO "RESTAURANT_RATING" ("RESTAURANT_ID","SCALE","OVERALL_RATING","SOURCE")VALUES('74413914','5','4.0','Yelp');
INSERT INTO "RESTAURANT_FEATURE" ("RESTAURANT_ID","FEATURE_NAME","DESCRIPTION")VALUES('74413914','Takes Reservations','Yes');
INSERT INTO "RESTAURANT_FEATURE" ("RESTAURANT_ID","FEATURE_NAME","DESCRIPTION")VALUES('74413914','Delivery','No');
INSERT INTO "RESTAURANT_FEATURE" ("RESTAURANT_ID","FEATURE_NAME","DESCRIPTION")VALUES('74413914','Take-out','Yes');
INSERT INTO "RESTAURANT_FEATURE" ("RESTAURANT_ID","FEATURE_NAME","DESCRIPTION")VALUES('74413914','Accepted Cards','Credit, Debit');
INSERT INTO "RESTAURANT_FEATURE" ("RESTAURANT_ID","FEATURE_NAME","DESCRIPTION")VALUES('74413914','Good For','Lunch, Dinner');
INSERT INTO "RESTAURANT_FEATURE" ("RESTAURANT_ID","FEATURE_NAME","DESCRIPTION")VALUES('74413914','Parking','Street');
INSERT INTO "RESTAURANT_FEATURE" ("RESTAURANT_ID","FEATURE_NAME","DESCRIPTION")VALUES('74413914','Good for Kids','Yes');
INSERT INTO "RESTAURANT_FEATURE" ("RESTAURANT_ID","FEATURE_NAME","DESCRIPTION")VALUES('74413914','Good for Groups','Yes');
INSERT INTO "RESTAURANT_FEATURE" ("RESTAURANT_ID","FEATURE_NAME","DESCRIPTION")VALUES('74413914','Attire','Casual');
INSERT INTO "RESTAURANT_FEATURE" ("RESTAURANT_ID","FEATURE_NAME","DESCRIPTION")VALUES('74413914','Ambience','Casual');
INSERT INTO "RESTAURANT_FEATURE" ("RESTAURANT_ID","FEATURE_NAME","DESCRIPTION")VALUES('74413914','Noise Level','Average');
INSERT INTO "RESTAURANT_FEATURE" ("RESTAURANT_ID","FEATURE_NAME","DESCRIPTION")VALUES('74413914','Alcohol','Full Bar');
INSERT INTO "RESTAURANT_FEATURE" ("RESTAURANT_ID","FEATURE_NAME","DESCRIPTION")VALUES('74413914','Outdoor Seating','Yes');
INSERT INTO "RESTAURANT_FEATURE" ("RESTAURANT_ID","FEATURE_NAME","DESCRIPTION")VALUES('74413914','Wi-Fi','No');
INSERT INTO "RESTAURANT_FEATURE" ("RESTAURANT_ID","FEATURE_NAME","DESCRIPTION")VALUES('74413914','Has TV','No');
INSERT INTO "RESTAURANT_FEATURE" ("RESTAURANT_ID","FEATURE_NAME","DESCRIPTION")VALUES('74413914','Caters','No');
INSERT INTO "OPENING_HOUR" ("DAY","RESTAURANT_ID","OPENING_TIME","CLOSING_TIME")VALUES('Mon','74413914','12:00 pm','12:00 am');
INSERT INTO "OPENING_HOUR" ("DAY","RESTAURANT_ID","OPENING_TIME","CLOSING_TIME")VALUES('Tue','74413914','12:00 pm','12:00 am');
INSERT INTO "OPENING_HOUR" ("DAY","RESTAURANT_ID","OPENING_TIME","CLOSING_TIME")VALUES('Wed','74413914','12:00 pm','12:00 am');
INSERT INTO "OPENING_HOUR" ("DAY","RESTAURANT_ID","OPENING_TIME","CLOSING_TIME")VALUES('Thu','74413914','12:00 pm','12:00 am');
INSERT INTO "OPENING_HOUR" ("DAY","RESTAURANT_ID","OPENING_TIME","CLOSING_TIME")VALUES('Fri','74413914','12:00 pm','12:00 am');
INSERT INTO "OPENING_HOUR" ("DAY","RESTAURANT_ID","OPENING_TIME","CLOSING_TIME")VALUES('Sat','74413914','12:00 pm','12:00 am');
INSERT INTO "OPENING_HOUR" ("DAY","RESTAURANT_ID","OPENING_TIME","CLOSING_TIME")VALUES('Sun','74413914','Open now','12:00 am');
INSERT INTO "USER_REVIEW" ("RESTAURANT_ID","REVIEW_DATE","COMMENT","REVIEW_RATING")VALUES('74413914','2017-08-20 07:58:34','Incredible place! I went with my husband and we shared the goulash and a goat-cheese salad. The size of the dish is perfect to share, they are enormous!...','5');
INSERT INTO "PHOTO" ("RESTAURANT_ID","PICTURE_URL")VALUES('74413914','https://s3-media2.fl.yelpcdn.com/photo/5eAFa6ILLLghzWlIr2Wl5w/o.jpg');
INSERT INTO "USER_REVIEW" ("RESTAURANT_ID","REVIEW_DATE","COMMENT","REVIEW_RATING")VALUES('74413914','2017-07-27 16:43:29','My go-to Spätzle in Schöneberg, or all of Berlin, for that matter. (Don''t be thrown off by all the English reviews, by the way. I was the only American...','5');
INSERT INTO "PHOTO" ("RESTAURANT_ID","PICTURE_URL")VALUES('74413914','https://s3-media3.fl.yelpcdn.com/photo/zyi5nu35hNnRIVvuw0OxfQ/o.jpg');
INSERT INTO "USER_REVIEW" ("RESTAURANT_ID","REVIEW_DATE","COMMENT","REVIEW_RATING")VALUES('74413914','2017-10-23 17:11:34','Love the food, love the hood--cute corner of a real neighborhood in town, New Swabian cuisine. Yes, Spätzele (or Maultaschen). Nice outdoor seating in summer.','5');
INSERT INTO "LOCATION" ("LOCATION_ID","LOCATION_TYPE","ADDRESS","LONGITUDE","LATITUDE")VALUES('137','R','Unter Den Linden 1210117 BerlinGermany','13.39015','52.51739');
INSERT INTO "RESTAURANT" ("RESTAURANT_ID","PRICERANGE","PHONE_NUMBER","WEBSITE")VALUES('21831604','€€','+49 30 20604980','jedermanns.berlin');
INSERT INTO "CUISINE" ("RESTAURANT_ID","CUISINE_TYPE")VALUES('21831604','German');
INSERT INTO "CUISINE" ("RESTAURANT_ID","CUISINE_TYPE")VALUES('21831604','Breakfast & Brunch');
INSERT INTO "CUISINE" ("RESTAURANT_ID","CUISINE_TYPE")VALUES('21831604','Curry Sausage');
INSERT INTO "RESTAURANT_RATING" ("RESTAURANT_ID","SCALE","OVERALL_RATING","SOURCE")VALUES('21831604','5','4.0','Yelp');
INSERT INTO "RESTAURANT_FEATURE" ("RESTAURANT_ID","FEATURE_NAME","DESCRIPTION")VALUES('21831604','Takes Reservations','Yes');
INSERT INTO "RESTAURANT_FEATURE" ("RESTAURANT_ID","FEATURE_NAME","DESCRIPTION")VALUES('21831604','Delivery','No');
INSERT INTO "RESTAURANT_FEATURE" ("RESTAURANT_ID","FEATURE_NAME","DESCRIPTION")VALUES('21831604','Take-out','Yes');
INSERT INTO "RESTAURANT_FEATURE" ("RESTAURANT_ID","FEATURE_NAME","DESCRIPTION")VALUES('21831604','Accepted Cards','Credit, Debit');
INSERT INTO "RESTAURANT_FEATURE" ("RESTAURANT_ID","FEATURE_NAME","DESCRIPTION")VALUES('21831604','Good for Kids','Yes');
INSERT INTO "RESTAURANT_FEATURE" ("RESTAURANT_ID","FEATURE_NAME","DESCRIPTION")VALUES('21831604','Good for Groups','Yes');
INSERT INTO "RESTAURANT_FEATURE" ("RESTAURANT_ID","FEATURE_NAME","DESCRIPTION")VALUES('21831604','Attire','Casual');
INSERT INTO "RESTAURANT_FEATURE" ("RESTAURANT_ID","FEATURE_NAME","DESCRIPTION")VALUES('21831604','Ambience','Casual');
INSERT INTO "RESTAURANT_FEATURE" ("RESTAURANT_ID","FEATURE_NAME","DESCRIPTION")VALUES('21831604','Noise Level','Quiet');
INSERT INTO "RESTAURANT_FEATURE" ("RESTAURANT_ID","FEATURE_NAME","DESCRIPTION")VALUES('21831604','Alcohol','Full Bar');
INSERT INTO "RESTAURANT_FEATURE" ("RESTAURANT_ID","FEATURE_NAME","DESCRIPTION")VALUES('21831604','Outdoor Seating','Yes');
INSERT INTO "RESTAURANT_FEATURE" ("RESTAURANT_ID","FEATURE_NAME","DESCRIPTION")VALUES('21831604','Wi-Fi','No');
INSERT INTO "RESTAURANT_FEATURE" ("RESTAURANT_ID","FEATURE_NAME","DESCRIPTION")VALUES('21831604','Has TV','No');
INSERT INTO "OPENING_HOUR" ("DAY","RESTAURANT_ID","OPENING_TIME","CLOSING_TIME")VALUES('Mon','21831604','10:00 am','10:00 pm');
INSERT INTO "OPENING_HOUR" ("DAY","RESTAURANT_ID","OPENING_TIME","CLOSING_TIME")VALUES('Tue','21831604','10:00 am','10:00 pm');
INSERT INTO "OPENING_HOUR" ("DAY","RESTAURANT_ID","OPENING_TIME","CLOSING_TIME")VALUES('Wed','21831604','10:00 am','10:00 pm');
INSERT INTO "OPENING_HOUR" ("DAY","RESTAURANT_ID","OPENING_TIME","CLOSING_TIME")VALUES('Thu','21831604','10:00 am','10:00 pm');
INSERT INTO "OPENING_HOUR" ("DAY","RESTAURANT_ID","OPENING_TIME","CLOSING_TIME")VALUES('Fri','21831604','10:00 am','10:00 pm');
INSERT INTO "OPENING_HOUR" ("DAY","RESTAURANT_ID","OPENING_TIME","CLOSING_TIME")VALUES('Sat','21831604','10:00 am','10:00 pm');
INSERT INTO "OPENING_HOUR" ("DAY","RESTAURANT_ID","OPENING_TIME","CLOSING_TIME")VALUES('Sun','21831604','Open now','10:00 pm');
INSERT INTO "USER_REVIEW" ("RESTAURANT_ID","REVIEW_DATE","COMMENT","REVIEW_RATING")VALUES('21831604','2014-03-30 03:58:23','Got into by train Berlin after an early early flight and had to wait for my hotel room at the nearby Westin.  Rather than pay exorbitant prices for a kinda...','4');
INSERT INTO "PHOTO" ("RESTAURANT_ID","PICTURE_URL")VALUES('21831604','https://s3-media2.fl.yelpcdn.com/photo/Y4HlpMbK8Z4_9wLlELyQDg/o.jpg');
INSERT INTO "USER_REVIEW" ("RESTAURANT_ID","REVIEW_DATE","COMMENT","REVIEW_RATING")VALUES('21831604','2017-10-25 03:37:48','Breakfasts and sandwiches. The Berlin burger is what we had... it''s good with sauerkraut and pork... don''t expect a "beef burger patty" as the name implies....','3');
INSERT INTO "PHOTO" ("RESTAURANT_ID","PICTURE_URL")VALUES('21831604','https://s3-media1.fl.yelpcdn.com/photo/1MJVHYdloU2WubxmTp07lQ/o.jpg');
INSERT INTO "USER_REVIEW" ("RESTAURANT_ID","REVIEW_DATE","COMMENT","REVIEW_RATING")VALUES('21831604','2017-03-11 15:33:26','Delicious cozy spot especially after a day of traveling. Great currywurst and potato soup and surprisingly fresh salads','4');
INSERT INTO "PHOTO" ("RESTAURANT_ID","PICTURE_URL")VALUES('21831604','https://s3-media1.fl.yelpcdn.com/photo/8Cuj01sGB2_wTj84HGMp3g/o.jpg');
INSERT INTO "RESTAURANT_RATING" ("RESTAURANT_ID","SCALE","OVERALL_RATING","SOURCE")VALUES('21831604','5','4.2','Google Map');
INSERT INTO "USER_REVIEW" ("RESTAURANT_ID","REVIEW_DATE","COMMENT","REVIEW_RATING")VALUES('21831604','2017-09-30','Go here for excellent food and good variety of German beers. This is a safe option if you want to avoid the tourist traps of Unter den Linden. Great value for money. Friendly and very careful service.','5');
INSERT INTO "USER_REVIEW" ("RESTAURANT_ID","REVIEW_DATE","COMMENT","REVIEW_RATING")VALUES('21831604','2017-09-21','Good food and good service. Large plates of food at a reasonable price. Value for money','5');
INSERT INTO "USER_REVIEW" ("RESTAURANT_ID","REVIEW_DATE","COMMENT","REVIEW_RATING")VALUES('21831604','2017-07-27','The food was very nice and the staff were excellent, very very friendly. I would definitely recommend here. ','4');
INSERT INTO "USER_REVIEW" ("RESTAURANT_ID","REVIEW_DATE","COMMENT","REVIEW_RATING")VALUES('21831604','2017-09-17','Cafe bar. Serves good food and beer. Closes about 7.30pm','5');
INSERT INTO "USER_REVIEW" ("RESTAURANT_ID","REVIEW_DATE","COMMENT","REVIEW_RATING")VALUES('21831604','2017-07-19','Nothing special ! Prices like everywhere! Big plate of food.waitress fast but not very friendly . I would chose something different than this. ','4');
INSERT INTO "LOCATION" ("LOCATION_ID","LOCATION_TYPE","ADDRESS","LONGITUDE","LATITUDE")VALUES('138','R','Graefestr. 26 a10967 BerlinGermany','13.4164','52.49154');
INSERT INTO "RESTAURANT" ("RESTAURANT_ID","PRICERANGE","PHONE_NUMBER","WEBSITE")VALUES('57157327','€€€','+49 30 61621252','gruenfisch.de');
INSERT INTO "CUISINE" ("RESTAURANT_ID","CUISINE_TYPE")VALUES('57157327','Italian');
INSERT INTO "RESTAURANT_RATING" ("RESTAURANT_ID","SCALE","OVERALL_RATING","SOURCE")VALUES('57157327','5','4.5','Yelp');
INSERT INTO "RESTAURANT_FEATURE" ("RESTAURANT_ID","FEATURE_NAME","DESCRIPTION")VALUES('57157327','Takes Reservations','Yes');
INSERT INTO "RESTAURANT_FEATURE" ("RESTAURANT_ID","FEATURE_NAME","DESCRIPTION")VALUES('57157327','Delivery','No');
INSERT INTO "RESTAURANT_FEATURE" ("RESTAURANT_ID","FEATURE_NAME","DESCRIPTION")VALUES('57157327','Take-out','No');
INSERT INTO "RESTAURANT_FEATURE" ("RESTAURANT_ID","FEATURE_NAME","DESCRIPTION")VALUES('57157327','Accepted Cards','Credit, Debit');
INSERT INTO "RESTAURANT_FEATURE" ("RESTAURANT_ID","FEATURE_NAME","DESCRIPTION")VALUES('57157327','Good For','Dinner');
INSERT INTO "RESTAURANT_FEATURE" ("RESTAURANT_ID","FEATURE_NAME","DESCRIPTION")VALUES('57157327','Parking','Street');
INSERT INTO "RESTAURANT_FEATURE" ("RESTAURANT_ID","FEATURE_NAME","DESCRIPTION")VALUES('57157327','Good for Kids','Yes');
INSERT INTO "RESTAURANT_FEATURE" ("RESTAURANT_ID","FEATURE_NAME","DESCRIPTION")VALUES('57157327','Good for Groups','Yes');
INSERT INTO "RESTAURANT_FEATURE" ("RESTAURANT_ID","FEATURE_NAME","DESCRIPTION")VALUES('57157327','Attire','Casual');
INSERT INTO "RESTAURANT_FEATURE" ("RESTAURANT_ID","FEATURE_NAME","DESCRIPTION")VALUES('57157327','Ambience','Casual');
INSERT INTO "RESTAURANT_FEATURE" ("RESTAURANT_ID","FEATURE_NAME","DESCRIPTION")VALUES('57157327','Noise Level','Average');
INSERT INTO "RESTAURANT_FEATURE" ("RESTAURANT_ID","FEATURE_NAME","DESCRIPTION")VALUES('57157327','Alcohol','Full Bar');
INSERT INTO "RESTAURANT_FEATURE" ("RESTAURANT_ID","FEATURE_NAME","DESCRIPTION")VALUES('57157327','Outdoor Seating','Yes');
INSERT INTO "RESTAURANT_FEATURE" ("RESTAURANT_ID","FEATURE_NAME","DESCRIPTION")VALUES('57157327','Wi-Fi','No');
INSERT INTO "RESTAURANT_FEATURE" ("RESTAURANT_ID","FEATURE_NAME","DESCRIPTION")VALUES('57157327','Has TV','No');
INSERT INTO "RESTAURANT_FEATURE" ("RESTAURANT_ID","FEATURE_NAME","DESCRIPTION")VALUES('57157327','Waiter Service','Yes');
INSERT INTO "RESTAURANT_FEATURE" ("RESTAURANT_ID","FEATURE_NAME","DESCRIPTION")VALUES('57157327','Caters','No');
INSERT INTO "OPENING_HOUR" ("DAY","RESTAURANT_ID","OPENING_TIME","CLOSING_TIME")VALUES('Mon','57157327','6:00 pm','12:00 am');
INSERT INTO "OPENING_HOUR" ("DAY","RESTAURANT_ID","OPENING_TIME","CLOSING_TIME")VALUES('Tue','57157327','6:00 pm','12:00 am');
INSERT INTO "OPENING_HOUR" ("DAY","RESTAURANT_ID","OPENING_TIME","CLOSING_TIME")VALUES('Wed','57157327','6:00 pm','12:00 am');
INSERT INTO "OPENING_HOUR" ("DAY","RESTAURANT_ID","OPENING_TIME","CLOSING_TIME")VALUES('Thu','57157327','6:00 pm','12:00 am');
INSERT INTO "OPENING_HOUR" ("DAY","RESTAURANT_ID","OPENING_TIME","CLOSING_TIME")VALUES('Fri','57157327','6:00 pm','12:00 am');
INSERT INTO "OPENING_HOUR" ("DAY","RESTAURANT_ID","OPENING_TIME","CLOSING_TIME")VALUES('Sat','57157327','6:00 pm','12:00 am');
INSERT INTO "OPENING_HOUR" ("DAY","RESTAURANT_ID","OPENING_TIME","CLOSING_TIME")VALUES('Sun','57157327','Open now','12:00 am');
INSERT INTO "USER_REVIEW" ("RESTAURANT_ID","REVIEW_DATE","COMMENT","REVIEW_RATING")VALUES('57157327','2015-01-16 13:42:18','If you''re dating a foodie, you eventually turn into a foodie. Or so it seems.

Anyway, we were here earlier tonight for a dinner date, as it''s been a while...','5');
INSERT INTO "PHOTO" ("RESTAURANT_ID","PICTURE_URL")VALUES('57157327','https://s3-media1.fl.yelpcdn.com/photo/ToTju2zYCHa7hPAMdeK58w/o.jpg');
INSERT INTO "USER_REVIEW" ("RESTAURANT_ID","REVIEW_DATE","COMMENT","REVIEW_RATING")VALUES('57157327','2016-07-04 14:52:48','Grünfisch was our only find in Google that promised to have monk fish on the menu, so we decided to go there for a little team event. When my colleague...','5');
INSERT INTO "PHOTO" ("RESTAURANT_ID","PICTURE_URL")VALUES('57157327','https://s3-media3.fl.yelpcdn.com/photo/vdpXyDR2ShItvpXoF66bZw/o.jpg');
INSERT INTO "USER_REVIEW" ("RESTAURANT_ID","REVIEW_DATE","COMMENT","REVIEW_RATING")VALUES('57157327','2016-05-30 06:20:51','This little Sicilian restaurant was brilliant! Really tasty authentic food, great menus that you could mix and match, varied selection. Everything was very...','5');
INSERT INTO "PHOTO" ("RESTAURANT_ID","PICTURE_URL")VALUES('57157327','https://s3-media3.fl.yelpcdn.com/photo/1CRUHRWaiWIyXc7vT3HBIQ/o.jpg');
INSERT INTO "LOCATION" ("LOCATION_ID","LOCATION_TYPE","ADDRESS","LONGITUDE","LATITUDE")VALUES('139','R','Wönnichstr. 69 - 7110317 BerlinGermany','13.49738','52.50447');
INSERT INTO "RESTAURANT" ("RESTAURANT_ID","PRICERANGE","PHONE_NUMBER","WEBSITE")VALUES('60179275','€€','+49 30 51062660','restaurant-holis.de');
INSERT INTO "CUISINE" ("RESTAURANT_ID","CUISINE_TYPE")VALUES('60179275','German');
INSERT INTO "RESTAURANT_RATING" ("RESTAURANT_ID","SCALE","OVERALL_RATING","SOURCE")VALUES('60179275','5','4.5','Yelp');
INSERT INTO "RESTAURANT_FEATURE" ("RESTAURANT_ID","FEATURE_NAME","DESCRIPTION")VALUES('60179275','Takes Reservations','Yes');
INSERT INTO "RESTAURANT_FEATURE" ("RESTAURANT_ID","FEATURE_NAME","DESCRIPTION")VALUES('60179275','Delivery','No');
INSERT INTO "RESTAURANT_FEATURE" ("RESTAURANT_ID","FEATURE_NAME","DESCRIPTION")VALUES('60179275','Take-out','Yes');
INSERT INTO "RESTAURANT_FEATURE" ("RESTAURANT_ID","FEATURE_NAME","DESCRIPTION")VALUES('60179275','Accepted Cards','Credit, Debit');
INSERT INTO "RESTAURANT_FEATURE" ("RESTAURANT_ID","FEATURE_NAME","DESCRIPTION")VALUES('60179275','Parking','Street');
INSERT INTO "RESTAURANT_FEATURE" ("RESTAURANT_ID","FEATURE_NAME","DESCRIPTION")VALUES('60179275','Good for Kids','Yes');
INSERT INTO "RESTAURANT_FEATURE" ("RESTAURANT_ID","FEATURE_NAME","DESCRIPTION")VALUES('60179275','Good for Groups','Yes');
INSERT INTO "RESTAURANT_FEATURE" ("RESTAURANT_ID","FEATURE_NAME","DESCRIPTION")VALUES('60179275','Attire','Casual');
INSERT INTO "RESTAURANT_FEATURE" ("RESTAURANT_ID","FEATURE_NAME","DESCRIPTION")VALUES('60179275','Ambience','Casual');
INSERT INTO "RESTAURANT_FEATURE" ("RESTAURANT_ID","FEATURE_NAME","DESCRIPTION")VALUES('60179275','Noise Level','Quiet');
INSERT INTO "RESTAURANT_FEATURE" ("RESTAURANT_ID","FEATURE_NAME","DESCRIPTION")VALUES('60179275','Alcohol','Full Bar');
INSERT INTO "RESTAURANT_FEATURE" ("RESTAURANT_ID","FEATURE_NAME","DESCRIPTION")VALUES('60179275','Outdoor Seating','Yes');
INSERT INTO "RESTAURANT_FEATURE" ("RESTAURANT_ID","FEATURE_NAME","DESCRIPTION")VALUES('60179275','Wi-Fi','Free');
INSERT INTO "RESTAURANT_FEATURE" ("RESTAURANT_ID","FEATURE_NAME","DESCRIPTION")VALUES('60179275','Has TV','Yes');
INSERT INTO "OPENING_HOUR" ("DAY","RESTAURANT_ID","OPENING_TIME","CLOSING_TIME")VALUES('Mon','60179275','12:00 pm','2:00 pm');
INSERT INTO "OPENING_HOUR" ("DAY","RESTAURANT_ID","OPENING_TIME","CLOSING_TIME")VALUES('Tue','60179275','12:00 pm','2:00 pm');
INSERT INTO "OPENING_HOUR" ("DAY","RESTAURANT_ID","OPENING_TIME","CLOSING_TIME")VALUES('Wed','60179275','12:00 pm','2:00 pm');
INSERT INTO "OPENING_HOUR" ("DAY","RESTAURANT_ID","OPENING_TIME","CLOSING_TIME")VALUES('Thu','60179275','12:00 pm','10:00 pm');
INSERT INTO "OPENING_HOUR" ("DAY","RESTAURANT_ID","OPENING_TIME","CLOSING_TIME")VALUES('Fri','60179275','12:00 pm','10:00 pm');
INSERT INTO "OPENING_HOUR" ("DAY","RESTAURANT_ID","OPENING_TIME","CLOSING_TIME")VALUES('Sat','60179275','Open now','10:00 pm');
INSERT INTO "LOCATION" ("LOCATION_ID","LOCATION_TYPE","ADDRESS","LONGITUDE","LATITUDE")VALUES('140','R','Rocco Forte Hotel de RomeBehrenstr. 3710117 BerlinGermany','13.3941','52.51583');
INSERT INTO "RESTAURANT" ("RESTAURANT_ID","PRICERANGE","PHONE_NUMBER","WEBSITE")VALUES('18850458','€€€€','+49 30 4606090','roccofortehotels.com/de/hotel…');
INSERT INTO "CUISINE" ("RESTAURANT_ID","CUISINE_TYPE")VALUES('18850458','Italian');
INSERT INTO "CUISINE" ("RESTAURANT_ID","CUISINE_TYPE")VALUES('18850458','Bars');
INSERT INTO "RESTAURANT_RATING" ("RESTAURANT_ID","SCALE","OVERALL_RATING","SOURCE")VALUES('18850458','5','5.0','Yelp');
INSERT INTO "RESTAURANT_FEATURE" ("RESTAURANT_ID","FEATURE_NAME","DESCRIPTION")VALUES('18850458','Takes Reservations','Yes');
INSERT INTO "RESTAURANT_FEATURE" ("RESTAURANT_ID","FEATURE_NAME","DESCRIPTION")VALUES('18850458','Delivery','No');
INSERT INTO "RESTAURANT_FEATURE" ("RESTAURANT_ID","FEATURE_NAME","DESCRIPTION")VALUES('18850458','Take-out','No');
INSERT INTO "RESTAURANT_FEATURE" ("RESTAURANT_ID","FEATURE_NAME","DESCRIPTION")VALUES('18850458','Accepted Cards','Credit, Debit');
INSERT INTO "RESTAURANT_FEATURE" ("RESTAURANT_ID","FEATURE_NAME","DESCRIPTION")VALUES('18850458','Good for Kids','No');
INSERT INTO "RESTAURANT_FEATURE" ("RESTAURANT_ID","FEATURE_NAME","DESCRIPTION")VALUES('18850458','Good for Groups','Yes');
INSERT INTO "RESTAURANT_FEATURE" ("RESTAURANT_ID","FEATURE_NAME","DESCRIPTION")VALUES('18850458','Attire','Dressy');
INSERT INTO "RESTAURANT_FEATURE" ("RESTAURANT_ID","FEATURE_NAME","DESCRIPTION")VALUES('18850458','Noise Level','Quiet');
INSERT INTO "RESTAURANT_FEATURE" ("RESTAURANT_ID","FEATURE_NAME","DESCRIPTION")VALUES('18850458','Good For Dancing','No');
INSERT INTO "RESTAURANT_FEATURE" ("RESTAURANT_ID","FEATURE_NAME","DESCRIPTION")VALUES('18850458','Alcohol','Full Bar');
INSERT INTO "RESTAURANT_FEATURE" ("RESTAURANT_ID","FEATURE_NAME","DESCRIPTION")VALUES('18850458','Outdoor Seating','No');
INSERT INTO "RESTAURANT_FEATURE" ("RESTAURANT_ID","FEATURE_NAME","DESCRIPTION")VALUES('18850458','Wi-Fi','Free');
INSERT INTO "RESTAURANT_FEATURE" ("RESTAURANT_ID","FEATURE_NAME","DESCRIPTION")VALUES('18850458','Waiter Service','Yes');
INSERT INTO "OPENING_HOUR" ("DAY","RESTAURANT_ID","OPENING_TIME","CLOSING_TIME")VALUES('Mon','18850458','6:30 am','10:00 am');
INSERT INTO "OPENING_HOUR" ("DAY","RESTAURANT_ID","OPENING_TIME","CLOSING_TIME")VALUES('Tue','18850458','6:30 am','10:00 am');
INSERT INTO "OPENING_HOUR" ("DAY","RESTAURANT_ID","OPENING_TIME","CLOSING_TIME")VALUES('Wed','18850458','6:30 am','10:00 am');
INSERT INTO "OPENING_HOUR" ("DAY","RESTAURANT_ID","OPENING_TIME","CLOSING_TIME")VALUES('Thu','18850458','6:30 am','10:00 am');
INSERT INTO "OPENING_HOUR" ("DAY","RESTAURANT_ID","OPENING_TIME","CLOSING_TIME")VALUES('Fri','18850458','6:30 am','10:00 am');
INSERT INTO "OPENING_HOUR" ("DAY","RESTAURANT_ID","OPENING_TIME","CLOSING_TIME")VALUES('Sat','18850458','7:00 am','11:00 pm');
INSERT INTO "OPENING_HOUR" ("DAY","RESTAURANT_ID","OPENING_TIME","CLOSING_TIME")VALUES('Sun','18850458','Open now','11:00 pm');
INSERT INTO "LOCATION" ("LOCATION_ID","LOCATION_TYPE","ADDRESS","LONGITUDE","LATITUDE")VALUES('141','R','Potsdamer Str. 13310783 BerlinGermany','13.3619961','52.4970861');
INSERT INTO "RESTAURANT" ("RESTAURANT_ID","PRICERANGE","PHONE_NUMBER","WEBSITE")VALUES('50487888','€','+49 30 2153944','None');
INSERT INTO "CUISINE" ("RESTAURANT_ID","CUISINE_TYPE")VALUES('50487888','Vietnamese');
INSERT INTO "RESTAURANT_RATING" ("RESTAURANT_ID","SCALE","OVERALL_RATING","SOURCE")VALUES('50487888','5','4.5','Yelp');
INSERT INTO "RESTAURANT_FEATURE" ("RESTAURANT_ID","FEATURE_NAME","DESCRIPTION")VALUES('50487888','Takes Reservations','Yes');
INSERT INTO "RESTAURANT_FEATURE" ("RESTAURANT_ID","FEATURE_NAME","DESCRIPTION")VALUES('50487888','Delivery','No');
INSERT INTO "RESTAURANT_FEATURE" ("RESTAURANT_ID","FEATURE_NAME","DESCRIPTION")VALUES('50487888','Take-out','Yes');
INSERT INTO "RESTAURANT_FEATURE" ("RESTAURANT_ID","FEATURE_NAME","DESCRIPTION")VALUES('50487888','Good For','Dinner');
INSERT INTO "RESTAURANT_FEATURE" ("RESTAURANT_ID","FEATURE_NAME","DESCRIPTION")VALUES('50487888','Parking','Street');
INSERT INTO "RESTAURANT_FEATURE" ("RESTAURANT_ID","FEATURE_NAME","DESCRIPTION")VALUES('50487888','Good for Kids','Yes');
INSERT INTO "RESTAURANT_FEATURE" ("RESTAURANT_ID","FEATURE_NAME","DESCRIPTION")VALUES('50487888','Good for Groups','Yes');
INSERT INTO "RESTAURANT_FEATURE" ("RESTAURANT_ID","FEATURE_NAME","DESCRIPTION")VALUES('50487888','Attire','Casual');
INSERT INTO "RESTAURANT_FEATURE" ("RESTAURANT_ID","FEATURE_NAME","DESCRIPTION")VALUES('50487888','Ambience','Casual');
INSERT INTO "RESTAURANT_FEATURE" ("RESTAURANT_ID","FEATURE_NAME","DESCRIPTION")VALUES('50487888','Noise Level','Average');
INSERT INTO "RESTAURANT_FEATURE" ("RESTAURANT_ID","FEATURE_NAME","DESCRIPTION")VALUES('50487888','Alcohol','Full Bar');
INSERT INTO "RESTAURANT_FEATURE" ("RESTAURANT_ID","FEATURE_NAME","DESCRIPTION")VALUES('50487888','Outdoor Seating','Yes');
INSERT INTO "RESTAURANT_FEATURE" ("RESTAURANT_ID","FEATURE_NAME","DESCRIPTION")VALUES('50487888','Wi-Fi','Free');
INSERT INTO "RESTAURANT_FEATURE" ("RESTAURANT_ID","FEATURE_NAME","DESCRIPTION")VALUES('50487888','Has TV','No');
INSERT INTO "RESTAURANT_FEATURE" ("RESTAURANT_ID","FEATURE_NAME","DESCRIPTION")VALUES('50487888','Caters','No');
INSERT INTO "OPENING_HOUR" ("DAY","RESTAURANT_ID","OPENING_TIME","CLOSING_TIME")VALUES('Mon','50487888','11:00 am','11:00 pm');
INSERT INTO "OPENING_HOUR" ("DAY","RESTAURANT_ID","OPENING_TIME","CLOSING_TIME")VALUES('Tue','50487888','11:00 am','11:00 pm');
INSERT INTO "OPENING_HOUR" ("DAY","RESTAURANT_ID","OPENING_TIME","CLOSING_TIME")VALUES('Wed','50487888','11:00 am','11:00 pm');
INSERT INTO "OPENING_HOUR" ("DAY","RESTAURANT_ID","OPENING_TIME","CLOSING_TIME")VALUES('Thu','50487888','11:00 am','11:00 pm');
INSERT INTO "OPENING_HOUR" ("DAY","RESTAURANT_ID","OPENING_TIME","CLOSING_TIME")VALUES('Fri','50487888','11:00 am','11:00 pm');
INSERT INTO "OPENING_HOUR" ("DAY","RESTAURANT_ID","OPENING_TIME","CLOSING_TIME")VALUES('Sat','50487888','1:00 pm','11:00 pm');
INSERT INTO "OPENING_HOUR" ("DAY","RESTAURANT_ID","OPENING_TIME","CLOSING_TIME")VALUES('Sun','50487888','Open now','11:00 pm');
INSERT INTO "USER_REVIEW" ("RESTAURANT_ID","REVIEW_DATE","COMMENT","REVIEW_RATING")VALUES('50487888','2016-03-29 10:07:23','I came in here after seeing that everyone had rated this restaurant 5 stars (since I couldn''t believe it myself).  And I''m glad I did.  

I came in around...','5');
INSERT INTO "PHOTO" ("RESTAURANT_ID","PICTURE_URL")VALUES('50487888','https://s3-media2.fl.yelpcdn.com/photo/wpULzdxpnVkR8TKZx13ddw/o.jpg');
INSERT INTO "USER_REVIEW" ("RESTAURANT_ID","REVIEW_DATE","COMMENT","REVIEW_RATING")VALUES('50487888','2017-09-27 12:11:17','The ambiance of this place is what you would expect in a restaurant in Vietnam not particularly snazzy but good enough.

The wait staff was friendly but...','4');
INSERT INTO "PHOTO" ("RESTAURANT_ID","PICTURE_URL")VALUES('50487888','https://s3-media2.fl.yelpcdn.com/photo/D7-_xZLylWgZ7G-WA1qcHQ/o.jpg');
INSERT INTO "USER_REVIEW" ("RESTAURANT_ID","REVIEW_DATE","COMMENT","REVIEW_RATING")VALUES('50487888','2017-12-29 08:13:22','Summer roll was ok. Pho Soup had good taste but beef meet was tiny chunks only not steak pieces as it should be. 
Over all not bad.','3');
INSERT INTO "PHOTO" ("RESTAURANT_ID","PICTURE_URL")VALUES('50487888','https://s3-media2.fl.yelpcdn.com/photo/FkDYAyyZ8FBC9vcgUSV-mg/o.jpg');
INSERT INTO "RESTAURANT_RATING" ("RESTAURANT_ID","SCALE","OVERALL_RATING","SOURCE")VALUES('50487888','5','4.4','Google Map');
INSERT INTO "USER_REVIEW" ("RESTAURANT_ID","REVIEW_DATE","COMMENT","REVIEW_RATING")VALUES('50487888','2018-01-18','Small portions, not very tasty, quite ok place, nothing special','3');
INSERT INTO "USER_REVIEW" ("RESTAURANT_ID","REVIEW_DATE","COMMENT","REVIEW_RATING")VALUES('50487888','2017-03-06','First I didn''t plan to eat but when I saw the yelp-sign in the window and the pictures in the menu I just had to try.

Best spring rolls I''ve ever eaten and very good price. Only positive comments about the food and service - but remember to bring cash since they don''t accept credit cards.

So if you''re looking for an Asian restaurant, with good flavours and excellent vegetables at a reasonable price - this place is it!','5');
INSERT INTO "USER_REVIEW" ("RESTAURANT_ID","REVIEW_DATE","COMMENT","REVIEW_RATING")VALUES('50487888','2017-08-05','Delicious food, fast service, cheap. Perfect. Number 24 is fantastic. ','5');
INSERT INTO "USER_REVIEW" ("RESTAURANT_ID","REVIEW_DATE","COMMENT","REVIEW_RATING")VALUES('50487888','2017-09-13','Excellent service, but the food itself is not consistently good. Also, too much oil and the vegetarian options (such as the phos) aren''t always vegetarian (bone broth).','4');
INSERT INTO "USER_REVIEW" ("RESTAURANT_ID","REVIEW_DATE","COMMENT","REVIEW_RATING")VALUES('50487888','2017-07-10','Tasty food, very good prices, nice owner. ','5');
INSERT INTO "LOCATION" ("LOCATION_ID","LOCATION_TYPE","ADDRESS","LONGITUDE","LATITUDE")VALUES('142','R','Tauentzienstr. 9 - 1210789 BerlinGermany','13.3381207153','52.5043412514');
INSERT INTO "RESTAURANT" ("RESTAURANT_ID","PRICERANGE","PHONE_NUMBER","WEBSITE")VALUES('3722343','€€€€','+49 30 2618090','daitokai.de');
INSERT INTO "CUISINE" ("RESTAURANT_ID","CUISINE_TYPE")VALUES('3722343','Japanese');
INSERT INTO "CUISINE" ("RESTAURANT_ID","CUISINE_TYPE")VALUES('3722343','Sushi Bars');
INSERT INTO "RESTAURANT_RATING" ("RESTAURANT_ID","SCALE","OVERALL_RATING","SOURCE")VALUES('3722343','5','4.5','Yelp');
INSERT INTO "RESTAURANT_FEATURE" ("RESTAURANT_ID","FEATURE_NAME","DESCRIPTION")VALUES('3722343','Takes Reservations','Yes');
INSERT INTO "RESTAURANT_FEATURE" ("RESTAURANT_ID","FEATURE_NAME","DESCRIPTION")VALUES('3722343','Delivery','No');
INSERT INTO "RESTAURANT_FEATURE" ("RESTAURANT_ID","FEATURE_NAME","DESCRIPTION")VALUES('3722343','Take-out','No');
INSERT INTO "RESTAURANT_FEATURE" ("RESTAURANT_ID","FEATURE_NAME","DESCRIPTION")VALUES('3722343','Accepted Cards','Credit, Debit');
INSERT INTO "RESTAURANT_FEATURE" ("RESTAURANT_ID","FEATURE_NAME","DESCRIPTION")VALUES('3722343','Parking','Garage');
INSERT INTO "RESTAURANT_FEATURE" ("RESTAURANT_ID","FEATURE_NAME","DESCRIPTION")VALUES('3722343','Good for Kids','Yes');
INSERT INTO "RESTAURANT_FEATURE" ("RESTAURANT_ID","FEATURE_NAME","DESCRIPTION")VALUES('3722343','Good for Groups','Yes');
INSERT INTO "RESTAURANT_FEATURE" ("RESTAURANT_ID","FEATURE_NAME","DESCRIPTION")VALUES('3722343','Attire','Casual');
INSERT INTO "RESTAURANT_FEATURE" ("RESTAURANT_ID","FEATURE_NAME","DESCRIPTION")VALUES('3722343','Noise Level','Quiet');
INSERT INTO "RESTAURANT_FEATURE" ("RESTAURANT_ID","FEATURE_NAME","DESCRIPTION")VALUES('3722343','Alcohol','Beer & Wine Only');
INSERT INTO "RESTAURANT_FEATURE" ("RESTAURANT_ID","FEATURE_NAME","DESCRIPTION")VALUES('3722343','Outdoor Seating','No');
INSERT INTO "RESTAURANT_FEATURE" ("RESTAURANT_ID","FEATURE_NAME","DESCRIPTION")VALUES('3722343','Wi-Fi','No');
INSERT INTO "RESTAURANT_FEATURE" ("RESTAURANT_ID","FEATURE_NAME","DESCRIPTION")VALUES('3722343','Has TV','No');
INSERT INTO "RESTAURANT_FEATURE" ("RESTAURANT_ID","FEATURE_NAME","DESCRIPTION")VALUES('3722343','Caters','No');
INSERT INTO "OPENING_HOUR" ("DAY","RESTAURANT_ID","OPENING_TIME","CLOSING_TIME")VALUES('Mon','3722343','12:00 pm','2:00 pm');
INSERT INTO "OPENING_HOUR" ("DAY","RESTAURANT_ID","OPENING_TIME","CLOSING_TIME")VALUES('Tue','3722343','12:00 pm','2:00 pm');
INSERT INTO "OPENING_HOUR" ("DAY","RESTAURANT_ID","OPENING_TIME","CLOSING_TIME")VALUES('Wed','3722343','12:00 pm','2:00 pm');
INSERT INTO "OPENING_HOUR" ("DAY","RESTAURANT_ID","OPENING_TIME","CLOSING_TIME")VALUES('Thu','3722343','12:00 pm','2:00 pm');
INSERT INTO "OPENING_HOUR" ("DAY","RESTAURANT_ID","OPENING_TIME","CLOSING_TIME")VALUES('Fri','3722343','12:00 pm','2:00 pm');
INSERT INTO "OPENING_HOUR" ("DAY","RESTAURANT_ID","OPENING_TIME","CLOSING_TIME")VALUES('Sat','3722343','Open now','2:00 pm');
INSERT INTO "USER_REVIEW" ("RESTAURANT_ID","REVIEW_DATE","COMMENT","REVIEW_RATING")VALUES('3722343','2017-06-18 14:10:28','Great place if you are looking for good Japanese food. Beware you need to have the money to spend for it though, just like in Japan ;','5');
INSERT INTO "PHOTO" ("RESTAURANT_ID","PICTURE_URL")VALUES('3722343','https://s3-media3.fl.yelpcdn.com/photo/QG6uxB5iJgiI4OegWsi_qA/o.jpg');
INSERT INTO "USER_REVIEW" ("RESTAURANT_ID","REVIEW_DATE","COMMENT","REVIEW_RATING")VALUES('3722343','2016-09-25 13:23:15','I would have to agree with Ishi...having been to other tepanyaki restaurant elsewhere, it is not worth it to come to this restaurant. 
The teppanyaki is...','1');
INSERT INTO "PHOTO" ("RESTAURANT_ID","PICTURE_URL")VALUES('3722343','https://s3-media4.fl.yelpcdn.com/photo/yo1lJ0mLvkf9SdKzdNEHTQ/o.jpg');
INSERT INTO "USER_REVIEW" ("RESTAURANT_ID","REVIEW_DATE","COMMENT","REVIEW_RATING")VALUES('3722343','2016-07-06 12:53:16','Granted I''m from California so my expectations for Sushi are high, but really this restaurant is not deserving of such high reviews. We came for lunch as...','1');
INSERT INTO "PHOTO" ("RESTAURANT_ID","PICTURE_URL")VALUES('3722343','https://s3-media3.fl.yelpcdn.com/photo/WWRqp0IB2r3Nqx_9Ivp_kw/o.jpg');
INSERT INTO "LOCATION" ("LOCATION_ID","LOCATION_TYPE","ADDRESS","LONGITUDE","LATITUDE")VALUES('143','R','Kurfürstenstr. 12710785 BerlinGermany','13.35182','52.5024109');
INSERT INTO "RESTAURANT" ("RESTAURANT_ID","PRICERANGE","PHONE_NUMBER","WEBSITE")VALUES('29109270','€€','+49 30 45086734','persepolis-restaurant.de');
INSERT INTO "CUISINE" ("RESTAURANT_ID","CUISINE_TYPE")VALUES('29109270','Persian/Iranian');
INSERT INTO "RESTAURANT_RATING" ("RESTAURANT_ID","SCALE","OVERALL_RATING","SOURCE")VALUES('29109270','5','4.0','Yelp');
INSERT INTO "RESTAURANT_FEATURE" ("RESTAURANT_ID","FEATURE_NAME","DESCRIPTION")VALUES('29109270','Takes Reservations','Yes');
INSERT INTO "RESTAURANT_FEATURE" ("RESTAURANT_ID","FEATURE_NAME","DESCRIPTION")VALUES('29109270','Delivery','Yes');
INSERT INTO "RESTAURANT_FEATURE" ("RESTAURANT_ID","FEATURE_NAME","DESCRIPTION")VALUES('29109270','Take-out','Yes');
INSERT INTO "RESTAURANT_FEATURE" ("RESTAURANT_ID","FEATURE_NAME","DESCRIPTION")VALUES('29109270','Good For','Lunch');
INSERT INTO "RESTAURANT_FEATURE" ("RESTAURANT_ID","FEATURE_NAME","DESCRIPTION")VALUES('29109270','Good for Kids','Yes');
INSERT INTO "RESTAURANT_FEATURE" ("RESTAURANT_ID","FEATURE_NAME","DESCRIPTION")VALUES('29109270','Good for Groups','Yes');
INSERT INTO "RESTAURANT_FEATURE" ("RESTAURANT_ID","FEATURE_NAME","DESCRIPTION")VALUES('29109270','Attire','Casual');
INSERT INTO "RESTAURANT_FEATURE" ("RESTAURANT_ID","FEATURE_NAME","DESCRIPTION")VALUES('29109270','Noise Level','Average');
INSERT INTO "RESTAURANT_FEATURE" ("RESTAURANT_ID","FEATURE_NAME","DESCRIPTION")VALUES('29109270','Alcohol','Full Bar');
INSERT INTO "RESTAURANT_FEATURE" ("RESTAURANT_ID","FEATURE_NAME","DESCRIPTION")VALUES('29109270','Outdoor Seating','Yes');
INSERT INTO "RESTAURANT_FEATURE" ("RESTAURANT_ID","FEATURE_NAME","DESCRIPTION")VALUES('29109270','Wi-Fi','No');
INSERT INTO "RESTAURANT_FEATURE" ("RESTAURANT_ID","FEATURE_NAME","DESCRIPTION")VALUES('29109270','Has TV','No');
INSERT INTO "RESTAURANT_FEATURE" ("RESTAURANT_ID","FEATURE_NAME","DESCRIPTION")VALUES('29109270','Waiter Service','Yes');
INSERT INTO "RESTAURANT_FEATURE" ("RESTAURANT_ID","FEATURE_NAME","DESCRIPTION")VALUES('29109270','Caters','Yes');
INSERT INTO "OPENING_HOUR" ("DAY","RESTAURANT_ID","OPENING_TIME","CLOSING_TIME")VALUES('Mon','29109270','12:00 pm','1:00 am');
INSERT INTO "OPENING_HOUR" ("DAY","RESTAURANT_ID","OPENING_TIME","CLOSING_TIME")VALUES('Tue','29109270','12:00 pm','1:00 am');
INSERT INTO "OPENING_HOUR" ("DAY","RESTAURANT_ID","OPENING_TIME","CLOSING_TIME")VALUES('Wed','29109270','12:00 pm','1:00 am');
INSERT INTO "OPENING_HOUR" ("DAY","RESTAURANT_ID","OPENING_TIME","CLOSING_TIME")VALUES('Thu','29109270','12:00 pm','1:00 am');
INSERT INTO "OPENING_HOUR" ("DAY","RESTAURANT_ID","OPENING_TIME","CLOSING_TIME")VALUES('Fri','29109270','12:00 pm','1:00 am');
INSERT INTO "OPENING_HOUR" ("DAY","RESTAURANT_ID","OPENING_TIME","CLOSING_TIME")VALUES('Sat','29109270','12:00 pm','1:00 am');
INSERT INTO "OPENING_HOUR" ("DAY","RESTAURANT_ID","OPENING_TIME","CLOSING_TIME")VALUES('Sun','29109270','Open now','12:00 am');
INSERT INTO "USER_REVIEW" ("RESTAURANT_ID","REVIEW_DATE","COMMENT","REVIEW_RATING")VALUES('29109270','2017-09-01 02:47:56','I was here earlier in the week with a friend. It''s the third Persian restaurant I have visited here in Berlin, and I must say this is a good one. It''s not...','3');
INSERT INTO "PHOTO" ("RESTAURANT_ID","PICTURE_URL")VALUES('29109270','https://s3-media1.fl.yelpcdn.com/photo/ToTju2zYCHa7hPAMdeK58w/o.jpg');
INSERT INTO "USER_REVIEW" ("RESTAURANT_ID","REVIEW_DATE","COMMENT","REVIEW_RATING")VALUES('29109270','2017-11-02 10:13:12','First time in Berlin and my cousin told me about this place. It was about 3 miles from central station. Tasty!!! Very kind service but forgot a couple of...','5');
INSERT INTO "PHOTO" ("RESTAURANT_ID","PICTURE_URL")VALUES('29109270','https://s3-media2.fl.yelpcdn.com/photo/BUy5W8_aA22b4_BW5GDfLA/o.jpg');
INSERT INTO "USER_REVIEW" ("RESTAURANT_ID","REVIEW_DATE","COMMENT","REVIEW_RATING")VALUES('29109270','2017-09-17 08:29:36','These are really polite and sweet people. The food items we tried were: aash e reshte (I would give it 3 out of 5 starts), zereshk polo with bademjan (which...','3');
INSERT INTO "PHOTO" ("RESTAURANT_ID","PICTURE_URL")VALUES('29109270','https://s3-media2.fl.yelpcdn.com/photo/PZRkfpPOO_yCqw5XeXcQrQ/o.jpg');
INSERT INTO "LOCATION" ("LOCATION_ID","LOCATION_TYPE","ADDRESS","LONGITUDE","LATITUDE")VALUES('144','R','Wrangelstr. 1710997 BerlinGermany','13.4301587','52.5032685');
INSERT INTO "RESTAURANT" ("RESTAURANT_ID","PRICERANGE","PHONE_NUMBER","WEBSITE")VALUES('30992032','€€','+49 30 69568559','marechiaro-berlin.de');
INSERT INTO "CUISINE" ("RESTAURANT_ID","CUISINE_TYPE")VALUES('30992032','Italian');
INSERT INTO "RESTAURANT_RATING" ("RESTAURANT_ID","SCALE","OVERALL_RATING","SOURCE")VALUES('30992032','5','4.5','Yelp');
INSERT INTO "RESTAURANT_FEATURE" ("RESTAURANT_ID","FEATURE_NAME","DESCRIPTION")VALUES('30992032','Takes Reservations','Yes');
INSERT INTO "RESTAURANT_FEATURE" ("RESTAURANT_ID","FEATURE_NAME","DESCRIPTION")VALUES('30992032','Delivery','No');
INSERT INTO "RESTAURANT_FEATURE" ("RESTAURANT_ID","FEATURE_NAME","DESCRIPTION")VALUES('30992032','Take-out','Yes');
INSERT INTO "RESTAURANT_FEATURE" ("RESTAURANT_ID","FEATURE_NAME","DESCRIPTION")VALUES('30992032','Good For','Dinner');
INSERT INTO "RESTAURANT_FEATURE" ("RESTAURANT_ID","FEATURE_NAME","DESCRIPTION")VALUES('30992032','Parking','Street');
INSERT INTO "RESTAURANT_FEATURE" ("RESTAURANT_ID","FEATURE_NAME","DESCRIPTION")VALUES('30992032','Good for Kids','Yes');
INSERT INTO "RESTAURANT_FEATURE" ("RESTAURANT_ID","FEATURE_NAME","DESCRIPTION")VALUES('30992032','Good for Groups','Yes');
INSERT INTO "RESTAURANT_FEATURE" ("RESTAURANT_ID","FEATURE_NAME","DESCRIPTION")VALUES('30992032','Attire','Casual');
INSERT INTO "RESTAURANT_FEATURE" ("RESTAURANT_ID","FEATURE_NAME","DESCRIPTION")VALUES('30992032','Ambience','Romantic');
INSERT INTO "RESTAURANT_FEATURE" ("RESTAURANT_ID","FEATURE_NAME","DESCRIPTION")VALUES('30992032','Noise Level','Average');
INSERT INTO "RESTAURANT_FEATURE" ("RESTAURANT_ID","FEATURE_NAME","DESCRIPTION")VALUES('30992032','Alcohol','Beer & Wine Only');
INSERT INTO "RESTAURANT_FEATURE" ("RESTAURANT_ID","FEATURE_NAME","DESCRIPTION")VALUES('30992032','Outdoor Seating','Yes');
INSERT INTO "RESTAURANT_FEATURE" ("RESTAURANT_ID","FEATURE_NAME","DESCRIPTION")VALUES('30992032','Wi-Fi','No');
INSERT INTO "RESTAURANT_FEATURE" ("RESTAURANT_ID","FEATURE_NAME","DESCRIPTION")VALUES('30992032','Has TV','No');
INSERT INTO "OPENING_HOUR" ("DAY","RESTAURANT_ID","OPENING_TIME","CLOSING_TIME")VALUES('Mon','30992032','12:00 pm','11:00 pm');
INSERT INTO "OPENING_HOUR" ("DAY","RESTAURANT_ID","OPENING_TIME","CLOSING_TIME")VALUES('Tue','30992032','12:00 pm','11:00 pm');
INSERT INTO "OPENING_HOUR" ("DAY","RESTAURANT_ID","OPENING_TIME","CLOSING_TIME")VALUES('Wed','30992032','12:00 pm','11:00 pm');
INSERT INTO "OPENING_HOUR" ("DAY","RESTAURANT_ID","OPENING_TIME","CLOSING_TIME")VALUES('Thu','30992032','12:00 pm','11:00 pm');
INSERT INTO "OPENING_HOUR" ("DAY","RESTAURANT_ID","OPENING_TIME","CLOSING_TIME")VALUES('Fri','30992032','4:00 pm','11:00 pm');
INSERT INTO "OPENING_HOUR" ("DAY","RESTAURANT_ID","OPENING_TIME","CLOSING_TIME")VALUES('Sat','30992032','Open now','11:00 pm');
INSERT INTO "USER_REVIEW" ("RESTAURANT_ID","REVIEW_DATE","COMMENT","REVIEW_RATING")VALUES('30992032','2016-12-17 06:23:10','Family-style Italian restaurant with a great selection of pizza, pasta, salads, and antipasti. Simple, hearty food for a cozy dining experience. A nice...','5');
INSERT INTO "PHOTO" ("RESTAURANT_ID","PICTURE_URL")VALUES('30992032','https://s3-media1.fl.yelpcdn.com/photo/pmQ2nWRSkbr30hoUY0Qiig/o.jpg');
INSERT INTO "USER_REVIEW" ("RESTAURANT_ID","REVIEW_DATE","COMMENT","REVIEW_RATING")VALUES('30992032','2016-09-15 13:18:20','After HOURS of researching the perfect place for our final meal on our Berlin trip, I came across Marechiaro. We were looking for something non-German,...','5');
INSERT INTO "PHOTO" ("RESTAURANT_ID","PICTURE_URL")VALUES('30992032','https://s3-media2.fl.yelpcdn.com/photo/mkoxFA0YI2J0pLpwEc3bZw/o.jpg');
INSERT INTO "USER_REVIEW" ("RESTAURANT_ID","REVIEW_DATE","COMMENT","REVIEW_RATING")VALUES('30992032','2017-04-19 07:07:05','Perfect food, very good service
We enjoyed every moment.
We ate bruschetta and two kinds of pasta and the taste was amazing!!!','5');
INSERT INTO "RESTAURANT_RATING" ("RESTAURANT_ID","SCALE","OVERALL_RATING","SOURCE")VALUES('30992032','5','4.5','Google Map');
INSERT INTO "USER_REVIEW" ("RESTAURANT_ID","REVIEW_DATE","COMMENT","REVIEW_RATING")VALUES('30992032','2017-12-31','I go there quite often for lunch. Very good Italian classics on the lunch menu which changes regularly. Very friendly service too','4');
INSERT INTO "USER_REVIEW" ("RESTAURANT_ID","REVIEW_DATE","COMMENT","REVIEW_RATING")VALUES('30992032','2018-01-06','Really like the pizza, the restaurant and service. I wasn’t too happy with the pasta, but taste is different.','4');
INSERT INTO "USER_REVIEW" ("RESTAURANT_ID","REVIEW_DATE","COMMENT","REVIEW_RATING")VALUES('30992032','2017-08-23','Quality food in a very cozy atmosphere, even if a bit overpriced!','4');
INSERT INTO "USER_REVIEW" ("RESTAURANT_ID","REVIEW_DATE","COMMENT","REVIEW_RATING")VALUES('30992032','2017-04-29','The best ravioli I ever had! Perfectly balanced! Highly recommended!','5');
INSERT INTO "USER_REVIEW" ("RESTAURANT_ID","REVIEW_DATE","COMMENT","REVIEW_RATING")VALUES('30992032','2017-04-28','THE best Italian we''ve eaten at outside of Italy!','5');
INSERT INTO "LOCATION" ("LOCATION_ID","LOCATION_TYPE","ADDRESS","LONGITUDE","LATITUDE")VALUES('145','R','Lychener Str. 5010437 BerlinGermany','13.4185','52.5443');
INSERT INTO "RESTAURANT" ("RESTAURANT_ID","PRICERANGE","PHONE_NUMBER","WEBSITE")VALUES('80669023','€€','+49 30 44717721','sasaya-berlin.de');
INSERT INTO "CUISINE" ("RESTAURANT_ID","CUISINE_TYPE")VALUES('80669023','Japanese');
INSERT INTO "CUISINE" ("RESTAURANT_ID","CUISINE_TYPE")VALUES('80669023','Sushi Bars');
INSERT INTO "RESTAURANT_RATING" ("RESTAURANT_ID","SCALE","OVERALL_RATING","SOURCE")VALUES('80669023','5','4.5','Yelp');
INSERT INTO "RESTAURANT_FEATURE" ("RESTAURANT_ID","FEATURE_NAME","DESCRIPTION")VALUES('80669023','Takes Reservations','Yes');
INSERT INTO "RESTAURANT_FEATURE" ("RESTAURANT_ID","FEATURE_NAME","DESCRIPTION")VALUES('80669023','Delivery','No');
INSERT INTO "RESTAURANT_FEATURE" ("RESTAURANT_ID","FEATURE_NAME","DESCRIPTION")VALUES('80669023','Take-out','Yes');
INSERT INTO "RESTAURANT_FEATURE" ("RESTAURANT_ID","FEATURE_NAME","DESCRIPTION")VALUES('80669023','Parking','Street');
INSERT INTO "RESTAURANT_FEATURE" ("RESTAURANT_ID","FEATURE_NAME","DESCRIPTION")VALUES('80669023','Good for Kids','No');
INSERT INTO "RESTAURANT_FEATURE" ("RESTAURANT_ID","FEATURE_NAME","DESCRIPTION")VALUES('80669023','Good for Groups','Yes');
INSERT INTO "RESTAURANT_FEATURE" ("RESTAURANT_ID","FEATURE_NAME","DESCRIPTION")VALUES('80669023','Attire','Casual');
INSERT INTO "RESTAURANT_FEATURE" ("RESTAURANT_ID","FEATURE_NAME","DESCRIPTION")VALUES('80669023','Ambience','Casual');
INSERT INTO "RESTAURANT_FEATURE" ("RESTAURANT_ID","FEATURE_NAME","DESCRIPTION")VALUES('80669023','Noise Level','Loud');
INSERT INTO "RESTAURANT_FEATURE" ("RESTAURANT_ID","FEATURE_NAME","DESCRIPTION")VALUES('80669023','Alcohol','Beer & Wine Only');
INSERT INTO "RESTAURANT_FEATURE" ("RESTAURANT_ID","FEATURE_NAME","DESCRIPTION")VALUES('80669023','Outdoor Seating','Yes');
INSERT INTO "RESTAURANT_FEATURE" ("RESTAURANT_ID","FEATURE_NAME","DESCRIPTION")VALUES('80669023','Wi-Fi','No');
INSERT INTO "RESTAURANT_FEATURE" ("RESTAURANT_ID","FEATURE_NAME","DESCRIPTION")VALUES('80669023','Has TV','No');
INSERT INTO "RESTAURANT_FEATURE" ("RESTAURANT_ID","FEATURE_NAME","DESCRIPTION")VALUES('80669023','Caters','No');
INSERT INTO "OPENING_HOUR" ("DAY","RESTAURANT_ID","OPENING_TIME","CLOSING_TIME")VALUES('Mon','80669023','12:00 pm','3:00 pm');
INSERT INTO "OPENING_HOUR" ("DAY","RESTAURANT_ID","OPENING_TIME","CLOSING_TIME")VALUES('Tue','80669023','12:00 pm','3:00 pm');
INSERT INTO "OPENING_HOUR" ("DAY","RESTAURANT_ID","OPENING_TIME","CLOSING_TIME")VALUES('Wed','80669023','12:00 pm','3:00 pm');
INSERT INTO "OPENING_HOUR" ("DAY","RESTAURANT_ID","OPENING_TIME","CLOSING_TIME")VALUES('Thu','80669023','12:00 pm','3:00 pm');
INSERT INTO "OPENING_HOUR" ("DAY","RESTAURANT_ID","OPENING_TIME","CLOSING_TIME")VALUES('Fri','80669023','Open now','3:00 pm');
INSERT INTO "USER_REVIEW" ("RESTAURANT_ID","REVIEW_DATE","COMMENT","REVIEW_RATING")VALUES('80669023','2017-05-01 12:23:22','Mixed feelings and mixed reactions. 

Bipolar is how I describe the food, or Jekyll and Hyde. The sushi dishes were atrocious but the other non sushi dishes...','3');
INSERT INTO "PHOTO" ("RESTAURANT_ID","PICTURE_URL")VALUES('80669023','https://s3-media1.fl.yelpcdn.com/photo/b54dzz8K50oe-7pNa-XYCQ/o.jpg');
INSERT INTO "USER_REVIEW" ("RESTAURANT_ID","REVIEW_DATE","COMMENT","REVIEW_RATING")VALUES('80669023','2017-10-25 04:02:28','Sasaya really hit the mark!  Coming from Los Angeles, the food scene in Berlin is drastically different.  I have purposely circumnavigated sushi for fear of...','4');
INSERT INTO "PHOTO" ("RESTAURANT_ID","PICTURE_URL")VALUES('80669023','https://s3-media3.fl.yelpcdn.com/photo/uSWIDQHT0whElf9DdHSkFg/o.jpg');
INSERT INTO "USER_REVIEW" ("RESTAURANT_ID","REVIEW_DATE","COMMENT","REVIEW_RATING")VALUES('80669023','2017-03-18 14:29:08','Just had an amazing dinner at Sasaya. The sushi is absolutely worth traveling for! 

Arigatou gozaimasu!

See you soon','5');
INSERT INTO "PHOTO" ("RESTAURANT_ID","PICTURE_URL")VALUES('80669023','https://s3-media4.fl.yelpcdn.com/photo/Rz1URRXmCPvxaAfEByfTxw/o.jpg');
INSERT INTO "LOCATION" ("LOCATION_ID","LOCATION_TYPE","ADDRESS","LONGITUDE","LATITUDE")VALUES('146','R','Beermannstr. 612435 BerlinGermany','13.45667','52.48993');
INSERT INTO "RESTAURANT" ("RESTAURANT_ID","PRICERANGE","PHONE_NUMBER","WEBSITE")VALUES('66850372','€€','+49 179 7477704','tapas-nr6.de');
INSERT INTO "CUISINE" ("RESTAURANT_ID","CUISINE_TYPE")VALUES('66850372','Tapas/Small Plates');
INSERT INTO "CUISINE" ("RESTAURANT_ID","CUISINE_TYPE")VALUES('66850372','Spanish');
INSERT INTO "CUISINE" ("RESTAURANT_ID","CUISINE_TYPE")VALUES('66850372','Mediterranean');
INSERT INTO "RESTAURANT_RATING" ("RESTAURANT_ID","SCALE","OVERALL_RATING","SOURCE")VALUES('66850372','5','4.5','Yelp');
INSERT INTO "RESTAURANT_FEATURE" ("RESTAURANT_ID","FEATURE_NAME","DESCRIPTION")VALUES('66850372','Takes Reservations','Yes');
INSERT INTO "RESTAURANT_FEATURE" ("RESTAURANT_ID","FEATURE_NAME","DESCRIPTION")VALUES('66850372','Delivery','No');
INSERT INTO "RESTAURANT_FEATURE" ("RESTAURANT_ID","FEATURE_NAME","DESCRIPTION")VALUES('66850372','Take-out','No');
INSERT INTO "RESTAURANT_FEATURE" ("RESTAURANT_ID","FEATURE_NAME","DESCRIPTION")VALUES('66850372','Good for Kids','Yes');
INSERT INTO "RESTAURANT_FEATURE" ("RESTAURANT_ID","FEATURE_NAME","DESCRIPTION")VALUES('66850372','Good for Groups','Yes');
INSERT INTO "RESTAURANT_FEATURE" ("RESTAURANT_ID","FEATURE_NAME","DESCRIPTION")VALUES('66850372','Attire','Casual');
INSERT INTO "RESTAURANT_FEATURE" ("RESTAURANT_ID","FEATURE_NAME","DESCRIPTION")VALUES('66850372','Noise Level','Average');
INSERT INTO "RESTAURANT_FEATURE" ("RESTAURANT_ID","FEATURE_NAME","DESCRIPTION")VALUES('66850372','Alcohol','Beer & Wine Only');
INSERT INTO "RESTAURANT_FEATURE" ("RESTAURANT_ID","FEATURE_NAME","DESCRIPTION")VALUES('66850372','Outdoor Seating','Yes');
INSERT INTO "RESTAURANT_FEATURE" ("RESTAURANT_ID","FEATURE_NAME","DESCRIPTION")VALUES('66850372','Wi-Fi','No');
INSERT INTO "RESTAURANT_FEATURE" ("RESTAURANT_ID","FEATURE_NAME","DESCRIPTION")VALUES('66850372','Has TV','Yes');
INSERT INTO "RESTAURANT_FEATURE" ("RESTAURANT_ID","FEATURE_NAME","DESCRIPTION")VALUES('66850372','Caters','No');
INSERT INTO "OPENING_HOUR" ("DAY","RESTAURANT_ID","OPENING_TIME","CLOSING_TIME")VALUES('Mon','66850372','11:30 am','2:30 pm');
INSERT INTO "OPENING_HOUR" ("DAY","RESTAURANT_ID","OPENING_TIME","CLOSING_TIME")VALUES('Tue','66850372','11:30 am','2:30 pm');
INSERT INTO "OPENING_HOUR" ("DAY","RESTAURANT_ID","OPENING_TIME","CLOSING_TIME")VALUES('Wed','66850372','11:30 am','2:30 pm');
INSERT INTO "OPENING_HOUR" ("DAY","RESTAURANT_ID","OPENING_TIME","CLOSING_TIME")VALUES('Thu','66850372','6:00 pm','12:00 am');
INSERT INTO "OPENING_HOUR" ("DAY","RESTAURANT_ID","OPENING_TIME","CLOSING_TIME")VALUES('Fri','66850372','6:00 pm','12:00 am');
INSERT INTO "USER_REVIEW" ("RESTAURANT_ID","REVIEW_DATE","COMMENT","REVIEW_RATING")VALUES('66850372','2015-01-31 05:17:55','a real discovery, delicious food, excellent wine and cozy atmosphere, the only critical point is that is not on a main street and you wouldn''t find it if...','5');
INSERT INTO "PHOTO" ("RESTAURANT_ID","PICTURE_URL")VALUES('66850372','https://s3-media1.fl.yelpcdn.com/photo/Qf5sJt8MOw9nBkmsxB259Q/o.jpg');
INSERT INTO "RESTAURANT_RATING" ("RESTAURANT_ID","SCALE","OVERALL_RATING","SOURCE")VALUES('66850372','5','4.2','Google Map');
INSERT INTO "USER_REVIEW" ("RESTAURANT_ID","REVIEW_DATE","COMMENT","REVIEW_RATING")VALUES('66850372','2017-11-21','Real great tiny place!
nice people, fresh food, super cooking, absolutely special!
We had a great diner, top tapas, tasty wine, all fine!','5');
INSERT INTO "USER_REVIEW" ("RESTAURANT_ID","REVIEW_DATE","COMMENT","REVIEW_RATING")VALUES('66850372','2017-09-24','Okay food, but no great service.','2');
INSERT INTO "USER_REVIEW" ("RESTAURANT_ID","REVIEW_DATE","COMMENT","REVIEW_RATING")VALUES('66850372','2014-03-22','Excellent Tapas! Make reservations because there are just about 4 tables.. Daily different excellent homemade dishes too! Fair prices. Ever again.','5');
INSERT INTO "USER_REVIEW" ("RESTAURANT_ID","REVIEW_DATE","COMMENT","REVIEW_RATING")VALUES('66850372','2017-10-25','Sehr leckeres Essen in gemütlicher Atmosphäre. Vorher mal anrufen und fragen ob ein Tisch frei ist oder einen reservieren kann nicht schaden. Es gibt auch eine ausgezeichnete Auswahl an Spirituosen. Wer sich über die Größe der Portionen aufregt, hat das Prinzip von Tapas wohl nicht ganz verstanden. Aber das ist uns Deutschen ja eigen: billig und viel haben zu wollen statt Qualität...','5');
INSERT INTO "USER_REVIEW" ("RESTAURANT_ID","REVIEW_DATE","COMMENT","REVIEW_RATING")VALUES('66850372','2017-11-23','Ein Geheimtipp, super klein, super lecker. In Abwandlung des Sprichworts: Mehr sein, als Schein. Kann man nur empfehlen.','5');
INSERT INTO "LOCATION" ("LOCATION_ID","LOCATION_TYPE","ADDRESS","LONGITUDE","LATITUDE")VALUES('147','R','Potsdamer Str. 310785 BerlinGermany','13.3736739221','52.5090056142');
INSERT INTO "RESTAURANT" ("RESTAURANT_ID","PRICERANGE","PHONE_NUMBER","WEBSITE")VALUES('19293992','€€€€','+49 30 590051234','facil.de');
INSERT INTO "CUISINE" ("RESTAURANT_ID","CUISINE_TYPE")VALUES('19293992','French');
INSERT INTO "RESTAURANT_RATING" ("RESTAURANT_ID","SCALE","OVERALL_RATING","SOURCE")VALUES('19293992','5','4.5','Yelp');
INSERT INTO "RESTAURANT_FEATURE" ("RESTAURANT_ID","FEATURE_NAME","DESCRIPTION")VALUES('19293992','Takes Reservations','Yes');
INSERT INTO "RESTAURANT_FEATURE" ("RESTAURANT_ID","FEATURE_NAME","DESCRIPTION")VALUES('19293992','Delivery','No');
INSERT INTO "RESTAURANT_FEATURE" ("RESTAURANT_ID","FEATURE_NAME","DESCRIPTION")VALUES('19293992','Take-out','No');
INSERT INTO "RESTAURANT_FEATURE" ("RESTAURANT_ID","FEATURE_NAME","DESCRIPTION")VALUES('19293992','Accepted Cards','Credit, Debit');
INSERT INTO "RESTAURANT_FEATURE" ("RESTAURANT_ID","FEATURE_NAME","DESCRIPTION")VALUES('19293992','Parking','Garage');
INSERT INTO "RESTAURANT_FEATURE" ("RESTAURANT_ID","FEATURE_NAME","DESCRIPTION")VALUES('19293992','Good for Kids','No');
INSERT INTO "RESTAURANT_FEATURE" ("RESTAURANT_ID","FEATURE_NAME","DESCRIPTION")VALUES('19293992','Good for Groups','Yes');
INSERT INTO "RESTAURANT_FEATURE" ("RESTAURANT_ID","FEATURE_NAME","DESCRIPTION")VALUES('19293992','Attire','Dressy');
INSERT INTO "RESTAURANT_FEATURE" ("RESTAURANT_ID","FEATURE_NAME","DESCRIPTION")VALUES('19293992','Ambience','Classy');
INSERT INTO "RESTAURANT_FEATURE" ("RESTAURANT_ID","FEATURE_NAME","DESCRIPTION")VALUES('19293992','Noise Level','Quiet');
INSERT INTO "RESTAURANT_FEATURE" ("RESTAURANT_ID","FEATURE_NAME","DESCRIPTION")VALUES('19293992','Alcohol','Full Bar');
INSERT INTO "RESTAURANT_FEATURE" ("RESTAURANT_ID","FEATURE_NAME","DESCRIPTION")VALUES('19293992','Outdoor Seating','Yes');
INSERT INTO "RESTAURANT_FEATURE" ("RESTAURANT_ID","FEATURE_NAME","DESCRIPTION")VALUES('19293992','Wi-Fi','Free');
INSERT INTO "RESTAURANT_FEATURE" ("RESTAURANT_ID","FEATURE_NAME","DESCRIPTION")VALUES('19293992','Has TV','No');
INSERT INTO "OPENING_HOUR" ("DAY","RESTAURANT_ID","OPENING_TIME","CLOSING_TIME")VALUES('Mon','19293992','12:00 pm','3:30 pm');
INSERT INTO "OPENING_HOUR" ("DAY","RESTAURANT_ID","OPENING_TIME","CLOSING_TIME")VALUES('Tue','19293992','12:00 pm','3:30 pm');
INSERT INTO "OPENING_HOUR" ("DAY","RESTAURANT_ID","OPENING_TIME","CLOSING_TIME")VALUES('Wed','19293992','12:00 pm','3:30 pm');
INSERT INTO "OPENING_HOUR" ("DAY","RESTAURANT_ID","OPENING_TIME","CLOSING_TIME")VALUES('Thu','19293992','12:00 pm','3:30 pm');
INSERT INTO "OPENING_HOUR" ("DAY","RESTAURANT_ID","OPENING_TIME","CLOSING_TIME")VALUES('Fri','19293992','12:00 pm','3:30 pm');
INSERT INTO "USER_REVIEW" ("RESTAURANT_ID","REVIEW_DATE","COMMENT","REVIEW_RATING")VALUES('19293992','2016-03-09 02:49:28','Come back again for the second time. Amazing as always
1) amuse is the fermented papaya with peanut emulsion in peanut shape
2) char with leek foam and...','5');
INSERT INTO "PHOTO" ("RESTAURANT_ID","PICTURE_URL")VALUES('19293992','https://s3-media4.fl.yelpcdn.com/photo/eLmr4Vz1nLQkuKXVkd8EQQ/o.jpg');
INSERT INTO "USER_REVIEW" ("RESTAURANT_ID","REVIEW_DATE","COMMENT","REVIEW_RATING")VALUES('19293992','2016-12-29 01:45:33','Great restaurant with an amazing lunch menu option. The restaurant itself is very nice, it is embedded in a small garden on top of a building. The service...','5');
INSERT INTO "PHOTO" ("RESTAURANT_ID","PICTURE_URL")VALUES('19293992','https://s3-media3.fl.yelpcdn.com/photo/yY2Snv5_X-_obmMYdLsHvw/o.jpg');
INSERT INTO "USER_REVIEW" ("RESTAURANT_ID","REVIEW_DATE","COMMENT","REVIEW_RATING")VALUES('19293992','2015-12-19 17:00:37','Went back again after a year away from Berlin - and Felix is still there doing his sommelier duties as efficiently as ever, Manuel was still looking after...','5');
INSERT INTO "PHOTO" ("RESTAURANT_ID","PICTURE_URL")VALUES('19293992','https://s3-media2.fl.yelpcdn.com/photo/FLOT1S_CjNJ5D9_ThW-ewg/o.jpg');
INSERT INTO "LOCATION" ("LOCATION_ID","LOCATION_TYPE","ADDRESS","LONGITUDE","LATITUDE")VALUES('148','R','Schiffbauerdamm 810117 BerlinGermany','13.38563','52.52129');
INSERT INTO "RESTAURANT" ("RESTAURANT_ID","PRICERANGE","PHONE_NUMBER","WEBSITE")VALUES('94239470','€€','+49 30 2823965','staev.de');
INSERT INTO "CUISINE" ("RESTAURANT_ID","CUISINE_TYPE")VALUES('94239470','German');
INSERT INTO "CUISINE" ("RESTAURANT_ID","CUISINE_TYPE")VALUES('94239470','Venues & Event Spaces');
INSERT INTO "CUISINE" ("RESTAURANT_ID","CUISINE_TYPE")VALUES('94239470','Dive Bars');
INSERT INTO "RESTAURANT_RATING" ("RESTAURANT_ID","SCALE","OVERALL_RATING","SOURCE")VALUES('94239470','5','4.0','Yelp');
INSERT INTO "RESTAURANT_FEATURE" ("RESTAURANT_ID","FEATURE_NAME","DESCRIPTION")VALUES('94239470','Takes Reservations','Yes');
INSERT INTO "RESTAURANT_FEATURE" ("RESTAURANT_ID","FEATURE_NAME","DESCRIPTION")VALUES('94239470','Delivery','No');
INSERT INTO "RESTAURANT_FEATURE" ("RESTAURANT_ID","FEATURE_NAME","DESCRIPTION")VALUES('94239470','Take-out','No');
INSERT INTO "RESTAURANT_FEATURE" ("RESTAURANT_ID","FEATURE_NAME","DESCRIPTION")VALUES('94239470','Accepted Cards','Credit, Debit');
INSERT INTO "RESTAURANT_FEATURE" ("RESTAURANT_ID","FEATURE_NAME","DESCRIPTION")VALUES('94239470','Good For','Dinner');
INSERT INTO "RESTAURANT_FEATURE" ("RESTAURANT_ID","FEATURE_NAME","DESCRIPTION")VALUES('94239470','Parking','Street');
INSERT INTO "RESTAURANT_FEATURE" ("RESTAURANT_ID","FEATURE_NAME","DESCRIPTION")VALUES('94239470','Good for Kids','No');
INSERT INTO "RESTAURANT_FEATURE" ("RESTAURANT_ID","FEATURE_NAME","DESCRIPTION")VALUES('94239470','Good for Groups','Yes');
INSERT INTO "RESTAURANT_FEATURE" ("RESTAURANT_ID","FEATURE_NAME","DESCRIPTION")VALUES('94239470','Attire','Casual');
INSERT INTO "RESTAURANT_FEATURE" ("RESTAURANT_ID","FEATURE_NAME","DESCRIPTION")VALUES('94239470','Noise Level','Average');
INSERT INTO "RESTAURANT_FEATURE" ("RESTAURANT_ID","FEATURE_NAME","DESCRIPTION")VALUES('94239470','Music','Background');
INSERT INTO "RESTAURANT_FEATURE" ("RESTAURANT_ID","FEATURE_NAME","DESCRIPTION")VALUES('94239470','Alcohol','Beer & Wine Only');
INSERT INTO "RESTAURANT_FEATURE" ("RESTAURANT_ID","FEATURE_NAME","DESCRIPTION")VALUES('94239470','Outdoor Seating','Yes');
INSERT INTO "RESTAURANT_FEATURE" ("RESTAURANT_ID","FEATURE_NAME","DESCRIPTION")VALUES('94239470','Wi-Fi','No');
INSERT INTO "RESTAURANT_FEATURE" ("RESTAURANT_ID","FEATURE_NAME","DESCRIPTION")VALUES('94239470','Has TV','Yes');
INSERT INTO "RESTAURANT_FEATURE" ("RESTAURANT_ID","FEATURE_NAME","DESCRIPTION")VALUES('94239470','Caters','Yes');
INSERT INTO "RESTAURANT_FEATURE" ("RESTAURANT_ID","FEATURE_NAME","DESCRIPTION")VALUES('94239470','Has Pool Table','No');
INSERT INTO "OPENING_HOUR" ("DAY","RESTAURANT_ID","OPENING_TIME","CLOSING_TIME")VALUES('Mon','94239470','10:00 am','1:00 am');
INSERT INTO "OPENING_HOUR" ("DAY","RESTAURANT_ID","OPENING_TIME","CLOSING_TIME")VALUES('Tue','94239470','10:00 am','1:00 am');
INSERT INTO "OPENING_HOUR" ("DAY","RESTAURANT_ID","OPENING_TIME","CLOSING_TIME")VALUES('Wed','94239470','10:00 am','1:00 am');
INSERT INTO "OPENING_HOUR" ("DAY","RESTAURANT_ID","OPENING_TIME","CLOSING_TIME")VALUES('Thu','94239470','10:00 am','1:00 am');
INSERT INTO "OPENING_HOUR" ("DAY","RESTAURANT_ID","OPENING_TIME","CLOSING_TIME")VALUES('Fri','94239470','10:00 am','1:00 am');
INSERT INTO "OPENING_HOUR" ("DAY","RESTAURANT_ID","OPENING_TIME","CLOSING_TIME")VALUES('Sat','94239470','10:00 am','1:00 am');
INSERT INTO "OPENING_HOUR" ("DAY","RESTAURANT_ID","OPENING_TIME","CLOSING_TIME")VALUES('Sun','94239470','Open now','1:00 am');
INSERT INTO "USER_REVIEW" ("RESTAURANT_ID","REVIEW_DATE","COMMENT","REVIEW_RATING")VALUES('94239470','2017-10-08 23:00:45','The pizza was delicious; they call it flat-bread here. It''s right on the river so the views are beautiful. Add the fact they keep refilling your beer glass...','5');
INSERT INTO "PHOTO" ("RESTAURANT_ID","PICTURE_URL")VALUES('94239470','https://s3-media2.fl.yelpcdn.com/photo/RViGTOGw54hAp-m8BesA_A/o.jpg');
INSERT INTO "USER_REVIEW" ("RESTAURANT_ID","REVIEW_DATE","COMMENT","REVIEW_RATING")VALUES('94239470','2017-05-12 12:16:17','Sure, this restaurant may be a bit of a tourist trap chain restaurant but that doesn''t mean their food or beer suffers.  We had the curry wurst and the pork...','4');
INSERT INTO "PHOTO" ("RESTAURANT_ID","PICTURE_URL")VALUES('94239470','https://s3-media4.fl.yelpcdn.com/photo/38qma9DiynhQJFcDrHnVDg/o.jpg');
INSERT INTO "USER_REVIEW" ("RESTAURANT_ID","REVIEW_DATE","COMMENT","REVIEW_RATING")VALUES('94239470','2017-01-20 11:39:12','Good atmosphere to have a conversation. No music in the back ground. We shared a table with strangers which is the style in many German bars. It''s not quite...','3');
INSERT INTO "PHOTO" ("RESTAURANT_ID","PICTURE_URL")VALUES('94239470','https://s3-media3.fl.yelpcdn.com/photo/fEAivt7JpOqjx0mvk39FbA/o.jpg');
INSERT INTO "LOCATION" ("LOCATION_ID","LOCATION_TYPE","ADDRESS","LONGITUDE","LATITUDE")VALUES('149','R','Dortmunder Str. 910555 BerlinGermany','13.33633','52.52169');
INSERT INTO "RESTAURANT" ("RESTAURANT_ID","PRICERANGE","PHONE_NUMBER","WEBSITE")VALUES('89343540','€€','+49 30 3996969','probiermahl.de');
INSERT INTO "CUISINE" ("RESTAURANT_ID","CUISINE_TYPE")VALUES('89343540','German');
INSERT INTO "CUISINE" ("RESTAURANT_ID","CUISINE_TYPE")VALUES('89343540','Mediterranean');
INSERT INTO "CUISINE" ("RESTAURANT_ID","CUISINE_TYPE")VALUES('89343540','Burgers');
INSERT INTO "RESTAURANT_RATING" ("RESTAURANT_ID","SCALE","OVERALL_RATING","SOURCE")VALUES('89343540','5','4.0','Yelp');
INSERT INTO "RESTAURANT_FEATURE" ("RESTAURANT_ID","FEATURE_NAME","DESCRIPTION")VALUES('89343540','Takes Reservations','Yes');
INSERT INTO "RESTAURANT_FEATURE" ("RESTAURANT_ID","FEATURE_NAME","DESCRIPTION")VALUES('89343540','Delivery','No');
INSERT INTO "RESTAURANT_FEATURE" ("RESTAURANT_ID","FEATURE_NAME","DESCRIPTION")VALUES('89343540','Take-out','No');
INSERT INTO "RESTAURANT_FEATURE" ("RESTAURANT_ID","FEATURE_NAME","DESCRIPTION")VALUES('89343540','Accepted Cards','Credit, Debit');
INSERT INTO "RESTAURANT_FEATURE" ("RESTAURANT_ID","FEATURE_NAME","DESCRIPTION")VALUES('89343540','Good For','Brunch, Lunch, Dinner');
INSERT INTO "RESTAURANT_FEATURE" ("RESTAURANT_ID","FEATURE_NAME","DESCRIPTION")VALUES('89343540','Parking','Street');
INSERT INTO "RESTAURANT_FEATURE" ("RESTAURANT_ID","FEATURE_NAME","DESCRIPTION")VALUES('89343540','Good for Kids','Yes');
INSERT INTO "RESTAURANT_FEATURE" ("RESTAURANT_ID","FEATURE_NAME","DESCRIPTION")VALUES('89343540','Good for Groups','Yes');
INSERT INTO "RESTAURANT_FEATURE" ("RESTAURANT_ID","FEATURE_NAME","DESCRIPTION")VALUES('89343540','Attire','Casual');
INSERT INTO "RESTAURANT_FEATURE" ("RESTAURANT_ID","FEATURE_NAME","DESCRIPTION")VALUES('89343540','Ambience','Casual');
INSERT INTO "RESTAURANT_FEATURE" ("RESTAURANT_ID","FEATURE_NAME","DESCRIPTION")VALUES('89343540','Noise Level','Average');
INSERT INTO "RESTAURANT_FEATURE" ("RESTAURANT_ID","FEATURE_NAME","DESCRIPTION")VALUES('89343540','Alcohol','Full Bar');
INSERT INTO "RESTAURANT_FEATURE" ("RESTAURANT_ID","FEATURE_NAME","DESCRIPTION")VALUES('89343540','Outdoor Seating','Yes');
INSERT INTO "RESTAURANT_FEATURE" ("RESTAURANT_ID","FEATURE_NAME","DESCRIPTION")VALUES('89343540','Wi-Fi','No');
INSERT INTO "RESTAURANT_FEATURE" ("RESTAURANT_ID","FEATURE_NAME","DESCRIPTION")VALUES('89343540','Has TV','No');
INSERT INTO "RESTAURANT_FEATURE" ("RESTAURANT_ID","FEATURE_NAME","DESCRIPTION")VALUES('89343540','Caters','Yes');
INSERT INTO "OPENING_HOUR" ("DAY","RESTAURANT_ID","OPENING_TIME","CLOSING_TIME")VALUES('Mon','89343540','4:00 pm','1:00 am');
INSERT INTO "OPENING_HOUR" ("DAY","RESTAURANT_ID","OPENING_TIME","CLOSING_TIME")VALUES('Tue','89343540','4:00 pm','1:00 am');
INSERT INTO "OPENING_HOUR" ("DAY","RESTAURANT_ID","OPENING_TIME","CLOSING_TIME")VALUES('Wed','89343540','4:00 pm','1:00 am');
INSERT INTO "OPENING_HOUR" ("DAY","RESTAURANT_ID","OPENING_TIME","CLOSING_TIME")VALUES('Thu','89343540','4:00 pm','1:00 am');
INSERT INTO "OPENING_HOUR" ("DAY","RESTAURANT_ID","OPENING_TIME","CLOSING_TIME")VALUES('Fri','89343540','4:00 pm','1:00 am');
INSERT INTO "OPENING_HOUR" ("DAY","RESTAURANT_ID","OPENING_TIME","CLOSING_TIME")VALUES('Sat','89343540','4:00 pm','1:00 am');
INSERT INTO "OPENING_HOUR" ("DAY","RESTAURANT_ID","OPENING_TIME","CLOSING_TIME")VALUES('Sun','89343540','Open now','12:00 am');
INSERT INTO "USER_REVIEW" ("RESTAURANT_ID","REVIEW_DATE","COMMENT","REVIEW_RATING")VALUES('89343540','2015-07-20 13:51:13','A great find off one of the main streets. I had the burger which was beautifully cooked, tender meat with some great flavours. Can fully recommend the...','4');
INSERT INTO "PHOTO" ("RESTAURANT_ID","PICTURE_URL")VALUES('89343540','https://s3-media4.fl.yelpcdn.com/photo/1HJVHQrur-ipc5ExJYnEPg/o.jpg');
INSERT INTO "USER_REVIEW" ("RESTAURANT_ID","REVIEW_DATE","COMMENT","REVIEW_RATING")VALUES('89343540','2015-10-03 05:05:54','This a is pretty nice restaurant that makes German fusion styled food with heavy  Mediterranean and USA inspiration. Everything our party ordered was...','4');
INSERT INTO "PHOTO" ("RESTAURANT_ID","PICTURE_URL")VALUES('89343540','https://s3-media1.fl.yelpcdn.com/photo/7Gze477Bcc0_CHeVQzmjsA/o.jpg');
INSERT INTO "USER_REVIEW" ("RESTAURANT_ID","REVIEW_DATE","COMMENT","REVIEW_RATING")VALUES('89343540','2013-08-27 10:21:47','Great food (the menu appears to be updated frequently) and stylish environment (great for dates or special events).  I''ve dined at Probier Mahl at least...','4');
INSERT INTO "PHOTO" ("RESTAURANT_ID","PICTURE_URL")VALUES('89343540','https://s3-media2.fl.yelpcdn.com/photo/i2GotEhdtK3KfskI5Tnq-Q/o.jpg');
INSERT INTO "LOCATION" ("LOCATION_ID","LOCATION_TYPE","ADDRESS","LONGITUDE","LATITUDE")VALUES('150','R','Chausseestr. 11010115 BerlinGermany','13.38191','52.53096');
INSERT INTO "RESTAURANT" ("RESTAURANT_ID","PRICERANGE","PHONE_NUMBER","WEBSITE")VALUES('99791876','€€€','+49 30 94405363','labonnefranquette.de');
INSERT INTO "CUISINE" ("RESTAURANT_ID","CUISINE_TYPE")VALUES('99791876','French');
INSERT INTO "RESTAURANT_RATING" ("RESTAURANT_ID","SCALE","OVERALL_RATING","SOURCE")VALUES('99791876','5','4.5','Yelp');
INSERT INTO "RESTAURANT_FEATURE" ("RESTAURANT_ID","FEATURE_NAME","DESCRIPTION")VALUES('99791876','Takes Reservations','Yes');
INSERT INTO "RESTAURANT_FEATURE" ("RESTAURANT_ID","FEATURE_NAME","DESCRIPTION")VALUES('99791876','Delivery','No');
INSERT INTO "RESTAURANT_FEATURE" ("RESTAURANT_ID","FEATURE_NAME","DESCRIPTION")VALUES('99791876','Take-out','No');
INSERT INTO "RESTAURANT_FEATURE" ("RESTAURANT_ID","FEATURE_NAME","DESCRIPTION")VALUES('99791876','Accepted Cards','Credit, Debit');
INSERT INTO "RESTAURANT_FEATURE" ("RESTAURANT_ID","FEATURE_NAME","DESCRIPTION")VALUES('99791876','Good For','Dinner');
INSERT INTO "RESTAURANT_FEATURE" ("RESTAURANT_ID","FEATURE_NAME","DESCRIPTION")VALUES('99791876','Good for Kids','Yes');
INSERT INTO "RESTAURANT_FEATURE" ("RESTAURANT_ID","FEATURE_NAME","DESCRIPTION")VALUES('99791876','Good for Groups','Yes');
INSERT INTO "RESTAURANT_FEATURE" ("RESTAURANT_ID","FEATURE_NAME","DESCRIPTION")VALUES('99791876','Attire','Casual');
INSERT INTO "RESTAURANT_FEATURE" ("RESTAURANT_ID","FEATURE_NAME","DESCRIPTION")VALUES('99791876','Noise Level','Average');
INSERT INTO "RESTAURANT_FEATURE" ("RESTAURANT_ID","FEATURE_NAME","DESCRIPTION")VALUES('99791876','Alcohol','Beer & Wine Only');
INSERT INTO "RESTAURANT_FEATURE" ("RESTAURANT_ID","FEATURE_NAME","DESCRIPTION")VALUES('99791876','Outdoor Seating','Yes');
INSERT INTO "RESTAURANT_FEATURE" ("RESTAURANT_ID","FEATURE_NAME","DESCRIPTION")VALUES('99791876','Wi-Fi','No');
INSERT INTO "RESTAURANT_FEATURE" ("RESTAURANT_ID","FEATURE_NAME","DESCRIPTION")VALUES('99791876','Has TV','No');
INSERT INTO "RESTAURANT_FEATURE" ("RESTAURANT_ID","FEATURE_NAME","DESCRIPTION")VALUES('99791876','Caters','Yes');
INSERT INTO "OPENING_HOUR" ("DAY","RESTAURANT_ID","OPENING_TIME","CLOSING_TIME")VALUES('Mon','99791876','5:00 pm','12:00 am');
INSERT INTO "OPENING_HOUR" ("DAY","RESTAURANT_ID","OPENING_TIME","CLOSING_TIME")VALUES('Tue','99791876','5:00 pm','12:00 am');
INSERT INTO "OPENING_HOUR" ("DAY","RESTAURANT_ID","OPENING_TIME","CLOSING_TIME")VALUES('Wed','99791876','5:00 pm','12:00 am');
INSERT INTO "OPENING_HOUR" ("DAY","RESTAURANT_ID","OPENING_TIME","CLOSING_TIME")VALUES('Thu','99791876','5:00 pm','12:00 am');
INSERT INTO "OPENING_HOUR" ("DAY","RESTAURANT_ID","OPENING_TIME","CLOSING_TIME")VALUES('Fri','99791876','5:00 pm','12:00 am');
INSERT INTO "OPENING_HOUR" ("DAY","RESTAURANT_ID","OPENING_TIME","CLOSING_TIME")VALUES('Sat','99791876','5:00 pm','12:00 am');
INSERT INTO "USER_REVIEW" ("RESTAURANT_ID","REVIEW_DATE","COMMENT","REVIEW_RATING")VALUES('99791876','2017-09-30 21:59:53','After German meals, it was a delight to find an authentic French restaurant in Berlin. 

The interior has a little bit of character, the servers were very...','5');
INSERT INTO "PHOTO" ("RESTAURANT_ID","PICTURE_URL")VALUES('99791876','https://s3-media4.fl.yelpcdn.com/photo/tWrDK47G0YJdczDDIfAiig/o.jpg');
INSERT INTO "USER_REVIEW" ("RESTAURANT_ID","REVIEW_DATE","COMMENT","REVIEW_RATING")VALUES('99791876','2017-08-15 12:58:50','The service is very slow.  I''ve been in Europe for 5 weeks and each restaurant makes you feel like a guest who can stay all night, but brings delicious food...','3');
INSERT INTO "PHOTO" ("RESTAURANT_ID","PICTURE_URL")VALUES('99791876','https://s3-media4.fl.yelpcdn.com/photo/bC2PnP2lN0vIFEfHSRGXjQ/o.jpg');
INSERT INTO "USER_REVIEW" ("RESTAURANT_ID","REVIEW_DATE","COMMENT","REVIEW_RATING")VALUES('99791876','2017-08-03 19:04:07','Went their twice. First time the Ratatouille with Potato Gratin was great. Second time I ordered the Entrecote with Fries and was equally satisfied. To top...','5');
INSERT INTO "PHOTO" ("RESTAURANT_ID","PICTURE_URL")VALUES('99791876','https://s3-media1.fl.yelpcdn.com/photo/QeIjla-35WIOz9op35iIEA/o.jpg');
INSERT INTO "LOCATION" ("LOCATION_ID","LOCATION_TYPE","ADDRESS","LONGITUDE","LATITUDE")VALUES('151','R','Johannisstr. 2010117 BerlinGermany','13.38897','52.52454');
INSERT INTO "RESTAURANT" ("RESTAURANT_ID","PRICERANGE","PHONE_NUMBER","WEBSITE")VALUES('39818015','€€','None','houseofsmallwonder.de');
INSERT INTO "CUISINE" ("RESTAURANT_ID","CUISINE_TYPE")VALUES('39818015','Cafes');
INSERT INTO "CUISINE" ("RESTAURANT_ID","CUISINE_TYPE")VALUES('39818015','Breakfast & Brunch');
INSERT INTO "CUISINE" ("RESTAURANT_ID","CUISINE_TYPE")VALUES('39818015','Venues & Event Spaces');
INSERT INTO "RESTAURANT_RATING" ("RESTAURANT_ID","SCALE","OVERALL_RATING","SOURCE")VALUES('39818015','5','4.0','Yelp');
INSERT INTO "RESTAURANT_FEATURE" ("RESTAURANT_ID","FEATURE_NAME","DESCRIPTION")VALUES('39818015','Takes Reservations','No');
INSERT INTO "RESTAURANT_FEATURE" ("RESTAURANT_ID","FEATURE_NAME","DESCRIPTION")VALUES('39818015','Delivery','No');
INSERT INTO "RESTAURANT_FEATURE" ("RESTAURANT_ID","FEATURE_NAME","DESCRIPTION")VALUES('39818015','Take-out','Yes');
INSERT INTO "RESTAURANT_FEATURE" ("RESTAURANT_ID","FEATURE_NAME","DESCRIPTION")VALUES('39818015','Accepted Cards','None');
INSERT INTO "RESTAURANT_FEATURE" ("RESTAURANT_ID","FEATURE_NAME","DESCRIPTION")VALUES('39818015','Accepts Bitcoin','No');
INSERT INTO "RESTAURANT_FEATURE" ("RESTAURANT_ID","FEATURE_NAME","DESCRIPTION")VALUES('39818015','Good For','Breakfast, Brunch, Lunch');
INSERT INTO "RESTAURANT_FEATURE" ("RESTAURANT_ID","FEATURE_NAME","DESCRIPTION")VALUES('39818015','Parking','Street');
INSERT INTO "RESTAURANT_FEATURE" ("RESTAURANT_ID","FEATURE_NAME","DESCRIPTION")VALUES('39818015','Wheelchair Accessible','Yes');
INSERT INTO "RESTAURANT_FEATURE" ("RESTAURANT_ID","FEATURE_NAME","DESCRIPTION")VALUES('39818015','Good for Kids','No');
INSERT INTO "RESTAURANT_FEATURE" ("RESTAURANT_ID","FEATURE_NAME","DESCRIPTION")VALUES('39818015','Good for Groups','Yes');
INSERT INTO "RESTAURANT_FEATURE" ("RESTAURANT_ID","FEATURE_NAME","DESCRIPTION")VALUES('39818015','Attire','Casual');
INSERT INTO "RESTAURANT_FEATURE" ("RESTAURANT_ID","FEATURE_NAME","DESCRIPTION")VALUES('39818015','Ambience','Hipster');
INSERT INTO "RESTAURANT_FEATURE" ("RESTAURANT_ID","FEATURE_NAME","DESCRIPTION")VALUES('39818015','Noise Level','Average');
INSERT INTO "RESTAURANT_FEATURE" ("RESTAURANT_ID","FEATURE_NAME","DESCRIPTION")VALUES('39818015','Alcohol','Full Bar');
INSERT INTO "RESTAURANT_FEATURE" ("RESTAURANT_ID","FEATURE_NAME","DESCRIPTION")VALUES('39818015','Outdoor Seating','No');
INSERT INTO "RESTAURANT_FEATURE" ("RESTAURANT_ID","FEATURE_NAME","DESCRIPTION")VALUES('39818015','Wi-Fi','No');
INSERT INTO "RESTAURANT_FEATURE" ("RESTAURANT_ID","FEATURE_NAME","DESCRIPTION")VALUES('39818015','Has TV','No');
INSERT INTO "RESTAURANT_FEATURE" ("RESTAURANT_ID","FEATURE_NAME","DESCRIPTION")VALUES('39818015','Dogs Allowed','No');
INSERT INTO "RESTAURANT_FEATURE" ("RESTAURANT_ID","FEATURE_NAME","DESCRIPTION")VALUES('39818015','Waiter Service','Yes');
INSERT INTO "RESTAURANT_FEATURE" ("RESTAURANT_ID","FEATURE_NAME","DESCRIPTION")VALUES('39818015','Caters','No');
INSERT INTO "OPENING_HOUR" ("DAY","RESTAURANT_ID","OPENING_TIME","CLOSING_TIME")VALUES('Mon','39818015','9:00 am','5:00 pm');
INSERT INTO "OPENING_HOUR" ("DAY","RESTAURANT_ID","OPENING_TIME","CLOSING_TIME")VALUES('Tue','39818015','9:00 am','5:00 pm');
INSERT INTO "OPENING_HOUR" ("DAY","RESTAURANT_ID","OPENING_TIME","CLOSING_TIME")VALUES('Wed','39818015','9:00 am','5:00 pm');
INSERT INTO "OPENING_HOUR" ("DAY","RESTAURANT_ID","OPENING_TIME","CLOSING_TIME")VALUES('Thu','39818015','9:00 am','5:00 pm');
INSERT INTO "OPENING_HOUR" ("DAY","RESTAURANT_ID","OPENING_TIME","CLOSING_TIME")VALUES('Fri','39818015','9:00 am','5:00 pm');
INSERT INTO "OPENING_HOUR" ("DAY","RESTAURANT_ID","OPENING_TIME","CLOSING_TIME")VALUES('Sat','39818015','9:00 am','5:00 pm');
INSERT INTO "OPENING_HOUR" ("DAY","RESTAURANT_ID","OPENING_TIME","CLOSING_TIME")VALUES('Sun','39818015','Closed now','5:00 pm');
INSERT INTO "USER_REVIEW" ("RESTAURANT_ID","REVIEW_DATE","COMMENT","REVIEW_RATING")VALUES('39818015','2017-10-15 13:38:12','Adorable gem located in Mitte. It has a fresh quaint ambiance with a adorable spiral staircase and many indoor plants. It''s a cozy intimate Japanese...','4');
INSERT INTO "PHOTO" ("RESTAURANT_ID","PICTURE_URL")VALUES('39818015','https://s3-media4.fl.yelpcdn.com/photo/00qwxRdoFm9DEHSRG6n5dQ/o.jpg');
INSERT INTO "USER_REVIEW" ("RESTAURANT_ID","REVIEW_DATE","COMMENT","REVIEW_RATING")VALUES('39818015','2017-11-25 12:43:22','expensive Canteen food in a nice environment 
I really don''t unterstand all the good reviews concerning the food.
Can´t recommend the eggs Benedict.','2');
INSERT INTO "PHOTO" ("RESTAURANT_ID","PICTURE_URL")VALUES('39818015','https://s3-media4.fl.yelpcdn.com/photo/tFzkuGaGcbyUnIh-XaYCqA/o.jpg');
INSERT INTO "USER_REVIEW" ("RESTAURANT_ID","REVIEW_DATE","COMMENT","REVIEW_RATING")VALUES('39818015','2017-06-11 06:40:43','Came here for lunch and loved it! The place is really cute and you have to take a winding staircase up to the restaurant. We were seated pretty quickly and...','5');
INSERT INTO "PHOTO" ("RESTAURANT_ID","PICTURE_URL")VALUES('39818015','https://s3-media1.fl.yelpcdn.com/photo/tQL7i6T052ZF-ulSXuoO5g/o.jpg');
INSERT INTO "LOCATION" ("LOCATION_ID","LOCATION_TYPE","ADDRESS","LONGITUDE","LATITUDE")VALUES('152','R','Carmerstr. 910623 BerlinGermany','13.32357','52.50652');
INSERT INTO "RESTAURANT" ("RESTAURANT_ID","PRICERANGE","PHONE_NUMBER","WEBSITE")VALUES('84122185','€€','+49 30 3124952','dicke-wirtin.de');
INSERT INTO "CUISINE" ("RESTAURANT_ID","CUISINE_TYPE")VALUES('84122185','Dive Bars');
INSERT INTO "CUISINE" ("RESTAURANT_ID","CUISINE_TYPE")VALUES('84122185','Eastern German');
INSERT INTO "RESTAURANT_RATING" ("RESTAURANT_ID","SCALE","OVERALL_RATING","SOURCE")VALUES('84122185','5','4.0','Yelp');
INSERT INTO "RESTAURANT_FEATURE" ("RESTAURANT_ID","FEATURE_NAME","DESCRIPTION")VALUES('84122185','Takes Reservations','Yes');
INSERT INTO "RESTAURANT_FEATURE" ("RESTAURANT_ID","FEATURE_NAME","DESCRIPTION")VALUES('84122185','Delivery','No');
INSERT INTO "RESTAURANT_FEATURE" ("RESTAURANT_ID","FEATURE_NAME","DESCRIPTION")VALUES('84122185','Take-out','Yes');
INSERT INTO "RESTAURANT_FEATURE" ("RESTAURANT_ID","FEATURE_NAME","DESCRIPTION")VALUES('84122185','Accepted Cards','Credit, Debit');
INSERT INTO "RESTAURANT_FEATURE" ("RESTAURANT_ID","FEATURE_NAME","DESCRIPTION")VALUES('84122185','Good For','Dinner');
INSERT INTO "RESTAURANT_FEATURE" ("RESTAURANT_ID","FEATURE_NAME","DESCRIPTION")VALUES('84122185','Parking','Street');
INSERT INTO "RESTAURANT_FEATURE" ("RESTAURANT_ID","FEATURE_NAME","DESCRIPTION")VALUES('84122185','Good for Kids','No');
INSERT INTO "RESTAURANT_FEATURE" ("RESTAURANT_ID","FEATURE_NAME","DESCRIPTION")VALUES('84122185','Good for Groups','Yes');
INSERT INTO "RESTAURANT_FEATURE" ("RESTAURANT_ID","FEATURE_NAME","DESCRIPTION")VALUES('84122185','Attire','Casual');
INSERT INTO "RESTAURANT_FEATURE" ("RESTAURANT_ID","FEATURE_NAME","DESCRIPTION")VALUES('84122185','Ambience','Casual');
INSERT INTO "RESTAURANT_FEATURE" ("RESTAURANT_ID","FEATURE_NAME","DESCRIPTION")VALUES('84122185','Noise Level','Average');
INSERT INTO "RESTAURANT_FEATURE" ("RESTAURANT_ID","FEATURE_NAME","DESCRIPTION")VALUES('84122185','Good For Dancing','No');
INSERT INTO "RESTAURANT_FEATURE" ("RESTAURANT_ID","FEATURE_NAME","DESCRIPTION")VALUES('84122185','Alcohol','Full Bar');
INSERT INTO "RESTAURANT_FEATURE" ("RESTAURANT_ID","FEATURE_NAME","DESCRIPTION")VALUES('84122185','Outdoor Seating','Yes');
INSERT INTO "RESTAURANT_FEATURE" ("RESTAURANT_ID","FEATURE_NAME","DESCRIPTION")VALUES('84122185','Wi-Fi','No');
INSERT INTO "RESTAURANT_FEATURE" ("RESTAURANT_ID","FEATURE_NAME","DESCRIPTION")VALUES('84122185','Has TV','No');
INSERT INTO "RESTAURANT_FEATURE" ("RESTAURANT_ID","FEATURE_NAME","DESCRIPTION")VALUES('84122185','Caters','Yes');
INSERT INTO "RESTAURANT_FEATURE" ("RESTAURANT_ID","FEATURE_NAME","DESCRIPTION")VALUES('84122185','Has Pool Table','No');
INSERT INTO "OPENING_HOUR" ("DAY","RESTAURANT_ID","OPENING_TIME","CLOSING_TIME")VALUES('Mon','84122185','11:00 am','1:00 am');
INSERT INTO "OPENING_HOUR" ("DAY","RESTAURANT_ID","OPENING_TIME","CLOSING_TIME")VALUES('Tue','84122185','11:00 am','1:00 am');
INSERT INTO "OPENING_HOUR" ("DAY","RESTAURANT_ID","OPENING_TIME","CLOSING_TIME")VALUES('Wed','84122185','11:00 am','1:00 am');
INSERT INTO "OPENING_HOUR" ("DAY","RESTAURANT_ID","OPENING_TIME","CLOSING_TIME")VALUES('Thu','84122185','11:00 am','1:00 am');
INSERT INTO "OPENING_HOUR" ("DAY","RESTAURANT_ID","OPENING_TIME","CLOSING_TIME")VALUES('Fri','84122185','11:00 am','1:00 am');
INSERT INTO "OPENING_HOUR" ("DAY","RESTAURANT_ID","OPENING_TIME","CLOSING_TIME")VALUES('Sat','84122185','11:00 am','1:00 am');
INSERT INTO "OPENING_HOUR" ("DAY","RESTAURANT_ID","OPENING_TIME","CLOSING_TIME")VALUES('Sun','84122185','Open now','1:00 am');
INSERT INTO "USER_REVIEW" ("RESTAURANT_ID","REVIEW_DATE","COMMENT","REVIEW_RATING")VALUES('84122185','2017-11-19 14:00:44','S
U
P
E
E
B
This place rock! The owner was great and the STAFF even better!!!
Delicious !!','5');
INSERT INTO "PHOTO" ("RESTAURANT_ID","PICTURE_URL")VALUES('84122185','https://s3-media4.fl.yelpcdn.com/photo/Oq2nDv-p2AOogNuo1dDe3Q/o.jpg');
INSERT INTO "USER_REVIEW" ("RESTAURANT_ID","REVIEW_DATE","COMMENT","REVIEW_RATING")VALUES('84122185','2017-09-18 11:00:27','Protip: make a reservation! We went on a Monday night and there was a two hour wait at 8pm. 

The portion sizes here are humongous! They have a good beer...','4');
INSERT INTO "PHOTO" ("RESTAURANT_ID","PICTURE_URL")VALUES('84122185','https://s3-media1.fl.yelpcdn.com/photo/wSAipJWmwXjpxeobFdywzg/o.jpg');
INSERT INTO "USER_REVIEW" ("RESTAURANT_ID","REVIEW_DATE","COMMENT","REVIEW_RATING")VALUES('84122185','2017-11-10 12:42:03','Went to Dicke Wirtin my last night in Berlin, on advice from the concierge at my hotel. As others have said, make a reservation!! I was solo, but barely got...','4');
INSERT INTO "PHOTO" ("RESTAURANT_ID","PICTURE_URL")VALUES('84122185','https://s3-media2.fl.yelpcdn.com/photo/MUNnSmcQUZg8bftYVwnTsQ/o.jpg');
INSERT INTO "RESTAURANT_RATING" ("RESTAURANT_ID","SCALE","OVERALL_RATING","SOURCE")VALUES('84122185','5','4.4','Google Map');
INSERT INTO "USER_REVIEW" ("RESTAURANT_ID","REVIEW_DATE","COMMENT","REVIEW_RATING")VALUES('84122185','2017-12-22','I enjoyed the meal very much. The staff were so friendly, polite and nice. We felt like we were in a local country club when we stepped in. Because of Christmas the restaurant was with a lot of festive gingerbread and decorations. The dining atmosphere was great. The portion of the meal was a bit bigger, but it was so tasty that I managed to finish to the end. In the end one small beer, a sausage starter and a roasted pork with German dumplings cost us around 25€. But notice: if you are sharing a meal, then prepare extra 3€ for it.','5');
INSERT INTO "USER_REVIEW" ("RESTAURANT_ID","REVIEW_DATE","COMMENT","REVIEW_RATING")VALUES('84122185','2018-01-20','Wunderbar!  First food stop in Germany and I  lucked out.  Great food and hearty portions.  I wish I could have tried 10 different entrees,  but I went with the roasted pork, red cabbage, and dumplings...no regrets! I will be back to try other options.','5');
INSERT INTO "USER_REVIEW" ("RESTAURANT_ID","REVIEW_DATE","COMMENT","REVIEW_RATING")VALUES('84122185','2017-12-08','We stopped here late evening and was still able to order dinner at 10pm. The rooms had been decorated with all manner of festive bits and pieces. Service was great, as was beer and food.','5');
INSERT INTO "USER_REVIEW" ("RESTAURANT_ID","REVIEW_DATE","COMMENT","REVIEW_RATING")VALUES('84122185','2017-11-21','Real deal, dyed in the wool German bar/restaurant.  With over 80 years of experience, 9 draft beers, and huge dinner portions this place still exists for good reason.  Bernd is often behind the bar and does a great job.   I love the large variety of housemade schnapps!

Definitely worth a few hours of your time.','5');
INSERT INTO "USER_REVIEW" ("RESTAURANT_ID","REVIEW_DATE","COMMENT","REVIEW_RATING")VALUES('84122185','2018-01-04','Super good food, nice place, but the service its not always the best...It depends of the day...','4');
INSERT INTO "LOCATION" ("LOCATION_ID","LOCATION_TYPE","ADDRESS","LONGITUDE","LATITUDE")VALUES('153','R','Pallasstr. 2110781 BerlinGermany','13.35431','52.49458');
INSERT INTO "RESTAURANT" ("RESTAURANT_ID","PRICERANGE","PHONE_NUMBER","WEBSITE")VALUES('81525652','€€','+49 30 81474769','None');
INSERT INTO "CUISINE" ("RESTAURANT_ID","CUISINE_TYPE")VALUES('81525652','Korean');
INSERT INTO "RESTAURANT_RATING" ("RESTAURANT_ID","SCALE","OVERALL_RATING","SOURCE")VALUES('81525652','5','4.0','Yelp');
INSERT INTO "RESTAURANT_FEATURE" ("RESTAURANT_ID","FEATURE_NAME","DESCRIPTION")VALUES('81525652','Takes Reservations','No');
INSERT INTO "RESTAURANT_FEATURE" ("RESTAURANT_ID","FEATURE_NAME","DESCRIPTION")VALUES('81525652','Delivery','No');
INSERT INTO "RESTAURANT_FEATURE" ("RESTAURANT_ID","FEATURE_NAME","DESCRIPTION")VALUES('81525652','Take-out','Yes');
INSERT INTO "RESTAURANT_FEATURE" ("RESTAURANT_ID","FEATURE_NAME","DESCRIPTION")VALUES('81525652','Accepted Cards','None');
INSERT INTO "RESTAURANT_FEATURE" ("RESTAURANT_ID","FEATURE_NAME","DESCRIPTION")VALUES('81525652','Good For','Lunch');
INSERT INTO "RESTAURANT_FEATURE" ("RESTAURANT_ID","FEATURE_NAME","DESCRIPTION")VALUES('81525652','Parking','Street');
INSERT INTO "RESTAURANT_FEATURE" ("RESTAURANT_ID","FEATURE_NAME","DESCRIPTION")VALUES('81525652','Good for Kids','No');
INSERT INTO "RESTAURANT_FEATURE" ("RESTAURANT_ID","FEATURE_NAME","DESCRIPTION")VALUES('81525652','Good for Groups','No');
INSERT INTO "RESTAURANT_FEATURE" ("RESTAURANT_ID","FEATURE_NAME","DESCRIPTION")VALUES('81525652','Attire','Casual');
INSERT INTO "RESTAURANT_FEATURE" ("RESTAURANT_ID","FEATURE_NAME","DESCRIPTION")VALUES('81525652','Ambience','Casual');
INSERT INTO "RESTAURANT_FEATURE" ("RESTAURANT_ID","FEATURE_NAME","DESCRIPTION")VALUES('81525652','Noise Level','Average');
INSERT INTO "RESTAURANT_FEATURE" ("RESTAURANT_ID","FEATURE_NAME","DESCRIPTION")VALUES('81525652','Alcohol','No');
INSERT INTO "RESTAURANT_FEATURE" ("RESTAURANT_ID","FEATURE_NAME","DESCRIPTION")VALUES('81525652','Outdoor Seating','Yes');
INSERT INTO "RESTAURANT_FEATURE" ("RESTAURANT_ID","FEATURE_NAME","DESCRIPTION")VALUES('81525652','Wi-Fi','No');
INSERT INTO "RESTAURANT_FEATURE" ("RESTAURANT_ID","FEATURE_NAME","DESCRIPTION")VALUES('81525652','Has TV','No');
INSERT INTO "RESTAURANT_FEATURE" ("RESTAURANT_ID","FEATURE_NAME","DESCRIPTION")VALUES('81525652','Caters','No');
INSERT INTO "OPENING_HOUR" ("DAY","RESTAURANT_ID","OPENING_TIME","CLOSING_TIME")VALUES('Mon','81525652','12:00 pm','9:30 pm');
INSERT INTO "OPENING_HOUR" ("DAY","RESTAURANT_ID","OPENING_TIME","CLOSING_TIME")VALUES('Tue','81525652','12:00 pm','9:30 pm');
INSERT INTO "OPENING_HOUR" ("DAY","RESTAURANT_ID","OPENING_TIME","CLOSING_TIME")VALUES('Wed','81525652','12:00 pm','9:30 pm');
INSERT INTO "OPENING_HOUR" ("DAY","RESTAURANT_ID","OPENING_TIME","CLOSING_TIME")VALUES('Thu','81525652','12:00 pm','9:30 pm');
INSERT INTO "OPENING_HOUR" ("DAY","RESTAURANT_ID","OPENING_TIME","CLOSING_TIME")VALUES('Fri','81525652','12:00 pm','9:30 pm');
INSERT INTO "OPENING_HOUR" ("DAY","RESTAURANT_ID","OPENING_TIME","CLOSING_TIME")VALUES('Sat','81525652','12:00 pm','9:30 pm');
INSERT INTO "USER_REVIEW" ("RESTAURANT_ID","REVIEW_DATE","COMMENT","REVIEW_RATING")VALUES('81525652','2016-03-14 17:16:11','Ixthy was out of fresh noodles when I visited so the menu was severely limited. This is unacceptable. A restaurant must learn to properly manage its...','2');
INSERT INTO "PHOTO" ("RESTAURANT_ID","PICTURE_URL")VALUES('81525652','https://s3-media1.fl.yelpcdn.com/photo/ewgL6vpvrTlU0IsOgDl23A/o.jpg');
INSERT INTO "USER_REVIEW" ("RESTAURANT_ID","REVIEW_DATE","COMMENT","REVIEW_RATING")VALUES('81525652','2016-03-02 02:52:04','I had seafood soup which was spicy and tasted like the soup i always got in the US korean town! Probably one of the best bibimbap/hotstone soup in Berlin...','4');
INSERT INTO "PHOTO" ("RESTAURANT_ID","PICTURE_URL")VALUES('81525652','https://s3-media4.fl.yelpcdn.com/photo/eLmr4Vz1nLQkuKXVkd8EQQ/o.jpg');
INSERT INTO "USER_REVIEW" ("RESTAURANT_ID","REVIEW_DATE","COMMENT","REVIEW_RATING")VALUES('81525652','2016-11-10 08:43:18','I got the Bibimbap, because you have to, right?! It was tasty, and I got my food very quickly. I haven''t had a lot in Berlin, but this one was very well...','4');
INSERT INTO "PHOTO" ("RESTAURANT_ID","PICTURE_URL")VALUES('81525652','https://s3-media1.fl.yelpcdn.com/photo/DS5xpQUHEa5TZPYgXRAVog/o.jpg');
INSERT INTO "RESTAURANT_RATING" ("RESTAURANT_ID","SCALE","OVERALL_RATING","SOURCE")VALUES('81525652','5','4.4','Google Map');
INSERT INTO "USER_REVIEW" ("RESTAURANT_ID","REVIEW_DATE","COMMENT","REVIEW_RATING")VALUES('81525652','2017-12-28','This hyper-christian, bible verse and preaching psalm plastered korean food restaurant is good. The food, though lacking traditional side dishes, is delicious, the atmosphere is unique, and the prices are fair. It''s not fancy, it''s indoor street food.

Recommended, but you should probably get it as takeaway unless you like being surrounded by manic christian preaching, which apparently I do.','4');
INSERT INTO "USER_REVIEW" ("RESTAURANT_ID","REVIEW_DATE","COMMENT","REVIEW_RATING")VALUES('81525652','2017-11-04','One of the best asian cafe in Berlin. It looks like small fast-food cafe, but it''s the main idea. The food is spicy and delicious. The chef of the place is  peaceful man!','5');
INSERT INTO "USER_REVIEW" ("RESTAURANT_ID","REVIEW_DATE","COMMENT","REVIEW_RATING")VALUES('81525652','2017-11-18','After hearing my friend praising this restaurant so much, I finally decided to visit it. It was very disappointing. I ordered bibimbap with tofu: the food was cold, only after 2-3 minutes it got warmer, tofu was literally smashed (unlike what you get in other restaurants where it''s cut in small cubes or sliced), the food tasted like nothing and I could feel only the spices. Plus, they have only 9-10 dishes in the menu. There are way better Asian and Korean restaurants in Berlin.','2');
INSERT INTO "USER_REVIEW" ("RESTAURANT_ID","REVIEW_DATE","COMMENT","REVIEW_RATING")VALUES('81525652','2018-01-03','Pretty decent Korean food. The beef Bibimbap was really good with a perfectly cooked, fried egg on top. 
We also had the vegetables with tofu, which were really good as well!
Only the Kimchi appeared a bit too salty for my taste.

Overall a very decent korean place I can only suggest to anyone that wants to have some decent korean cuisine.','4');
INSERT INTO "USER_REVIEW" ("RESTAURANT_ID","REVIEW_DATE","COMMENT","REVIEW_RATING")VALUES('81525652','2017-09-10','I''ve visited there a first week of September for traveling with my wife and the waiter ( probably co-founder as I believe ) seemed extremely kind and the food was also delicious as well. I would like to recommend this restaurant to as many people as possible who is traveling to Berlin. ( You need to check the bus time if you want to visit there little late)','5');
INSERT INTO "LOCATION" ("LOCATION_ID","LOCATION_TYPE","ADDRESS","LONGITUDE","LATITUDE")VALUES('154','R','Friedrichstr. 185 - 19010117 BerlinGermany','13.389237','52.511338');
INSERT INTO "RESTAURANT" ("RESTAURANT_ID","PRICERANGE","PHONE_NUMBER","WEBSITE")VALUES('73838691','€€','+49 30 20450559','maximilians-berlin.de');
INSERT INTO "CUISINE" ("RESTAURANT_ID","CUISINE_TYPE")VALUES('73838691','German');
INSERT INTO "CUISINE" ("RESTAURANT_ID","CUISINE_TYPE")VALUES('73838691','Bavarian');
INSERT INTO "RESTAURANT_RATING" ("RESTAURANT_ID","SCALE","OVERALL_RATING","SOURCE")VALUES('73838691','5','3.5','Yelp');
INSERT INTO "RESTAURANT_FEATURE" ("RESTAURANT_ID","FEATURE_NAME","DESCRIPTION")VALUES('73838691','Takes Reservations','Yes');
INSERT INTO "RESTAURANT_FEATURE" ("RESTAURANT_ID","FEATURE_NAME","DESCRIPTION")VALUES('73838691','Delivery','No');
INSERT INTO "RESTAURANT_FEATURE" ("RESTAURANT_ID","FEATURE_NAME","DESCRIPTION")VALUES('73838691','Take-out','Yes');
INSERT INTO "RESTAURANT_FEATURE" ("RESTAURANT_ID","FEATURE_NAME","DESCRIPTION")VALUES('73838691','Accepted Cards','Credit, Debit');
INSERT INTO "RESTAURANT_FEATURE" ("RESTAURANT_ID","FEATURE_NAME","DESCRIPTION")VALUES('73838691','Good For','Dinner');
INSERT INTO "RESTAURANT_FEATURE" ("RESTAURANT_ID","FEATURE_NAME","DESCRIPTION")VALUES('73838691','Parking','Street');
INSERT INTO "RESTAURANT_FEATURE" ("RESTAURANT_ID","FEATURE_NAME","DESCRIPTION")VALUES('73838691','Good for Kids','Yes');
INSERT INTO "RESTAURANT_FEATURE" ("RESTAURANT_ID","FEATURE_NAME","DESCRIPTION")VALUES('73838691','Good for Groups','Yes');
INSERT INTO "RESTAURANT_FEATURE" ("RESTAURANT_ID","FEATURE_NAME","DESCRIPTION")VALUES('73838691','Attire','Casual');
INSERT INTO "RESTAURANT_FEATURE" ("RESTAURANT_ID","FEATURE_NAME","DESCRIPTION")VALUES('73838691','Ambience','Casual');
INSERT INTO "RESTAURANT_FEATURE" ("RESTAURANT_ID","FEATURE_NAME","DESCRIPTION")VALUES('73838691','Noise Level','Average');
INSERT INTO "RESTAURANT_FEATURE" ("RESTAURANT_ID","FEATURE_NAME","DESCRIPTION")VALUES('73838691','Alcohol','Full Bar');
INSERT INTO "RESTAURANT_FEATURE" ("RESTAURANT_ID","FEATURE_NAME","DESCRIPTION")VALUES('73838691','Outdoor Seating','Yes');
INSERT INTO "RESTAURANT_FEATURE" ("RESTAURANT_ID","FEATURE_NAME","DESCRIPTION")VALUES('73838691','Wi-Fi','Free');
INSERT INTO "RESTAURANT_FEATURE" ("RESTAURANT_ID","FEATURE_NAME","DESCRIPTION")VALUES('73838691','Has TV','Yes');
INSERT INTO "RESTAURANT_FEATURE" ("RESTAURANT_ID","FEATURE_NAME","DESCRIPTION")VALUES('73838691','Caters','Yes');
INSERT INTO "OPENING_HOUR" ("DAY","RESTAURANT_ID","OPENING_TIME","CLOSING_TIME")VALUES('Mon','73838691','11:00 am','12:00 am');
INSERT INTO "OPENING_HOUR" ("DAY","RESTAURANT_ID","OPENING_TIME","CLOSING_TIME")VALUES('Tue','73838691','11:00 am','12:00 am');
INSERT INTO "OPENING_HOUR" ("DAY","RESTAURANT_ID","OPENING_TIME","CLOSING_TIME")VALUES('Wed','73838691','11:00 am','12:00 am');
INSERT INTO "OPENING_HOUR" ("DAY","RESTAURANT_ID","OPENING_TIME","CLOSING_TIME")VALUES('Thu','73838691','11:00 am','12:00 am');
INSERT INTO "OPENING_HOUR" ("DAY","RESTAURANT_ID","OPENING_TIME","CLOSING_TIME")VALUES('Fri','73838691','11:00 am','12:00 am');
INSERT INTO "OPENING_HOUR" ("DAY","RESTAURANT_ID","OPENING_TIME","CLOSING_TIME")VALUES('Sat','73838691','11:00 am','12:00 am');
INSERT INTO "OPENING_HOUR" ("DAY","RESTAURANT_ID","OPENING_TIME","CLOSING_TIME")VALUES('Sun','73838691','Open now','12:00 am');
INSERT INTO "USER_REVIEW" ("RESTAURANT_ID","REVIEW_DATE","COMMENT","REVIEW_RATING")VALUES('73838691','2017-10-22 07:29:25','We stopped in to have a beer and a pretzel one evening after dinner. After seeing all the plates of food go by we decided to try dinner the next night. I...','4');
INSERT INTO "PHOTO" ("RESTAURANT_ID","PICTURE_URL")VALUES('73838691','https://s3-media4.fl.yelpcdn.com/photo/GJ8JC37TVg4vtItd9-LETQ/o.jpg');
INSERT INTO "USER_REVIEW" ("RESTAURANT_ID","REVIEW_DATE","COMMENT","REVIEW_RATING")VALUES('73838691','2017-08-16 04:23:19','Food was decent... a bit overpriced but understandable for a tourist area

Facility was clean 

Service was decent...my one gripe is that they charged...','3');
INSERT INTO "PHOTO" ("RESTAURANT_ID","PICTURE_URL")VALUES('73838691','https://s3-media4.fl.yelpcdn.com/photo/vOtu9fE7euD1MK2z4PKvAw/o.jpg');
INSERT INTO "USER_REVIEW" ("RESTAURANT_ID","REVIEW_DATE","COMMENT","REVIEW_RATING")VALUES('73838691','2017-08-14 01:40:45','Service felt rushed at the start, but servers were English speaking which was appreciated.

Had a good selection of traditional foods from Berlin and...','3');
INSERT INTO "PHOTO" ("RESTAURANT_ID","PICTURE_URL")VALUES('73838691','https://s3-media1.fl.yelpcdn.com/photo/5jIOwTrMpwNOOEBrVg36ow/o.jpg');
INSERT INTO "RESTAURANT_RATING" ("RESTAURANT_ID","SCALE","OVERALL_RATING","SOURCE")VALUES('73838691','5','4','Google Map');
INSERT INTO "USER_REVIEW" ("RESTAURANT_ID","REVIEW_DATE","COMMENT","REVIEW_RATING")VALUES('73838691','2017-11-11','After a day of travel and airline food we were tired and hungry. This looked interesting from Google Map and we were pleased with the choice.  The service was good and friendly. The Wiener Schnitzel was delicious and a large order. The potato salad was good, but one serving could’ve fed the three of us. We were pleased with our beer and shandy choices.  Would recommend this to others.','5');
INSERT INTO "USER_REVIEW" ("RESTAURANT_ID","REVIEW_DATE","COMMENT","REVIEW_RATING")VALUES('73838691','2017-12-27','My husband and I ate here our first night in Berlin, and it was exactly what we were looking for. Good food, big portions, friendly staff, and open late! This was the only restaurant open and we were super hungry getting off the plane, so that might have influenced my positive opinions of the food, but I would definitely eat here again.','5');
INSERT INTO "USER_REVIEW" ("RESTAURANT_ID","REVIEW_DATE","COMMENT","REVIEW_RATING")VALUES('73838691','2017-12-15','Good food and atmosphere with very friendly staff who held onto a lost mobile phone until i could pick it up the next day. Very tasty food  at good prices, steins available! Staff are well spoken in english and very welcoming','4');
INSERT INTO "USER_REVIEW" ("RESTAURANT_ID","REVIEW_DATE","COMMENT","REVIEW_RATING")VALUES('73838691','2018-01-06','Nice place and friendly service and huge portions. German style interior and food. Good place👌🏽','4');
INSERT INTO "USER_REVIEW" ("RESTAURANT_ID","REVIEW_DATE","COMMENT","REVIEW_RATING")VALUES('73838691','2017-11-19','2,5-3 stars. They know their sausage but the salad had too little protein. The service was poor but the place it self had a traditional feeling although many tourists seem to have found this place.','2');
INSERT INTO "LOCATION" ("LOCATION_ID","LOCATION_TYPE","ADDRESS","LONGITUDE","LATITUDE")VALUES('155','R','Steinbockstr. 2012057 BerlinGermany','13.46843','52.4706199');
INSERT INTO "RESTAURANT" ("RESTAURANT_ID","PRICERANGE","PHONE_NUMBER","WEBSITE")VALUES('87252411','€€','+49 30 68053745','la-terrazza-berlin.de');
INSERT INTO "CUISINE" ("RESTAURANT_ID","CUISINE_TYPE")VALUES('87252411','Italian');
INSERT INTO "RESTAURANT_RATING" ("RESTAURANT_ID","SCALE","OVERALL_RATING","SOURCE")VALUES('87252411','5','4.5','Yelp');
INSERT INTO "RESTAURANT_FEATURE" ("RESTAURANT_ID","FEATURE_NAME","DESCRIPTION")VALUES('87252411','Takes Reservations','Yes');
INSERT INTO "RESTAURANT_FEATURE" ("RESTAURANT_ID","FEATURE_NAME","DESCRIPTION")VALUES('87252411','Delivery','No');
INSERT INTO "RESTAURANT_FEATURE" ("RESTAURANT_ID","FEATURE_NAME","DESCRIPTION")VALUES('87252411','Take-out','Yes');
INSERT INTO "RESTAURANT_FEATURE" ("RESTAURANT_ID","FEATURE_NAME","DESCRIPTION")VALUES('87252411','Accepted Cards','Credit, Debit');
INSERT INTO "RESTAURANT_FEATURE" ("RESTAURANT_ID","FEATURE_NAME","DESCRIPTION")VALUES('87252411','Parking','Street');
INSERT INTO "RESTAURANT_FEATURE" ("RESTAURANT_ID","FEATURE_NAME","DESCRIPTION")VALUES('87252411','Good for Kids','Yes');
INSERT INTO "RESTAURANT_FEATURE" ("RESTAURANT_ID","FEATURE_NAME","DESCRIPTION")VALUES('87252411','Good for Groups','Yes');
INSERT INTO "RESTAURANT_FEATURE" ("RESTAURANT_ID","FEATURE_NAME","DESCRIPTION")VALUES('87252411','Attire','Casual');
INSERT INTO "RESTAURANT_FEATURE" ("RESTAURANT_ID","FEATURE_NAME","DESCRIPTION")VALUES('87252411','Ambience','Casual');
INSERT INTO "RESTAURANT_FEATURE" ("RESTAURANT_ID","FEATURE_NAME","DESCRIPTION")VALUES('87252411','Noise Level','Average');
INSERT INTO "RESTAURANT_FEATURE" ("RESTAURANT_ID","FEATURE_NAME","DESCRIPTION")VALUES('87252411','Alcohol','Beer & Wine Only');
INSERT INTO "RESTAURANT_FEATURE" ("RESTAURANT_ID","FEATURE_NAME","DESCRIPTION")VALUES('87252411','Outdoor Seating','Yes');
INSERT INTO "RESTAURANT_FEATURE" ("RESTAURANT_ID","FEATURE_NAME","DESCRIPTION")VALUES('87252411','Wi-Fi','No');
INSERT INTO "RESTAURANT_FEATURE" ("RESTAURANT_ID","FEATURE_NAME","DESCRIPTION")VALUES('87252411','Has TV','No');
INSERT INTO "OPENING_HOUR" ("DAY","RESTAURANT_ID","OPENING_TIME","CLOSING_TIME")VALUES('Mon','87252411','12:00 pm','12:00 am');
INSERT INTO "OPENING_HOUR" ("DAY","RESTAURANT_ID","OPENING_TIME","CLOSING_TIME")VALUES('Tue','87252411','12:00 pm','12:00 am');
INSERT INTO "OPENING_HOUR" ("DAY","RESTAURANT_ID","OPENING_TIME","CLOSING_TIME")VALUES('Wed','87252411','12:00 pm','12:00 am');
INSERT INTO "OPENING_HOUR" ("DAY","RESTAURANT_ID","OPENING_TIME","CLOSING_TIME")VALUES('Thu','87252411','12:00 pm','12:00 am');
INSERT INTO "OPENING_HOUR" ("DAY","RESTAURANT_ID","OPENING_TIME","CLOSING_TIME")VALUES('Fri','87252411','12:00 pm','12:00 am');
INSERT INTO "OPENING_HOUR" ("DAY","RESTAURANT_ID","OPENING_TIME","CLOSING_TIME")VALUES('Sat','87252411','Open now','12:00 am');
INSERT INTO "USER_REVIEW" ("RESTAURANT_ID","REVIEW_DATE","COMMENT","REVIEW_RATING")VALUES('87252411','2015-10-21 12:14:14','Food was absolutely amazing! Not crazy expensive, Large seasonal menu. Lovely, polite and really fast(food within 10 min) serving. Portions were quite...','4');
INSERT INTO "PHOTO" ("RESTAURANT_ID","PICTURE_URL")VALUES('87252411','https://s3-media2.fl.yelpcdn.com/photo/CTpXD5gPS_bf5mD-Z_AuHg/o.jpg');
INSERT INTO "USER_REVIEW" ("RESTAURANT_ID","REVIEW_DATE","COMMENT","REVIEW_RATING")VALUES('87252411','2014-10-10 11:39:15','I was here one Saturday night just because my partner was feeling like having a carpaccio. I looked through reviews and we ended up here. 

The result was...','4');
INSERT INTO "PHOTO" ("RESTAURANT_ID","PICTURE_URL")VALUES('87252411','https://s3-media4.fl.yelpcdn.com/photo/YcekpUrWnY2xR2h4eBntjQ/o.jpg');
INSERT INTO "USER_REVIEW" ("RESTAURANT_ID","REVIEW_DATE","COMMENT","REVIEW_RATING")VALUES('87252411','2014-08-23 13:50:16','If I wasn''t in Berlin, I''d swear I was in Rome; That good.  Great menu, authentic Italian, owner was unbelievably proud of his wine list.  Attentive service...','4');
INSERT INTO "PHOTO" ("RESTAURANT_ID","PICTURE_URL")VALUES('87252411','https://s3-media3.fl.yelpcdn.com/photo/IizAgSbmPQTb_0QerG5SOQ/o.jpg');
INSERT INTO "LOCATION" ("LOCATION_ID","LOCATION_TYPE","ADDRESS","LONGITUDE","LATITUDE")VALUES('156','R','Rosenthaler Str. 6810119 BerlinGermany','13.40228','52.52866');
INSERT INTO "RESTAURANT" ("RESTAURANT_ID","PRICERANGE","PHONE_NUMBER","WEBSITE")VALUES('75355130','€€','+49 30 24781645','transit-restaurants.com');
INSERT INTO "CUISINE" ("RESTAURANT_ID","CUISINE_TYPE")VALUES('75355130','Indonesian');
INSERT INTO "CUISINE" ("RESTAURANT_ID","CUISINE_TYPE")VALUES('75355130','Thai');
INSERT INTO "RESTAURANT_RATING" ("RESTAURANT_ID","SCALE","OVERALL_RATING","SOURCE")VALUES('75355130','5','4.0','Yelp');
INSERT INTO "RESTAURANT_FEATURE" ("RESTAURANT_ID","FEATURE_NAME","DESCRIPTION")VALUES('75355130','Takes Reservations','Yes');
INSERT INTO "RESTAURANT_FEATURE" ("RESTAURANT_ID","FEATURE_NAME","DESCRIPTION")VALUES('75355130','Delivery','No');
INSERT INTO "RESTAURANT_FEATURE" ("RESTAURANT_ID","FEATURE_NAME","DESCRIPTION")VALUES('75355130','Take-out','Yes');
INSERT INTO "RESTAURANT_FEATURE" ("RESTAURANT_ID","FEATURE_NAME","DESCRIPTION")VALUES('75355130','Good For','Dinner');
INSERT INTO "RESTAURANT_FEATURE" ("RESTAURANT_ID","FEATURE_NAME","DESCRIPTION")VALUES('75355130','Parking','Street');
INSERT INTO "RESTAURANT_FEATURE" ("RESTAURANT_ID","FEATURE_NAME","DESCRIPTION")VALUES('75355130','Good for Kids','No');
INSERT INTO "RESTAURANT_FEATURE" ("RESTAURANT_ID","FEATURE_NAME","DESCRIPTION")VALUES('75355130','Good for Groups','Yes');
INSERT INTO "RESTAURANT_FEATURE" ("RESTAURANT_ID","FEATURE_NAME","DESCRIPTION")VALUES('75355130','Attire','Casual');
INSERT INTO "RESTAURANT_FEATURE" ("RESTAURANT_ID","FEATURE_NAME","DESCRIPTION")VALUES('75355130','Ambience','Trendy');
INSERT INTO "RESTAURANT_FEATURE" ("RESTAURANT_ID","FEATURE_NAME","DESCRIPTION")VALUES('75355130','Noise Level','Loud');
INSERT INTO "RESTAURANT_FEATURE" ("RESTAURANT_ID","FEATURE_NAME","DESCRIPTION")VALUES('75355130','Alcohol','Full Bar');
INSERT INTO "RESTAURANT_FEATURE" ("RESTAURANT_ID","FEATURE_NAME","DESCRIPTION")VALUES('75355130','Outdoor Seating','Yes');
INSERT INTO "RESTAURANT_FEATURE" ("RESTAURANT_ID","FEATURE_NAME","DESCRIPTION")VALUES('75355130','Wi-Fi','No');
INSERT INTO "RESTAURANT_FEATURE" ("RESTAURANT_ID","FEATURE_NAME","DESCRIPTION")VALUES('75355130','Has TV','No');
INSERT INTO "RESTAURANT_FEATURE" ("RESTAURANT_ID","FEATURE_NAME","DESCRIPTION")VALUES('75355130','Caters','No');
INSERT INTO "OPENING_HOUR" ("DAY","RESTAURANT_ID","OPENING_TIME","CLOSING_TIME")VALUES('Mon','75355130','11:00 am','1:00 am');
INSERT INTO "OPENING_HOUR" ("DAY","RESTAURANT_ID","OPENING_TIME","CLOSING_TIME")VALUES('Tue','75355130','11:00 am','1:00 am');
INSERT INTO "OPENING_HOUR" ("DAY","RESTAURANT_ID","OPENING_TIME","CLOSING_TIME")VALUES('Wed','75355130','11:00 am','1:00 am');
INSERT INTO "OPENING_HOUR" ("DAY","RESTAURANT_ID","OPENING_TIME","CLOSING_TIME")VALUES('Thu','75355130','11:00 am','1:00 am');
INSERT INTO "OPENING_HOUR" ("DAY","RESTAURANT_ID","OPENING_TIME","CLOSING_TIME")VALUES('Fri','75355130','11:00 am','1:00 am');
INSERT INTO "OPENING_HOUR" ("DAY","RESTAURANT_ID","OPENING_TIME","CLOSING_TIME")VALUES('Sat','75355130','11:00 am','1:00 am');
INSERT INTO "OPENING_HOUR" ("DAY","RESTAURANT_ID","OPENING_TIME","CLOSING_TIME")VALUES('Sun','75355130','Open now','1:00 am');
INSERT INTO "USER_REVIEW" ("RESTAURANT_ID","REVIEW_DATE","COMMENT","REVIEW_RATING")VALUES('75355130','2017-09-19 16:33:40','Best and long standing amazing thai asian fusion restaurant in Berlin.

Don''t go, so I can find spots when I go :)','5');
INSERT INTO "PHOTO" ("RESTAURANT_ID","PICTURE_URL")VALUES('75355130','https://s3-media2.fl.yelpcdn.com/photo/fMscjHvms7UrEZi4_Qg3jQ/o.jpg');
INSERT INTO "USER_REVIEW" ("RESTAURANT_ID","REVIEW_DATE","COMMENT","REVIEW_RATING")VALUES('75355130','2018-01-13 08:24:58','Perfect spot for a quick and mid price meal that will surely satisfy cravings for asian food. Dimly lit room and dark wood are nice if you ignore the ugly...','5');
INSERT INTO "PHOTO" ("RESTAURANT_ID","PICTURE_URL")VALUES('75355130','https://s3-media2.fl.yelpcdn.com/photo/l8Y8DjFhnEOAkz5jTXrrEg/o.jpg');
INSERT INTO "USER_REVIEW" ("RESTAURANT_ID","REVIEW_DATE","COMMENT","REVIEW_RATING")VALUES('75355130','2017-05-23 14:23:13','My meal at Transit was amazing. The food was fresh and fantastic! It  came unbelievingly quick and was hot! Everything you want but never expect from a...','5');
INSERT INTO "PHOTO" ("RESTAURANT_ID","PICTURE_URL")VALUES('75355130','https://s3-media3.fl.yelpcdn.com/photo/iXR-dL9KrqLV1HOquEv4yg/o.jpg');
INSERT INTO "RESTAURANT_RATING" ("RESTAURANT_ID","SCALE","OVERALL_RATING","SOURCE")VALUES('75355130','5','4.2','Google Map');
INSERT INTO "USER_REVIEW" ("RESTAURANT_ID","REVIEW_DATE","COMMENT","REVIEW_RATING")VALUES('75355130','2018-01-05','One of my favourite places in Berlin for South-East-Asian food.
Super tasty and I love the concept of ordering several little plates so you have the choice to taste a little bit of everything especially when you go with a couple of people together. 
Even if it’s crowded the waiters are friendly and attentional.
Sharpen your pens and make your order 😋
Special recombination:
•CRUNCHY STRIPS crunchy grilled pork belly
•DUCK IN PYJAMAS duck with plum sauce in pancakes
•ALMOST NUDE Summerrolls
•EVE’S FAVORITE spare ribs','5');
INSERT INTO "USER_REVIEW" ("RESTAURANT_ID","REVIEW_DATE","COMMENT","REVIEW_RATING")VALUES('75355130','2017-11-28','Easily one of my favorite places to be in Berlin. Food feels like asian fusion food. Small portions for 3,5€ each. Quite noisy, but still able to hold a conversation. Place is dynamic and atmosphere is young and romantic. Staff, though busy is still friendly. Have been there around 7 times already and more to come.
Order the beef!','5');
INSERT INTO "USER_REVIEW" ("RESTAURANT_ID","REVIEW_DATE","COMMENT","REVIEW_RATING")VALUES('75355130','2018-01-03','Great food with good prices. The service was so so. The atmoshpere is nice and after eating there we were not smelly.
They have tapas size plates for €3.5 and you could be full with 3.','5');
INSERT INTO "USER_REVIEW" ("RESTAURANT_ID","REVIEW_DATE","COMMENT","REVIEW_RATING")VALUES('75355130','2017-12-29','Nice place for a cheap meal in Berlin! Good for people who eat alone. Various of Asian food. As a Asian, I think the food is not bad.','5');
INSERT INTO "USER_REVIEW" ("RESTAURANT_ID","REVIEW_DATE","COMMENT","REVIEW_RATING")VALUES('75355130','2017-12-24','Delicious Asian tapas. Great value for money. Staff was a bit slow','4');
INSERT INTO "LOCATION" ("LOCATION_ID","LOCATION_TYPE","ADDRESS","LONGITUDE","LATITUDE")VALUES('157','R','Kantstr. 12410625 BerlinGermany','13.311274','52.50629');
INSERT INTO "RESTAURANT" ("RESTAURANT_ID","PRICERANGE","PHONE_NUMBER","WEBSITE")VALUES('54800994','€','+49 176 83220425','mezemcatering.de');
INSERT INTO "CUISINE" ("RESTAURANT_ID","CUISINE_TYPE")VALUES('54800994','Mediterranean');
INSERT INTO "RESTAURANT_RATING" ("RESTAURANT_ID","SCALE","OVERALL_RATING","SOURCE")VALUES('54800994','5','5.0','Yelp');
INSERT INTO "RESTAURANT_FEATURE" ("RESTAURANT_ID","FEATURE_NAME","DESCRIPTION")VALUES('54800994','Takes Reservations','No');
INSERT INTO "RESTAURANT_FEATURE" ("RESTAURANT_ID","FEATURE_NAME","DESCRIPTION")VALUES('54800994','Delivery','Yes');
INSERT INTO "RESTAURANT_FEATURE" ("RESTAURANT_ID","FEATURE_NAME","DESCRIPTION")VALUES('54800994','Take-out','Yes');
INSERT INTO "RESTAURANT_FEATURE" ("RESTAURANT_ID","FEATURE_NAME","DESCRIPTION")VALUES('54800994','Accepted Cards','None');
INSERT INTO "RESTAURANT_FEATURE" ("RESTAURANT_ID","FEATURE_NAME","DESCRIPTION")VALUES('54800994','Accepts Bitcoin','No');
INSERT INTO "RESTAURANT_FEATURE" ("RESTAURANT_ID","FEATURE_NAME","DESCRIPTION")VALUES('54800994','Parking','Street');
INSERT INTO "RESTAURANT_FEATURE" ("RESTAURANT_ID","FEATURE_NAME","DESCRIPTION")VALUES('54800994','Good for Kids','Yes');
INSERT INTO "RESTAURANT_FEATURE" ("RESTAURANT_ID","FEATURE_NAME","DESCRIPTION")VALUES('54800994','Good for Groups','Yes');
INSERT INTO "RESTAURANT_FEATURE" ("RESTAURANT_ID","FEATURE_NAME","DESCRIPTION")VALUES('54800994','Attire','Casual');
INSERT INTO "RESTAURANT_FEATURE" ("RESTAURANT_ID","FEATURE_NAME","DESCRIPTION")VALUES('54800994','Ambience','Casual');
INSERT INTO "RESTAURANT_FEATURE" ("RESTAURANT_ID","FEATURE_NAME","DESCRIPTION")VALUES('54800994','Noise Level','Average');
INSERT INTO "RESTAURANT_FEATURE" ("RESTAURANT_ID","FEATURE_NAME","DESCRIPTION")VALUES('54800994','Alcohol','No');
INSERT INTO "RESTAURANT_FEATURE" ("RESTAURANT_ID","FEATURE_NAME","DESCRIPTION")VALUES('54800994','Outdoor Seating','Yes');
INSERT INTO "RESTAURANT_FEATURE" ("RESTAURANT_ID","FEATURE_NAME","DESCRIPTION")VALUES('54800994','Wi-Fi','No');
INSERT INTO "RESTAURANT_FEATURE" ("RESTAURANT_ID","FEATURE_NAME","DESCRIPTION")VALUES('54800994','Has TV','No');
INSERT INTO "RESTAURANT_FEATURE" ("RESTAURANT_ID","FEATURE_NAME","DESCRIPTION")VALUES('54800994','Caters','Yes');
INSERT INTO "OPENING_HOUR" ("DAY","RESTAURANT_ID","OPENING_TIME","CLOSING_TIME")VALUES('Mon','54800994','12:00 pm','6:00 pm');
INSERT INTO "OPENING_HOUR" ("DAY","RESTAURANT_ID","OPENING_TIME","CLOSING_TIME")VALUES('Tue','54800994','12:00 pm','6:00 pm');
INSERT INTO "OPENING_HOUR" ("DAY","RESTAURANT_ID","OPENING_TIME","CLOSING_TIME")VALUES('Wed','54800994','12:00 pm','6:00 pm');
INSERT INTO "OPENING_HOUR" ("DAY","RESTAURANT_ID","OPENING_TIME","CLOSING_TIME")VALUES('Thu','54800994','12:00 pm','6:00 pm');
INSERT INTO "OPENING_HOUR" ("DAY","RESTAURANT_ID","OPENING_TIME","CLOSING_TIME")VALUES('Fri','54800994','12:00 pm','6:00 pm');
INSERT INTO "OPENING_HOUR" ("DAY","RESTAURANT_ID","OPENING_TIME","CLOSING_TIME")VALUES('Sat','54800994','12:00 pm','6:00 pm');
INSERT INTO "USER_REVIEW" ("RESTAURANT_ID","REVIEW_DATE","COMMENT","REVIEW_RATING")VALUES('54800994','2017-08-05 10:50:21','Lovely place with great, smiling staff and very delicious food!! Great prices.
A lot of different options, including lots of vegetables which has been hard...','5');
INSERT INTO "PHOTO" ("RESTAURANT_ID","PICTURE_URL")VALUES('54800994','https://s3-media2.fl.yelpcdn.com/photo/z8QmMOlVrlTb3G2DosZlfQ/o.jpg');
INSERT INTO "USER_REVIEW" ("RESTAURANT_ID","REVIEW_DATE","COMMENT","REVIEW_RATING")VALUES('54800994','2017-09-22 06:42:06','Excellent food and excellent deal. Hit this place up before going to the Tiergarten. Good hospitality','5');
INSERT INTO "PHOTO" ("RESTAURANT_ID","PICTURE_URL")VALUES('54800994','https://s3-media2.fl.yelpcdn.com/photo/VMXJrB9-zMwom0foPD4UTg/o.jpg');
INSERT INTO "USER_REVIEW" ("RESTAURANT_ID","REVIEW_DATE","COMMENT","REVIEW_RATING")VALUES('54800994','2017-08-19 07:08:12','Fantastic food - Worth the walk. Mediterrane food at its best. Simplicity. Go for the freshly squeezed orange. Yummie. You can sit outsider and the service...','5');
INSERT INTO "PHOTO" ("RESTAURANT_ID","PICTURE_URL")VALUES('54800994','https://s3-media1.fl.yelpcdn.com/photo/nKX7FQ2BB09DzZC6Pa_NYQ/o.jpg');
INSERT INTO "LOCATION" ("LOCATION_ID","LOCATION_TYPE","ADDRESS","LONGITUDE","LATITUDE")VALUES('158','R','Grunewaldstr. 5410825 BerlinGermany','13.33783','52.48816');
INSERT INTO "RESTAURANT" ("RESTAURANT_ID","PRICERANGE","PHONE_NUMBER","WEBSITE")VALUES('36953248','€€','+49 30 2167957','taverna-ousia.de');
INSERT INTO "CUISINE" ("RESTAURANT_ID","CUISINE_TYPE")VALUES('36953248','Greek');
INSERT INTO "RESTAURANT_RATING" ("RESTAURANT_ID","SCALE","OVERALL_RATING","SOURCE")VALUES('36953248','5','4.5','Yelp');
INSERT INTO "RESTAURANT_FEATURE" ("RESTAURANT_ID","FEATURE_NAME","DESCRIPTION")VALUES('36953248','Takes Reservations','Yes');
INSERT INTO "RESTAURANT_FEATURE" ("RESTAURANT_ID","FEATURE_NAME","DESCRIPTION")VALUES('36953248','Delivery','No');
INSERT INTO "RESTAURANT_FEATURE" ("RESTAURANT_ID","FEATURE_NAME","DESCRIPTION")VALUES('36953248','Take-out','No');
INSERT INTO "RESTAURANT_FEATURE" ("RESTAURANT_ID","FEATURE_NAME","DESCRIPTION")VALUES('36953248','Parking','Street');
INSERT INTO "RESTAURANT_FEATURE" ("RESTAURANT_ID","FEATURE_NAME","DESCRIPTION")VALUES('36953248','Good for Kids','Yes');
INSERT INTO "RESTAURANT_FEATURE" ("RESTAURANT_ID","FEATURE_NAME","DESCRIPTION")VALUES('36953248','Good for Groups','Yes');
INSERT INTO "RESTAURANT_FEATURE" ("RESTAURANT_ID","FEATURE_NAME","DESCRIPTION")VALUES('36953248','Attire','Casual');
INSERT INTO "RESTAURANT_FEATURE" ("RESTAURANT_ID","FEATURE_NAME","DESCRIPTION")VALUES('36953248','Ambience','Casual');
INSERT INTO "RESTAURANT_FEATURE" ("RESTAURANT_ID","FEATURE_NAME","DESCRIPTION")VALUES('36953248','Noise Level','Loud');
INSERT INTO "RESTAURANT_FEATURE" ("RESTAURANT_ID","FEATURE_NAME","DESCRIPTION")VALUES('36953248','Alcohol','Beer & Wine Only');
INSERT INTO "RESTAURANT_FEATURE" ("RESTAURANT_ID","FEATURE_NAME","DESCRIPTION")VALUES('36953248','Outdoor Seating','Yes');
INSERT INTO "RESTAURANT_FEATURE" ("RESTAURANT_ID","FEATURE_NAME","DESCRIPTION")VALUES('36953248','Wi-Fi','No');
INSERT INTO "RESTAURANT_FEATURE" ("RESTAURANT_ID","FEATURE_NAME","DESCRIPTION")VALUES('36953248','Has TV','No');
INSERT INTO "RESTAURANT_FEATURE" ("RESTAURANT_ID","FEATURE_NAME","DESCRIPTION")VALUES('36953248','Waiter Service','Yes');
INSERT INTO "RESTAURANT_FEATURE" ("RESTAURANT_ID","FEATURE_NAME","DESCRIPTION")VALUES('36953248','Caters','No');
INSERT INTO "OPENING_HOUR" ("DAY","RESTAURANT_ID","OPENING_TIME","CLOSING_TIME")VALUES('Mon','36953248','5:00 pm','12:00 am');
INSERT INTO "OPENING_HOUR" ("DAY","RESTAURANT_ID","OPENING_TIME","CLOSING_TIME")VALUES('Tue','36953248','5:00 pm','12:00 am');
INSERT INTO "OPENING_HOUR" ("DAY","RESTAURANT_ID","OPENING_TIME","CLOSING_TIME")VALUES('Wed','36953248','5:00 pm','12:00 am');
INSERT INTO "OPENING_HOUR" ("DAY","RESTAURANT_ID","OPENING_TIME","CLOSING_TIME")VALUES('Thu','36953248','5:00 pm','12:00 am');
INSERT INTO "OPENING_HOUR" ("DAY","RESTAURANT_ID","OPENING_TIME","CLOSING_TIME")VALUES('Fri','36953248','5:00 pm','12:00 am');
INSERT INTO "OPENING_HOUR" ("DAY","RESTAURANT_ID","OPENING_TIME","CLOSING_TIME")VALUES('Sat','36953248','5:00 pm','12:00 am');
INSERT INTO "OPENING_HOUR" ("DAY","RESTAURANT_ID","OPENING_TIME","CLOSING_TIME")VALUES('Sun','36953248','Open now','12:00 am');
INSERT INTO "USER_REVIEW" ("RESTAURANT_ID","REVIEW_DATE","COMMENT","REVIEW_RATING")VALUES('36953248','2017-03-21 15:33:37','The spanakotiropitakia (spinach ball dumplings) were the best thing on the menu! Overpriced for the quality of the food.','3');
INSERT INTO "PHOTO" ("RESTAURANT_ID","PICTURE_URL")VALUES('36953248','https://s3-media1.fl.yelpcdn.com/photo/AZyUP73Ck4-2nhh3KaS5Mw/o.jpg');
INSERT INTO "USER_REVIEW" ("RESTAURANT_ID","REVIEW_DATE","COMMENT","REVIEW_RATING")VALUES('36953248','2017-04-18 02:51:24','Ordered a Chicken Souvlaki, was pretty good but nothing special. Maybe I should come back next time for some seafood though.','3');
INSERT INTO "PHOTO" ("RESTAURANT_ID","PICTURE_URL")VALUES('36953248','https://s3-media1.fl.yelpcdn.com/photo/QeIjla-35WIOz9op35iIEA/o.jpg');
INSERT INTO "USER_REVIEW" ("RESTAURANT_ID","REVIEW_DATE","COMMENT","REVIEW_RATING")VALUES('36953248','2016-05-15 12:23:26','Sorry everyone, this place didn''t do it for me. 

 I had the Anamikto Piato and it was the worst mistake of my life.  Toast and cheese and some dried up...','1');
INSERT INTO "PHOTO" ("RESTAURANT_ID","PICTURE_URL")VALUES('36953248','https://s3-media3.fl.yelpcdn.com/photo/wBTmYWn0TbilCPaQqHITlQ/o.jpg');
INSERT INTO "LOCATION" ("LOCATION_ID","LOCATION_TYPE","ADDRESS","LONGITUDE","LATITUDE")VALUES('159','R','Tegeler Str. 2213353 BerlinGermany','13.35755','52.54187');
INSERT INTO "RESTAURANT" ("RESTAURANT_ID","PRICERANGE","PHONE_NUMBER","WEBSITE")VALUES('19020317','€','+49 30 45029460','None');
INSERT INTO "CUISINE" ("RESTAURANT_ID","CUISINE_TYPE")VALUES('19020317','Indian');
INSERT INTO "RESTAURANT_RATING" ("RESTAURANT_ID","SCALE","OVERALL_RATING","SOURCE")VALUES('19020317','5','4.0','Yelp');
INSERT INTO "RESTAURANT_FEATURE" ("RESTAURANT_ID","FEATURE_NAME","DESCRIPTION")VALUES('19020317','Takes Reservations','Yes');
INSERT INTO "RESTAURANT_FEATURE" ("RESTAURANT_ID","FEATURE_NAME","DESCRIPTION")VALUES('19020317','Delivery','Yes');
INSERT INTO "RESTAURANT_FEATURE" ("RESTAURANT_ID","FEATURE_NAME","DESCRIPTION")VALUES('19020317','Take-out','Yes');
INSERT INTO "RESTAURANT_FEATURE" ("RESTAURANT_ID","FEATURE_NAME","DESCRIPTION")VALUES('19020317','Accepted Cards','Debit');
INSERT INTO "RESTAURANT_FEATURE" ("RESTAURANT_ID","FEATURE_NAME","DESCRIPTION")VALUES('19020317','Good For','Dinner');
INSERT INTO "RESTAURANT_FEATURE" ("RESTAURANT_ID","FEATURE_NAME","DESCRIPTION")VALUES('19020317','Parking','Street');
INSERT INTO "RESTAURANT_FEATURE" ("RESTAURANT_ID","FEATURE_NAME","DESCRIPTION")VALUES('19020317','Good for Kids','Yes');
INSERT INTO "RESTAURANT_FEATURE" ("RESTAURANT_ID","FEATURE_NAME","DESCRIPTION")VALUES('19020317','Good for Groups','Yes');
INSERT INTO "RESTAURANT_FEATURE" ("RESTAURANT_ID","FEATURE_NAME","DESCRIPTION")VALUES('19020317','Attire','Casual');
INSERT INTO "RESTAURANT_FEATURE" ("RESTAURANT_ID","FEATURE_NAME","DESCRIPTION")VALUES('19020317','Ambience','Casual');
INSERT INTO "RESTAURANT_FEATURE" ("RESTAURANT_ID","FEATURE_NAME","DESCRIPTION")VALUES('19020317','Noise Level','Average');
INSERT INTO "RESTAURANT_FEATURE" ("RESTAURANT_ID","FEATURE_NAME","DESCRIPTION")VALUES('19020317','Alcohol','Beer & Wine Only');
INSERT INTO "RESTAURANT_FEATURE" ("RESTAURANT_ID","FEATURE_NAME","DESCRIPTION")VALUES('19020317','Outdoor Seating','Yes');
INSERT INTO "RESTAURANT_FEATURE" ("RESTAURANT_ID","FEATURE_NAME","DESCRIPTION")VALUES('19020317','Wi-Fi','Free');
INSERT INTO "RESTAURANT_FEATURE" ("RESTAURANT_ID","FEATURE_NAME","DESCRIPTION")VALUES('19020317','Has TV','No');
INSERT INTO "RESTAURANT_FEATURE" ("RESTAURANT_ID","FEATURE_NAME","DESCRIPTION")VALUES('19020317','Caters','Yes');
INSERT INTO "OPENING_HOUR" ("DAY","RESTAURANT_ID","OPENING_TIME","CLOSING_TIME")VALUES('Mon','19020317','11:00 am','11:30 pm');
INSERT INTO "OPENING_HOUR" ("DAY","RESTAURANT_ID","OPENING_TIME","CLOSING_TIME")VALUES('Tue','19020317','11:00 am','11:30 pm');
INSERT INTO "OPENING_HOUR" ("DAY","RESTAURANT_ID","OPENING_TIME","CLOSING_TIME")VALUES('Wed','19020317','11:00 am','11:30 pm');
INSERT INTO "OPENING_HOUR" ("DAY","RESTAURANT_ID","OPENING_TIME","CLOSING_TIME")VALUES('Thu','19020317','11:00 am','11:30 pm');
INSERT INTO "OPENING_HOUR" ("DAY","RESTAURANT_ID","OPENING_TIME","CLOSING_TIME")VALUES('Fri','19020317','11:00 am','11:30 pm');
INSERT INTO "OPENING_HOUR" ("DAY","RESTAURANT_ID","OPENING_TIME","CLOSING_TIME")VALUES('Sat','19020317','11:00 am','11:30 pm');
INSERT INTO "OPENING_HOUR" ("DAY","RESTAURANT_ID","OPENING_TIME","CLOSING_TIME")VALUES('Sun','19020317','Open now','11:30 pm');
INSERT INTO "USER_REVIEW" ("RESTAURANT_ID","REVIEW_DATE","COMMENT","REVIEW_RATING")VALUES('19020317','2015-05-13 07:35:46','This was one of my favorite restaurants when I lived in Berlin. The food is so high quality and delicious, it''s the best Indian food I have ever had, hands...','5');
INSERT INTO "PHOTO" ("RESTAURANT_ID","PICTURE_URL")VALUES('19020317','https://s3-media2.fl.yelpcdn.com/photo/ilTTT2vM7njPS7mDx_SNkA/o.jpg');
INSERT INTO "USER_REVIEW" ("RESTAURANT_ID","REVIEW_DATE","COMMENT","REVIEW_RATING")VALUES('19020317','2017-05-14 03:06:53','This place is amazing!!! The people are SO nice and the food absolutely delicious :) especially the Sunday brunch! And the chai is great :)) come for great...','5');
INSERT INTO "PHOTO" ("RESTAURANT_ID","PICTURE_URL")VALUES('19020317','https://s3-media3.fl.yelpcdn.com/photo/Xb3u5wkdeS0_ROrHFnkD0Q/o.jpg');
INSERT INTO "USER_REVIEW" ("RESTAURANT_ID","REVIEW_DATE","COMMENT","REVIEW_RATING")VALUES('19020317','2015-01-23 02:59:45','I have to embarrassingly admit  while eating there, I closed my eyes several times when the lamb melted on my tongue!

I am absolutely obsessed with Indian...','4');
INSERT INTO "PHOTO" ("RESTAURANT_ID","PICTURE_URL")VALUES('19020317','https://s3-media1.fl.yelpcdn.com/photo/6m3LknOj880aH7HybeK0jg/o.jpg');
INSERT INTO "LOCATION" ("LOCATION_ID","LOCATION_TYPE","ADDRESS","LONGITUDE","LATITUDE")VALUES('160','R','Malplaquetstr. 16 B13347 BerlinGermany','13.35817','52.55166');
INSERT INTO "RESTAURANT" ("RESTAURANT_ID","PRICERANGE","PHONE_NUMBER","WEBSITE")VALUES('7470331','€€','+49 30 45082663','schraders-berlin.de');
INSERT INTO "CUISINE" ("RESTAURANT_ID","CUISINE_TYPE")VALUES('7470331','Breakfast & Brunch');
INSERT INTO "CUISINE" ("RESTAURANT_ID","CUISINE_TYPE")VALUES('7470331','Burgers');
INSERT INTO "CUISINE" ("RESTAURANT_ID","CUISINE_TYPE")VALUES('7470331','Tapas/Small Plates');
INSERT INTO "RESTAURANT_RATING" ("RESTAURANT_ID","SCALE","OVERALL_RATING","SOURCE")VALUES('7470331','5','4.0','Yelp');
INSERT INTO "RESTAURANT_FEATURE" ("RESTAURANT_ID","FEATURE_NAME","DESCRIPTION")VALUES('7470331','Takes Reservations','Yes');
INSERT INTO "RESTAURANT_FEATURE" ("RESTAURANT_ID","FEATURE_NAME","DESCRIPTION")VALUES('7470331','Delivery','No');
INSERT INTO "RESTAURANT_FEATURE" ("RESTAURANT_ID","FEATURE_NAME","DESCRIPTION")VALUES('7470331','Take-out','Yes');
INSERT INTO "RESTAURANT_FEATURE" ("RESTAURANT_ID","FEATURE_NAME","DESCRIPTION")VALUES('7470331','Accepted Cards','Credit, Debit');
INSERT INTO "RESTAURANT_FEATURE" ("RESTAURANT_ID","FEATURE_NAME","DESCRIPTION")VALUES('7470331','Parking','Street');
INSERT INTO "RESTAURANT_FEATURE" ("RESTAURANT_ID","FEATURE_NAME","DESCRIPTION")VALUES('7470331','Good for Kids','Yes');
INSERT INTO "RESTAURANT_FEATURE" ("RESTAURANT_ID","FEATURE_NAME","DESCRIPTION")VALUES('7470331','Good for Groups','Yes');
INSERT INTO "RESTAURANT_FEATURE" ("RESTAURANT_ID","FEATURE_NAME","DESCRIPTION")VALUES('7470331','Attire','Casual');
INSERT INTO "RESTAURANT_FEATURE" ("RESTAURANT_ID","FEATURE_NAME","DESCRIPTION")VALUES('7470331','Ambience','Casual');
INSERT INTO "RESTAURANT_FEATURE" ("RESTAURANT_ID","FEATURE_NAME","DESCRIPTION")VALUES('7470331','Noise Level','Average');
INSERT INTO "RESTAURANT_FEATURE" ("RESTAURANT_ID","FEATURE_NAME","DESCRIPTION")VALUES('7470331','Alcohol','Full Bar');
INSERT INTO "RESTAURANT_FEATURE" ("RESTAURANT_ID","FEATURE_NAME","DESCRIPTION")VALUES('7470331','Outdoor Seating','Yes');
INSERT INTO "RESTAURANT_FEATURE" ("RESTAURANT_ID","FEATURE_NAME","DESCRIPTION")VALUES('7470331','Wi-Fi','Free');
INSERT INTO "RESTAURANT_FEATURE" ("RESTAURANT_ID","FEATURE_NAME","DESCRIPTION")VALUES('7470331','Has TV','No');
INSERT INTO "RESTAURANT_FEATURE" ("RESTAURANT_ID","FEATURE_NAME","DESCRIPTION")VALUES('7470331','Caters','Yes');
INSERT INTO "OPENING_HOUR" ("DAY","RESTAURANT_ID","OPENING_TIME","CLOSING_TIME")VALUES('Mon','7470331','9:30 am','1:00 am');
INSERT INTO "OPENING_HOUR" ("DAY","RESTAURANT_ID","OPENING_TIME","CLOSING_TIME")VALUES('Tue','7470331','9:30 am','1:00 am');
INSERT INTO "OPENING_HOUR" ("DAY","RESTAURANT_ID","OPENING_TIME","CLOSING_TIME")VALUES('Wed','7470331','9:30 am','1:00 am');
INSERT INTO "OPENING_HOUR" ("DAY","RESTAURANT_ID","OPENING_TIME","CLOSING_TIME")VALUES('Thu','7470331','9:30 am','1:00 am');
INSERT INTO "OPENING_HOUR" ("DAY","RESTAURANT_ID","OPENING_TIME","CLOSING_TIME")VALUES('Fri','7470331','9:30 am','1:00 am');
INSERT INTO "OPENING_HOUR" ("DAY","RESTAURANT_ID","OPENING_TIME","CLOSING_TIME")VALUES('Sat','7470331','10:00 am','1:00 am');
INSERT INTO "OPENING_HOUR" ("DAY","RESTAURANT_ID","OPENING_TIME","CLOSING_TIME")VALUES('Sun','7470331','Open now','1:00 am');
INSERT INTO "USER_REVIEW" ("RESTAURANT_ID","REVIEW_DATE","COMMENT","REVIEW_RATING")VALUES('7470331','2018-01-09 04:40:01','I loved this place. We sat in the front on the couches. 

1. Service was extremely friendly and spoke English. Had a real cool vibe to it. 
2. Drinks were a...','5');
INSERT INTO "PHOTO" ("RESTAURANT_ID","PICTURE_URL")VALUES('7470331','https://s3-media4.fl.yelpcdn.com/photo/gI7tCZhjPKpSD6WHYUR3hA/o.jpg');
INSERT INTO "USER_REVIEW" ("RESTAURANT_ID","REVIEW_DATE","COMMENT","REVIEW_RATING")VALUES('7470331','2017-07-13 03:05:36','Fresh breakfast plates. Nice interior with calm background music.... no credit cards, so have cash on hand for traveling ppl (but debit card yes!)... would...','5');
INSERT INTO "PHOTO" ("RESTAURANT_ID","PICTURE_URL")VALUES('7470331','https://s3-media3.fl.yelpcdn.com/photo/EV3PnoQ07TFagcMvXebwjA/o.jpg');
INSERT INTO "USER_REVIEW" ("RESTAURANT_ID","REVIEW_DATE","COMMENT","REVIEW_RATING")VALUES('7470331','2017-02-26 12:52:09','This is a great place for Sunday brunch! It is very crowded so it is recommended to reserve a place first! The atmosphere is great, and the service is very...','5');
INSERT INTO "PHOTO" ("RESTAURANT_ID","PICTURE_URL")VALUES('7470331','https://s3-media3.fl.yelpcdn.com/photo/U1qegWFMGRyQ463SbATyoA/o.jpg');
INSERT INTO "LOCATION" ("LOCATION_ID","LOCATION_TYPE","ADDRESS","LONGITUDE","LATITUDE")VALUES('161','R','Chausseestr. 1510115 BerlinGermany','13.3846157119','52.5295590906');
INSERT INTO "RESTAURANT" ("RESTAURANT_ID","PRICERANGE","PHONE_NUMBER","WEBSITE")VALUES('30418819','€€','+49 30 95614848','bonfini.de');
INSERT INTO "CUISINE" ("RESTAURANT_ID","CUISINE_TYPE")VALUES('30418819','Italian');
INSERT INTO "RESTAURANT_RATING" ("RESTAURANT_ID","SCALE","OVERALL_RATING","SOURCE")VALUES('30418819','5','4.0','Yelp');
INSERT INTO "RESTAURANT_FEATURE" ("RESTAURANT_ID","FEATURE_NAME","DESCRIPTION")VALUES('30418819','Takes Reservations','Yes');
INSERT INTO "RESTAURANT_FEATURE" ("RESTAURANT_ID","FEATURE_NAME","DESCRIPTION")VALUES('30418819','Delivery','No');
INSERT INTO "RESTAURANT_FEATURE" ("RESTAURANT_ID","FEATURE_NAME","DESCRIPTION")VALUES('30418819','Take-out','Yes');
INSERT INTO "RESTAURANT_FEATURE" ("RESTAURANT_ID","FEATURE_NAME","DESCRIPTION")VALUES('30418819','Accepted Cards','Credit, Debit');
INSERT INTO "RESTAURANT_FEATURE" ("RESTAURANT_ID","FEATURE_NAME","DESCRIPTION")VALUES('30418819','Parking','Garage, Street');
INSERT INTO "RESTAURANT_FEATURE" ("RESTAURANT_ID","FEATURE_NAME","DESCRIPTION")VALUES('30418819','Wheelchair Accessible','Yes');
INSERT INTO "RESTAURANT_FEATURE" ("RESTAURANT_ID","FEATURE_NAME","DESCRIPTION")VALUES('30418819','Good for Kids','Yes');
INSERT INTO "RESTAURANT_FEATURE" ("RESTAURANT_ID","FEATURE_NAME","DESCRIPTION")VALUES('30418819','Good for Groups','Yes');
INSERT INTO "RESTAURANT_FEATURE" ("RESTAURANT_ID","FEATURE_NAME","DESCRIPTION")VALUES('30418819','Attire','Casual');
INSERT INTO "RESTAURANT_FEATURE" ("RESTAURANT_ID","FEATURE_NAME","DESCRIPTION")VALUES('30418819','Noise Level','Average');
INSERT INTO "RESTAURANT_FEATURE" ("RESTAURANT_ID","FEATURE_NAME","DESCRIPTION")VALUES('30418819','Alcohol','Beer & Wine Only');
INSERT INTO "RESTAURANT_FEATURE" ("RESTAURANT_ID","FEATURE_NAME","DESCRIPTION")VALUES('30418819','Outdoor Seating','Yes');
INSERT INTO "RESTAURANT_FEATURE" ("RESTAURANT_ID","FEATURE_NAME","DESCRIPTION")VALUES('30418819','Wi-Fi','Free');
INSERT INTO "RESTAURANT_FEATURE" ("RESTAURANT_ID","FEATURE_NAME","DESCRIPTION")VALUES('30418819','Has TV','No');
INSERT INTO "RESTAURANT_FEATURE" ("RESTAURANT_ID","FEATURE_NAME","DESCRIPTION")VALUES('30418819','Waiter Service','Yes');
INSERT INTO "RESTAURANT_FEATURE" ("RESTAURANT_ID","FEATURE_NAME","DESCRIPTION")VALUES('30418819','Caters','Yes');
INSERT INTO "OPENING_HOUR" ("DAY","RESTAURANT_ID","OPENING_TIME","CLOSING_TIME")VALUES('Mon','30418819','12:00 pm','12:00 am');
INSERT INTO "OPENING_HOUR" ("DAY","RESTAURANT_ID","OPENING_TIME","CLOSING_TIME")VALUES('Tue','30418819','12:00 pm','12:00 am');
INSERT INTO "OPENING_HOUR" ("DAY","RESTAURANT_ID","OPENING_TIME","CLOSING_TIME")VALUES('Wed','30418819','12:00 pm','12:00 am');
INSERT INTO "OPENING_HOUR" ("DAY","RESTAURANT_ID","OPENING_TIME","CLOSING_TIME")VALUES('Thu','30418819','12:00 pm','12:00 am');
INSERT INTO "OPENING_HOUR" ("DAY","RESTAURANT_ID","OPENING_TIME","CLOSING_TIME")VALUES('Fri','30418819','12:00 pm','12:00 am');
INSERT INTO "OPENING_HOUR" ("DAY","RESTAURANT_ID","OPENING_TIME","CLOSING_TIME")VALUES('Sat','30418819','6:00 pm','12:00 am');
INSERT INTO "USER_REVIEW" ("RESTAURANT_ID","REVIEW_DATE","COMMENT","REVIEW_RATING")VALUES('30418819','2017-08-03 09:25:31','There was absolutely nothing wrong with this place. We stumbled in to this restaurant and could not be happier. We were originally seated in the little...','5');
INSERT INTO "USER_REVIEW" ("RESTAURANT_ID","REVIEW_DATE","COMMENT","REVIEW_RATING")VALUES('30418819','2017-07-27 12:43:43','Don''t go to this place as they treat foreigners like they''re dumb. Told us it was cash only at the end, even though there was a Visa sign. She claimed that...','1');
INSERT INTO "PHOTO" ("RESTAURANT_ID","PICTURE_URL")VALUES('30418819','https://s3-media4.fl.yelpcdn.com/photo/ZNZFmN3GOpXTgATry-yyzw/o.jpg');
INSERT INTO "USER_REVIEW" ("RESTAURANT_ID","REVIEW_DATE","COMMENT","REVIEW_RATING")VALUES('30418819','2017-09-20 02:45:09','Nice little place on a busy corner! I love the inside of the restaurant and it was very friendly and they took great care of us! The pizza was good but not...','4');
INSERT INTO "RESTAURANT_RATING" ("RESTAURANT_ID","SCALE","OVERALL_RATING","SOURCE")VALUES('30418819','5','4.1','Google Map');
INSERT INTO "USER_REVIEW" ("RESTAURANT_ID","REVIEW_DATE","COMMENT","REVIEW_RATING")VALUES('30418819','2018-01-17','I can''t say enough good things about this place. The food in incredible and the staff are wonderful. I am so lucky to have them just a few meters away from me in my new home!','5');
INSERT INTO "USER_REVIEW" ("RESTAURANT_ID","REVIEW_DATE","COMMENT","REVIEW_RATING")VALUES('30418819','2017-12-23','Value for money was very low, it seems like they forgot us for a while and the food was not so good.','2');
INSERT INTO "USER_REVIEW" ("RESTAURANT_ID","REVIEW_DATE","COMMENT","REVIEW_RATING")VALUES('30418819','2017-07-08','Very nice italian restaurant. Had great meals there including gnocchi in sage butter, steak and many others. The place is nicely decorated and even has some seats outside.','4');
INSERT INTO "USER_REVIEW" ("RESTAURANT_ID","REVIEW_DATE","COMMENT","REVIEW_RATING")VALUES('30418819','2017-09-17','Atmosphere is good. The meat was too salty for me.','3');
INSERT INTO "USER_REVIEW" ("RESTAURANT_ID","REVIEW_DATE","COMMENT","REVIEW_RATING")VALUES('30418819','2017-10-07','Nice place for a lunch, lasagna highly recommended!','4');
INSERT INTO "LOCATION" ("LOCATION_ID","LOCATION_TYPE","ADDRESS","LONGITUDE","LATITUDE")VALUES('162','R','Zietenstr. 810783 BerlinGermany','13.3572196007','52.4994555929');
INSERT INTO "RESTAURANT" ("RESTAURANT_ID","PRICERANGE","PHONE_NUMBER","WEBSITE")VALUES('21538335','€€','+49 30 2625933','bejte-ethiopia.de');
INSERT INTO "CUISINE" ("RESTAURANT_ID","CUISINE_TYPE")VALUES('21538335','Ethiopian');
INSERT INTO "RESTAURANT_RATING" ("RESTAURANT_ID","SCALE","OVERALL_RATING","SOURCE")VALUES('21538335','5','4.5','Yelp');
INSERT INTO "RESTAURANT_FEATURE" ("RESTAURANT_ID","FEATURE_NAME","DESCRIPTION")VALUES('21538335','Takes Reservations','Yes');
INSERT INTO "RESTAURANT_FEATURE" ("RESTAURANT_ID","FEATURE_NAME","DESCRIPTION")VALUES('21538335','Delivery','Yes');
INSERT INTO "RESTAURANT_FEATURE" ("RESTAURANT_ID","FEATURE_NAME","DESCRIPTION")VALUES('21538335','Take-out','Yes');
INSERT INTO "RESTAURANT_FEATURE" ("RESTAURANT_ID","FEATURE_NAME","DESCRIPTION")VALUES('21538335','Accepted Cards','Credit, Debit');
INSERT INTO "RESTAURANT_FEATURE" ("RESTAURANT_ID","FEATURE_NAME","DESCRIPTION")VALUES('21538335','Accepts Bitcoin','Yes');
INSERT INTO "RESTAURANT_FEATURE" ("RESTAURANT_ID","FEATURE_NAME","DESCRIPTION")VALUES('21538335','Good For','Dinner');
INSERT INTO "RESTAURANT_FEATURE" ("RESTAURANT_ID","FEATURE_NAME","DESCRIPTION")VALUES('21538335','Parking','Street');
INSERT INTO "RESTAURANT_FEATURE" ("RESTAURANT_ID","FEATURE_NAME","DESCRIPTION")VALUES('21538335','Good for Kids','Yes');
INSERT INTO "RESTAURANT_FEATURE" ("RESTAURANT_ID","FEATURE_NAME","DESCRIPTION")VALUES('21538335','Good for Groups','Yes');
INSERT INTO "RESTAURANT_FEATURE" ("RESTAURANT_ID","FEATURE_NAME","DESCRIPTION")VALUES('21538335','Attire','Casual');
INSERT INTO "RESTAURANT_FEATURE" ("RESTAURANT_ID","FEATURE_NAME","DESCRIPTION")VALUES('21538335','Ambience','Casual');
INSERT INTO "RESTAURANT_FEATURE" ("RESTAURANT_ID","FEATURE_NAME","DESCRIPTION")VALUES('21538335','Noise Level','Average');
INSERT INTO "RESTAURANT_FEATURE" ("RESTAURANT_ID","FEATURE_NAME","DESCRIPTION")VALUES('21538335','Alcohol','Full Bar');
INSERT INTO "RESTAURANT_FEATURE" ("RESTAURANT_ID","FEATURE_NAME","DESCRIPTION")VALUES('21538335','Outdoor Seating','Yes');
INSERT INTO "RESTAURANT_FEATURE" ("RESTAURANT_ID","FEATURE_NAME","DESCRIPTION")VALUES('21538335','Wi-Fi','Free');
INSERT INTO "RESTAURANT_FEATURE" ("RESTAURANT_ID","FEATURE_NAME","DESCRIPTION")VALUES('21538335','Has TV','No');
INSERT INTO "RESTAURANT_FEATURE" ("RESTAURANT_ID","FEATURE_NAME","DESCRIPTION")VALUES('21538335','Caters','Yes');
INSERT INTO "OPENING_HOUR" ("DAY","RESTAURANT_ID","OPENING_TIME","CLOSING_TIME")VALUES('Mon','21538335','4:00 pm','12:00 am');
INSERT INTO "OPENING_HOUR" ("DAY","RESTAURANT_ID","OPENING_TIME","CLOSING_TIME")VALUES('Tue','21538335','4:00 pm','12:00 am');
INSERT INTO "OPENING_HOUR" ("DAY","RESTAURANT_ID","OPENING_TIME","CLOSING_TIME")VALUES('Wed','21538335','4:00 pm','12:00 am');
INSERT INTO "OPENING_HOUR" ("DAY","RESTAURANT_ID","OPENING_TIME","CLOSING_TIME")VALUES('Thu','21538335','4:00 pm','12:00 am');
INSERT INTO "OPENING_HOUR" ("DAY","RESTAURANT_ID","OPENING_TIME","CLOSING_TIME")VALUES('Fri','21538335','4:00 pm','12:00 am');
INSERT INTO "OPENING_HOUR" ("DAY","RESTAURANT_ID","OPENING_TIME","CLOSING_TIME")VALUES('Sat','21538335','2:00 pm','2:00 am');
INSERT INTO "OPENING_HOUR" ("DAY","RESTAURANT_ID","OPENING_TIME","CLOSING_TIME")VALUES('Sun','21538335','Open now','2:00 am');
INSERT INTO "USER_REVIEW" ("RESTAURANT_ID","REVIEW_DATE","COMMENT","REVIEW_RATING")VALUES('21538335','2018-01-11 00:57:59','We absolutely love this place! Went there twice already and will definitely go back! The food is incredible! We are vegan and we have tons of options. The...','5');
INSERT INTO "PHOTO" ("RESTAURANT_ID","PICTURE_URL")VALUES('21538335','https://s3-media2.fl.yelpcdn.com/photo/qCvg1Nlh8RMfXbHYiqyp2Q/o.jpg');
INSERT INTO "USER_REVIEW" ("RESTAURANT_ID","REVIEW_DATE","COMMENT","REVIEW_RATING")VALUES('21538335','2017-11-04 09:59:56','We were impressed with the reviews and booked a table for dinner, sitting outside. We arrived, were seated, and put in our order pretty quickly. Drinks...','2');
INSERT INTO "PHOTO" ("RESTAURANT_ID","PICTURE_URL")VALUES('21538335','https://s3-media4.fl.yelpcdn.com/photo/90QF-S96Jvq0PJ37wNAxRw/o.jpg');
INSERT INTO "USER_REVIEW" ("RESTAURANT_ID","REVIEW_DATE","COMMENT","REVIEW_RATING")VALUES('21538335','2017-05-30 16:19:15','3.5 stars. Cute restaurant with a lot of character. The workers are really kind and attentive. We got a combo vegetarian platter. The food was good, but not...','3');
INSERT INTO "PHOTO" ("RESTAURANT_ID","PICTURE_URL")VALUES('21538335','https://s3-media1.fl.yelpcdn.com/photo/PoPk-6r0CauqDC0XNmuJbg/o.jpg');
INSERT INTO "LOCATION" ("LOCATION_ID","LOCATION_TYPE","ADDRESS","LONGITUDE","LATITUDE")VALUES('163','R','Wilmersdorfer Str. 6910629 BerlinGermany','13.30712','52.50435');
INSERT INTO "RESTAURANT" ("RESTAURANT_ID","PRICERANGE","PHONE_NUMBER","WEBSITE")VALUES('22796400','€','+49 30 32766081','today.saigon-berlin.de');
INSERT INTO "CUISINE" ("RESTAURANT_ID","CUISINE_TYPE")VALUES('22796400','Vietnamese');
INSERT INTO "RESTAURANT_RATING" ("RESTAURANT_ID","SCALE","OVERALL_RATING","SOURCE")VALUES('22796400','5','4.5','Yelp');
INSERT INTO "RESTAURANT_FEATURE" ("RESTAURANT_ID","FEATURE_NAME","DESCRIPTION")VALUES('22796400','Takes Reservations','Yes');
INSERT INTO "RESTAURANT_FEATURE" ("RESTAURANT_ID","FEATURE_NAME","DESCRIPTION")VALUES('22796400','Delivery','No');
INSERT INTO "RESTAURANT_FEATURE" ("RESTAURANT_ID","FEATURE_NAME","DESCRIPTION")VALUES('22796400','Take-out','Yes');
INSERT INTO "RESTAURANT_FEATURE" ("RESTAURANT_ID","FEATURE_NAME","DESCRIPTION")VALUES('22796400','Accepted Cards','None');
INSERT INTO "RESTAURANT_FEATURE" ("RESTAURANT_ID","FEATURE_NAME","DESCRIPTION")VALUES('22796400','Parking','Street');
INSERT INTO "RESTAURANT_FEATURE" ("RESTAURANT_ID","FEATURE_NAME","DESCRIPTION")VALUES('22796400','Good for Kids','Yes');
INSERT INTO "RESTAURANT_FEATURE" ("RESTAURANT_ID","FEATURE_NAME","DESCRIPTION")VALUES('22796400','Good for Groups','Yes');
INSERT INTO "RESTAURANT_FEATURE" ("RESTAURANT_ID","FEATURE_NAME","DESCRIPTION")VALUES('22796400','Attire','Casual');
INSERT INTO "RESTAURANT_FEATURE" ("RESTAURANT_ID","FEATURE_NAME","DESCRIPTION")VALUES('22796400','Noise Level','Average');
INSERT INTO "RESTAURANT_FEATURE" ("RESTAURANT_ID","FEATURE_NAME","DESCRIPTION")VALUES('22796400','Alcohol','Beer & Wine Only');
INSERT INTO "RESTAURANT_FEATURE" ("RESTAURANT_ID","FEATURE_NAME","DESCRIPTION")VALUES('22796400','Outdoor Seating','Yes');
INSERT INTO "RESTAURANT_FEATURE" ("RESTAURANT_ID","FEATURE_NAME","DESCRIPTION")VALUES('22796400','Wi-Fi','No');
INSERT INTO "RESTAURANT_FEATURE" ("RESTAURANT_ID","FEATURE_NAME","DESCRIPTION")VALUES('22796400','Has TV','No');
INSERT INTO "RESTAURANT_FEATURE" ("RESTAURANT_ID","FEATURE_NAME","DESCRIPTION")VALUES('22796400','Caters','No');
INSERT INTO "OPENING_HOUR" ("DAY","RESTAURANT_ID","OPENING_TIME","CLOSING_TIME")VALUES('Mon','22796400','12:00 pm','11:00 pm');
INSERT INTO "OPENING_HOUR" ("DAY","RESTAURANT_ID","OPENING_TIME","CLOSING_TIME")VALUES('Tue','22796400','12:00 pm','11:00 pm');
INSERT INTO "OPENING_HOUR" ("DAY","RESTAURANT_ID","OPENING_TIME","CLOSING_TIME")VALUES('Wed','22796400','12:00 pm','11:00 pm');
INSERT INTO "OPENING_HOUR" ("DAY","RESTAURANT_ID","OPENING_TIME","CLOSING_TIME")VALUES('Thu','22796400','12:00 pm','11:00 pm');
INSERT INTO "OPENING_HOUR" ("DAY","RESTAURANT_ID","OPENING_TIME","CLOSING_TIME")VALUES('Fri','22796400','12:00 pm','11:00 pm');
INSERT INTO "OPENING_HOUR" ("DAY","RESTAURANT_ID","OPENING_TIME","CLOSING_TIME")VALUES('Sat','22796400','12:00 pm','11:00 pm');
INSERT INTO "OPENING_HOUR" ("DAY","RESTAURANT_ID","OPENING_TIME","CLOSING_TIME")VALUES('Sun','22796400','Open now','11:00 pm');
INSERT INTO "USER_REVIEW" ("RESTAURANT_ID","REVIEW_DATE","COMMENT","REVIEW_RATING")VALUES('22796400','2017-09-16 20:04:16','Authentic tasting and beautiful crafted Vietnamese food. Service is great and prices are super affordable. 5 stars from a Vietnamese foodie from America.','5');
INSERT INTO "PHOTO" ("RESTAURANT_ID","PICTURE_URL")VALUES('22796400','https://s3-media1.fl.yelpcdn.com/photo/aa5uIH4dr5pc1I0I7L3MhA/o.jpg');
INSERT INTO "USER_REVIEW" ("RESTAURANT_ID","REVIEW_DATE","COMMENT","REVIEW_RATING")VALUES('22796400','2016-03-09 12:11:16','Wow ... I have no idea whether the food here is authentic vietnamese or not becuz 1) i am not vietnamese 2) and I dont think i am qualified to judge that...','5');
INSERT INTO "PHOTO" ("RESTAURANT_ID","PICTURE_URL")VALUES('22796400','https://s3-media4.fl.yelpcdn.com/photo/eLmr4Vz1nLQkuKXVkd8EQQ/o.jpg');
INSERT INTO "USER_REVIEW" ("RESTAURANT_ID","REVIEW_DATE","COMMENT","REVIEW_RATING")VALUES('22796400','2016-07-03 15:08:31','We were in the neighborhood for a happy hour event, and were looking for dinner options after the event.  Since it was Sunday night, many places were...','4');
INSERT INTO "PHOTO" ("RESTAURANT_ID","PICTURE_URL")VALUES('22796400','https://s3-media4.fl.yelpcdn.com/photo/dzhOqBtYxHRFvPzrAYtxcA/o.jpg');
INSERT INTO "RESTAURANT_RATING" ("RESTAURANT_ID","SCALE","OVERALL_RATING","SOURCE")VALUES('22796400','5','0.0','Google Map');
INSERT INTO "LOCATION" ("LOCATION_ID","LOCATION_TYPE","ADDRESS","LONGITUDE","LATITUDE")VALUES('164','R','Goebenstr. 2310783 BerlinGermany','13.36378','52.49421');
INSERT INTO "RESTAURANT" ("RESTAURANT_ID","PRICERANGE","PHONE_NUMBER","WEBSITE")VALUES('23146675','€€','+49 30 21459745','dajiale-berlin.de');
INSERT INTO "CUISINE" ("RESTAURANT_ID","CUISINE_TYPE")VALUES('23146675','Chinese');
INSERT INTO "RESTAURANT_RATING" ("RESTAURANT_ID","SCALE","OVERALL_RATING","SOURCE")VALUES('23146675','5','4.5','Yelp');
INSERT INTO "RESTAURANT_FEATURE" ("RESTAURANT_ID","FEATURE_NAME","DESCRIPTION")VALUES('23146675','Takes Reservations','Yes');
INSERT INTO "RESTAURANT_FEATURE" ("RESTAURANT_ID","FEATURE_NAME","DESCRIPTION")VALUES('23146675','Delivery','Yes');
INSERT INTO "RESTAURANT_FEATURE" ("RESTAURANT_ID","FEATURE_NAME","DESCRIPTION")VALUES('23146675','Take-out','Yes');
INSERT INTO "RESTAURANT_FEATURE" ("RESTAURANT_ID","FEATURE_NAME","DESCRIPTION")VALUES('23146675','Good For','Lunch, Dinner');
INSERT INTO "RESTAURANT_FEATURE" ("RESTAURANT_ID","FEATURE_NAME","DESCRIPTION")VALUES('23146675','Parking','Street');
INSERT INTO "RESTAURANT_FEATURE" ("RESTAURANT_ID","FEATURE_NAME","DESCRIPTION")VALUES('23146675','Good for Kids','Yes');
INSERT INTO "RESTAURANT_FEATURE" ("RESTAURANT_ID","FEATURE_NAME","DESCRIPTION")VALUES('23146675','Good for Groups','Yes');
INSERT INTO "RESTAURANT_FEATURE" ("RESTAURANT_ID","FEATURE_NAME","DESCRIPTION")VALUES('23146675','Attire','Casual');
INSERT INTO "RESTAURANT_FEATURE" ("RESTAURANT_ID","FEATURE_NAME","DESCRIPTION")VALUES('23146675','Ambience','Casual');
INSERT INTO "RESTAURANT_FEATURE" ("RESTAURANT_ID","FEATURE_NAME","DESCRIPTION")VALUES('23146675','Noise Level','Average');
INSERT INTO "RESTAURANT_FEATURE" ("RESTAURANT_ID","FEATURE_NAME","DESCRIPTION")VALUES('23146675','Alcohol','Full Bar');
INSERT INTO "RESTAURANT_FEATURE" ("RESTAURANT_ID","FEATURE_NAME","DESCRIPTION")VALUES('23146675','Outdoor Seating','Yes');
INSERT INTO "RESTAURANT_FEATURE" ("RESTAURANT_ID","FEATURE_NAME","DESCRIPTION")VALUES('23146675','Wi-Fi','Free');
INSERT INTO "RESTAURANT_FEATURE" ("RESTAURANT_ID","FEATURE_NAME","DESCRIPTION")VALUES('23146675','Has TV','No');
INSERT INTO "RESTAURANT_FEATURE" ("RESTAURANT_ID","FEATURE_NAME","DESCRIPTION")VALUES('23146675','Caters','Yes');
INSERT INTO "OPENING_HOUR" ("DAY","RESTAURANT_ID","OPENING_TIME","CLOSING_TIME")VALUES('Mon','23146675','12:00 pm','11:00 pm');
INSERT INTO "OPENING_HOUR" ("DAY","RESTAURANT_ID","OPENING_TIME","CLOSING_TIME")VALUES('Tue','23146675','12:00 pm','11:00 pm');
INSERT INTO "OPENING_HOUR" ("DAY","RESTAURANT_ID","OPENING_TIME","CLOSING_TIME")VALUES('Wed','23146675','12:00 pm','11:00 pm');
INSERT INTO "OPENING_HOUR" ("DAY","RESTAURANT_ID","OPENING_TIME","CLOSING_TIME")VALUES('Thu','23146675','12:00 pm','11:00 pm');
INSERT INTO "OPENING_HOUR" ("DAY","RESTAURANT_ID","OPENING_TIME","CLOSING_TIME")VALUES('Fri','23146675','12:00 pm','11:00 pm');
INSERT INTO "OPENING_HOUR" ("DAY","RESTAURANT_ID","OPENING_TIME","CLOSING_TIME")VALUES('Sat','23146675','12:00 pm','11:00 pm');
INSERT INTO "OPENING_HOUR" ("DAY","RESTAURANT_ID","OPENING_TIME","CLOSING_TIME")VALUES('Sun','23146675','Open now','11:00 pm');
INSERT INTO "USER_REVIEW" ("RESTAURANT_ID","REVIEW_DATE","COMMENT","REVIEW_RATING")VALUES('23146675','2017-06-11 05:34:22','If this is the best Chinese food that Berlin had to offer... wow... maybe someone should take a trip to China. 

Although the service was friendly and the...','2');
INSERT INTO "PHOTO" ("RESTAURANT_ID","PICTURE_URL")VALUES('23146675','https://s3-media2.fl.yelpcdn.com/photo/WNzX8IQqJd4oO98lNCn3aw/o.jpg');
INSERT INTO "USER_REVIEW" ("RESTAURANT_ID","REVIEW_DATE","COMMENT","REVIEW_RATING")VALUES('23146675','2017-09-22 06:46:38','Authentic cuisine, pretty good! We enjoyed the cucumber salad/ dumplings/ salt and pepper prawns/ bok choy w shiitake/ sour soup fish.','4');
INSERT INTO "PHOTO" ("RESTAURANT_ID","PICTURE_URL")VALUES('23146675','https://s3-media2.fl.yelpcdn.com/photo/VMXJrB9-zMwom0foPD4UTg/o.jpg');
INSERT INTO "USER_REVIEW" ("RESTAURANT_ID","REVIEW_DATE","COMMENT","REVIEW_RATING")VALUES('23146675','2016-02-09 13:41:22','Relatively cheap and pretty authentic chinese restaurant. The servers are super nice and friendly so I want to give 5 stars for that.

Food was also pretty...','4');
INSERT INTO "PHOTO" ("RESTAURANT_ID","PICTURE_URL")VALUES('23146675','https://s3-media4.fl.yelpcdn.com/photo/eLmr4Vz1nLQkuKXVkd8EQQ/o.jpg');
INSERT INTO "RESTAURANT_RATING" ("RESTAURANT_ID","SCALE","OVERALL_RATING","SOURCE")VALUES('23146675','5','4.4','Google Map');
INSERT INTO "USER_REVIEW" ("RESTAURANT_ID","REVIEW_DATE","COMMENT","REVIEW_RATING")VALUES('23146675','2018-01-09','This is proper Chinese food, none of your gloopy, MSG ridden slop that so often passes for Chinese food. This is great, fresh, authentic regional Chinese cooking at great prices. Not only that they have a great selection of craft beers which is a pleasant surprise and another indicator that there is some real effort going into what is on offer.

The interior is not the nicest but due to the food you won''t care for long and thankfully it is a large restaurant. If you are a couple you might be able to squeeze in, any larger groups definitely need to book as this place is always busy - a testament to the food.

Service is good - friendly and efficient. My only real gripes being the location is a bit grim with not a lot to do before or after and the fact that there wasn''t a tasting menu for two (I don''t remember any but please correct me if I am wrong).

This is the real, Chinese food, deal...','5');
INSERT INTO "USER_REVIEW" ("RESTAURANT_ID","REVIEW_DATE","COMMENT","REVIEW_RATING")VALUES('23146675','2018-01-13','An excellent "cheep and cheerful" restaurant. The food was delicious and the service was fast, even though it was a busy Friday night. The only negative is that it''s a little bit out of my way for me to visit regularly.','5');
INSERT INTO "USER_REVIEW" ("RESTAURANT_ID","REVIEW_DATE","COMMENT","REVIEW_RATING")VALUES('23146675','2017-10-16','The great German craft beer was only topped by the authenticity of the Chinese food served here.
Warm recommendations goes to the cucumber salad and the fish in sichaun pepper sauce. 

It felt like being in an upper class Shanghai restaurant','5');
INSERT INTO "USER_REVIEW" ("RESTAURANT_ID","REVIEW_DATE","COMMENT","REVIEW_RATING")VALUES('23146675','2017-12-25','I had the same quality of the food only in Shangai! Completely different from most of the other Chinese restaurants in the city.','5');
INSERT INTO "USER_REVIEW" ("RESTAURANT_ID","REVIEW_DATE","COMMENT","REVIEW_RATING")VALUES('23146675','2017-11-26','Very decent Chinese food. Typical choice of dishes for a Chinese restaurant in Germany. Big plus for having local craft beers. I recommend the duck!','4');
INSERT INTO "LOCATION" ("LOCATION_ID","LOCATION_TYPE","ADDRESS","LONGITUDE","LATITUDE")VALUES('165','R','Motzstr. 2810777 BerlinGermany','13.3478999','52.49786');
INSERT INTO "RESTAURANT" ("RESTAURANT_ID","PRICERANGE","PHONE_NUMBER","WEBSITE")VALUES('79487530','€€','+49 30 23635702','more-berlin.de');
INSERT INTO "CUISINE" ("RESTAURANT_ID","CUISINE_TYPE")VALUES('79487530','Modern European');
INSERT INTO "CUISINE" ("RESTAURANT_ID","CUISINE_TYPE")VALUES('79487530','Mediterranean');
INSERT INTO "RESTAURANT_RATING" ("RESTAURANT_ID","SCALE","OVERALL_RATING","SOURCE")VALUES('79487530','5','4.0','Yelp');
INSERT INTO "RESTAURANT_FEATURE" ("RESTAURANT_ID","FEATURE_NAME","DESCRIPTION")VALUES('79487530','Takes Reservations','Yes');
INSERT INTO "RESTAURANT_FEATURE" ("RESTAURANT_ID","FEATURE_NAME","DESCRIPTION")VALUES('79487530','Delivery','No');
INSERT INTO "RESTAURANT_FEATURE" ("RESTAURANT_ID","FEATURE_NAME","DESCRIPTION")VALUES('79487530','Take-out','No');
INSERT INTO "RESTAURANT_FEATURE" ("RESTAURANT_ID","FEATURE_NAME","DESCRIPTION")VALUES('79487530','Accepted Cards','Credit, Debit');
INSERT INTO "RESTAURANT_FEATURE" ("RESTAURANT_ID","FEATURE_NAME","DESCRIPTION")VALUES('79487530','Good For','Brunch');
INSERT INTO "RESTAURANT_FEATURE" ("RESTAURANT_ID","FEATURE_NAME","DESCRIPTION")VALUES('79487530','Parking','Street');
INSERT INTO "RESTAURANT_FEATURE" ("RESTAURANT_ID","FEATURE_NAME","DESCRIPTION")VALUES('79487530','Good for Kids','No');
INSERT INTO "RESTAURANT_FEATURE" ("RESTAURANT_ID","FEATURE_NAME","DESCRIPTION")VALUES('79487530','Good for Groups','Yes');
INSERT INTO "RESTAURANT_FEATURE" ("RESTAURANT_ID","FEATURE_NAME","DESCRIPTION")VALUES('79487530','Attire','Casual');
INSERT INTO "RESTAURANT_FEATURE" ("RESTAURANT_ID","FEATURE_NAME","DESCRIPTION")VALUES('79487530','Noise Level','Average');
INSERT INTO "RESTAURANT_FEATURE" ("RESTAURANT_ID","FEATURE_NAME","DESCRIPTION")VALUES('79487530','Alcohol','Full Bar');
INSERT INTO "RESTAURANT_FEATURE" ("RESTAURANT_ID","FEATURE_NAME","DESCRIPTION")VALUES('79487530','Outdoor Seating','Yes');
INSERT INTO "RESTAURANT_FEATURE" ("RESTAURANT_ID","FEATURE_NAME","DESCRIPTION")VALUES('79487530','Wi-Fi','Free');
INSERT INTO "RESTAURANT_FEATURE" ("RESTAURANT_ID","FEATURE_NAME","DESCRIPTION")VALUES('79487530','Has TV','No');
INSERT INTO "RESTAURANT_FEATURE" ("RESTAURANT_ID","FEATURE_NAME","DESCRIPTION")VALUES('79487530','Waiter Service','Yes');
INSERT INTO "RESTAURANT_FEATURE" ("RESTAURANT_ID","FEATURE_NAME","DESCRIPTION")VALUES('79487530','Caters','Yes');
INSERT INTO "OPENING_HOUR" ("DAY","RESTAURANT_ID","OPENING_TIME","CLOSING_TIME")VALUES('Mon','79487530','11:00 am','11:00 pm');
INSERT INTO "OPENING_HOUR" ("DAY","RESTAURANT_ID","OPENING_TIME","CLOSING_TIME")VALUES('Tue','79487530','11:00 am','11:00 pm');
INSERT INTO "OPENING_HOUR" ("DAY","RESTAURANT_ID","OPENING_TIME","CLOSING_TIME")VALUES('Wed','79487530','11:00 am','11:00 pm');
INSERT INTO "OPENING_HOUR" ("DAY","RESTAURANT_ID","OPENING_TIME","CLOSING_TIME")VALUES('Thu','79487530','11:00 am','11:00 pm');
INSERT INTO "OPENING_HOUR" ("DAY","RESTAURANT_ID","OPENING_TIME","CLOSING_TIME")VALUES('Fri','79487530','11:00 am','11:00 pm');
INSERT INTO "OPENING_HOUR" ("DAY","RESTAURANT_ID","OPENING_TIME","CLOSING_TIME")VALUES('Sat','79487530','9:00 am','11:00 pm');
INSERT INTO "OPENING_HOUR" ("DAY","RESTAURANT_ID","OPENING_TIME","CLOSING_TIME")VALUES('Sun','79487530','Open now','11:00 pm');
INSERT INTO "USER_REVIEW" ("RESTAURANT_ID","REVIEW_DATE","COMMENT","REVIEW_RATING")VALUES('79487530','2017-12-05 10:31:06','MORE is a relaxed restaurant in the heart of the gay quater of Berlin ( Schöneberg, Motzstrasse). The interior is very cozy, the food tasty, the winelist...','4');
INSERT INTO "USER_REVIEW" ("RESTAURANT_ID","REVIEW_DATE","COMMENT","REVIEW_RATING")VALUES('79487530','2017-06-25 09:02:51','Party of 6, waited for two hours plus when others food already arrived and we were still waiting.
No explanation or apology for anything, all of us will...','1');
INSERT INTO "PHOTO" ("RESTAURANT_ID","PICTURE_URL")VALUES('79487530','https://s3-media2.fl.yelpcdn.com/photo/tOGbz3aVtUvAN8PM4BYRyw/o.jpg');
INSERT INTO "USER_REVIEW" ("RESTAURANT_ID","REVIEW_DATE","COMMENT","REVIEW_RATING")VALUES('79487530','2017-04-17 11:56:39','First of all the tourist twinks and leather clones that favor this place often come here to drink. They can get quite loud and annoying. Then the cakes....','2');
INSERT INTO "PHOTO" ("RESTAURANT_ID","PICTURE_URL")VALUES('79487530','https://s3-media1.fl.yelpcdn.com/photo/KiAbmLDZ2sDjsIHqS4Wygw/o.jpg');
INSERT INTO "RESTAURANT_RATING" ("RESTAURANT_ID","SCALE","OVERALL_RATING","SOURCE")VALUES('79487530','5','2.7','Google Map');
INSERT INTO "USER_REVIEW" ("RESTAURANT_ID","REVIEW_DATE","COMMENT","REVIEW_RATING")VALUES('79487530','2017-06-03','I live nearby so figured I should try this place, though it looks s little dirty and rarely has customers. I noticed something smelled bad while the woman was cooking my order. I carried it outside and my friend immediately said something stank.

He tasted the chicken in the #26 Chicken with Vegetables and said the chicken was bad. I tasted it and he was right. I carried it back inside and told the woman the chicken was rancid. She said no, it''s not.

I don''t argue these things. There''s a reason no one eats here, and I will never return. Sao Mai three blocks away is trustworthy and clean.','1');
INSERT INTO "USER_REVIEW" ("RESTAURANT_ID","REVIEW_DATE","COMMENT","REVIEW_RATING")VALUES('79487530','2017-07-23','One of us got diarrhea, the other one had to throw up. Despite the bad reviews we tried this place as nothing else was open at that time but this a strong warning, do not intend to try!','1');
INSERT INTO "USER_REVIEW" ("RESTAURANT_ID","REVIEW_DATE","COMMENT","REVIEW_RATING")VALUES('79487530','2016-09-13','Small restaurant with street side Asian food. The lady working there is really sweet and the food is great and served quick!','4');
INSERT INTO "USER_REVIEW" ("RESTAURANT_ID","REVIEW_DATE","COMMENT","REVIEW_RATING")VALUES('79487530','2017-09-19','Günstig, gut und lecker! Tolles Lokal in guter Umgebung.','5');
INSERT INTO "USER_REVIEW" ("RESTAURANT_ID","REVIEW_DATE","COMMENT","REVIEW_RATING")VALUES('79487530','2016-12-15','Das Essen schmeckt ,aber  habe schon das 3te mal  nach dem Essen einen  flotten Otto  bekommen. War nun das letzte mal da. man kann sehen   das es im hinter raum nicht besonders sauber ist. Nette China Oma  aber  nach dem essen  sollte es einen nicht schlecht gehen.','1');
INSERT INTO "LOCATION" ("LOCATION_ID","LOCATION_TYPE","ADDRESS","LONGITUDE","LATITUDE")VALUES('166','R','Immanuelkirchstr. 3110405 BerlinGermany','13.42322','52.53299');
INSERT INTO "RESTAURANT" ("RESTAURANT_ID","PRICERANGE","PHONE_NUMBER","WEBSITE")VALUES('1722820','€€','+49 30 40056289','museberlin.com');
INSERT INTO "CUISINE" ("RESTAURANT_ID","CUISINE_TYPE")VALUES('1722820','International');
INSERT INTO "CUISINE" ("RESTAURANT_ID","CUISINE_TYPE")VALUES('1722820','Sandwiches');
INSERT INTO "CUISINE" ("RESTAURANT_ID","CUISINE_TYPE")VALUES('1722820','Burgers');
INSERT INTO "RESTAURANT_RATING" ("RESTAURANT_ID","SCALE","OVERALL_RATING","SOURCE")VALUES('1722820','5','4.5','Yelp');
INSERT INTO "RESTAURANT_FEATURE" ("RESTAURANT_ID","FEATURE_NAME","DESCRIPTION")VALUES('1722820','Takes Reservations','Yes');
INSERT INTO "RESTAURANT_FEATURE" ("RESTAURANT_ID","FEATURE_NAME","DESCRIPTION")VALUES('1722820','Delivery','No');
INSERT INTO "RESTAURANT_FEATURE" ("RESTAURANT_ID","FEATURE_NAME","DESCRIPTION")VALUES('1722820','Take-out','Yes');
INSERT INTO "RESTAURANT_FEATURE" ("RESTAURANT_ID","FEATURE_NAME","DESCRIPTION")VALUES('1722820','Accepted Cards','Credit, Debit');
INSERT INTO "RESTAURANT_FEATURE" ("RESTAURANT_ID","FEATURE_NAME","DESCRIPTION")VALUES('1722820','Accepts Bitcoin','No');
INSERT INTO "RESTAURANT_FEATURE" ("RESTAURANT_ID","FEATURE_NAME","DESCRIPTION")VALUES('1722820','Good For','Lunch, Dinner');
INSERT INTO "RESTAURANT_FEATURE" ("RESTAURANT_ID","FEATURE_NAME","DESCRIPTION")VALUES('1722820','Parking','Street');
INSERT INTO "RESTAURANT_FEATURE" ("RESTAURANT_ID","FEATURE_NAME","DESCRIPTION")VALUES('1722820','Good for Kids','Yes');
INSERT INTO "RESTAURANT_FEATURE" ("RESTAURANT_ID","FEATURE_NAME","DESCRIPTION")VALUES('1722820','Good for Groups','Yes');
INSERT INTO "RESTAURANT_FEATURE" ("RESTAURANT_ID","FEATURE_NAME","DESCRIPTION")VALUES('1722820','Attire','Casual');
INSERT INTO "RESTAURANT_FEATURE" ("RESTAURANT_ID","FEATURE_NAME","DESCRIPTION")VALUES('1722820','Ambience','Hipster');
INSERT INTO "RESTAURANT_FEATURE" ("RESTAURANT_ID","FEATURE_NAME","DESCRIPTION")VALUES('1722820','Noise Level','Average');
INSERT INTO "RESTAURANT_FEATURE" ("RESTAURANT_ID","FEATURE_NAME","DESCRIPTION")VALUES('1722820','Alcohol','Full Bar');
INSERT INTO "RESTAURANT_FEATURE" ("RESTAURANT_ID","FEATURE_NAME","DESCRIPTION")VALUES('1722820','Outdoor Seating','Yes');
INSERT INTO "RESTAURANT_FEATURE" ("RESTAURANT_ID","FEATURE_NAME","DESCRIPTION")VALUES('1722820','Wi-Fi','Free');
INSERT INTO "RESTAURANT_FEATURE" ("RESTAURANT_ID","FEATURE_NAME","DESCRIPTION")VALUES('1722820','Has TV','No');
INSERT INTO "RESTAURANT_FEATURE" ("RESTAURANT_ID","FEATURE_NAME","DESCRIPTION")VALUES('1722820','Drive-Thru','No');
INSERT INTO "RESTAURANT_FEATURE" ("RESTAURANT_ID","FEATURE_NAME","DESCRIPTION")VALUES('1722820','Caters','Yes');
INSERT INTO "OPENING_HOUR" ("DAY","RESTAURANT_ID","OPENING_TIME","CLOSING_TIME")VALUES('Mon','1722820','12:00 pm','10:30 pm');
INSERT INTO "OPENING_HOUR" ("DAY","RESTAURANT_ID","OPENING_TIME","CLOSING_TIME")VALUES('Tue','1722820','12:00 pm','10:30 pm');
INSERT INTO "OPENING_HOUR" ("DAY","RESTAURANT_ID","OPENING_TIME","CLOSING_TIME")VALUES('Wed','1722820','12:00 pm','10:30 pm');
INSERT INTO "OPENING_HOUR" ("DAY","RESTAURANT_ID","OPENING_TIME","CLOSING_TIME")VALUES('Thu','1722820','12:00 pm','10:30 pm');
INSERT INTO "OPENING_HOUR" ("DAY","RESTAURANT_ID","OPENING_TIME","CLOSING_TIME")VALUES('Fri','1722820','12:00 pm','10:30 pm');
INSERT INTO "OPENING_HOUR" ("DAY","RESTAURANT_ID","OPENING_TIME","CLOSING_TIME")VALUES('Sat','1722820','10:30 am','10:30 pm');
INSERT INTO "OPENING_HOUR" ("DAY","RESTAURANT_ID","OPENING_TIME","CLOSING_TIME")VALUES('Sun','1722820','Open now','4:00 pm');
INSERT INTO "USER_REVIEW" ("RESTAURANT_ID","REVIEW_DATE","COMMENT","REVIEW_RATING")VALUES('1722820','2017-12-26 10:00:30','Hungry for burgers, my friend and I stumbled across Muse on a recent trip to Berlin.  Walking in, we immediately noticed the cute, cozy vibe and felt that...','5');
INSERT INTO "PHOTO" ("RESTAURANT_ID","PICTURE_URL")VALUES('1722820','https://s3-media2.fl.yelpcdn.com/photo/t3XRUiyC4FHgSgk1_MYlmw/o.jpg');
INSERT INTO "USER_REVIEW" ("RESTAURANT_ID","REVIEW_DATE","COMMENT","REVIEW_RATING")VALUES('1722820','2017-07-06 01:45:03','I''m in Berlin for a month, staying in the Kreuzberg area...  trying to budget has had me eating A LOT of falafel and pasta. I needed something different and...','4');
INSERT INTO "PHOTO" ("RESTAURANT_ID","PICTURE_URL")VALUES('1722820','https://s3-media4.fl.yelpcdn.com/photo/K5JoM-InMm5O69HIyMA4Zw/o.jpg');
INSERT INTO "USER_REVIEW" ("RESTAURANT_ID","REVIEW_DATE","COMMENT","REVIEW_RATING")VALUES('1722820','2017-07-04 13:54:13','Wow wanted to have a hearty meal as a vegetarian in a meat heavy country. Called to find out if they have a veggie option and boy do they. Hands down one of...','5');
INSERT INTO "PHOTO" ("RESTAURANT_ID","PICTURE_URL")VALUES('1722820','https://s3-media2.fl.yelpcdn.com/photo/DkSUZM4uBoTRkRzWWT5syw/o.jpg');
INSERT INTO "LOCATION" ("LOCATION_ID","LOCATION_TYPE","ADDRESS","LONGITUDE","LATITUDE")VALUES('167','R','Scharnweberstr. 6713405 BerlinGermany','13.31019','52.56821');
INSERT INTO "RESTAURANT" ("RESTAURANT_ID","PRICERANGE","PHONE_NUMBER","WEBSITE")VALUES('29212983','€€','+49 30 4138313','asado-steakhaus.de/index.php?…');
INSERT INTO "CUISINE" ("RESTAURANT_ID","CUISINE_TYPE")VALUES('29212983','Argentine');
INSERT INTO "CUISINE" ("RESTAURANT_ID","CUISINE_TYPE")VALUES('29212983','Steakhouses');
INSERT INTO "RESTAURANT_RATING" ("RESTAURANT_ID","SCALE","OVERALL_RATING","SOURCE")VALUES('29212983','5','4.5','Yelp');
INSERT INTO "RESTAURANT_FEATURE" ("RESTAURANT_ID","FEATURE_NAME","DESCRIPTION")VALUES('29212983','Takes Reservations','Yes');
INSERT INTO "RESTAURANT_FEATURE" ("RESTAURANT_ID","FEATURE_NAME","DESCRIPTION")VALUES('29212983','Delivery','Yes');
INSERT INTO "RESTAURANT_FEATURE" ("RESTAURANT_ID","FEATURE_NAME","DESCRIPTION")VALUES('29212983','Take-out','Yes');
INSERT INTO "RESTAURANT_FEATURE" ("RESTAURANT_ID","FEATURE_NAME","DESCRIPTION")VALUES('29212983','Accepted Cards','Credit, Debit');
INSERT INTO "RESTAURANT_FEATURE" ("RESTAURANT_ID","FEATURE_NAME","DESCRIPTION")VALUES('29212983','Parking','Street');
INSERT INTO "RESTAURANT_FEATURE" ("RESTAURANT_ID","FEATURE_NAME","DESCRIPTION")VALUES('29212983','Good for Kids','Yes');
INSERT INTO "RESTAURANT_FEATURE" ("RESTAURANT_ID","FEATURE_NAME","DESCRIPTION")VALUES('29212983','Good for Groups','Yes');
INSERT INTO "RESTAURANT_FEATURE" ("RESTAURANT_ID","FEATURE_NAME","DESCRIPTION")VALUES('29212983','Attire','Casual');
INSERT INTO "RESTAURANT_FEATURE" ("RESTAURANT_ID","FEATURE_NAME","DESCRIPTION")VALUES('29212983','Ambience','Casual');
INSERT INTO "RESTAURANT_FEATURE" ("RESTAURANT_ID","FEATURE_NAME","DESCRIPTION")VALUES('29212983','Noise Level','Average');
INSERT INTO "RESTAURANT_FEATURE" ("RESTAURANT_ID","FEATURE_NAME","DESCRIPTION")VALUES('29212983','Alcohol','Full Bar');
INSERT INTO "RESTAURANT_FEATURE" ("RESTAURANT_ID","FEATURE_NAME","DESCRIPTION")VALUES('29212983','Outdoor Seating','Yes');
INSERT INTO "RESTAURANT_FEATURE" ("RESTAURANT_ID","FEATURE_NAME","DESCRIPTION")VALUES('29212983','Wi-Fi','No');
INSERT INTO "RESTAURANT_FEATURE" ("RESTAURANT_ID","FEATURE_NAME","DESCRIPTION")VALUES('29212983','Has TV','No');
INSERT INTO "RESTAURANT_FEATURE" ("RESTAURANT_ID","FEATURE_NAME","DESCRIPTION")VALUES('29212983','Caters','No');
INSERT INTO "OPENING_HOUR" ("DAY","RESTAURANT_ID","OPENING_TIME","CLOSING_TIME")VALUES('Mon','29212983','11:00 am','12:00 am');
INSERT INTO "OPENING_HOUR" ("DAY","RESTAURANT_ID","OPENING_TIME","CLOSING_TIME")VALUES('Tue','29212983','11:00 am','12:00 am');
INSERT INTO "OPENING_HOUR" ("DAY","RESTAURANT_ID","OPENING_TIME","CLOSING_TIME")VALUES('Wed','29212983','11:00 am','12:00 am');
INSERT INTO "OPENING_HOUR" ("DAY","RESTAURANT_ID","OPENING_TIME","CLOSING_TIME")VALUES('Thu','29212983','11:00 am','12:00 am');
INSERT INTO "OPENING_HOUR" ("DAY","RESTAURANT_ID","OPENING_TIME","CLOSING_TIME")VALUES('Fri','29212983','11:00 am','12:00 am');
INSERT INTO "OPENING_HOUR" ("DAY","RESTAURANT_ID","OPENING_TIME","CLOSING_TIME")VALUES('Sat','29212983','11:00 am','12:00 am');
INSERT INTO "OPENING_HOUR" ("DAY","RESTAURANT_ID","OPENING_TIME","CLOSING_TIME")VALUES('Sun','29212983','Open now','12:00 am');
INSERT INTO "USER_REVIEW" ("RESTAURANT_ID","REVIEW_DATE","COMMENT","REVIEW_RATING")VALUES('29212983','2017-06-18 13:31:03','From the outside, the place doesn''t look too promising - and might I mention, based on the interior decor, I was convinced the food would be nothing more...','5');
INSERT INTO "PHOTO" ("RESTAURANT_ID","PICTURE_URL")VALUES('29212983','https://s3-media1.fl.yelpcdn.com/photo/-SAo9ndcvYxZLCtlUTJwuw/o.jpg');
INSERT INTO "USER_REVIEW" ("RESTAURANT_ID","REVIEW_DATE","COMMENT","REVIEW_RATING")VALUES('29212983','2017-10-09 15:09:59','Quite disappointing... there is nothing Argentinian about this place and no real Asado. However the steak was good.','2');
INSERT INTO "USER_REVIEW" ("RESTAURANT_ID","REVIEW_DATE","COMMENT","REVIEW_RATING")VALUES('29212983','2016-05-13 11:17:32','A good place for dinner! Steak is nice but a little bit chewy (I ordered medium well). With a small cup of coffee and a piece of biscuit after check. Over...','4');
INSERT INTO "PHOTO" ("RESTAURANT_ID","PICTURE_URL")VALUES('29212983','https://s3-media4.fl.yelpcdn.com/photo/_3jGb22Nxpj6JlgNnIC_Aw/o.jpg');
INSERT INTO "RESTAURANT_RATING" ("RESTAURANT_ID","SCALE","OVERALL_RATING","SOURCE")VALUES('29212983','5','4.5','Google Map');
INSERT INTO "USER_REVIEW" ("RESTAURANT_ID","REVIEW_DATE","COMMENT","REVIEW_RATING")VALUES('29212983','2018-01-04','The food is amazing but the price is a little higher in cooperation of the others steakhouse. There are cheaper ones and as good as this one.','4');
INSERT INTO "USER_REVIEW" ("RESTAURANT_ID","REVIEW_DATE","COMMENT","REVIEW_RATING")VALUES('29212983','2016-10-31','For me, it is one of the best steak house in Berlin. The restaurant is nice for family dinner and hang out with friends.','5');
INSERT INTO "USER_REVIEW" ("RESTAURANT_ID","REVIEW_DATE","COMMENT","REVIEW_RATING")VALUES('29212983','2017-11-18','So lala','2');
INSERT INTO "USER_REVIEW" ("RESTAURANT_ID","REVIEW_DATE","COMMENT","REVIEW_RATING")VALUES('29212983','2016-08-09','chain, ok prices, friendly staff. ok steaks.','4');
INSERT INTO "USER_REVIEW" ("RESTAURANT_ID","REVIEW_DATE","COMMENT","REVIEW_RATING")VALUES('29212983','2016-12-03','TOP','5');
INSERT INTO "LOCATION" ("LOCATION_ID","LOCATION_TYPE","ADDRESS","LONGITUDE","LATITUDE")VALUES('168','R','Knaackstr. 3710435 BerlinGermany','13.4166708035','52.5354034156');
INSERT INTO "RESTAURANT" ("RESTAURANT_ID","PRICERANGE","PHONE_NUMBER","WEBSITE")VALUES('19352145','€€€','+49 30 4429229','gugelhof.de');
INSERT INTO "CUISINE" ("RESTAURANT_ID","CUISINE_TYPE")VALUES('19352145','French');
INSERT INTO "CUISINE" ("RESTAURANT_ID","CUISINE_TYPE")VALUES('19352145','German');
INSERT INTO "RESTAURANT_RATING" ("RESTAURANT_ID","SCALE","OVERALL_RATING","SOURCE")VALUES('19352145','5','4.0','Yelp');
INSERT INTO "RESTAURANT_FEATURE" ("RESTAURANT_ID","FEATURE_NAME","DESCRIPTION")VALUES('19352145','Takes Reservations','Yes');
INSERT INTO "RESTAURANT_FEATURE" ("RESTAURANT_ID","FEATURE_NAME","DESCRIPTION")VALUES('19352145','Delivery','No');
INSERT INTO "RESTAURANT_FEATURE" ("RESTAURANT_ID","FEATURE_NAME","DESCRIPTION")VALUES('19352145','Take-out','No');
INSERT INTO "RESTAURANT_FEATURE" ("RESTAURANT_ID","FEATURE_NAME","DESCRIPTION")VALUES('19352145','Accepted Cards','Credit, Debit');
INSERT INTO "RESTAURANT_FEATURE" ("RESTAURANT_ID","FEATURE_NAME","DESCRIPTION")VALUES('19352145','Accepts Bitcoin','No');
INSERT INTO "RESTAURANT_FEATURE" ("RESTAURANT_ID","FEATURE_NAME","DESCRIPTION")VALUES('19352145','Parking','Street');
INSERT INTO "RESTAURANT_FEATURE" ("RESTAURANT_ID","FEATURE_NAME","DESCRIPTION")VALUES('19352145','Good for Kids','Yes');
INSERT INTO "RESTAURANT_FEATURE" ("RESTAURANT_ID","FEATURE_NAME","DESCRIPTION")VALUES('19352145','Good for Groups','Yes');
INSERT INTO "RESTAURANT_FEATURE" ("RESTAURANT_ID","FEATURE_NAME","DESCRIPTION")VALUES('19352145','Attire','Casual');
INSERT INTO "RESTAURANT_FEATURE" ("RESTAURANT_ID","FEATURE_NAME","DESCRIPTION")VALUES('19352145','Ambience','Casual');
INSERT INTO "RESTAURANT_FEATURE" ("RESTAURANT_ID","FEATURE_NAME","DESCRIPTION")VALUES('19352145','Noise Level','Average');
INSERT INTO "RESTAURANT_FEATURE" ("RESTAURANT_ID","FEATURE_NAME","DESCRIPTION")VALUES('19352145','Alcohol','Full Bar');
INSERT INTO "RESTAURANT_FEATURE" ("RESTAURANT_ID","FEATURE_NAME","DESCRIPTION")VALUES('19352145','Outdoor Seating','Yes');
INSERT INTO "RESTAURANT_FEATURE" ("RESTAURANT_ID","FEATURE_NAME","DESCRIPTION")VALUES('19352145','Wi-Fi','No');
INSERT INTO "RESTAURANT_FEATURE" ("RESTAURANT_ID","FEATURE_NAME","DESCRIPTION")VALUES('19352145','Has TV','No');
INSERT INTO "RESTAURANT_FEATURE" ("RESTAURANT_ID","FEATURE_NAME","DESCRIPTION")VALUES('19352145','Caters','Yes');
INSERT INTO "OPENING_HOUR" ("DAY","RESTAURANT_ID","OPENING_TIME","CLOSING_TIME")VALUES('Mon','19352145','4:00 pm','11:00 pm');
INSERT INTO "OPENING_HOUR" ("DAY","RESTAURANT_ID","OPENING_TIME","CLOSING_TIME")VALUES('Tue','19352145','4:00 pm','11:00 pm');
INSERT INTO "OPENING_HOUR" ("DAY","RESTAURANT_ID","OPENING_TIME","CLOSING_TIME")VALUES('Wed','19352145','4:00 pm','11:00 pm');
INSERT INTO "OPENING_HOUR" ("DAY","RESTAURANT_ID","OPENING_TIME","CLOSING_TIME")VALUES('Thu','19352145','4:00 pm','11:00 pm');
INSERT INTO "OPENING_HOUR" ("DAY","RESTAURANT_ID","OPENING_TIME","CLOSING_TIME")VALUES('Fri','19352145','4:00 pm','11:00 pm');
INSERT INTO "OPENING_HOUR" ("DAY","RESTAURANT_ID","OPENING_TIME","CLOSING_TIME")VALUES('Sat','19352145','12:00 pm','11:00 pm');
INSERT INTO "OPENING_HOUR" ("DAY","RESTAURANT_ID","OPENING_TIME","CLOSING_TIME")VALUES('Sun','19352145','Open now','11:00 pm');
INSERT INTO "USER_REVIEW" ("RESTAURANT_ID","REVIEW_DATE","COMMENT","REVIEW_RATING")VALUES('19352145','2016-07-17 13:15:45','After a long day walk across Berlin, we arrive on that square, started Yelp and took the one with the best rating :) and we have not been disappointed!

The...','4');
INSERT INTO "PHOTO" ("RESTAURANT_ID","PICTURE_URL")VALUES('19352145','https://s3-media3.fl.yelpcdn.com/photo/mKgMhmZ0i5D5qmjUHaHclw/o.jpg');
INSERT INTO "USER_REVIEW" ("RESTAURANT_ID","REVIEW_DATE","COMMENT","REVIEW_RATING")VALUES('19352145','2017-06-23 11:08:39','This is a half-French half-German inspired restaurant with some interesting selections you won''t find in many other places around. Their claim to fame seems...','3');
INSERT INTO "PHOTO" ("RESTAURANT_ID","PICTURE_URL")VALUES('19352145','https://s3-media2.fl.yelpcdn.com/photo/K0afsCFTkuIEQ8_YnBe1iQ/o.jpg');
INSERT INTO "USER_REVIEW" ("RESTAURANT_ID","REVIEW_DATE","COMMENT","REVIEW_RATING")VALUES('19352145','2015-08-06 15:27:29','First time i went here We ALL had some really Nice dishes. But this time it was not that good. We had the fondue with pickles, white bread and small onions....','3');
INSERT INTO "PHOTO" ("RESTAURANT_ID","PICTURE_URL")VALUES('19352145','https://s3-media4.fl.yelpcdn.com/photo/3lfAqn1MSpVja_LTy8VFew/o.jpg');
INSERT INTO "LOCATION" ("LOCATION_ID","LOCATION_TYPE","ADDRESS","LONGITUDE","LATITUDE")VALUES('169','R','Köthener Str. 3810963 BerlinGermany','13.377037','52.50638');
INSERT INTO "RESTAURANT" ("RESTAURANT_ID","PRICERANGE","PHONE_NUMBER","WEBSITE")VALUES('87233881','€€','+49 30 23004574','osteria-caruso.de');
INSERT INTO "CUISINE" ("RESTAURANT_ID","CUISINE_TYPE")VALUES('87233881','Italian');
INSERT INTO "RESTAURANT_RATING" ("RESTAURANT_ID","SCALE","OVERALL_RATING","SOURCE")VALUES('87233881','5','4.0','Yelp');
INSERT INTO "RESTAURANT_FEATURE" ("RESTAURANT_ID","FEATURE_NAME","DESCRIPTION")VALUES('87233881','Takes Reservations','Yes');
INSERT INTO "RESTAURANT_FEATURE" ("RESTAURANT_ID","FEATURE_NAME","DESCRIPTION")VALUES('87233881','Delivery','No');
INSERT INTO "RESTAURANT_FEATURE" ("RESTAURANT_ID","FEATURE_NAME","DESCRIPTION")VALUES('87233881','Take-out','Yes');
INSERT INTO "RESTAURANT_FEATURE" ("RESTAURANT_ID","FEATURE_NAME","DESCRIPTION")VALUES('87233881','Good for Kids','Yes');
INSERT INTO "RESTAURANT_FEATURE" ("RESTAURANT_ID","FEATURE_NAME","DESCRIPTION")VALUES('87233881','Good for Groups','Yes');
INSERT INTO "RESTAURANT_FEATURE" ("RESTAURANT_ID","FEATURE_NAME","DESCRIPTION")VALUES('87233881','Attire','Casual');
INSERT INTO "RESTAURANT_FEATURE" ("RESTAURANT_ID","FEATURE_NAME","DESCRIPTION")VALUES('87233881','Noise Level','Average');
INSERT INTO "RESTAURANT_FEATURE" ("RESTAURANT_ID","FEATURE_NAME","DESCRIPTION")VALUES('87233881','Alcohol','Full Bar');
INSERT INTO "RESTAURANT_FEATURE" ("RESTAURANT_ID","FEATURE_NAME","DESCRIPTION")VALUES('87233881','Outdoor Seating','Yes');
INSERT INTO "RESTAURANT_FEATURE" ("RESTAURANT_ID","FEATURE_NAME","DESCRIPTION")VALUES('87233881','Wi-Fi','No');
INSERT INTO "RESTAURANT_FEATURE" ("RESTAURANT_ID","FEATURE_NAME","DESCRIPTION")VALUES('87233881','Has TV','Yes');
INSERT INTO "RESTAURANT_FEATURE" ("RESTAURANT_ID","FEATURE_NAME","DESCRIPTION")VALUES('87233881','Caters','Yes');
INSERT INTO "OPENING_HOUR" ("DAY","RESTAURANT_ID","OPENING_TIME","CLOSING_TIME")VALUES('Mon','87233881','12:00 pm','12:00 am');
INSERT INTO "OPENING_HOUR" ("DAY","RESTAURANT_ID","OPENING_TIME","CLOSING_TIME")VALUES('Tue','87233881','12:00 pm','12:00 am');
INSERT INTO "OPENING_HOUR" ("DAY","RESTAURANT_ID","OPENING_TIME","CLOSING_TIME")VALUES('Wed','87233881','12:00 pm','12:00 am');
INSERT INTO "OPENING_HOUR" ("DAY","RESTAURANT_ID","OPENING_TIME","CLOSING_TIME")VALUES('Thu','87233881','12:00 pm','12:00 am');
INSERT INTO "OPENING_HOUR" ("DAY","RESTAURANT_ID","OPENING_TIME","CLOSING_TIME")VALUES('Fri','87233881','12:00 pm','12:00 am');
INSERT INTO "OPENING_HOUR" ("DAY","RESTAURANT_ID","OPENING_TIME","CLOSING_TIME")VALUES('Sat','87233881','3:00 pm','12:00 am');
INSERT INTO "OPENING_HOUR" ("DAY","RESTAURANT_ID","OPENING_TIME","CLOSING_TIME")VALUES('Sun','87233881','Open now','10:00 pm');
INSERT INTO "USER_REVIEW" ("RESTAURANT_ID","REVIEW_DATE","COMMENT","REVIEW_RATING")VALUES('87233881','2017-08-02 17:44:46','This is our 3rd time here. Food always excellent. Served with FRESH HOt bread with a slight crisp to it. Great wine selections by the glass and bottle....','5');
INSERT INTO "PHOTO" ("RESTAURANT_ID","PICTURE_URL")VALUES('87233881','https://s3-media2.fl.yelpcdn.com/photo/6lLAusgUOthLqeET21FJDg/o.jpg');
INSERT INTO "USER_REVIEW" ("RESTAURANT_ID","REVIEW_DATE","COMMENT","REVIEW_RATING")VALUES('87233881','2016-08-04 10:19:32','Lovely Italian restaurant. 

We ordered Minestrone, carbonara and the mushroom ravioli. 

My order of pasta Carbonara was not like the one I a used to. Egg...','4');
INSERT INTO "PHOTO" ("RESTAURANT_ID","PICTURE_URL")VALUES('87233881','https://s3-media4.fl.yelpcdn.com/photo/BpqNOW0gD8nLTQdo44dXpg/o.jpg');
INSERT INTO "USER_REVIEW" ("RESTAURANT_ID","REVIEW_DATE","COMMENT","REVIEW_RATING")VALUES('87233881','2017-07-16 01:10:22','Well cooked. Home made. Delicious. Great service. Found this local gem through Yelp. 
I had the house specialty tortello with basil pesto. It was well...','5');
INSERT INTO "PHOTO" ("RESTAURANT_ID","PICTURE_URL")VALUES('87233881','https://s3-media3.fl.yelpcdn.com/photo/ehtasQ209Hp4XnKDsFhGxA/o.jpg');
INSERT INTO "RESTAURANT_RATING" ("RESTAURANT_ID","SCALE","OVERALL_RATING","SOURCE")VALUES('87233881','5','4','Google Map');
INSERT INTO "USER_REVIEW" ("RESTAURANT_ID","REVIEW_DATE","COMMENT","REVIEW_RATING")VALUES('87233881','2018-01-16','One of the service guys is great, that’s the reason why I’ll continue visiting that place. However, food seems to be inconsistent. Sizes vary and sometimes taste is just strange','3');
INSERT INTO "USER_REVIEW" ("RESTAURANT_ID","REVIEW_DATE","COMMENT","REVIEW_RATING")VALUES('87233881','2018-01-03','Good food, service and affordable prices. Cozy atmosphere And casual. Perfect for our family of 4.','5');
INSERT INTO "USER_REVIEW" ("RESTAURANT_ID","REVIEW_DATE","COMMENT","REVIEW_RATING")VALUES('87233881','2017-11-10','Quality italian food. If you like the challenges, I suggest the « king size » pizza for 2 people, the spaghettis that are directly mixed inside he parmesano cheese in front of you, and the italian wine..','5');
INSERT INTO "USER_REVIEW" ("RESTAURANT_ID","REVIEW_DATE","COMMENT","REVIEW_RATING")VALUES('87233881','2017-12-09','Excellent Italien restaurant With great food and nice people.','5');
INSERT INTO "USER_REVIEW" ("RESTAURANT_ID","REVIEW_DATE","COMMENT","REVIEW_RATING")VALUES('87233881','2017-12-11','Good italian food. Cosy.','3');
INSERT INTO "LOCATION" ("LOCATION_ID","LOCATION_TYPE","ADDRESS","LONGITUDE","LATITUDE")VALUES('170','R','Kochhannstr. 2410249 BerlinGermany','13.4518','52.5251');
INSERT INTO "RESTAURANT" ("RESTAURANT_ID","PRICERANGE","PHONE_NUMBER","WEBSITE")VALUES('99773993','€€','+49 30 4260066','budike-berlin.de');
INSERT INTO "CUISINE" ("RESTAURANT_ID","CUISINE_TYPE")VALUES('99773993','German');
INSERT INTO "CUISINE" ("RESTAURANT_ID","CUISINE_TYPE")VALUES('99773993','Gastropubs');
INSERT INTO "RESTAURANT_RATING" ("RESTAURANT_ID","SCALE","OVERALL_RATING","SOURCE")VALUES('99773993','5','4.0','Yelp');
INSERT INTO "RESTAURANT_FEATURE" ("RESTAURANT_ID","FEATURE_NAME","DESCRIPTION")VALUES('99773993','Takes Reservations','Yes');
INSERT INTO "RESTAURANT_FEATURE" ("RESTAURANT_ID","FEATURE_NAME","DESCRIPTION")VALUES('99773993','Delivery','No');
INSERT INTO "RESTAURANT_FEATURE" ("RESTAURANT_ID","FEATURE_NAME","DESCRIPTION")VALUES('99773993','Take-out','No');
INSERT INTO "RESTAURANT_FEATURE" ("RESTAURANT_ID","FEATURE_NAME","DESCRIPTION")VALUES('99773993','Parking','Street');
INSERT INTO "RESTAURANT_FEATURE" ("RESTAURANT_ID","FEATURE_NAME","DESCRIPTION")VALUES('99773993','Good for Kids','No');
INSERT INTO "RESTAURANT_FEATURE" ("RESTAURANT_ID","FEATURE_NAME","DESCRIPTION")VALUES('99773993','Good for Groups','Yes');
INSERT INTO "RESTAURANT_FEATURE" ("RESTAURANT_ID","FEATURE_NAME","DESCRIPTION")VALUES('99773993','Attire','Casual');
INSERT INTO "RESTAURANT_FEATURE" ("RESTAURANT_ID","FEATURE_NAME","DESCRIPTION")VALUES('99773993','Noise Level','Average');
INSERT INTO "RESTAURANT_FEATURE" ("RESTAURANT_ID","FEATURE_NAME","DESCRIPTION")VALUES('99773993','Alcohol','Beer & Wine Only');
INSERT INTO "RESTAURANT_FEATURE" ("RESTAURANT_ID","FEATURE_NAME","DESCRIPTION")VALUES('99773993','Outdoor Seating','Yes');
INSERT INTO "RESTAURANT_FEATURE" ("RESTAURANT_ID","FEATURE_NAME","DESCRIPTION")VALUES('99773993','Wi-Fi','No');
INSERT INTO "RESTAURANT_FEATURE" ("RESTAURANT_ID","FEATURE_NAME","DESCRIPTION")VALUES('99773993','Has TV','Yes');
INSERT INTO "RESTAURANT_FEATURE" ("RESTAURANT_ID","FEATURE_NAME","DESCRIPTION")VALUES('99773993','Caters','No');
INSERT INTO "OPENING_HOUR" ("DAY","RESTAURANT_ID","OPENING_TIME","CLOSING_TIME")VALUES('Mon','99773993','12:00 pm','11:00 pm');
INSERT INTO "OPENING_HOUR" ("DAY","RESTAURANT_ID","OPENING_TIME","CLOSING_TIME")VALUES('Tue','99773993','12:00 pm','11:00 pm');
INSERT INTO "OPENING_HOUR" ("DAY","RESTAURANT_ID","OPENING_TIME","CLOSING_TIME")VALUES('Wed','99773993','12:00 pm','11:00 pm');
INSERT INTO "OPENING_HOUR" ("DAY","RESTAURANT_ID","OPENING_TIME","CLOSING_TIME")VALUES('Thu','99773993','12:00 pm','11:00 pm');
INSERT INTO "OPENING_HOUR" ("DAY","RESTAURANT_ID","OPENING_TIME","CLOSING_TIME")VALUES('Fri','99773993','12:00 pm','11:00 pm');
INSERT INTO "OPENING_HOUR" ("DAY","RESTAURANT_ID","OPENING_TIME","CLOSING_TIME")VALUES('Sat','99773993','4:00 pm','11:00 pm');
INSERT INTO "OPENING_HOUR" ("DAY","RESTAURANT_ID","OPENING_TIME","CLOSING_TIME")VALUES('Sun','99773993','Open now','11:00 pm');
INSERT INTO "USER_REVIEW" ("RESTAURANT_ID","REVIEW_DATE","COMMENT","REVIEW_RATING")VALUES('99773993','2014-06-06 14:27:16','What a wonderful find - thanks to Yelp.  

In Berlin for a conference at Andels conference hotel, and was looking for something within walking distance of...','5');
INSERT INTO "PHOTO" ("RESTAURANT_ID","PICTURE_URL")VALUES('99773993','https://s3-media3.fl.yelpcdn.com/photo/ni-ufJ3pU_P6wsSOcb8XoQ/o.jpg');
INSERT INTO "USER_REVIEW" ("RESTAURANT_ID","REVIEW_DATE","COMMENT","REVIEW_RATING")VALUES('99773993','2014-11-06 08:22:53','Just what I wanted!  A real German restaurant with great beer and schnitzel.  My husband ordered the Eisbein. A dish he has dreamed about since we left here...','5');
INSERT INTO "PHOTO" ("RESTAURANT_ID","PICTURE_URL")VALUES('99773993','https://s3-media4.fl.yelpcdn.com/photo/juhxFz1p4Wa-GbMHb0PdBw/o.jpg');
INSERT INTO "LOCATION" ("LOCATION_ID","LOCATION_TYPE","ADDRESS","LONGITUDE","LATITUDE")VALUES('171','R','Winterfeldtstr. 5810781 BerlinGermany','13.3513069153','52.4968414307');
INSERT INTO "RESTAURANT" ("RESTAURANT_ID","PRICERANGE","PHONE_NUMBER","WEBSITE")VALUES('82194711','€€','+49 30 26075547','winterfeld-berlin.de');
INSERT INTO "CUISINE" ("RESTAURANT_ID","CUISINE_TYPE")VALUES('82194711','Italian');
INSERT INTO "CUISINE" ("RESTAURANT_ID","CUISINE_TYPE")VALUES('82194711','Mediterranean');
INSERT INTO "RESTAURANT_RATING" ("RESTAURANT_ID","SCALE","OVERALL_RATING","SOURCE")VALUES('82194711','5','4.0','Yelp');
INSERT INTO "RESTAURANT_FEATURE" ("RESTAURANT_ID","FEATURE_NAME","DESCRIPTION")VALUES('82194711','Takes Reservations','Yes');
INSERT INTO "RESTAURANT_FEATURE" ("RESTAURANT_ID","FEATURE_NAME","DESCRIPTION")VALUES('82194711','Delivery','No');
INSERT INTO "RESTAURANT_FEATURE" ("RESTAURANT_ID","FEATURE_NAME","DESCRIPTION")VALUES('82194711','Take-out','Yes');
INSERT INTO "RESTAURANT_FEATURE" ("RESTAURANT_ID","FEATURE_NAME","DESCRIPTION")VALUES('82194711','Accepted Cards','Credit, Debit');
INSERT INTO "RESTAURANT_FEATURE" ("RESTAURANT_ID","FEATURE_NAME","DESCRIPTION")VALUES('82194711','Parking','Street');
INSERT INTO "RESTAURANT_FEATURE" ("RESTAURANT_ID","FEATURE_NAME","DESCRIPTION")VALUES('82194711','Good for Kids','Yes');
INSERT INTO "RESTAURANT_FEATURE" ("RESTAURANT_ID","FEATURE_NAME","DESCRIPTION")VALUES('82194711','Good for Groups','Yes');
INSERT INTO "RESTAURANT_FEATURE" ("RESTAURANT_ID","FEATURE_NAME","DESCRIPTION")VALUES('82194711','Attire','Casual');
INSERT INTO "RESTAURANT_FEATURE" ("RESTAURANT_ID","FEATURE_NAME","DESCRIPTION")VALUES('82194711','Ambience','Romantic');
INSERT INTO "RESTAURANT_FEATURE" ("RESTAURANT_ID","FEATURE_NAME","DESCRIPTION")VALUES('82194711','Noise Level','Average');
INSERT INTO "RESTAURANT_FEATURE" ("RESTAURANT_ID","FEATURE_NAME","DESCRIPTION")VALUES('82194711','Alcohol','Full Bar');
INSERT INTO "RESTAURANT_FEATURE" ("RESTAURANT_ID","FEATURE_NAME","DESCRIPTION")VALUES('82194711','Outdoor Seating','Yes');
INSERT INTO "RESTAURANT_FEATURE" ("RESTAURANT_ID","FEATURE_NAME","DESCRIPTION")VALUES('82194711','Wi-Fi','Free');
INSERT INTO "RESTAURANT_FEATURE" ("RESTAURANT_ID","FEATURE_NAME","DESCRIPTION")VALUES('82194711','Has TV','No');
INSERT INTO "RESTAURANT_FEATURE" ("RESTAURANT_ID","FEATURE_NAME","DESCRIPTION")VALUES('82194711','Caters','Yes');
INSERT INTO "OPENING_HOUR" ("DAY","RESTAURANT_ID","OPENING_TIME","CLOSING_TIME")VALUES('Mon','82194711','12:00 pm','12:00 am');
INSERT INTO "OPENING_HOUR" ("DAY","RESTAURANT_ID","OPENING_TIME","CLOSING_TIME")VALUES('Tue','82194711','12:00 pm','12:00 am');
INSERT INTO "OPENING_HOUR" ("DAY","RESTAURANT_ID","OPENING_TIME","CLOSING_TIME")VALUES('Wed','82194711','12:00 pm','12:00 am');
INSERT INTO "OPENING_HOUR" ("DAY","RESTAURANT_ID","OPENING_TIME","CLOSING_TIME")VALUES('Thu','82194711','12:00 pm','12:00 am');
INSERT INTO "OPENING_HOUR" ("DAY","RESTAURANT_ID","OPENING_TIME","CLOSING_TIME")VALUES('Fri','82194711','12:00 pm','12:00 am');
INSERT INTO "OPENING_HOUR" ("DAY","RESTAURANT_ID","OPENING_TIME","CLOSING_TIME")VALUES('Sat','82194711','12:00 pm','12:00 am');
INSERT INTO "OPENING_HOUR" ("DAY","RESTAURANT_ID","OPENING_TIME","CLOSING_TIME")VALUES('Sun','82194711','Open now','12:00 am');
INSERT INTO "USER_REVIEW" ("RESTAURANT_ID","REVIEW_DATE","COMMENT","REVIEW_RATING")VALUES('82194711','2017-11-12 11:45:46','Started out with wine n beer! Goat cheese appetizer was very good..awaiting
 Salmon...Veal... Spaghetti entre! So the salmon was a 10! The spaghetti was...','4');
INSERT INTO "PHOTO" ("RESTAURANT_ID","PICTURE_URL")VALUES('82194711','https://s3-media1.fl.yelpcdn.com/photo/BC5FM1YB_MTKnU9u459ghQ/o.jpg');
INSERT INTO "USER_REVIEW" ("RESTAURANT_ID","REVIEW_DATE","COMMENT","REVIEW_RATING")VALUES('82194711','2018-01-02 16:42:50','The restaurant is located next to my favourite bar in Schöneberg, so since I was going to go there anyway, I decided to give this restaurant a try. The...','3');
INSERT INTO "PHOTO" ("RESTAURANT_ID","PICTURE_URL")VALUES('82194711','https://s3-media4.fl.yelpcdn.com/photo/7wKn9gDauKw3fW-_bR4r3g/o.jpg');
INSERT INTO "USER_REVIEW" ("RESTAURANT_ID","REVIEW_DATE","COMMENT","REVIEW_RATING")VALUES('82194711','2017-07-22 22:48:56','I was here earlier this weekend for dinner. It''s an Italian restaurant but somehow it has international items. 

I ordered the veal schnitzel, which was ok....','3');
INSERT INTO "PHOTO" ("RESTAURANT_ID","PICTURE_URL")VALUES('82194711','https://s3-media1.fl.yelpcdn.com/photo/ToTju2zYCHa7hPAMdeK58w/o.jpg');
INSERT INTO "RESTAURANT_RATING" ("RESTAURANT_ID","SCALE","OVERALL_RATING","SOURCE")VALUES('82194711','5','4.2','Google Map');
INSERT INTO "USER_REVIEW" ("RESTAURANT_ID","REVIEW_DATE","COMMENT","REVIEW_RATING")VALUES('82194711','2017-11-08','Visited several times during Folsom Europe. Mostly positive depends on how busy.','4');
INSERT INTO "USER_REVIEW" ("RESTAURANT_ID","REVIEW_DATE","COMMENT","REVIEW_RATING")VALUES('82194711','2017-09-14','The food is good but the staff do need to cheer up and treat paying customers better.','3');
INSERT INTO "USER_REVIEW" ("RESTAURANT_ID","REVIEW_DATE","COMMENT","REVIEW_RATING")VALUES('82194711','2017-07-23','Food was really great. Plates were bigger than expected and really delicious. But I don''t know why, we waited really long for them.','3');
INSERT INTO "USER_REVIEW" ("RESTAURANT_ID","REVIEW_DATE","COMMENT","REVIEW_RATING")VALUES('82194711','2017-12-07','Very cosy and incredible tasting food.','5');
INSERT INTO "USER_REVIEW" ("RESTAURANT_ID","REVIEW_DATE","COMMENT","REVIEW_RATING")VALUES('82194711','2017-07-15','Food is neither great nor bad, but staff was very helpful with our toddler. ','3');
INSERT INTO "LOCATION" ("LOCATION_ID","LOCATION_TYPE","ADDRESS","LONGITUDE","LATITUDE")VALUES('172','R','Brandenburgische Str. 7710713 BerlinGermany','13.31779','52.48789');
INSERT INTO "RESTAURANT" ("RESTAURANT_ID","PRICERANGE","PHONE_NUMBER","WEBSITE")VALUES('28858954','€€€','+49 30 8735733','yoshioka.de');
INSERT INTO "CUISINE" ("RESTAURANT_ID","CUISINE_TYPE")VALUES('28858954','Japanese');
INSERT INTO "RESTAURANT_RATING" ("RESTAURANT_ID","SCALE","OVERALL_RATING","SOURCE")VALUES('28858954','5','4.5','Yelp');
INSERT INTO "RESTAURANT_FEATURE" ("RESTAURANT_ID","FEATURE_NAME","DESCRIPTION")VALUES('28858954','Takes Reservations','Yes');
INSERT INTO "RESTAURANT_FEATURE" ("RESTAURANT_ID","FEATURE_NAME","DESCRIPTION")VALUES('28858954','Delivery','No');
INSERT INTO "RESTAURANT_FEATURE" ("RESTAURANT_ID","FEATURE_NAME","DESCRIPTION")VALUES('28858954','Take-out','Yes');
INSERT INTO "RESTAURANT_FEATURE" ("RESTAURANT_ID","FEATURE_NAME","DESCRIPTION")VALUES('28858954','Accepted Cards','Credit, Debit');
INSERT INTO "RESTAURANT_FEATURE" ("RESTAURANT_ID","FEATURE_NAME","DESCRIPTION")VALUES('28858954','Good for Kids','Yes');
INSERT INTO "RESTAURANT_FEATURE" ("RESTAURANT_ID","FEATURE_NAME","DESCRIPTION")VALUES('28858954','Good for Groups','Yes');
INSERT INTO "RESTAURANT_FEATURE" ("RESTAURANT_ID","FEATURE_NAME","DESCRIPTION")VALUES('28858954','Attire','Casual');
INSERT INTO "RESTAURANT_FEATURE" ("RESTAURANT_ID","FEATURE_NAME","DESCRIPTION")VALUES('28858954','Noise Level','Average');
INSERT INTO "RESTAURANT_FEATURE" ("RESTAURANT_ID","FEATURE_NAME","DESCRIPTION")VALUES('28858954','Outdoor Seating','No');
INSERT INTO "RESTAURANT_FEATURE" ("RESTAURANT_ID","FEATURE_NAME","DESCRIPTION")VALUES('28858954','Has TV','No');
INSERT INTO "OPENING_HOUR" ("DAY","RESTAURANT_ID","OPENING_TIME","CLOSING_TIME")VALUES('Mon','28858954','5:30 pm','11:00 pm');
INSERT INTO "OPENING_HOUR" ("DAY","RESTAURANT_ID","OPENING_TIME","CLOSING_TIME")VALUES('Tue','28858954','5:30 pm','11:00 pm');
INSERT INTO "OPENING_HOUR" ("DAY","RESTAURANT_ID","OPENING_TIME","CLOSING_TIME")VALUES('Wed','28858954','5:30 pm','11:00 pm');
INSERT INTO "OPENING_HOUR" ("DAY","RESTAURANT_ID","OPENING_TIME","CLOSING_TIME")VALUES('Thu','28858954','5:30 pm','11:00 pm');
INSERT INTO "OPENING_HOUR" ("DAY","RESTAURANT_ID","OPENING_TIME","CLOSING_TIME")VALUES('Fri','28858954','Open now','11:00 pm');
INSERT INTO "USER_REVIEW" ("RESTAURANT_ID","REVIEW_DATE","COMMENT","REVIEW_RATING")VALUES('28858954','2014-10-17 13:52:20','I have been living in this exact same neighborhood for more than two years now, and yet I haven''t seen this place until recently. Earlier this summer, I was...','5');
INSERT INTO "PHOTO" ("RESTAURANT_ID","PICTURE_URL")VALUES('28858954','https://s3-media1.fl.yelpcdn.com/photo/ToTju2zYCHa7hPAMdeK58w/o.jpg');
INSERT INTO "USER_REVIEW" ("RESTAURANT_ID","REVIEW_DATE","COMMENT","REVIEW_RATING")VALUES('28858954','2011-03-16 07:40:19','One of the very few truly authentic Japanese restaurants in Berlin. Family run; the owner has been there 30 years.


 Large and varied menu, extremely fresh...','5');
INSERT INTO "USER_REVIEW" ("RESTAURANT_ID","REVIEW_DATE","COMMENT","REVIEW_RATING")VALUES('28858954','2011-09-25 04:15:41','The yoshioka is a fantastic japanese restaurant in Charlottenburg, even though it might not look like it from the outside.','5');
INSERT INTO "RESTAURANT_RATING" ("RESTAURANT_ID","SCALE","OVERALL_RATING","SOURCE")VALUES('28858954','5','4.5','Google Map');
INSERT INTO "USER_REVIEW" ("RESTAURANT_ID","REVIEW_DATE","COMMENT","REVIEW_RATING")VALUES('28858954','2018-01-13','Amazing sushi! Best Japanese restaurant in Berlin. Highly recommended','5');
INSERT INTO "USER_REVIEW" ("RESTAURANT_ID","REVIEW_DATE","COMMENT","REVIEW_RATING")VALUES('28858954','2018-01-05','I think the best japanese food that i have had in berlin.  Sushi is freshly made to order and is very good.  The picked ginger is mild but very enjoyable and other dishes such as kara age, whilst pricy were also excellent.','5');
INSERT INTO "USER_REVIEW" ("RESTAURANT_ID","REVIEW_DATE","COMMENT","REVIEW_RATING")VALUES('28858954','2017-06-23','very sweet japanese restaurant with amazing food. tempura is great. if you cant decide - go with the bento :) and the dons are also great. have been multiple times and will definitely remain my go-to japanese place!','5');
INSERT INTO "USER_REVIEW" ("RESTAURANT_ID","REVIEW_DATE","COMMENT","REVIEW_RATING")VALUES('28858954','2017-07-09','Small cozy Japanese restaurant. I love the sushi! ','5');
INSERT INTO "USER_REVIEW" ("RESTAURANT_ID","REVIEW_DATE","COMMENT","REVIEW_RATING")VALUES('28858954','2017-12-09','High price for average food','2');
INSERT INTO "LOCATION" ("LOCATION_ID","LOCATION_TYPE","ADDRESS","LONGITUDE","LATITUDE")VALUES('173','R','Feuerbachstr. 1612163 BerlinGermany','13.32883','52.46316');
INSERT INTO "RESTAURANT" ("RESTAURANT_ID","PRICERANGE","PHONE_NUMBER","WEBSITE")VALUES('65984107','€€','+49 30 7922845','maiphai.de');
INSERT INTO "CUISINE" ("RESTAURANT_ID","CUISINE_TYPE")VALUES('65984107','Thai');
INSERT INTO "RESTAURANT_RATING" ("RESTAURANT_ID","SCALE","OVERALL_RATING","SOURCE")VALUES('65984107','5','4.0','Yelp');
INSERT INTO "RESTAURANT_FEATURE" ("RESTAURANT_ID","FEATURE_NAME","DESCRIPTION")VALUES('65984107','Takes Reservations','Yes');
INSERT INTO "RESTAURANT_FEATURE" ("RESTAURANT_ID","FEATURE_NAME","DESCRIPTION")VALUES('65984107','Delivery','No');
INSERT INTO "RESTAURANT_FEATURE" ("RESTAURANT_ID","FEATURE_NAME","DESCRIPTION")VALUES('65984107','Take-out','Yes');
INSERT INTO "RESTAURANT_FEATURE" ("RESTAURANT_ID","FEATURE_NAME","DESCRIPTION")VALUES('65984107','Accepted Cards','Credit, Debit');
INSERT INTO "RESTAURANT_FEATURE" ("RESTAURANT_ID","FEATURE_NAME","DESCRIPTION")VALUES('65984107','Good For','Dinner');
INSERT INTO "RESTAURANT_FEATURE" ("RESTAURANT_ID","FEATURE_NAME","DESCRIPTION")VALUES('65984107','Parking','Street');
INSERT INTO "RESTAURANT_FEATURE" ("RESTAURANT_ID","FEATURE_NAME","DESCRIPTION")VALUES('65984107','Good for Kids','Yes');
INSERT INTO "RESTAURANT_FEATURE" ("RESTAURANT_ID","FEATURE_NAME","DESCRIPTION")VALUES('65984107','Good for Groups','Yes');
INSERT INTO "RESTAURANT_FEATURE" ("RESTAURANT_ID","FEATURE_NAME","DESCRIPTION")VALUES('65984107','Attire','Casual');
INSERT INTO "RESTAURANT_FEATURE" ("RESTAURANT_ID","FEATURE_NAME","DESCRIPTION")VALUES('65984107','Noise Level','Quiet');
INSERT INTO "RESTAURANT_FEATURE" ("RESTAURANT_ID","FEATURE_NAME","DESCRIPTION")VALUES('65984107','Alcohol','Full Bar');
INSERT INTO "RESTAURANT_FEATURE" ("RESTAURANT_ID","FEATURE_NAME","DESCRIPTION")VALUES('65984107','Outdoor Seating','Yes');
INSERT INTO "RESTAURANT_FEATURE" ("RESTAURANT_ID","FEATURE_NAME","DESCRIPTION")VALUES('65984107','Wi-Fi','No');
INSERT INTO "RESTAURANT_FEATURE" ("RESTAURANT_ID","FEATURE_NAME","DESCRIPTION")VALUES('65984107','Has TV','Yes');
INSERT INTO "RESTAURANT_FEATURE" ("RESTAURANT_ID","FEATURE_NAME","DESCRIPTION")VALUES('65984107','Caters','No');
INSERT INTO "OPENING_HOUR" ("DAY","RESTAURANT_ID","OPENING_TIME","CLOSING_TIME")VALUES('Mon','65984107','12:00 pm','11:30 pm');
INSERT INTO "OPENING_HOUR" ("DAY","RESTAURANT_ID","OPENING_TIME","CLOSING_TIME")VALUES('Tue','65984107','12:00 pm','11:30 pm');
INSERT INTO "OPENING_HOUR" ("DAY","RESTAURANT_ID","OPENING_TIME","CLOSING_TIME")VALUES('Wed','65984107','12:00 pm','11:30 pm');
INSERT INTO "OPENING_HOUR" ("DAY","RESTAURANT_ID","OPENING_TIME","CLOSING_TIME")VALUES('Thu','65984107','12:00 pm','11:30 pm');
INSERT INTO "OPENING_HOUR" ("DAY","RESTAURANT_ID","OPENING_TIME","CLOSING_TIME")VALUES('Fri','65984107','12:00 pm','11:30 pm');
INSERT INTO "OPENING_HOUR" ("DAY","RESTAURANT_ID","OPENING_TIME","CLOSING_TIME")VALUES('Sat','65984107','12:00 pm','11:30 pm');
INSERT INTO "OPENING_HOUR" ("DAY","RESTAURANT_ID","OPENING_TIME","CLOSING_TIME")VALUES('Sun','65984107','Open now','11:30 pm');
INSERT INTO "USER_REVIEW" ("RESTAURANT_ID","REVIEW_DATE","COMMENT","REVIEW_RATING")VALUES('65984107','2012-02-21 12:05:08','Best Thai Food in Berlin Steglitz, fresh and very tasty!','5');
INSERT INTO "LOCATION" ("LOCATION_ID","LOCATION_TYPE","ADDRESS","LONGITUDE","LATITUDE")VALUES('174','R','Oderberger Str. 710435 BerlinGermany','13.410219','52.538546');
INSERT INTO "RESTAURANT" ("RESTAURANT_ID","PRICERANGE","PHONE_NUMBER","WEBSITE")VALUES('98677091','€','+49 30 36423292','None');
INSERT INTO "CUISINE" ("RESTAURANT_ID","CUISINE_TYPE")VALUES('98677091','Vietnamese');
INSERT INTO "RESTAURANT_RATING" ("RESTAURANT_ID","SCALE","OVERALL_RATING","SOURCE")VALUES('98677091','5','4.5','Yelp');
INSERT INTO "RESTAURANT_FEATURE" ("RESTAURANT_ID","FEATURE_NAME","DESCRIPTION")VALUES('98677091','Takes Reservations','Yes');
INSERT INTO "RESTAURANT_FEATURE" ("RESTAURANT_ID","FEATURE_NAME","DESCRIPTION")VALUES('98677091','Delivery','No');
INSERT INTO "RESTAURANT_FEATURE" ("RESTAURANT_ID","FEATURE_NAME","DESCRIPTION")VALUES('98677091','Take-out','Yes');
INSERT INTO "RESTAURANT_FEATURE" ("RESTAURANT_ID","FEATURE_NAME","DESCRIPTION")VALUES('98677091','Good For','Lunch');
INSERT INTO "RESTAURANT_FEATURE" ("RESTAURANT_ID","FEATURE_NAME","DESCRIPTION")VALUES('98677091','Parking','Street');
INSERT INTO "RESTAURANT_FEATURE" ("RESTAURANT_ID","FEATURE_NAME","DESCRIPTION")VALUES('98677091','Good for Kids','Yes');
INSERT INTO "RESTAURANT_FEATURE" ("RESTAURANT_ID","FEATURE_NAME","DESCRIPTION")VALUES('98677091','Good for Groups','Yes');
INSERT INTO "RESTAURANT_FEATURE" ("RESTAURANT_ID","FEATURE_NAME","DESCRIPTION")VALUES('98677091','Attire','Casual');
INSERT INTO "RESTAURANT_FEATURE" ("RESTAURANT_ID","FEATURE_NAME","DESCRIPTION")VALUES('98677091','Noise Level','Average');
INSERT INTO "RESTAURANT_FEATURE" ("RESTAURANT_ID","FEATURE_NAME","DESCRIPTION")VALUES('98677091','Alcohol','Beer & Wine Only');
INSERT INTO "RESTAURANT_FEATURE" ("RESTAURANT_ID","FEATURE_NAME","DESCRIPTION")VALUES('98677091','Outdoor Seating','Yes');
INSERT INTO "RESTAURANT_FEATURE" ("RESTAURANT_ID","FEATURE_NAME","DESCRIPTION")VALUES('98677091','Wi-Fi','No');
INSERT INTO "RESTAURANT_FEATURE" ("RESTAURANT_ID","FEATURE_NAME","DESCRIPTION")VALUES('98677091','Has TV','No');
INSERT INTO "RESTAURANT_FEATURE" ("RESTAURANT_ID","FEATURE_NAME","DESCRIPTION")VALUES('98677091','Caters','No');
INSERT INTO "OPENING_HOUR" ("DAY","RESTAURANT_ID","OPENING_TIME","CLOSING_TIME")VALUES('Mon','98677091','11:30 am','11:30 pm');
INSERT INTO "OPENING_HOUR" ("DAY","RESTAURANT_ID","OPENING_TIME","CLOSING_TIME")VALUES('Tue','98677091','11:30 am','11:30 pm');
INSERT INTO "OPENING_HOUR" ("DAY","RESTAURANT_ID","OPENING_TIME","CLOSING_TIME")VALUES('Wed','98677091','11:30 am','11:30 pm');
INSERT INTO "OPENING_HOUR" ("DAY","RESTAURANT_ID","OPENING_TIME","CLOSING_TIME")VALUES('Thu','98677091','11:30 am','11:30 pm');
INSERT INTO "OPENING_HOUR" ("DAY","RESTAURANT_ID","OPENING_TIME","CLOSING_TIME")VALUES('Fri','98677091','11:30 am','11:30 pm');
INSERT INTO "OPENING_HOUR" ("DAY","RESTAURANT_ID","OPENING_TIME","CLOSING_TIME")VALUES('Sat','98677091','12:00 pm','12:00 am');
INSERT INTO "OPENING_HOUR" ("DAY","RESTAURANT_ID","OPENING_TIME","CLOSING_TIME")VALUES('Sun','98677091','Open now','12:00 am');
INSERT INTO "USER_REVIEW" ("RESTAURANT_ID","REVIEW_DATE","COMMENT","REVIEW_RATING")VALUES('98677091','2017-11-22 07:12:14','"Another Vietnamese place ?" is what you won''t hear me saying about Vietnam Village. Their interior design is smooth and homey (maybe authentic, well...','4');
INSERT INTO "PHOTO" ("RESTAURANT_ID","PICTURE_URL")VALUES('98677091','https://s3-media2.fl.yelpcdn.com/photo/Y_2fVccDVoMhw75Ta9RW5g/o.jpg');
INSERT INTO "USER_REVIEW" ("RESTAURANT_ID","REVIEW_DATE","COMMENT","REVIEW_RATING")VALUES('98677091','2017-06-06 14:53:02','Best Vietnamese in town! Large variety of amazingly fresh and delicious food. I especially loved the big choice of fresh fruit shakes and drinks. They taste...','5');
INSERT INTO "PHOTO" ("RESTAURANT_ID","PICTURE_URL")VALUES('98677091','https://s3-media2.fl.yelpcdn.com/photo/ffNCZirv3bMjr82z8QiAjA/o.jpg');
INSERT INTO "USER_REVIEW" ("RESTAURANT_ID","REVIEW_DATE","COMMENT","REVIEW_RATING")VALUES('98677091','2015-01-25 13:10:23','I am a big fan of Vietnamese food, but I am generally used to a very simple decor. Not the Vietnam Village! One gets the fancy decor AND affordable...','5');
INSERT INTO "PHOTO" ("RESTAURANT_ID","PICTURE_URL")VALUES('98677091','https://s3-media1.fl.yelpcdn.com/photo/6m3LknOj880aH7HybeK0jg/o.jpg');
INSERT INTO "LOCATION" ("LOCATION_ID","LOCATION_TYPE","ADDRESS","LONGITUDE","LATITUDE")VALUES('175','R','Anklamer Str. 3810115 BerlinGermany','13.3987873793','52.5357817599');
INSERT INTO "RESTAURANT" ("RESTAURANT_ID","PRICERANGE","PHONE_NUMBER","WEBSITE")VALUES('34305239','€€€','+49 30 48494599','heimlichtreu.de');
INSERT INTO "CUISINE" ("RESTAURANT_ID","CUISINE_TYPE")VALUES('34305239','Modern European');
INSERT INTO "RESTAURANT_RATING" ("RESTAURANT_ID","SCALE","OVERALL_RATING","SOURCE")VALUES('34305239','5','4.5','Yelp');
INSERT INTO "RESTAURANT_FEATURE" ("RESTAURANT_ID","FEATURE_NAME","DESCRIPTION")VALUES('34305239','Takes Reservations','Yes');
INSERT INTO "RESTAURANT_FEATURE" ("RESTAURANT_ID","FEATURE_NAME","DESCRIPTION")VALUES('34305239','Take-out','No');
INSERT INTO "RESTAURANT_FEATURE" ("RESTAURANT_ID","FEATURE_NAME","DESCRIPTION")VALUES('34305239','Good for Kids','Yes');
INSERT INTO "RESTAURANT_FEATURE" ("RESTAURANT_ID","FEATURE_NAME","DESCRIPTION")VALUES('34305239','Good for Groups','Yes');
INSERT INTO "RESTAURANT_FEATURE" ("RESTAURANT_ID","FEATURE_NAME","DESCRIPTION")VALUES('34305239','Attire','Dressy');
INSERT INTO "RESTAURANT_FEATURE" ("RESTAURANT_ID","FEATURE_NAME","DESCRIPTION")VALUES('34305239','Noise Level','Average');
INSERT INTO "RESTAURANT_FEATURE" ("RESTAURANT_ID","FEATURE_NAME","DESCRIPTION")VALUES('34305239','Alcohol','Full Bar');
INSERT INTO "RESTAURANT_FEATURE" ("RESTAURANT_ID","FEATURE_NAME","DESCRIPTION")VALUES('34305239','Outdoor Seating','Yes');
INSERT INTO "RESTAURANT_FEATURE" ("RESTAURANT_ID","FEATURE_NAME","DESCRIPTION")VALUES('34305239','Has TV','No');
INSERT INTO "RESTAURANT_FEATURE" ("RESTAURANT_ID","FEATURE_NAME","DESCRIPTION")VALUES('34305239','Waiter Service','Yes');
INSERT INTO "OPENING_HOUR" ("DAY","RESTAURANT_ID","OPENING_TIME","CLOSING_TIME")VALUES('Mon','34305239','12:00 pm','2:00 pm');
INSERT INTO "OPENING_HOUR" ("DAY","RESTAURANT_ID","OPENING_TIME","CLOSING_TIME")VALUES('Tue','34305239','12:00 pm','2:00 pm');
INSERT INTO "OPENING_HOUR" ("DAY","RESTAURANT_ID","OPENING_TIME","CLOSING_TIME")VALUES('Wed','34305239','12:00 pm','2:00 pm');
INSERT INTO "OPENING_HOUR" ("DAY","RESTAURANT_ID","OPENING_TIME","CLOSING_TIME")VALUES('Thu','34305239','12:00 pm','2:00 pm');
INSERT INTO "OPENING_HOUR" ("DAY","RESTAURANT_ID","OPENING_TIME","CLOSING_TIME")VALUES('Fri','34305239','12:00 pm','2:00 pm');
INSERT INTO "OPENING_HOUR" ("DAY","RESTAURANT_ID","OPENING_TIME","CLOSING_TIME")VALUES('Sat','34305239','6:00 pm','1:30 am');
INSERT INTO "USER_REVIEW" ("RESTAURANT_ID","REVIEW_DATE","COMMENT","REVIEW_RATING")VALUES('34305239','2017-02-11 15:17:54','Boy, what an experience!

The evening was almost ruined. I made a reservation via their online form, and while I did get an email confirming we had a table,...','5');
INSERT INTO "PHOTO" ("RESTAURANT_ID","PICTURE_URL")VALUES('34305239','https://s3-media1.fl.yelpcdn.com/photo/ToTju2zYCHa7hPAMdeK58w/o.jpg');
INSERT INTO "USER_REVIEW" ("RESTAURANT_ID","REVIEW_DATE","COMMENT","REVIEW_RATING")VALUES('34305239','2017-02-02 15:06:49','The food was awesome - coupled with great drinks!!!! The ambience is really cool, hip and artsy. i can totally recommend checking it out!!!','5');
INSERT INTO "PHOTO" ("RESTAURANT_ID","PICTURE_URL")VALUES('34305239','https://s3-media2.fl.yelpcdn.com/photo/zSWR8W-3WmvWHIE_UpuzFA/o.jpg');
INSERT INTO "LOCATION" ("LOCATION_ID","LOCATION_TYPE","ADDRESS","LONGITUDE","LATITUDE")VALUES('176','R','Alte Schönhauser Str. 610119 BerlinGermany','13.4082897611','52.5275688928');
INSERT INTO "RESTAURANT" ("RESTAURANT_ID","PRICERANGE","PHONE_NUMBER","WEBSITE")VALUES('25813465','€€','+49 30 24632485','yamyam-berlin.de');
INSERT INTO "CUISINE" ("RESTAURANT_ID","CUISINE_TYPE")VALUES('25813465','Korean');
INSERT INTO "RESTAURANT_RATING" ("RESTAURANT_ID","SCALE","OVERALL_RATING","SOURCE")VALUES('25813465','5','4.0','Yelp');
INSERT INTO "RESTAURANT_FEATURE" ("RESTAURANT_ID","FEATURE_NAME","DESCRIPTION")VALUES('25813465','Takes Reservations','Yes');
INSERT INTO "RESTAURANT_FEATURE" ("RESTAURANT_ID","FEATURE_NAME","DESCRIPTION")VALUES('25813465','Delivery','No');
INSERT INTO "RESTAURANT_FEATURE" ("RESTAURANT_ID","FEATURE_NAME","DESCRIPTION")VALUES('25813465','Take-out','Yes');
INSERT INTO "RESTAURANT_FEATURE" ("RESTAURANT_ID","FEATURE_NAME","DESCRIPTION")VALUES('25813465','Good For','Lunch, Dinner');
INSERT INTO "RESTAURANT_FEATURE" ("RESTAURANT_ID","FEATURE_NAME","DESCRIPTION")VALUES('25813465','Parking','Street');
INSERT INTO "RESTAURANT_FEATURE" ("RESTAURANT_ID","FEATURE_NAME","DESCRIPTION")VALUES('25813465','Good for Kids','Yes');
INSERT INTO "RESTAURANT_FEATURE" ("RESTAURANT_ID","FEATURE_NAME","DESCRIPTION")VALUES('25813465','Good for Groups','Yes');
INSERT INTO "RESTAURANT_FEATURE" ("RESTAURANT_ID","FEATURE_NAME","DESCRIPTION")VALUES('25813465','Attire','Casual');
INSERT INTO "RESTAURANT_FEATURE" ("RESTAURANT_ID","FEATURE_NAME","DESCRIPTION")VALUES('25813465','Ambience','Casual');
INSERT INTO "RESTAURANT_FEATURE" ("RESTAURANT_ID","FEATURE_NAME","DESCRIPTION")VALUES('25813465','Noise Level','Average');
INSERT INTO "RESTAURANT_FEATURE" ("RESTAURANT_ID","FEATURE_NAME","DESCRIPTION")VALUES('25813465','Alcohol','Beer & Wine Only');
INSERT INTO "RESTAURANT_FEATURE" ("RESTAURANT_ID","FEATURE_NAME","DESCRIPTION")VALUES('25813465','Outdoor Seating','Yes');
INSERT INTO "RESTAURANT_FEATURE" ("RESTAURANT_ID","FEATURE_NAME","DESCRIPTION")VALUES('25813465','Wi-Fi','No');
INSERT INTO "RESTAURANT_FEATURE" ("RESTAURANT_ID","FEATURE_NAME","DESCRIPTION")VALUES('25813465','Has TV','No');
INSERT INTO "RESTAURANT_FEATURE" ("RESTAURANT_ID","FEATURE_NAME","DESCRIPTION")VALUES('25813465','Waiter Service','Yes');
INSERT INTO "RESTAURANT_FEATURE" ("RESTAURANT_ID","FEATURE_NAME","DESCRIPTION")VALUES('25813465','Caters','No');
INSERT INTO "OPENING_HOUR" ("DAY","RESTAURANT_ID","OPENING_TIME","CLOSING_TIME")VALUES('Mon','25813465','12:00 pm','12:00 am');
INSERT INTO "OPENING_HOUR" ("DAY","RESTAURANT_ID","OPENING_TIME","CLOSING_TIME")VALUES('Tue','25813465','12:00 pm','12:00 am');
INSERT INTO "OPENING_HOUR" ("DAY","RESTAURANT_ID","OPENING_TIME","CLOSING_TIME")VALUES('Wed','25813465','12:00 pm','12:00 am');
INSERT INTO "OPENING_HOUR" ("DAY","RESTAURANT_ID","OPENING_TIME","CLOSING_TIME")VALUES('Thu','25813465','12:00 pm','12:00 am');
INSERT INTO "OPENING_HOUR" ("DAY","RESTAURANT_ID","OPENING_TIME","CLOSING_TIME")VALUES('Fri','25813465','12:00 pm','12:00 am');
INSERT INTO "OPENING_HOUR" ("DAY","RESTAURANT_ID","OPENING_TIME","CLOSING_TIME")VALUES('Sat','25813465','12:00 pm','12:00 am');
INSERT INTO "OPENING_HOUR" ("DAY","RESTAURANT_ID","OPENING_TIME","CLOSING_TIME")VALUES('Sun','25813465','Open now','11:00 pm');
INSERT INTO "USER_REVIEW" ("RESTAURANT_ID","REVIEW_DATE","COMMENT","REVIEW_RATING")VALUES('25813465','2017-12-21 05:18:59','The food was really good, esp. When you order a beef-based meal. Staff friendly.

Yum Yum!','4');
INSERT INTO "PHOTO" ("RESTAURANT_ID","PICTURE_URL")VALUES('25813465','https://s3-media1.fl.yelpcdn.com/photo/t5bCOvyIzHQeMTZZPIaZ3A/o.jpg');
INSERT INTO "USER_REVIEW" ("RESTAURANT_ID","REVIEW_DATE","COMMENT","REVIEW_RATING")VALUES('25813465','2017-11-15 02:17:31','Crowded on a rainy afternoon when I was craving noodle soup.  Jjampong was packed with shrimp, squid and mussels and chewy noodles and a spicy broth.  I...','4');
INSERT INTO "PHOTO" ("RESTAURANT_ID","PICTURE_URL")VALUES('25813465','https://s3-media2.fl.yelpcdn.com/photo/8NO-WTUWPc15ya8wgDjdlw/o.jpg');
INSERT INTO "USER_REVIEW" ("RESTAURANT_ID","REVIEW_DATE","COMMENT","REVIEW_RATING")VALUES('25813465','2017-12-05 14:34:47','All the vegetarian dishes aren''t vegetarian. There is always chicken in the broth or fish sauce in the dish. That is criminal, don''t go there!','1');
INSERT INTO "PHOTO" ("RESTAURANT_ID","PICTURE_URL")VALUES('25813465','https://s3-media1.fl.yelpcdn.com/photo/8-ClEXE6A2EC0xSpVFHsMw/o.jpg');
INSERT INTO "RESTAURANT_RATING" ("RESTAURANT_ID","SCALE","OVERALL_RATING","SOURCE")VALUES('25813465','5','4.2','Google Map');
INSERT INTO "USER_REVIEW" ("RESTAURANT_ID","REVIEW_DATE","COMMENT","REVIEW_RATING")VALUES('25813465','2017-12-11','Great authentic food, simple, minimal yet charming interior, nice and friendly staff. The food is also great over delivery. Of course served in the place is looking way better thanks to the fact they have different ways of serving different dishes. There''s a small park across the street with playground. In the summer one can enjoy the food in the park letting their children play at the same time.','5');
INSERT INTO "USER_REVIEW" ("RESTAURANT_ID","REVIEW_DATE","COMMENT","REVIEW_RATING")VALUES('25813465','2018-01-14','Nice Korean food with many vegetarian options. Be aware that some dishes can be quite spicy for those not use to that. Did not try the Bibimbap and the bulgogi dishes, but they looked really nice.','4');
INSERT INTO "USER_REVIEW" ("RESTAURANT_ID","REVIEW_DATE","COMMENT","REVIEW_RATING")VALUES('25813465','2018-01-20','I just loved this place. Great food with a fair price with lovely staff.','5');
INSERT INTO "USER_REVIEW" ("RESTAURANT_ID","REVIEW_DATE","COMMENT","REVIEW_RATING")VALUES('25813465','2018-01-10','Great Korean food, good service just no credit cards accepted :(','5');
INSERT INTO "USER_REVIEW" ("RESTAURANT_ID","REVIEW_DATE","COMMENT","REVIEW_RATING")VALUES('25813465','2018-01-11','A lot of varieties of Korean dishes, good stop to have a nice simple food with friends','5');
INSERT INTO "LOCATION" ("LOCATION_ID","LOCATION_TYPE","ADDRESS","LONGITUDE","LATITUDE")VALUES('177','R','Straße der Pariser Kommune 18 D10243 BerlinGermany','13.43841','52.51137');
INSERT INTO "RESTAURANT" ("RESTAURANT_ID","PRICERANGE","PHONE_NUMBER","WEBSITE")VALUES('59985385','€','+49 30 53090202','trattoria-la-terrazza.de');
INSERT INTO "CUISINE" ("RESTAURANT_ID","CUISINE_TYPE")VALUES('59985385','Italian');
INSERT INTO "CUISINE" ("RESTAURANT_ID","CUISINE_TYPE")VALUES('59985385','Pizza');
INSERT INTO "RESTAURANT_RATING" ("RESTAURANT_ID","SCALE","OVERALL_RATING","SOURCE")VALUES('59985385','5','4.0','Yelp');
INSERT INTO "RESTAURANT_FEATURE" ("RESTAURANT_ID","FEATURE_NAME","DESCRIPTION")VALUES('59985385','Takes Reservations','Yes');
INSERT INTO "RESTAURANT_FEATURE" ("RESTAURANT_ID","FEATURE_NAME","DESCRIPTION")VALUES('59985385','Delivery','No');
INSERT INTO "RESTAURANT_FEATURE" ("RESTAURANT_ID","FEATURE_NAME","DESCRIPTION")VALUES('59985385','Take-out','Yes');
INSERT INTO "RESTAURANT_FEATURE" ("RESTAURANT_ID","FEATURE_NAME","DESCRIPTION")VALUES('59985385','Accepted Cards','Credit, Debit');
INSERT INTO "RESTAURANT_FEATURE" ("RESTAURANT_ID","FEATURE_NAME","DESCRIPTION")VALUES('59985385','Good for Kids','Yes');
INSERT INTO "RESTAURANT_FEATURE" ("RESTAURANT_ID","FEATURE_NAME","DESCRIPTION")VALUES('59985385','Good for Groups','Yes');
INSERT INTO "RESTAURANT_FEATURE" ("RESTAURANT_ID","FEATURE_NAME","DESCRIPTION")VALUES('59985385','Attire','Casual');
INSERT INTO "RESTAURANT_FEATURE" ("RESTAURANT_ID","FEATURE_NAME","DESCRIPTION")VALUES('59985385','Noise Level','Average');
INSERT INTO "RESTAURANT_FEATURE" ("RESTAURANT_ID","FEATURE_NAME","DESCRIPTION")VALUES('59985385','Alcohol','Full Bar');
INSERT INTO "RESTAURANT_FEATURE" ("RESTAURANT_ID","FEATURE_NAME","DESCRIPTION")VALUES('59985385','Outdoor Seating','Yes');
INSERT INTO "RESTAURANT_FEATURE" ("RESTAURANT_ID","FEATURE_NAME","DESCRIPTION")VALUES('59985385','Wi-Fi','No');
INSERT INTO "RESTAURANT_FEATURE" ("RESTAURANT_ID","FEATURE_NAME","DESCRIPTION")VALUES('59985385','Has TV','No');
INSERT INTO "USER_REVIEW" ("RESTAURANT_ID","REVIEW_DATE","COMMENT","REVIEW_RATING")VALUES('59985385','2016-09-30 01:04:09','Was on my way to Berghain and decided to grab something to eat close by and this was one of a few restaurants right next to each other, I figured since I...','4');
INSERT INTO "PHOTO" ("RESTAURANT_ID","PICTURE_URL")VALUES('59985385','https://s3-media4.fl.yelpcdn.com/photo/W6gFHTcsJBoj9-ERPKBUBg/o.jpg');
INSERT INTO "USER_REVIEW" ("RESTAURANT_ID","REVIEW_DATE","COMMENT","REVIEW_RATING")VALUES('59985385','2015-10-07 13:57:34','While visiting Berlin I got to this place without knowing it. It just was the first place I found in the area. But my experience was fantastic: great food,...','5');
INSERT INTO "PHOTO" ("RESTAURANT_ID","PICTURE_URL")VALUES('59985385','https://s3-media1.fl.yelpcdn.com/photo/E-uInH0F9NqnfKF-rYwUXA/o.jpg');
INSERT INTO "LOCATION" ("LOCATION_ID","LOCATION_TYPE","ADDRESS","LONGITUDE","LATITUDE")VALUES('178','R','Gendarmenmarkt 510117 BerlinGermany','13.3927778','52.5136111');
INSERT INTO "RESTAURANT" ("RESTAURANT_ID","PRICERANGE","PHONE_NUMBER","WEBSITE")VALUES('92482410','€€€','+49 30 2291661','restaurant-refugium.de');
INSERT INTO "CUISINE" ("RESTAURANT_ID","CUISINE_TYPE")VALUES('92482410','German');
INSERT INTO "CUISINE" ("RESTAURANT_ID","CUISINE_TYPE")VALUES('92482410','International');
INSERT INTO "RESTAURANT_RATING" ("RESTAURANT_ID","SCALE","OVERALL_RATING","SOURCE")VALUES('92482410','5','4.0','Yelp');
INSERT INTO "RESTAURANT_FEATURE" ("RESTAURANT_ID","FEATURE_NAME","DESCRIPTION")VALUES('92482410','Takes Reservations','Yes');
INSERT INTO "RESTAURANT_FEATURE" ("RESTAURANT_ID","FEATURE_NAME","DESCRIPTION")VALUES('92482410','Delivery','No');
INSERT INTO "RESTAURANT_FEATURE" ("RESTAURANT_ID","FEATURE_NAME","DESCRIPTION")VALUES('92482410','Take-out','No');
INSERT INTO "RESTAURANT_FEATURE" ("RESTAURANT_ID","FEATURE_NAME","DESCRIPTION")VALUES('92482410','Accepted Cards','Credit, Debit');
INSERT INTO "RESTAURANT_FEATURE" ("RESTAURANT_ID","FEATURE_NAME","DESCRIPTION")VALUES('92482410','Good for Kids','Yes');
INSERT INTO "RESTAURANT_FEATURE" ("RESTAURANT_ID","FEATURE_NAME","DESCRIPTION")VALUES('92482410','Good for Groups','Yes');
INSERT INTO "RESTAURANT_FEATURE" ("RESTAURANT_ID","FEATURE_NAME","DESCRIPTION")VALUES('92482410','Attire','Dressy');
INSERT INTO "RESTAURANT_FEATURE" ("RESTAURANT_ID","FEATURE_NAME","DESCRIPTION")VALUES('92482410','Noise Level','Average');
INSERT INTO "RESTAURANT_FEATURE" ("RESTAURANT_ID","FEATURE_NAME","DESCRIPTION")VALUES('92482410','Alcohol','Full Bar');
INSERT INTO "RESTAURANT_FEATURE" ("RESTAURANT_ID","FEATURE_NAME","DESCRIPTION")VALUES('92482410','Outdoor Seating','Yes');
INSERT INTO "RESTAURANT_FEATURE" ("RESTAURANT_ID","FEATURE_NAME","DESCRIPTION")VALUES('92482410','Wi-Fi','No');
INSERT INTO "RESTAURANT_FEATURE" ("RESTAURANT_ID","FEATURE_NAME","DESCRIPTION")VALUES('92482410','Has TV','No');
INSERT INTO "RESTAURANT_FEATURE" ("RESTAURANT_ID","FEATURE_NAME","DESCRIPTION")VALUES('92482410','Caters','Yes');
INSERT INTO "OPENING_HOUR" ("DAY","RESTAURANT_ID","OPENING_TIME","CLOSING_TIME")VALUES('Mon','92482410','11:00 am','1:30 am');
INSERT INTO "OPENING_HOUR" ("DAY","RESTAURANT_ID","OPENING_TIME","CLOSING_TIME")VALUES('Tue','92482410','11:00 am','1:30 am');
INSERT INTO "OPENING_HOUR" ("DAY","RESTAURANT_ID","OPENING_TIME","CLOSING_TIME")VALUES('Wed','92482410','11:00 am','1:30 am');
INSERT INTO "OPENING_HOUR" ("DAY","RESTAURANT_ID","OPENING_TIME","CLOSING_TIME")VALUES('Thu','92482410','11:00 am','1:30 am');
INSERT INTO "OPENING_HOUR" ("DAY","RESTAURANT_ID","OPENING_TIME","CLOSING_TIME")VALUES('Fri','92482410','11:00 am','1:30 am');
INSERT INTO "OPENING_HOUR" ("DAY","RESTAURANT_ID","OPENING_TIME","CLOSING_TIME")VALUES('Sat','92482410','11:00 am','1:30 am');
INSERT INTO "OPENING_HOUR" ("DAY","RESTAURANT_ID","OPENING_TIME","CLOSING_TIME")VALUES('Sun','92482410','Open now','1:30 am');
INSERT INTO "USER_REVIEW" ("RESTAURANT_ID","REVIEW_DATE","COMMENT","REVIEW_RATING")VALUES('92482410','2017-12-09 14:02:28','We ordered pumpkin soup, lamb''s lettuce salad w potato(?) dressing , trout dish, a fish filet and a duck dish.  Every dish was really good.  This place used...','4');
INSERT INTO "PHOTO" ("RESTAURANT_ID","PICTURE_URL")VALUES('92482410','https://s3-media3.fl.yelpcdn.com/photo/iuCkNLtZ-XqqAviOlR7-qw/o.jpg');
INSERT INTO "USER_REVIEW" ("RESTAURANT_ID","REVIEW_DATE","COMMENT","REVIEW_RATING")VALUES('92482410','2017-11-06 17:00:23','Beautiful restaurant, located in a building adjacent to a French church. Our meal was excellent, with traditional German rouladen (Beef rolled around...','4');
INSERT INTO "PHOTO" ("RESTAURANT_ID","PICTURE_URL")VALUES('92482410','https://s3-media4.fl.yelpcdn.com/photo/z3G-LQllGHeZ1AJi8gICJQ/o.jpg');
INSERT INTO "USER_REVIEW" ("RESTAURANT_ID","REVIEW_DATE","COMMENT","REVIEW_RATING")VALUES('92482410','2016-06-22 13:57:12','Ooh I do love sitting outside for dinner when the weather''s good enough, and this place is a classy dinner spot right on the main square that was perfect...','3');
INSERT INTO "PHOTO" ("RESTAURANT_ID","PICTURE_URL")VALUES('92482410','https://s3-media3.fl.yelpcdn.com/photo/rlpNlO95orapoLhs6OlNuQ/o.jpg');
INSERT INTO "LOCATION" ("LOCATION_ID","LOCATION_TYPE","ADDRESS","LONGITUDE","LATITUDE")VALUES('179','R','Ackerstr. 2310115 BerlinGermany','13.39639','52.53198');
INSERT INTO "RESTAURANT" ("RESTAURANT_ID","PRICERANGE","PHONE_NUMBER","WEBSITE")VALUES('3864310','€€','+49 30 28092701','xn--pappane-bwa.com');
INSERT INTO "CUISINE" ("RESTAURANT_ID","CUISINE_TYPE")VALUES('3864310','Italian');
INSERT INTO "RESTAURANT_RATING" ("RESTAURANT_ID","SCALE","OVERALL_RATING","SOURCE")VALUES('3864310','5','4.0','Yelp');
INSERT INTO "RESTAURANT_FEATURE" ("RESTAURANT_ID","FEATURE_NAME","DESCRIPTION")VALUES('3864310','Takes Reservations','Yes');
INSERT INTO "RESTAURANT_FEATURE" ("RESTAURANT_ID","FEATURE_NAME","DESCRIPTION")VALUES('3864310','Delivery','No');
INSERT INTO "RESTAURANT_FEATURE" ("RESTAURANT_ID","FEATURE_NAME","DESCRIPTION")VALUES('3864310','Take-out','Yes');
INSERT INTO "RESTAURANT_FEATURE" ("RESTAURANT_ID","FEATURE_NAME","DESCRIPTION")VALUES('3864310','Good For','Dinner');
INSERT INTO "RESTAURANT_FEATURE" ("RESTAURANT_ID","FEATURE_NAME","DESCRIPTION")VALUES('3864310','Parking','Street');
INSERT INTO "RESTAURANT_FEATURE" ("RESTAURANT_ID","FEATURE_NAME","DESCRIPTION")VALUES('3864310','Good for Kids','Yes');
INSERT INTO "RESTAURANT_FEATURE" ("RESTAURANT_ID","FEATURE_NAME","DESCRIPTION")VALUES('3864310','Good for Groups','Yes');
INSERT INTO "RESTAURANT_FEATURE" ("RESTAURANT_ID","FEATURE_NAME","DESCRIPTION")VALUES('3864310','Attire','Casual');
INSERT INTO "RESTAURANT_FEATURE" ("RESTAURANT_ID","FEATURE_NAME","DESCRIPTION")VALUES('3864310','Noise Level','Very Loud');
INSERT INTO "RESTAURANT_FEATURE" ("RESTAURANT_ID","FEATURE_NAME","DESCRIPTION")VALUES('3864310','Alcohol','Beer & Wine Only');
INSERT INTO "RESTAURANT_FEATURE" ("RESTAURANT_ID","FEATURE_NAME","DESCRIPTION")VALUES('3864310','Outdoor Seating','Yes');
INSERT INTO "RESTAURANT_FEATURE" ("RESTAURANT_ID","FEATURE_NAME","DESCRIPTION")VALUES('3864310','Wi-Fi','No');
INSERT INTO "RESTAURANT_FEATURE" ("RESTAURANT_ID","FEATURE_NAME","DESCRIPTION")VALUES('3864310','Has TV','No');
INSERT INTO "RESTAURANT_FEATURE" ("RESTAURANT_ID","FEATURE_NAME","DESCRIPTION")VALUES('3864310','Caters','No');
INSERT INTO "OPENING_HOUR" ("DAY","RESTAURANT_ID","OPENING_TIME","CLOSING_TIME")VALUES('Mon','3864310','12:00 pm','12:00 am');
INSERT INTO "OPENING_HOUR" ("DAY","RESTAURANT_ID","OPENING_TIME","CLOSING_TIME")VALUES('Tue','3864310','12:00 pm','12:00 am');
INSERT INTO "OPENING_HOUR" ("DAY","RESTAURANT_ID","OPENING_TIME","CLOSING_TIME")VALUES('Wed','3864310','12:00 pm','12:00 am');
INSERT INTO "OPENING_HOUR" ("DAY","RESTAURANT_ID","OPENING_TIME","CLOSING_TIME")VALUES('Thu','3864310','12:00 pm','12:00 am');
INSERT INTO "OPENING_HOUR" ("DAY","RESTAURANT_ID","OPENING_TIME","CLOSING_TIME")VALUES('Fri','3864310','12:00 pm','12:00 am');
INSERT INTO "OPENING_HOUR" ("DAY","RESTAURANT_ID","OPENING_TIME","CLOSING_TIME")VALUES('Sat','3864310','12:00 pm','12:00 am');
INSERT INTO "OPENING_HOUR" ("DAY","RESTAURANT_ID","OPENING_TIME","CLOSING_TIME")VALUES('Sun','3864310','Open now','12:00 am');
INSERT INTO "USER_REVIEW" ("RESTAURANT_ID","REVIEW_DATE","COMMENT","REVIEW_RATING")VALUES('3864310','2017-05-06 01:17:49','This place is very busy, regardless of the day, but especially so on weekends. Regardless, it is definitely worth the wait. The interior is small, a bit...','5');
INSERT INTO "PHOTO" ("RESTAURANT_ID","PICTURE_URL")VALUES('3864310','https://s3-media3.fl.yelpcdn.com/photo/xOh7IdGZky_rN45VosffgA/o.jpg');
INSERT INTO "USER_REVIEW" ("RESTAURANT_ID","REVIEW_DATE","COMMENT","REVIEW_RATING")VALUES('3864310','2017-09-17 13:43:52','Papa pane was introduced to me as one of the best pizza place in Berlin but it is more than a pizzeria. They also serve respectable pastas. It is a bit weak...','3');
INSERT INTO "PHOTO" ("RESTAURANT_ID","PICTURE_URL")VALUES('3864310','https://s3-media3.fl.yelpcdn.com/photo/DQj6n_jKbS_-2b8qFeCMxQ/o.jpg');
INSERT INTO "USER_REVIEW" ("RESTAURANT_ID","REVIEW_DATE","COMMENT","REVIEW_RATING")VALUES('3864310','2017-02-28 03:57:06','I decided to come here for my birthday so I booked a table in advance because we were quite a big group. The restaurant is located just a few minutes away...','5');
INSERT INTO "PHOTO" ("RESTAURANT_ID","PICTURE_URL")VALUES('3864310','https://s3-media2.fl.yelpcdn.com/photo/XoP1dUqfYDsbyFaZ0k6BTw/o.jpg');
INSERT INTO "LOCATION" ("LOCATION_ID","LOCATION_TYPE","ADDRESS","LONGITUDE","LATITUDE")VALUES('180','R','Torstr. 19510115 BerlinGermany','13.3921198767','52.5283257498');
INSERT INTO "RESTAURANT" ("RESTAURANT_ID","PRICERANGE","PHONE_NUMBER","WEBSITE")VALUES('17204784','€','+49 30 95628703','yarok-restaurant.de');
INSERT INTO "CUISINE" ("RESTAURANT_ID","CUISINE_TYPE")VALUES('17204784','Syrian');
INSERT INTO "RESTAURANT_RATING" ("RESTAURANT_ID","SCALE","OVERALL_RATING","SOURCE")VALUES('17204784','5','4.5','Yelp');
INSERT INTO "RESTAURANT_FEATURE" ("RESTAURANT_ID","FEATURE_NAME","DESCRIPTION")VALUES('17204784','Takes Reservations','No');
INSERT INTO "RESTAURANT_FEATURE" ("RESTAURANT_ID","FEATURE_NAME","DESCRIPTION")VALUES('17204784','Delivery','No');
INSERT INTO "RESTAURANT_FEATURE" ("RESTAURANT_ID","FEATURE_NAME","DESCRIPTION")VALUES('17204784','Take-out','Yes');
INSERT INTO "RESTAURANT_FEATURE" ("RESTAURANT_ID","FEATURE_NAME","DESCRIPTION")VALUES('17204784','Accepted Cards','None');
INSERT INTO "RESTAURANT_FEATURE" ("RESTAURANT_ID","FEATURE_NAME","DESCRIPTION")VALUES('17204784','Good For','Lunch, Dinner');
INSERT INTO "RESTAURANT_FEATURE" ("RESTAURANT_ID","FEATURE_NAME","DESCRIPTION")VALUES('17204784','Parking','Street');
INSERT INTO "RESTAURANT_FEATURE" ("RESTAURANT_ID","FEATURE_NAME","DESCRIPTION")VALUES('17204784','Good for Kids','Yes');
INSERT INTO "RESTAURANT_FEATURE" ("RESTAURANT_ID","FEATURE_NAME","DESCRIPTION")VALUES('17204784','Good for Groups','Yes');
INSERT INTO "RESTAURANT_FEATURE" ("RESTAURANT_ID","FEATURE_NAME","DESCRIPTION")VALUES('17204784','Attire','Casual');
INSERT INTO "RESTAURANT_FEATURE" ("RESTAURANT_ID","FEATURE_NAME","DESCRIPTION")VALUES('17204784','Ambience','Casual');
INSERT INTO "RESTAURANT_FEATURE" ("RESTAURANT_ID","FEATURE_NAME","DESCRIPTION")VALUES('17204784','Noise Level','Average');
INSERT INTO "RESTAURANT_FEATURE" ("RESTAURANT_ID","FEATURE_NAME","DESCRIPTION")VALUES('17204784','Alcohol','Beer & Wine Only');
INSERT INTO "RESTAURANT_FEATURE" ("RESTAURANT_ID","FEATURE_NAME","DESCRIPTION")VALUES('17204784','Outdoor Seating','Yes');
INSERT INTO "RESTAURANT_FEATURE" ("RESTAURANT_ID","FEATURE_NAME","DESCRIPTION")VALUES('17204784','Wi-Fi','No');
INSERT INTO "RESTAURANT_FEATURE" ("RESTAURANT_ID","FEATURE_NAME","DESCRIPTION")VALUES('17204784','Has TV','No');
INSERT INTO "RESTAURANT_FEATURE" ("RESTAURANT_ID","FEATURE_NAME","DESCRIPTION")VALUES('17204784','Waiter Service','Yes');
INSERT INTO "RESTAURANT_FEATURE" ("RESTAURANT_ID","FEATURE_NAME","DESCRIPTION")VALUES('17204784','Caters','Yes');
INSERT INTO "OPENING_HOUR" ("DAY","RESTAURANT_ID","OPENING_TIME","CLOSING_TIME")VALUES('Mon','17204784','2:00 pm','11:00 pm');
INSERT INTO "OPENING_HOUR" ("DAY","RESTAURANT_ID","OPENING_TIME","CLOSING_TIME")VALUES('Tue','17204784','2:00 pm','11:00 pm');
INSERT INTO "OPENING_HOUR" ("DAY","RESTAURANT_ID","OPENING_TIME","CLOSING_TIME")VALUES('Wed','17204784','2:00 pm','11:00 pm');
INSERT INTO "OPENING_HOUR" ("DAY","RESTAURANT_ID","OPENING_TIME","CLOSING_TIME")VALUES('Thu','17204784','2:00 pm','11:00 pm');
INSERT INTO "OPENING_HOUR" ("DAY","RESTAURANT_ID","OPENING_TIME","CLOSING_TIME")VALUES('Fri','17204784','2:00 pm','11:00 pm');
INSERT INTO "OPENING_HOUR" ("DAY","RESTAURANT_ID","OPENING_TIME","CLOSING_TIME")VALUES('Sat','17204784','2:00 pm','11:00 pm');
INSERT INTO "OPENING_HOUR" ("DAY","RESTAURANT_ID","OPENING_TIME","CLOSING_TIME")VALUES('Sun','17204784','Open now','11:00 pm');
INSERT INTO "USER_REVIEW" ("RESTAURANT_ID","REVIEW_DATE","COMMENT","REVIEW_RATING")VALUES('17204784','2018-01-09 13:10:02','Everything about this place is FANTASTIC!

I walk in and I immediately feel cozier as I am surrounded by the colorful walls and mingling voices. The waiter...','5');
INSERT INTO "PHOTO" ("RESTAURANT_ID","PICTURE_URL")VALUES('17204784','https://s3-media2.fl.yelpcdn.com/photo/jqrjUvG8U1wFY0d4g-qhfg/o.jpg');
INSERT INTO "USER_REVIEW" ("RESTAURANT_ID","REVIEW_DATE","COMMENT","REVIEW_RATING")VALUES('17204784','2017-09-22 13:31:28','Great Mediterranean food! Good service and a place with good vibes overall.
The mix platter gas great and the blakava was delicious with the right hint of...','4');
INSERT INTO "PHOTO" ("RESTAURANT_ID","PICTURE_URL")VALUES('17204784','https://s3-media3.fl.yelpcdn.com/photo/fb8vi_IXQVVd-aO2wrgx2w/o.jpg');
INSERT INTO "USER_REVIEW" ("RESTAURANT_ID","REVIEW_DATE","COMMENT","REVIEW_RATING")VALUES('17204784','2017-08-08 16:13:21','Amazing food and service.
I had read about Yarok before arriving in Berlin because I wanted to try Syrian food. I was traveling with a large group and...','5');
INSERT INTO "PHOTO" ("RESTAURANT_ID","PICTURE_URL")VALUES('17204784','https://s3-media3.fl.yelpcdn.com/photo/uHKIR3emVE4twqOEYc24Hw/o.jpg');
INSERT INTO "RESTAURANT_RATING" ("RESTAURANT_ID","SCALE","OVERALL_RATING","SOURCE")VALUES('17204784','5','4.6','Google Map');
INSERT INTO "USER_REVIEW" ("RESTAURANT_ID","REVIEW_DATE","COMMENT","REVIEW_RATING")VALUES('17204784','2017-11-30','Spicy Middle Eastern food, full of flavor, rich portions.
The place was packed when we arrived in the evening and we had to wait few minutes. The decorations and atmosphere is not the reason to visit the place, it''s purely the food.
The portions size and taste are great for the value.
The service is good, they speak very basic English, enough to receive good service.','4');
INSERT INTO "USER_REVIEW" ("RESTAURANT_ID","REVIEW_DATE","COMMENT","REVIEW_RATING")VALUES('17204784','2017-10-15','Great tasting food at a really impressive price. Service is fast and friendly. Very busy but always a pleasure to wait or sit and eat with others. Would highly recommend. I''ll be back','5');
INSERT INTO "USER_REVIEW" ("RESTAURANT_ID","REVIEW_DATE","COMMENT","REVIEW_RATING")VALUES('17204784','2017-12-02','Food was incredible, though service was a little rushed. Great prices for great quality comfort food. You can easily eat for 7€ with a drink.','4');
INSERT INTO "USER_REVIEW" ("RESTAURANT_ID","REVIEW_DATE","COMMENT","REVIEW_RATING")VALUES('17204784','2018-01-20','Delicious food, good portions, and reasonably priced. The beef schwarma was super tasty!','5');
INSERT INTO "USER_REVIEW" ("RESTAURANT_ID","REVIEW_DATE","COMMENT","REVIEW_RATING")VALUES('17204784','2017-11-17','WOW! Loved this place. Intimate,friendly and busy. The mixed veg plate for 2 was incredible & great value, the tea was delicious too. Highly recommended 👍','5');
INSERT INTO "LOCATION" ("LOCATION_ID","LOCATION_TYPE","ADDRESS","LONGITUDE","LATITUDE")VALUES('181','R','Mehringdamm 8010965 BerlinGermany','13.3859074335','52.4895579954');
INSERT INTO "RESTAURANT" ("RESTAURANT_ID","PRICERANGE","PHONE_NUMBER","WEBSITE")VALUES('84439365','€€','+49 30 77326213','xn--doldenmdel-w5a.de');
INSERT INTO "CUISINE" ("RESTAURANT_ID","CUISINE_TYPE")VALUES('84439365','Breweries');
INSERT INTO "CUISINE" ("RESTAURANT_ID","CUISINE_TYPE")VALUES('84439365','German');
INSERT INTO "RESTAURANT_RATING" ("RESTAURANT_ID","SCALE","OVERALL_RATING","SOURCE")VALUES('84439365','5','4.5','Yelp');
INSERT INTO "RESTAURANT_FEATURE" ("RESTAURANT_ID","FEATURE_NAME","DESCRIPTION")VALUES('84439365','Takes Reservations','Yes');
INSERT INTO "RESTAURANT_FEATURE" ("RESTAURANT_ID","FEATURE_NAME","DESCRIPTION")VALUES('84439365','Delivery','No');
INSERT INTO "RESTAURANT_FEATURE" ("RESTAURANT_ID","FEATURE_NAME","DESCRIPTION")VALUES('84439365','Take-out','No');
INSERT INTO "RESTAURANT_FEATURE" ("RESTAURANT_ID","FEATURE_NAME","DESCRIPTION")VALUES('84439365','Accepted Cards','Credit, Debit');
INSERT INTO "RESTAURANT_FEATURE" ("RESTAURANT_ID","FEATURE_NAME","DESCRIPTION")VALUES('84439365','Good For','Dinner');
INSERT INTO "RESTAURANT_FEATURE" ("RESTAURANT_ID","FEATURE_NAME","DESCRIPTION")VALUES('84439365','Good for Kids','No');
INSERT INTO "RESTAURANT_FEATURE" ("RESTAURANT_ID","FEATURE_NAME","DESCRIPTION")VALUES('84439365','Good for Groups','Yes');
INSERT INTO "RESTAURANT_FEATURE" ("RESTAURANT_ID","FEATURE_NAME","DESCRIPTION")VALUES('84439365','Attire','Casual');
INSERT INTO "RESTAURANT_FEATURE" ("RESTAURANT_ID","FEATURE_NAME","DESCRIPTION")VALUES('84439365','Ambience','Casual');
INSERT INTO "RESTAURANT_FEATURE" ("RESTAURANT_ID","FEATURE_NAME","DESCRIPTION")VALUES('84439365','Noise Level','Loud');
INSERT INTO "RESTAURANT_FEATURE" ("RESTAURANT_ID","FEATURE_NAME","DESCRIPTION")VALUES('84439365','Alcohol','Full Bar');
INSERT INTO "RESTAURANT_FEATURE" ("RESTAURANT_ID","FEATURE_NAME","DESCRIPTION")VALUES('84439365','Outdoor Seating','Yes');
INSERT INTO "RESTAURANT_FEATURE" ("RESTAURANT_ID","FEATURE_NAME","DESCRIPTION")VALUES('84439365','Wi-Fi','No');
INSERT INTO "RESTAURANT_FEATURE" ("RESTAURANT_ID","FEATURE_NAME","DESCRIPTION")VALUES('84439365','Has TV','No');
INSERT INTO "RESTAURANT_FEATURE" ("RESTAURANT_ID","FEATURE_NAME","DESCRIPTION")VALUES('84439365','Waiter Service','Yes');
INSERT INTO "RESTAURANT_FEATURE" ("RESTAURANT_ID","FEATURE_NAME","DESCRIPTION")VALUES('84439365','Caters','No');
INSERT INTO "OPENING_HOUR" ("DAY","RESTAURANT_ID","OPENING_TIME","CLOSING_TIME")VALUES('Mon','84439365','11:30 am','12:30 am');
INSERT INTO "OPENING_HOUR" ("DAY","RESTAURANT_ID","OPENING_TIME","CLOSING_TIME")VALUES('Tue','84439365','11:30 am','12:30 am');
INSERT INTO "OPENING_HOUR" ("DAY","RESTAURANT_ID","OPENING_TIME","CLOSING_TIME")VALUES('Wed','84439365','11:30 am','12:30 am');
INSERT INTO "OPENING_HOUR" ("DAY","RESTAURANT_ID","OPENING_TIME","CLOSING_TIME")VALUES('Thu','84439365','11:30 am','12:30 am');
INSERT INTO "OPENING_HOUR" ("DAY","RESTAURANT_ID","OPENING_TIME","CLOSING_TIME")VALUES('Fri','84439365','11:30 am','1:30 am');
INSERT INTO "OPENING_HOUR" ("DAY","RESTAURANT_ID","OPENING_TIME","CLOSING_TIME")VALUES('Sat','84439365','11:30 am','1:30 am');
INSERT INTO "OPENING_HOUR" ("DAY","RESTAURANT_ID","OPENING_TIME","CLOSING_TIME")VALUES('Sun','84439365','Open now','12:30 am');
INSERT INTO "USER_REVIEW" ("RESTAURANT_ID","REVIEW_DATE","COMMENT","REVIEW_RATING")VALUES('84439365','2017-06-06 05:50:49','For the country that taught me everything about beer, I could not believe that I stumbled upon a American-style craft brew pub right near my friend''s...','5');
INSERT INTO "PHOTO" ("RESTAURANT_ID","PICTURE_URL")VALUES('84439365','https://s3-media2.fl.yelpcdn.com/photo/BZofdlXNSkljiFghQnjYCw/o.jpg');
INSERT INTO "USER_REVIEW" ("RESTAURANT_ID","REVIEW_DATE","COMMENT","REVIEW_RATING")VALUES('84439365','2017-07-31 09:41:43','Great selection of interesting beers. Each of them very tasty. One thing I didnt like was that you can''t choose each of your tasters if you order a flight....','5');
INSERT INTO "PHOTO" ("RESTAURANT_ID","PICTURE_URL")VALUES('84439365','https://s3-media4.fl.yelpcdn.com/photo/g7SQcHOuu-59cnuuWq0_Aw/o.jpg');
INSERT INTO "USER_REVIEW" ("RESTAURANT_ID","REVIEW_DATE","COMMENT","REVIEW_RATING")VALUES('84439365','2016-08-31 13:02:19','Took a large group here, and was impressed with both food and service. We were served a set menu of perfectly baked chicken and very flavorful couscous. Our...','4');
INSERT INTO "PHOTO" ("RESTAURANT_ID","PICTURE_URL")VALUES('84439365','https://s3-media1.fl.yelpcdn.com/photo/DS5xpQUHEa5TZPYgXRAVog/o.jpg');
INSERT INTO "LOCATION" ("LOCATION_ID","LOCATION_TYPE","ADDRESS","LONGITUDE","LATITUDE")VALUES('182','R','Marburger Str. 210789 BerlinGermany','13.33702','52.5032');
INSERT INTO "RESTAURANT" ("RESTAURANT_ID","PRICERANGE","PHONE_NUMBER","WEBSITE")VALUES('26890603','€€€','+49 30 2135585','lasepia-berlin.de');
INSERT INTO "CUISINE" ("RESTAURANT_ID","CUISINE_TYPE")VALUES('26890603','Spanish');
INSERT INTO "CUISINE" ("RESTAURANT_ID","CUISINE_TYPE")VALUES('26890603','Portuguese');
INSERT INTO "RESTAURANT_RATING" ("RESTAURANT_ID","SCALE","OVERALL_RATING","SOURCE")VALUES('26890603','5','4.0','Yelp');
INSERT INTO "RESTAURANT_FEATURE" ("RESTAURANT_ID","FEATURE_NAME","DESCRIPTION")VALUES('26890603','Takes Reservations','Yes');
INSERT INTO "RESTAURANT_FEATURE" ("RESTAURANT_ID","FEATURE_NAME","DESCRIPTION")VALUES('26890603','Delivery','No');
INSERT INTO "RESTAURANT_FEATURE" ("RESTAURANT_ID","FEATURE_NAME","DESCRIPTION")VALUES('26890603','Take-out','No');
INSERT INTO "RESTAURANT_FEATURE" ("RESTAURANT_ID","FEATURE_NAME","DESCRIPTION")VALUES('26890603','Accepted Cards','Credit, Debit');
INSERT INTO "RESTAURANT_FEATURE" ("RESTAURANT_ID","FEATURE_NAME","DESCRIPTION")VALUES('26890603','Wheelchair Accessible','Yes');
INSERT INTO "RESTAURANT_FEATURE" ("RESTAURANT_ID","FEATURE_NAME","DESCRIPTION")VALUES('26890603','Good for Kids','Yes');
INSERT INTO "RESTAURANT_FEATURE" ("RESTAURANT_ID","FEATURE_NAME","DESCRIPTION")VALUES('26890603','Good for Groups','Yes');
INSERT INTO "RESTAURANT_FEATURE" ("RESTAURANT_ID","FEATURE_NAME","DESCRIPTION")VALUES('26890603','Attire','Casual');
INSERT INTO "RESTAURANT_FEATURE" ("RESTAURANT_ID","FEATURE_NAME","DESCRIPTION")VALUES('26890603','Noise Level','Average');
INSERT INTO "RESTAURANT_FEATURE" ("RESTAURANT_ID","FEATURE_NAME","DESCRIPTION")VALUES('26890603','Alcohol','Beer & Wine Only');
INSERT INTO "RESTAURANT_FEATURE" ("RESTAURANT_ID","FEATURE_NAME","DESCRIPTION")VALUES('26890603','Outdoor Seating','Yes');
INSERT INTO "RESTAURANT_FEATURE" ("RESTAURANT_ID","FEATURE_NAME","DESCRIPTION")VALUES('26890603','Wi-Fi','No');
INSERT INTO "RESTAURANT_FEATURE" ("RESTAURANT_ID","FEATURE_NAME","DESCRIPTION")VALUES('26890603','Has TV','Yes');
INSERT INTO "OPENING_HOUR" ("DAY","RESTAURANT_ID","OPENING_TIME","CLOSING_TIME")VALUES('Mon','26890603','12:00 pm','12:00 am');
INSERT INTO "OPENING_HOUR" ("DAY","RESTAURANT_ID","OPENING_TIME","CLOSING_TIME")VALUES('Tue','26890603','12:00 pm','12:00 am');
INSERT INTO "OPENING_HOUR" ("DAY","RESTAURANT_ID","OPENING_TIME","CLOSING_TIME")VALUES('Wed','26890603','12:00 pm','12:00 am');
INSERT INTO "OPENING_HOUR" ("DAY","RESTAURANT_ID","OPENING_TIME","CLOSING_TIME")VALUES('Thu','26890603','12:00 pm','12:00 am');
INSERT INTO "OPENING_HOUR" ("DAY","RESTAURANT_ID","OPENING_TIME","CLOSING_TIME")VALUES('Fri','26890603','12:00 pm','12:00 am');
INSERT INTO "OPENING_HOUR" ("DAY","RESTAURANT_ID","OPENING_TIME","CLOSING_TIME")VALUES('Sat','26890603','12:00 pm','12:00 am');
INSERT INTO "OPENING_HOUR" ("DAY","RESTAURANT_ID","OPENING_TIME","CLOSING_TIME")VALUES('Sun','26890603','Open now','12:00 am');
INSERT INTO "USER_REVIEW" ("RESTAURANT_ID","REVIEW_DATE","COMMENT","REVIEW_RATING")VALUES('26890603','2016-03-17 08:46:10','Came here on a whim as my friend and I were visiting Berlin and had finished a massive shopping spree. We looked for something in the area and found this...','5');
INSERT INTO "PHOTO" ("RESTAURANT_ID","PICTURE_URL")VALUES('26890603','https://s3-media3.fl.yelpcdn.com/photo/IwDoW1S05psWX8-TcR4sbQ/o.jpg');
INSERT INTO "USER_REVIEW" ("RESTAURANT_ID","REVIEW_DATE","COMMENT","REVIEW_RATING")VALUES('26890603','2017-12-26 15:48:40','I should have known better than to visit a Spanish restaurant in Berlin a week after visiting Spain but the choice was due to my dining companions. The...','2');
INSERT INTO "PHOTO" ("RESTAURANT_ID","PICTURE_URL")VALUES('26890603','https://s3-media2.fl.yelpcdn.com/photo/97se16ytJcztdpSDectxsQ/o.jpg');
INSERT INTO "USER_REVIEW" ("RESTAURANT_ID","REVIEW_DATE","COMMENT","REVIEW_RATING")VALUES('26890603','2017-05-09 13:42:31','Best Spanish sea food ever!
Great taste, perfect seasoned. Garlic, olive oil and lemon...what else?','5');
INSERT INTO "PHOTO" ("RESTAURANT_ID","PICTURE_URL")VALUES('26890603','https://s3-media4.fl.yelpcdn.com/photo/rejGuPSdByczkc6BOgbZyA/o.jpg');
INSERT INTO "RESTAURANT_RATING" ("RESTAURANT_ID","SCALE","OVERALL_RATING","SOURCE")VALUES('26890603','5','4.4','Google Map');
INSERT INTO "USER_REVIEW" ("RESTAURANT_ID","REVIEW_DATE","COMMENT","REVIEW_RATING")VALUES('26890603','2017-12-20','Tasty food, but not quite the Vietnamese cuisine I''m used to in Australia (or Vietnam).  Cleary the flavours are quite heavily adjusted to European taste buds and that''s a shame as it is clear they could easily adjust that to create a much better experience. Lovely considered staff and when I mentioned the above they told me to just let them know next time so they can make some adjustments. Recommended!','4');
INSERT INTO "USER_REVIEW" ("RESTAURANT_ID","REVIEW_DATE","COMMENT","REVIEW_RATING")VALUES('26890603','2018-01-02','Good food made with fresh ingredients.  Excellent value for money.  Menu in both German and English.  Waiters very polite and spoke good English.  Clean surroundings anx nice decor.','5');
INSERT INTO "USER_REVIEW" ("RESTAURANT_ID","REVIEW_DATE","COMMENT","REVIEW_RATING")VALUES('26890603','2017-10-25','Great Vietnamese restaurant. The design and decor is lovely specious and cosy. The food is tasty and refreshing. We tried the summer rolls that came with tasty peanuts​ dressing. The tofu salad appetizer was quite large and fresh. For main dishes we had the salmon special and the red curry dish. Both were large dishes and we''ll made.','5');
INSERT INTO "USER_REVIEW" ("RESTAURANT_ID","REVIEW_DATE","COMMENT","REVIEW_RATING")VALUES('26890603','2018-01-13','Delicious food in big portions with very affordable prices. I will surely recommend this place.','5');
INSERT INTO "USER_REVIEW" ("RESTAURANT_ID","REVIEW_DATE","COMMENT","REVIEW_RATING")VALUES('26890603','2017-08-24','Really nice Vietnamese restaurant, great food and very friendly waiter. We had a great time in a lovely setting, a big plate full of yummy food, I had a chicken red curry with rice and lots of vegetables and fresh herbs for €8,90 only. Very tasty, definitely recommend!','5');
INSERT INTO "LOCATION" ("LOCATION_ID","LOCATION_TYPE","ADDRESS","LONGITUDE","LATITUDE")VALUES('183','R','Fischerinsel 510179 BerlinGermany','13.40834','52.51285');
INSERT INTO "RESTAURANT" ("RESTAURANT_ID","PRICERANGE","PHONE_NUMBER","WEBSITE")VALUES('21829607','Unknown','+49 30 20679871','verona-restaurant.de');
INSERT INTO "CUISINE" ("RESTAURANT_ID","CUISINE_TYPE")VALUES('21829607','Italian');
INSERT INTO "RESTAURANT_RATING" ("RESTAURANT_ID","SCALE","OVERALL_RATING","SOURCE")VALUES('21829607','5','3.5','Yelp');
INSERT INTO "RESTAURANT_FEATURE" ("RESTAURANT_ID","FEATURE_NAME","DESCRIPTION")VALUES('21829607','Takes Reservations','Yes');
INSERT INTO "RESTAURANT_FEATURE" ("RESTAURANT_ID","FEATURE_NAME","DESCRIPTION")VALUES('21829607','Good for Kids','Yes');
INSERT INTO "RESTAURANT_FEATURE" ("RESTAURANT_ID","FEATURE_NAME","DESCRIPTION")VALUES('21829607','Good for Groups','Yes');
INSERT INTO "RESTAURANT_FEATURE" ("RESTAURANT_ID","FEATURE_NAME","DESCRIPTION")VALUES('21829607','Attire','Casual');
INSERT INTO "OPENING_HOUR" ("DAY","RESTAURANT_ID","OPENING_TIME","CLOSING_TIME")VALUES('Mon','21829607','11:30 am','11:30 pm');
INSERT INTO "OPENING_HOUR" ("DAY","RESTAURANT_ID","OPENING_TIME","CLOSING_TIME")VALUES('Tue','21829607','11:30 am','11:30 pm');
INSERT INTO "OPENING_HOUR" ("DAY","RESTAURANT_ID","OPENING_TIME","CLOSING_TIME")VALUES('Wed','21829607','11:30 am','11:30 pm');
INSERT INTO "OPENING_HOUR" ("DAY","RESTAURANT_ID","OPENING_TIME","CLOSING_TIME")VALUES('Thu','21829607','11:30 am','11:30 pm');
INSERT INTO "OPENING_HOUR" ("DAY","RESTAURANT_ID","OPENING_TIME","CLOSING_TIME")VALUES('Fri','21829607','11:30 am','11:30 pm');
INSERT INTO "OPENING_HOUR" ("DAY","RESTAURANT_ID","OPENING_TIME","CLOSING_TIME")VALUES('Sat','21829607','11:30 am','11:30 pm');
INSERT INTO "OPENING_HOUR" ("DAY","RESTAURANT_ID","OPENING_TIME","CLOSING_TIME")VALUES('Sun','21829607','Open now','11:30 pm');
INSERT INTO "USER_REVIEW" ("RESTAURANT_ID","REVIEW_DATE","COMMENT","REVIEW_RATING")VALUES('21829607','2017-07-28 18:57:01','Seems to be an Italian restaurant run by Indians. Regardless, it is damn tasty and the Indian influence comes through in creations like the Tandori Chicken...','4');
INSERT INTO "PHOTO" ("RESTAURANT_ID","PICTURE_URL")VALUES('21829607','https://s3-media2.fl.yelpcdn.com/photo/jD-Qbb8aOMHW7b9KApfRdA/o.jpg');
INSERT INTO "USER_REVIEW" ("RESTAURANT_ID","REVIEW_DATE","COMMENT","REVIEW_RATING")VALUES('21829607','2017-12-28 09:10:15','Disappointing. If you want to eat an expensive frozen pizza (or any other...) you''re at the good place.
Experienced way better italien food in...','1');
INSERT INTO "PHOTO" ("RESTAURANT_ID","PICTURE_URL")VALUES('21829607','https://s3-media2.fl.yelpcdn.com/photo/S0HYL1q0DSeAbrdd_PR4sw/o.jpg');
INSERT INTO "USER_REVIEW" ("RESTAURANT_ID","REVIEW_DATE","COMMENT","REVIEW_RATING")VALUES('21829607','2017-12-18 12:51:35','So... this resturant doesnt have the best italian food in the world. The owners need to seriously do more research of the italian food culture. The pasty...','2');
INSERT INTO "PHOTO" ("RESTAURANT_ID","PICTURE_URL")VALUES('21829607','https://s3-media2.fl.yelpcdn.com/photo/3StVzpaEzgKN049qxKSQWg/o.jpg');
INSERT INTO "LOCATION" ("LOCATION_ID","LOCATION_TYPE","ADDRESS","LONGITUDE","LATITUDE")VALUES('184','R','Veteranenstr. 910119 BerlinGermany','13.40154','52.5324');
INSERT INTO "RESTAURANT" ("RESTAURANT_ID","PRICERANGE","PHONE_NUMBER","WEBSITE")VALUES('28349811','€€','+49 30 44040766','nola.de');
INSERT INTO "CUISINE" ("RESTAURANT_ID","CUISINE_TYPE")VALUES('28349811','Modern European');
INSERT INTO "RESTAURANT_RATING" ("RESTAURANT_ID","SCALE","OVERALL_RATING","SOURCE")VALUES('28349811','5','4.0','Yelp');
INSERT INTO "RESTAURANT_FEATURE" ("RESTAURANT_ID","FEATURE_NAME","DESCRIPTION")VALUES('28349811','Takes Reservations','Yes');
INSERT INTO "RESTAURANT_FEATURE" ("RESTAURANT_ID","FEATURE_NAME","DESCRIPTION")VALUES('28349811','Delivery','No');
INSERT INTO "RESTAURANT_FEATURE" ("RESTAURANT_ID","FEATURE_NAME","DESCRIPTION")VALUES('28349811','Take-out','Yes');
INSERT INTO "RESTAURANT_FEATURE" ("RESTAURANT_ID","FEATURE_NAME","DESCRIPTION")VALUES('28349811','Accepted Cards','Credit, Debit');
INSERT INTO "RESTAURANT_FEATURE" ("RESTAURANT_ID","FEATURE_NAME","DESCRIPTION")VALUES('28349811','Parking','Street');
INSERT INTO "RESTAURANT_FEATURE" ("RESTAURANT_ID","FEATURE_NAME","DESCRIPTION")VALUES('28349811','Good for Kids','Yes');
INSERT INTO "RESTAURANT_FEATURE" ("RESTAURANT_ID","FEATURE_NAME","DESCRIPTION")VALUES('28349811','Good for Groups','Yes');
INSERT INTO "RESTAURANT_FEATURE" ("RESTAURANT_ID","FEATURE_NAME","DESCRIPTION")VALUES('28349811','Attire','Casual');
INSERT INTO "RESTAURANT_FEATURE" ("RESTAURANT_ID","FEATURE_NAME","DESCRIPTION")VALUES('28349811','Ambience','Casual, Trendy');
INSERT INTO "RESTAURANT_FEATURE" ("RESTAURANT_ID","FEATURE_NAME","DESCRIPTION")VALUES('28349811','Noise Level','Average');
INSERT INTO "RESTAURANT_FEATURE" ("RESTAURANT_ID","FEATURE_NAME","DESCRIPTION")VALUES('28349811','Alcohol','Full Bar');
INSERT INTO "RESTAURANT_FEATURE" ("RESTAURANT_ID","FEATURE_NAME","DESCRIPTION")VALUES('28349811','Outdoor Seating','Yes');
INSERT INTO "RESTAURANT_FEATURE" ("RESTAURANT_ID","FEATURE_NAME","DESCRIPTION")VALUES('28349811','Wi-Fi','No');
INSERT INTO "RESTAURANT_FEATURE" ("RESTAURANT_ID","FEATURE_NAME","DESCRIPTION")VALUES('28349811','Has TV','No');
INSERT INTO "RESTAURANT_FEATURE" ("RESTAURANT_ID","FEATURE_NAME","DESCRIPTION")VALUES('28349811','Caters','Yes');
INSERT INTO "OPENING_HOUR" ("DAY","RESTAURANT_ID","OPENING_TIME","CLOSING_TIME")VALUES('Mon','28349811','10:00 am','1:00 am');
INSERT INTO "OPENING_HOUR" ("DAY","RESTAURANT_ID","OPENING_TIME","CLOSING_TIME")VALUES('Tue','28349811','10:00 am','1:00 am');
INSERT INTO "OPENING_HOUR" ("DAY","RESTAURANT_ID","OPENING_TIME","CLOSING_TIME")VALUES('Wed','28349811','10:00 am','1:00 am');
INSERT INTO "OPENING_HOUR" ("DAY","RESTAURANT_ID","OPENING_TIME","CLOSING_TIME")VALUES('Thu','28349811','10:00 am','1:00 am');
INSERT INTO "OPENING_HOUR" ("DAY","RESTAURANT_ID","OPENING_TIME","CLOSING_TIME")VALUES('Fri','28349811','10:00 am','1:00 am');
INSERT INTO "OPENING_HOUR" ("DAY","RESTAURANT_ID","OPENING_TIME","CLOSING_TIME")VALUES('Sat','28349811','10:00 am','1:00 am');
INSERT INTO "OPENING_HOUR" ("DAY","RESTAURANT_ID","OPENING_TIME","CLOSING_TIME")VALUES('Sun','28349811','Open now','1:00 am');
INSERT INTO "USER_REVIEW" ("RESTAURANT_ID","REVIEW_DATE","COMMENT","REVIEW_RATING")VALUES('28349811','2017-11-07 23:40:02','Really nice brunch buffet on Sundays, and on warm days there''s plenty of seating outside too. However, on colder days where only the inside is available the...','4');
INSERT INTO "PHOTO" ("RESTAURANT_ID","PICTURE_URL")VALUES('28349811','https://s3-media4.fl.yelpcdn.com/photo/5LErmrFbm2JqA71-IhLLFQ/o.jpg');
INSERT INTO "USER_REVIEW" ("RESTAURANT_ID","REVIEW_DATE","COMMENT","REVIEW_RATING")VALUES('28349811','2017-04-17 06:45:43','Loved this place!

Real local vibe and no better place to enjoy the sun on the weekends.

Right in the centre of a small park, their big terrace has plenty...','5');
INSERT INTO "PHOTO" ("RESTAURANT_ID","PICTURE_URL")VALUES('28349811','https://s3-media3.fl.yelpcdn.com/photo/dWuOwXpKPiVdIhQcPcW5Vw/o.jpg');
INSERT INTO "USER_REVIEW" ("RESTAURANT_ID","REVIEW_DATE","COMMENT","REVIEW_RATING")VALUES('28349811','2017-07-04 02:31:00','Nolas is located in Weinberg park, where many locals take there dogs to exercise for a bit. Nolas is dog friendly, which was important to me. They have...','5');
INSERT INTO "PHOTO" ("RESTAURANT_ID","PICTURE_URL")VALUES('28349811','https://s3-media2.fl.yelpcdn.com/photo/0WDBHfYgIKnIIBlRP71Wdg/o.jpg');
INSERT INTO "LOCATION" ("LOCATION_ID","LOCATION_TYPE","ADDRESS","LONGITUDE","LATITUDE")VALUES('185','R','Turmstr.  1810559 BerlinGermany','13.34909','52.52664');
INSERT INTO "RESTAURANT" ("RESTAURANT_ID","PRICERANGE","PHONE_NUMBER","WEBSITE")VALUES('43105236','€','+49 30 96600331','restaurant-nusantara.de');
INSERT INTO "CUISINE" ("RESTAURANT_ID","CUISINE_TYPE")VALUES('43105236','Indonesian');
INSERT INTO "RESTAURANT_RATING" ("RESTAURANT_ID","SCALE","OVERALL_RATING","SOURCE")VALUES('43105236','5','4.5','Yelp');
INSERT INTO "RESTAURANT_FEATURE" ("RESTAURANT_ID","FEATURE_NAME","DESCRIPTION")VALUES('43105236','Takes Reservations','Yes');
INSERT INTO "RESTAURANT_FEATURE" ("RESTAURANT_ID","FEATURE_NAME","DESCRIPTION")VALUES('43105236','Delivery','No');
INSERT INTO "RESTAURANT_FEATURE" ("RESTAURANT_ID","FEATURE_NAME","DESCRIPTION")VALUES('43105236','Take-out','Yes');
INSERT INTO "RESTAURANT_FEATURE" ("RESTAURANT_ID","FEATURE_NAME","DESCRIPTION")VALUES('43105236','Good For','Dinner');
INSERT INTO "RESTAURANT_FEATURE" ("RESTAURANT_ID","FEATURE_NAME","DESCRIPTION")VALUES('43105236','Good for Kids','Yes');
INSERT INTO "RESTAURANT_FEATURE" ("RESTAURANT_ID","FEATURE_NAME","DESCRIPTION")VALUES('43105236','Good for Groups','Yes');
INSERT INTO "RESTAURANT_FEATURE" ("RESTAURANT_ID","FEATURE_NAME","DESCRIPTION")VALUES('43105236','Attire','Casual');
INSERT INTO "RESTAURANT_FEATURE" ("RESTAURANT_ID","FEATURE_NAME","DESCRIPTION")VALUES('43105236','Ambience','Casual');
INSERT INTO "RESTAURANT_FEATURE" ("RESTAURANT_ID","FEATURE_NAME","DESCRIPTION")VALUES('43105236','Noise Level','Average');
INSERT INTO "RESTAURANT_FEATURE" ("RESTAURANT_ID","FEATURE_NAME","DESCRIPTION")VALUES('43105236','Alcohol','No');
INSERT INTO "RESTAURANT_FEATURE" ("RESTAURANT_ID","FEATURE_NAME","DESCRIPTION")VALUES('43105236','Outdoor Seating','Yes');
INSERT INTO "RESTAURANT_FEATURE" ("RESTAURANT_ID","FEATURE_NAME","DESCRIPTION")VALUES('43105236','Wi-Fi','Free');
INSERT INTO "RESTAURANT_FEATURE" ("RESTAURANT_ID","FEATURE_NAME","DESCRIPTION")VALUES('43105236','Has TV','No');
INSERT INTO "RESTAURANT_FEATURE" ("RESTAURANT_ID","FEATURE_NAME","DESCRIPTION")VALUES('43105236','Caters','Yes');
INSERT INTO "OPENING_HOUR" ("DAY","RESTAURANT_ID","OPENING_TIME","CLOSING_TIME")VALUES('Mon','43105236','12:00 pm','10:00 pm');
INSERT INTO "OPENING_HOUR" ("DAY","RESTAURANT_ID","OPENING_TIME","CLOSING_TIME")VALUES('Tue','43105236','12:00 pm','10:00 pm');
INSERT INTO "OPENING_HOUR" ("DAY","RESTAURANT_ID","OPENING_TIME","CLOSING_TIME")VALUES('Wed','43105236','12:00 pm','10:00 pm');
INSERT INTO "OPENING_HOUR" ("DAY","RESTAURANT_ID","OPENING_TIME","CLOSING_TIME")VALUES('Thu','43105236','12:00 pm','10:00 pm');
INSERT INTO "OPENING_HOUR" ("DAY","RESTAURANT_ID","OPENING_TIME","CLOSING_TIME")VALUES('Fri','43105236','12:00 pm','10:00 pm');
INSERT INTO "OPENING_HOUR" ("DAY","RESTAURANT_ID","OPENING_TIME","CLOSING_TIME")VALUES('Sat','43105236','12:00 pm','10:00 pm');
INSERT INTO "OPENING_HOUR" ("DAY","RESTAURANT_ID","OPENING_TIME","CLOSING_TIME")VALUES('Sun','43105236','Open now','9:00 pm');
INSERT INTO "USER_REVIEW" ("RESTAURANT_ID","REVIEW_DATE","COMMENT","REVIEW_RATING")VALUES('43105236','2017-07-04 09:37:03','Awesome Indonesian food. I had their Mie Nusantra. It was VERY spicy, but I enjoyed it. Meat was cooked well and he flavors were awesome. Prices weren''t too...','5');
INSERT INTO "PHOTO" ("RESTAURANT_ID","PICTURE_URL")VALUES('43105236','https://s3-media2.fl.yelpcdn.com/photo/MRp-M8T_IejiTA4CdvvTYQ/o.jpg');
INSERT INTO "USER_REVIEW" ("RESTAURANT_ID","REVIEW_DATE","COMMENT","REVIEW_RATING")VALUES('43105236','2017-12-29 12:59:22','Geweldig lekker eten. Fantastic food. Great balanced spices. Quickly served. Best flavors I''ve had at a long time.','5');
INSERT INTO "USER_REVIEW" ("RESTAURANT_ID","REVIEW_DATE","COMMENT","REVIEW_RATING")VALUES('43105236','2016-03-15 06:51:24','I had the chance to go out and try a new restaurant for lunch today. Since this place has been bookmarked for a while now, I figured it''s time to make the...','5');
INSERT INTO "PHOTO" ("RESTAURANT_ID","PICTURE_URL")VALUES('43105236','https://s3-media1.fl.yelpcdn.com/photo/ToTju2zYCHa7hPAMdeK58w/o.jpg');
INSERT INTO "LOCATION" ("LOCATION_ID","LOCATION_TYPE","ADDRESS","LONGITUDE","LATITUDE")VALUES('186','R','Bulgarische Straße12435 BerlinGermany','13.4820301308','52.4859978275');
INSERT INTO "RESTAURANT" ("RESTAURANT_ID","PRICERANGE","PHONE_NUMBER","WEBSITE")VALUES('31878256','€€','+49 30 53216490','klipper-berlin.de');
INSERT INTO "CUISINE" ("RESTAURANT_ID","CUISINE_TYPE")VALUES('31878256','German');
INSERT INTO "RESTAURANT_RATING" ("RESTAURANT_ID","SCALE","OVERALL_RATING","SOURCE")VALUES('31878256','5','4.0','Yelp');
INSERT INTO "RESTAURANT_FEATURE" ("RESTAURANT_ID","FEATURE_NAME","DESCRIPTION")VALUES('31878256','Takes Reservations','Yes');
INSERT INTO "RESTAURANT_FEATURE" ("RESTAURANT_ID","FEATURE_NAME","DESCRIPTION")VALUES('31878256','Delivery','No');
INSERT INTO "RESTAURANT_FEATURE" ("RESTAURANT_ID","FEATURE_NAME","DESCRIPTION")VALUES('31878256','Take-out','Yes');
INSERT INTO "RESTAURANT_FEATURE" ("RESTAURANT_ID","FEATURE_NAME","DESCRIPTION")VALUES('31878256','Accepted Cards','Debit');
INSERT INTO "RESTAURANT_FEATURE" ("RESTAURANT_ID","FEATURE_NAME","DESCRIPTION")VALUES('31878256','Good For','Breakfast, Lunch, Dinner');
INSERT INTO "RESTAURANT_FEATURE" ("RESTAURANT_ID","FEATURE_NAME","DESCRIPTION")VALUES('31878256','Parking','Street, Private Lot');
INSERT INTO "RESTAURANT_FEATURE" ("RESTAURANT_ID","FEATURE_NAME","DESCRIPTION")VALUES('31878256','Good for Kids','Yes');
INSERT INTO "RESTAURANT_FEATURE" ("RESTAURANT_ID","FEATURE_NAME","DESCRIPTION")VALUES('31878256','Good for Groups','Yes');
INSERT INTO "RESTAURANT_FEATURE" ("RESTAURANT_ID","FEATURE_NAME","DESCRIPTION")VALUES('31878256','Attire','Casual');
INSERT INTO "RESTAURANT_FEATURE" ("RESTAURANT_ID","FEATURE_NAME","DESCRIPTION")VALUES('31878256','Ambience','Romantic');
INSERT INTO "RESTAURANT_FEATURE" ("RESTAURANT_ID","FEATURE_NAME","DESCRIPTION")VALUES('31878256','Noise Level','Average');
INSERT INTO "RESTAURANT_FEATURE" ("RESTAURANT_ID","FEATURE_NAME","DESCRIPTION")VALUES('31878256','Alcohol','Full Bar');
INSERT INTO "RESTAURANT_FEATURE" ("RESTAURANT_ID","FEATURE_NAME","DESCRIPTION")VALUES('31878256','Outdoor Seating','Yes');
INSERT INTO "RESTAURANT_FEATURE" ("RESTAURANT_ID","FEATURE_NAME","DESCRIPTION")VALUES('31878256','Wi-Fi','Free');
INSERT INTO "RESTAURANT_FEATURE" ("RESTAURANT_ID","FEATURE_NAME","DESCRIPTION")VALUES('31878256','Has TV','No');
INSERT INTO "RESTAURANT_FEATURE" ("RESTAURANT_ID","FEATURE_NAME","DESCRIPTION")VALUES('31878256','Caters','Yes');
INSERT INTO "OPENING_HOUR" ("DAY","RESTAURANT_ID","OPENING_TIME","CLOSING_TIME")VALUES('Mon','31878256','10:00 am','1:00 am');
INSERT INTO "OPENING_HOUR" ("DAY","RESTAURANT_ID","OPENING_TIME","CLOSING_TIME")VALUES('Tue','31878256','10:00 am','1:00 am');
INSERT INTO "OPENING_HOUR" ("DAY","RESTAURANT_ID","OPENING_TIME","CLOSING_TIME")VALUES('Wed','31878256','10:00 am','1:00 am');
INSERT INTO "OPENING_HOUR" ("DAY","RESTAURANT_ID","OPENING_TIME","CLOSING_TIME")VALUES('Thu','31878256','10:00 am','1:00 am');
INSERT INTO "OPENING_HOUR" ("DAY","RESTAURANT_ID","OPENING_TIME","CLOSING_TIME")VALUES('Fri','31878256','10:00 am','1:00 am');
INSERT INTO "OPENING_HOUR" ("DAY","RESTAURANT_ID","OPENING_TIME","CLOSING_TIME")VALUES('Sat','31878256','10:00 am','1:00 am');
INSERT INTO "OPENING_HOUR" ("DAY","RESTAURANT_ID","OPENING_TIME","CLOSING_TIME")VALUES('Sun','31878256','Open now','1:00 am');
INSERT INTO "LOCATION" ("LOCATION_ID","LOCATION_TYPE","ADDRESS","LONGITUDE","LATITUDE")VALUES('187','R','Oderberger Str. 2710435 BerlinGermany','13.40607','52.54015');
INSERT INTO "RESTAURANT" ("RESTAURANT_ID","PRICERANGE","PHONE_NUMBER","WEBSITE")VALUES('56608699','€€','+49 30 44008080','oderquelle.de');
INSERT INTO "CUISINE" ("RESTAURANT_ID","CUISINE_TYPE")VALUES('56608699','German');
INSERT INTO "RESTAURANT_RATING" ("RESTAURANT_ID","SCALE","OVERALL_RATING","SOURCE")VALUES('56608699','5','4.0','Yelp');
INSERT INTO "RESTAURANT_FEATURE" ("RESTAURANT_ID","FEATURE_NAME","DESCRIPTION")VALUES('56608699','Takes Reservations','Yes');
INSERT INTO "RESTAURANT_FEATURE" ("RESTAURANT_ID","FEATURE_NAME","DESCRIPTION")VALUES('56608699','Delivery','No');
INSERT INTO "RESTAURANT_FEATURE" ("RESTAURANT_ID","FEATURE_NAME","DESCRIPTION")VALUES('56608699','Take-out','Yes');
INSERT INTO "RESTAURANT_FEATURE" ("RESTAURANT_ID","FEATURE_NAME","DESCRIPTION")VALUES('56608699','Accepted Cards','Credit, Debit');
INSERT INTO "RESTAURANT_FEATURE" ("RESTAURANT_ID","FEATURE_NAME","DESCRIPTION")VALUES('56608699','Parking','Street');
INSERT INTO "RESTAURANT_FEATURE" ("RESTAURANT_ID","FEATURE_NAME","DESCRIPTION")VALUES('56608699','Good for Kids','Yes');
INSERT INTO "RESTAURANT_FEATURE" ("RESTAURANT_ID","FEATURE_NAME","DESCRIPTION")VALUES('56608699','Good for Groups','Yes');
INSERT INTO "RESTAURANT_FEATURE" ("RESTAURANT_ID","FEATURE_NAME","DESCRIPTION")VALUES('56608699','Attire','Casual');
INSERT INTO "RESTAURANT_FEATURE" ("RESTAURANT_ID","FEATURE_NAME","DESCRIPTION")VALUES('56608699','Ambience','Casual');
INSERT INTO "RESTAURANT_FEATURE" ("RESTAURANT_ID","FEATURE_NAME","DESCRIPTION")VALUES('56608699','Noise Level','Average');
INSERT INTO "RESTAURANT_FEATURE" ("RESTAURANT_ID","FEATURE_NAME","DESCRIPTION")VALUES('56608699','Alcohol','Full Bar');
INSERT INTO "RESTAURANT_FEATURE" ("RESTAURANT_ID","FEATURE_NAME","DESCRIPTION")VALUES('56608699','Outdoor Seating','Yes');
INSERT INTO "RESTAURANT_FEATURE" ("RESTAURANT_ID","FEATURE_NAME","DESCRIPTION")VALUES('56608699','Wi-Fi','Free');
INSERT INTO "RESTAURANT_FEATURE" ("RESTAURANT_ID","FEATURE_NAME","DESCRIPTION")VALUES('56608699','Has TV','No');
INSERT INTO "OPENING_HOUR" ("DAY","RESTAURANT_ID","OPENING_TIME","CLOSING_TIME")VALUES('Mon','56608699','6:00 pm','1:00 am');
INSERT INTO "OPENING_HOUR" ("DAY","RESTAURANT_ID","OPENING_TIME","CLOSING_TIME")VALUES('Tue','56608699','6:00 pm','1:00 am');
INSERT INTO "OPENING_HOUR" ("DAY","RESTAURANT_ID","OPENING_TIME","CLOSING_TIME")VALUES('Wed','56608699','6:00 pm','1:00 am');
INSERT INTO "OPENING_HOUR" ("DAY","RESTAURANT_ID","OPENING_TIME","CLOSING_TIME")VALUES('Thu','56608699','6:00 pm','1:00 am');
INSERT INTO "OPENING_HOUR" ("DAY","RESTAURANT_ID","OPENING_TIME","CLOSING_TIME")VALUES('Fri','56608699','6:00 pm','1:00 am');
INSERT INTO "OPENING_HOUR" ("DAY","RESTAURANT_ID","OPENING_TIME","CLOSING_TIME")VALUES('Sat','56608699','6:00 pm','1:00 am');
INSERT INTO "OPENING_HOUR" ("DAY","RESTAURANT_ID","OPENING_TIME","CLOSING_TIME")VALUES('Sun','56608699','Open now','1:00 am');
INSERT INTO "USER_REVIEW" ("RESTAURANT_ID","REVIEW_DATE","COMMENT","REVIEW_RATING")VALUES('56608699','2017-09-14 11:38:51','We just found this place near where we are staying. I loved the candles, I loved the atmosphere and the food was amazing. The romanesco with my beef was...','4');
INSERT INTO "PHOTO" ("RESTAURANT_ID","PICTURE_URL")VALUES('56608699','https://s3-media2.fl.yelpcdn.com/photo/MZceUoSzQKi9T1hLA36-hA/o.jpg');
INSERT INTO "USER_REVIEW" ("RESTAURANT_ID","REVIEW_DATE","COMMENT","REVIEW_RATING")VALUES('56608699','2017-04-05 22:40:06','We wandered in without a reservation, not because we didn''t try to make one, but because we failed at OpenTable and weren''t sure of a German equivalent......','4');
INSERT INTO "PHOTO" ("RESTAURANT_ID","PICTURE_URL")VALUES('56608699','https://s3-media1.fl.yelpcdn.com/photo/4U8PeqcDO3G50BJ9QKMLUw/o.jpg');
INSERT INTO "USER_REVIEW" ("RESTAURANT_ID","REVIEW_DATE","COMMENT","REVIEW_RATING")VALUES('56608699','2017-08-10 04:20:56','I love the place, quality of food and service.  They also have outside table. Nice and relaxed friendly atmosphere for anyone:)  who love meats!','4');
INSERT INTO "PHOTO" ("RESTAURANT_ID","PICTURE_URL")VALUES('56608699','https://s3-media3.fl.yelpcdn.com/photo/RAGuUnZjpeeUQzARc2gzMg/o.jpg');
INSERT INTO "RESTAURANT_RATING" ("RESTAURANT_ID","SCALE","OVERALL_RATING","SOURCE")VALUES('56608699','5','4.5','Google Map');
INSERT INTO "USER_REVIEW" ("RESTAURANT_ID","REVIEW_DATE","COMMENT","REVIEW_RATING")VALUES('56608699','2017-11-03','Extraordinaire experience. Greatest, “typical” German food and a most friendly stuff - without being a tourist trap. Hard to find in Berlin.','5');
INSERT INTO "USER_REVIEW" ("RESTAURANT_ID","REVIEW_DATE","COMMENT","REVIEW_RATING")VALUES('56608699','2017-10-17','Attention Google diners.  Please do not rate if you a) order fries and beer, b) do not know how to cook for yourself or eat purely for sustenance rather than enjoyment.  I was tricked into coming to this restaurant due to it''s 4.6 / 5 rating, a rating that some 1-star Michelen restaurants don''t get.  Arrived at 17:50 for a 18:00 reservation, was told to wait outside until the restaurant officially opened (opening time 18:00).  I could understand this if they were still setting up, but they were just chilling.  Ordered a Maultaschen Suppe... did not come with a spoon... couldn''t find our waiter until the soup was cold.  Ordered the roast pork and duck.  1/2 Duck was ok, but a bit dried out which is amazing since duck is such a fatty meat and is hard to overcook.  Pork roast was dried out and only edible with their excessively salted gravy.  This is not a case of "this person doesn''t like German food".  I love German food, especially Maultaschen, Duck and Roasts.  I''m just never going to eat it at this restaurant and neither should you.  The only plus was that all the food seemed to be "homemade".','2');
INSERT INTO "USER_REVIEW" ("RESTAURANT_ID","REVIEW_DATE","COMMENT","REVIEW_RATING")VALUES('56608699','2017-03-31','I had roast half duck, husband had beef in beer sauce. We were both delighted.
Nice beer on tap, very nice wine by the glass. 
Though it is mostly a locals place no one blinked at us tourists at all.
Service was fast and professional, yet no rushing.
I like the neighborhood though some call it trendy.
We each had a slice of apple streudel with ice cream, and are very glad we did.','5');
INSERT INTO "USER_REVIEW" ("RESTAURANT_ID","REVIEW_DATE","COMMENT","REVIEW_RATING")VALUES('56608699','2017-08-09','Really lovely meal and very warm welcome – we would recommend this lovely restaurant and will try to go back again.','4');
INSERT INTO "USER_REVIEW" ("RESTAURANT_ID","REVIEW_DATE","COMMENT","REVIEW_RATING")VALUES('56608699','2017-04-23','Gorgeous little neighborhood place with cosy feel and uncomplicated menu. Food is delicious and has the ''home cooked'' feel. Wonderful staff. Like a NY restaurant that you keep to yourself.','5');
INSERT INTO "LOCATION" ("LOCATION_ID","LOCATION_TYPE","ADDRESS","LONGITUDE","LATITUDE")VALUES('188','R','Klosterstr. 68 - 7010179 BerlinGermany','13.4124199155','52.517753268');
INSERT INTO "RESTAURANT" ("RESTAURANT_ID","PRICERANGE","PHONE_NUMBER","WEBSITE")VALUES('68868682','€','+49 30 24749882','podewil-restaurant.de');
INSERT INTO "CUISINE" ("RESTAURANT_ID","CUISINE_TYPE")VALUES('68868682','Modern European');
INSERT INTO "RESTAURANT_RATING" ("RESTAURANT_ID","SCALE","OVERALL_RATING","SOURCE")VALUES('68868682','5','4.5','Yelp');
INSERT INTO "RESTAURANT_FEATURE" ("RESTAURANT_ID","FEATURE_NAME","DESCRIPTION")VALUES('68868682','Takes Reservations','Yes');
INSERT INTO "RESTAURANT_FEATURE" ("RESTAURANT_ID","FEATURE_NAME","DESCRIPTION")VALUES('68868682','Delivery','No');
INSERT INTO "RESTAURANT_FEATURE" ("RESTAURANT_ID","FEATURE_NAME","DESCRIPTION")VALUES('68868682','Take-out','Yes');
INSERT INTO "RESTAURANT_FEATURE" ("RESTAURANT_ID","FEATURE_NAME","DESCRIPTION")VALUES('68868682','Accepts Bitcoin','No');
INSERT INTO "RESTAURANT_FEATURE" ("RESTAURANT_ID","FEATURE_NAME","DESCRIPTION")VALUES('68868682','Parking','Street');
INSERT INTO "RESTAURANT_FEATURE" ("RESTAURANT_ID","FEATURE_NAME","DESCRIPTION")VALUES('68868682','Good for Kids','Yes');
INSERT INTO "RESTAURANT_FEATURE" ("RESTAURANT_ID","FEATURE_NAME","DESCRIPTION")VALUES('68868682','Good for Groups','Yes');
INSERT INTO "RESTAURANT_FEATURE" ("RESTAURANT_ID","FEATURE_NAME","DESCRIPTION")VALUES('68868682','Attire','Casual');
INSERT INTO "RESTAURANT_FEATURE" ("RESTAURANT_ID","FEATURE_NAME","DESCRIPTION")VALUES('68868682','Noise Level','Average');
INSERT INTO "RESTAURANT_FEATURE" ("RESTAURANT_ID","FEATURE_NAME","DESCRIPTION")VALUES('68868682','Alcohol','Beer & Wine Only');
INSERT INTO "RESTAURANT_FEATURE" ("RESTAURANT_ID","FEATURE_NAME","DESCRIPTION")VALUES('68868682','Outdoor Seating','Yes');
INSERT INTO "RESTAURANT_FEATURE" ("RESTAURANT_ID","FEATURE_NAME","DESCRIPTION")VALUES('68868682','Wi-Fi','Free');
INSERT INTO "RESTAURANT_FEATURE" ("RESTAURANT_ID","FEATURE_NAME","DESCRIPTION")VALUES('68868682','Has TV','No');
INSERT INTO "RESTAURANT_FEATURE" ("RESTAURANT_ID","FEATURE_NAME","DESCRIPTION")VALUES('68868682','Caters','Yes');
INSERT INTO "OPENING_HOUR" ("DAY","RESTAURANT_ID","OPENING_TIME","CLOSING_TIME")VALUES('Mon','68868682','10:00 am','5:00 pm');
INSERT INTO "OPENING_HOUR" ("DAY","RESTAURANT_ID","OPENING_TIME","CLOSING_TIME")VALUES('Tue','68868682','10:00 am','5:00 pm');
INSERT INTO "OPENING_HOUR" ("DAY","RESTAURANT_ID","OPENING_TIME","CLOSING_TIME")VALUES('Wed','68868682','10:00 am','5:00 pm');
INSERT INTO "OPENING_HOUR" ("DAY","RESTAURANT_ID","OPENING_TIME","CLOSING_TIME")VALUES('Thu','68868682','10:00 am','5:00 pm');
INSERT INTO "OPENING_HOUR" ("DAY","RESTAURANT_ID","OPENING_TIME","CLOSING_TIME")VALUES('Fri','68868682','9:00 am','5:00 pm');
INSERT INTO "RESTAURANT_RATING" ("RESTAURANT_ID","SCALE","OVERALL_RATING","SOURCE")VALUES('68868682','5','3.9','Google Map');
INSERT INTO "USER_REVIEW" ("RESTAURANT_ID","REVIEW_DATE","COMMENT","REVIEW_RATING")VALUES('68868682','2017-04-08','Essen auf solidem Niveau für das schnelle Mittagessen. Freundlichkeit des Personals ist recht unterschiedlich. Mittags häufig sehr gut besucht.','4');
INSERT INTO "USER_REVIEW" ("RESTAURANT_ID","REVIEW_DATE","COMMENT","REVIEW_RATING")VALUES('68868682','2018-01-09','','4');
INSERT INTO "USER_REVIEW" ("RESTAURANT_ID","REVIEW_DATE","COMMENT","REVIEW_RATING")VALUES('68868682','2017-12-08','','5');
INSERT INTO "USER_REVIEW" ("RESTAURANT_ID","REVIEW_DATE","COMMENT","REVIEW_RATING")VALUES('68868682','2017-11-18','','3');
INSERT INTO "USER_REVIEW" ("RESTAURANT_ID","REVIEW_DATE","COMMENT","REVIEW_RATING")VALUES('68868682','2017-11-08','','2');
INSERT INTO "LOCATION" ("LOCATION_ID","LOCATION_TYPE","ADDRESS","LONGITUDE","LATITUDE")VALUES('189','R','Max-Beer-Str. 1310119 BerlinGermany','13.40816','52.52551');
INSERT INTO "RESTAURANT" ("RESTAURANT_ID","PRICERANGE","PHONE_NUMBER","WEBSITE")VALUES('23146166','€€€€','+49 30 24337766','shioriberlin.com');
INSERT INTO "CUISINE" ("RESTAURANT_ID","CUISINE_TYPE")VALUES('23146166','Japanese');
INSERT INTO "RESTAURANT_RATING" ("RESTAURANT_ID","SCALE","OVERALL_RATING","SOURCE")VALUES('23146166','5','5.0','Yelp');
INSERT INTO "RESTAURANT_FEATURE" ("RESTAURANT_ID","FEATURE_NAME","DESCRIPTION")VALUES('23146166','Takes Reservations','Yes');
INSERT INTO "RESTAURANT_FEATURE" ("RESTAURANT_ID","FEATURE_NAME","DESCRIPTION")VALUES('23146166','Delivery','No');
INSERT INTO "RESTAURANT_FEATURE" ("RESTAURANT_ID","FEATURE_NAME","DESCRIPTION")VALUES('23146166','Take-out','No');
INSERT INTO "RESTAURANT_FEATURE" ("RESTAURANT_ID","FEATURE_NAME","DESCRIPTION")VALUES('23146166','Good for Kids','No');
INSERT INTO "RESTAURANT_FEATURE" ("RESTAURANT_ID","FEATURE_NAME","DESCRIPTION")VALUES('23146166','Good for Groups','No');
INSERT INTO "RESTAURANT_FEATURE" ("RESTAURANT_ID","FEATURE_NAME","DESCRIPTION")VALUES('23146166','Attire','Casual');
INSERT INTO "RESTAURANT_FEATURE" ("RESTAURANT_ID","FEATURE_NAME","DESCRIPTION")VALUES('23146166','Noise Level','Quiet');
INSERT INTO "RESTAURANT_FEATURE" ("RESTAURANT_ID","FEATURE_NAME","DESCRIPTION")VALUES('23146166','Alcohol','Beer & Wine Only');
INSERT INTO "RESTAURANT_FEATURE" ("RESTAURANT_ID","FEATURE_NAME","DESCRIPTION")VALUES('23146166','Outdoor Seating','No');
INSERT INTO "RESTAURANT_FEATURE" ("RESTAURANT_ID","FEATURE_NAME","DESCRIPTION")VALUES('23146166','Has TV','No');
INSERT INTO "RESTAURANT_FEATURE" ("RESTAURANT_ID","FEATURE_NAME","DESCRIPTION")VALUES('23146166','Waiter Service','Yes');
INSERT INTO "RESTAURANT_FEATURE" ("RESTAURANT_ID","FEATURE_NAME","DESCRIPTION")VALUES('23146166','Caters','No');
INSERT INTO "USER_REVIEW" ("RESTAURANT_ID","REVIEW_DATE","COMMENT","REVIEW_RATING")VALUES('23146166','2017-10-17 13:49:20','It was a really unique and amazing dining experience. Everything from the entrees to the ceramics to the ambience was thoroughly thought out. The dishes...','5');
INSERT INTO "PHOTO" ("RESTAURANT_ID","PICTURE_URL")VALUES('23146166','https://s3-media2.fl.yelpcdn.com/photo/amBmfIgdXwQQRoE6xX4nsw/o.jpg');
INSERT INTO "USER_REVIEW" ("RESTAURANT_ID","REVIEW_DATE","COMMENT","REVIEW_RATING")VALUES('23146166','2017-07-15 23:19:26','My spouse took me here earlier this week. This is a Japanese kaiseki restaurant that only has one sitting per night, 10 people per sitting. We scored a...','4');
INSERT INTO "PHOTO" ("RESTAURANT_ID","PICTURE_URL")VALUES('23146166','https://s3-media1.fl.yelpcdn.com/photo/ToTju2zYCHa7hPAMdeK58w/o.jpg');
INSERT INTO "USER_REVIEW" ("RESTAURANT_ID","REVIEW_DATE","COMMENT","REVIEW_RATING")VALUES('23146166','2017-10-20 16:43:10','Simply amazing! Every course was masterfully crafted and tasteful. The staff and chief were extremely friendly and cared for every patrons'' needs. Truly a...','5');
INSERT INTO "PHOTO" ("RESTAURANT_ID","PICTURE_URL")VALUES('23146166','https://s3-media2.fl.yelpcdn.com/photo/i2IzCpORLGmI7eEPdeZvFA/o.jpg');
INSERT INTO "LOCATION" ("LOCATION_ID","LOCATION_TYPE","ADDRESS","LONGITUDE","LATITUDE")VALUES('190','R','Scharnweberstr. 6-713405 BerlinGermany','13.3311357','52.5625267');
INSERT INTO "RESTAURANT" ("RESTAURANT_ID","PRICERANGE","PHONE_NUMBER","WEBSITE")VALUES('21158979','€€','+49 30 49851978','papadam-berlin.de');
INSERT INTO "CUISINE" ("RESTAURANT_ID","CUISINE_TYPE")VALUES('21158979','Indian');
INSERT INTO "CUISINE" ("RESTAURANT_ID","CUISINE_TYPE")VALUES('21158979','Cocktail Bars');
INSERT INTO "CUISINE" ("RESTAURANT_ID","CUISINE_TYPE")VALUES('21158979','Bowling');
INSERT INTO "RESTAURANT_RATING" ("RESTAURANT_ID","SCALE","OVERALL_RATING","SOURCE")VALUES('21158979','5','4.5','Yelp');
INSERT INTO "RESTAURANT_FEATURE" ("RESTAURANT_ID","FEATURE_NAME","DESCRIPTION")VALUES('21158979','Takes Reservations','Yes');
INSERT INTO "RESTAURANT_FEATURE" ("RESTAURANT_ID","FEATURE_NAME","DESCRIPTION")VALUES('21158979','Delivery','No');
INSERT INTO "RESTAURANT_FEATURE" ("RESTAURANT_ID","FEATURE_NAME","DESCRIPTION")VALUES('21158979','Take-out','Yes');
INSERT INTO "RESTAURANT_FEATURE" ("RESTAURANT_ID","FEATURE_NAME","DESCRIPTION")VALUES('21158979','Accepted Cards','Debit');
INSERT INTO "RESTAURANT_FEATURE" ("RESTAURANT_ID","FEATURE_NAME","DESCRIPTION")VALUES('21158979','Accepts Bitcoin','No');
INSERT INTO "RESTAURANT_FEATURE" ("RESTAURANT_ID","FEATURE_NAME","DESCRIPTION")VALUES('21158979','Good For','Lunch, Dinner');
INSERT INTO "RESTAURANT_FEATURE" ("RESTAURANT_ID","FEATURE_NAME","DESCRIPTION")VALUES('21158979','Parking','Street');
INSERT INTO "RESTAURANT_FEATURE" ("RESTAURANT_ID","FEATURE_NAME","DESCRIPTION")VALUES('21158979','Wheelchair Accessible','Yes');
INSERT INTO "RESTAURANT_FEATURE" ("RESTAURANT_ID","FEATURE_NAME","DESCRIPTION")VALUES('21158979','Good for Kids','Yes');
INSERT INTO "RESTAURANT_FEATURE" ("RESTAURANT_ID","FEATURE_NAME","DESCRIPTION")VALUES('21158979','Good for Groups','Yes');
INSERT INTO "RESTAURANT_FEATURE" ("RESTAURANT_ID","FEATURE_NAME","DESCRIPTION")VALUES('21158979','Attire','Casual');
INSERT INTO "RESTAURANT_FEATURE" ("RESTAURANT_ID","FEATURE_NAME","DESCRIPTION")VALUES('21158979','Ambience','Casual');
INSERT INTO "RESTAURANT_FEATURE" ("RESTAURANT_ID","FEATURE_NAME","DESCRIPTION")VALUES('21158979','Noise Level','Average');
INSERT INTO "RESTAURANT_FEATURE" ("RESTAURANT_ID","FEATURE_NAME","DESCRIPTION")VALUES('21158979','Music','Background');
INSERT INTO "RESTAURANT_FEATURE" ("RESTAURANT_ID","FEATURE_NAME","DESCRIPTION")VALUES('21158979','Good For Dancing','No');
INSERT INTO "RESTAURANT_FEATURE" ("RESTAURANT_ID","FEATURE_NAME","DESCRIPTION")VALUES('21158979','Alcohol','Full Bar');
INSERT INTO "RESTAURANT_FEATURE" ("RESTAURANT_ID","FEATURE_NAME","DESCRIPTION")VALUES('21158979','Happy Hour','No');
INSERT INTO "RESTAURANT_FEATURE" ("RESTAURANT_ID","FEATURE_NAME","DESCRIPTION")VALUES('21158979','Coat Check','Yes');
INSERT INTO "RESTAURANT_FEATURE" ("RESTAURANT_ID","FEATURE_NAME","DESCRIPTION")VALUES('21158979','Smoking','Outdoor Area / Patio Only');
INSERT INTO "RESTAURANT_FEATURE" ("RESTAURANT_ID","FEATURE_NAME","DESCRIPTION")VALUES('21158979','Outdoor Seating','Yes');
INSERT INTO "RESTAURANT_FEATURE" ("RESTAURANT_ID","FEATURE_NAME","DESCRIPTION")VALUES('21158979','Wi-Fi','No');
INSERT INTO "RESTAURANT_FEATURE" ("RESTAURANT_ID","FEATURE_NAME","DESCRIPTION")VALUES('21158979','Has TV','No');
INSERT INTO "RESTAURANT_FEATURE" ("RESTAURANT_ID","FEATURE_NAME","DESCRIPTION")VALUES('21158979','Dogs Allowed','Yes');
INSERT INTO "RESTAURANT_FEATURE" ("RESTAURANT_ID","FEATURE_NAME","DESCRIPTION")VALUES('21158979','Waiter Service','Yes');
INSERT INTO "RESTAURANT_FEATURE" ("RESTAURANT_ID","FEATURE_NAME","DESCRIPTION")VALUES('21158979','Caters','Yes');
INSERT INTO "RESTAURANT_FEATURE" ("RESTAURANT_ID","FEATURE_NAME","DESCRIPTION")VALUES('21158979','Has Pool Table','No');
INSERT INTO "OPENING_HOUR" ("DAY","RESTAURANT_ID","OPENING_TIME","CLOSING_TIME")VALUES('Mon','21158979','12:00 pm','11:00 pm');
INSERT INTO "OPENING_HOUR" ("DAY","RESTAURANT_ID","OPENING_TIME","CLOSING_TIME")VALUES('Tue','21158979','12:00 pm','11:00 pm');
INSERT INTO "OPENING_HOUR" ("DAY","RESTAURANT_ID","OPENING_TIME","CLOSING_TIME")VALUES('Wed','21158979','12:00 pm','11:00 pm');
INSERT INTO "OPENING_HOUR" ("DAY","RESTAURANT_ID","OPENING_TIME","CLOSING_TIME")VALUES('Thu','21158979','12:00 pm','11:00 pm');
INSERT INTO "OPENING_HOUR" ("DAY","RESTAURANT_ID","OPENING_TIME","CLOSING_TIME")VALUES('Fri','21158979','12:00 pm','12:00 am');
INSERT INTO "OPENING_HOUR" ("DAY","RESTAURANT_ID","OPENING_TIME","CLOSING_TIME")VALUES('Sat','21158979','12:00 pm','12:00 am');
INSERT INTO "OPENING_HOUR" ("DAY","RESTAURANT_ID","OPENING_TIME","CLOSING_TIME")VALUES('Sun','21158979','Open now','11:00 pm');
INSERT INTO "USER_REVIEW" ("RESTAURANT_ID","REVIEW_DATE","COMMENT","REVIEW_RATING")VALUES('21158979','2017-10-22 02:13:54','This place is just around the corner of where I live so I''ve been there a couple of times. The food is really good and the service is wonderful. The...','4');
INSERT INTO "PHOTO" ("RESTAURANT_ID","PICTURE_URL")VALUES('21158979','https://s3-media1.fl.yelpcdn.com/photo/sF2Tz6xQkE_3rnLm9qyvKw/o.jpg');
INSERT INTO "USER_REVIEW" ("RESTAURANT_ID","REVIEW_DATE","COMMENT","REVIEW_RATING")VALUES('21158979','2017-02-23 16:39:38','Just had a horrible experience here tonight.  After our meal consisting of dry rice and flavor-lacking entrees the waiter came to our table.  He informed us...','1');
INSERT INTO "PHOTO" ("RESTAURANT_ID","PICTURE_URL")VALUES('21158979','https://s3-media3.fl.yelpcdn.com/photo/Yfbc9lgTmLgz95dQ8KAbAw/o.jpg');
INSERT INTO "LOCATION" ("LOCATION_ID","LOCATION_TYPE","ADDRESS","LONGITUDE","LATITUDE")VALUES('191','R','Paulstr. 2210557 BerlinGermany','13.35604','52.52041');
INSERT INTO "RESTAURANT" ("RESTAURANT_ID","PRICERANGE","PHONE_NUMBER","WEBSITE")VALUES('79040290','€€','+49 30 3933922','angkorwatrestaurant.de');
INSERT INTO "CUISINE" ("RESTAURANT_ID","CUISINE_TYPE")VALUES('79040290','Cambodian');
INSERT INTO "CUISINE" ("RESTAURANT_ID","CUISINE_TYPE")VALUES('79040290','Pan Asian');
INSERT INTO "RESTAURANT_RATING" ("RESTAURANT_ID","SCALE","OVERALL_RATING","SOURCE")VALUES('79040290','5','4.0','Yelp');
INSERT INTO "RESTAURANT_FEATURE" ("RESTAURANT_ID","FEATURE_NAME","DESCRIPTION")VALUES('79040290','Takes Reservations','Yes');
INSERT INTO "RESTAURANT_FEATURE" ("RESTAURANT_ID","FEATURE_NAME","DESCRIPTION")VALUES('79040290','Delivery','No');
INSERT INTO "RESTAURANT_FEATURE" ("RESTAURANT_ID","FEATURE_NAME","DESCRIPTION")VALUES('79040290','Take-out','Yes');
INSERT INTO "RESTAURANT_FEATURE" ("RESTAURANT_ID","FEATURE_NAME","DESCRIPTION")VALUES('79040290','Accepted Cards','Credit, Debit');
INSERT INTO "RESTAURANT_FEATURE" ("RESTAURANT_ID","FEATURE_NAME","DESCRIPTION")VALUES('79040290','Parking','Street');
INSERT INTO "RESTAURANT_FEATURE" ("RESTAURANT_ID","FEATURE_NAME","DESCRIPTION")VALUES('79040290','Good for Kids','Yes');
INSERT INTO "RESTAURANT_FEATURE" ("RESTAURANT_ID","FEATURE_NAME","DESCRIPTION")VALUES('79040290','Good for Groups','Yes');
INSERT INTO "RESTAURANT_FEATURE" ("RESTAURANT_ID","FEATURE_NAME","DESCRIPTION")VALUES('79040290','Attire','Casual');
INSERT INTO "RESTAURANT_FEATURE" ("RESTAURANT_ID","FEATURE_NAME","DESCRIPTION")VALUES('79040290','Ambience','Casual');
INSERT INTO "RESTAURANT_FEATURE" ("RESTAURANT_ID","FEATURE_NAME","DESCRIPTION")VALUES('79040290','Noise Level','Quiet');
INSERT INTO "RESTAURANT_FEATURE" ("RESTAURANT_ID","FEATURE_NAME","DESCRIPTION")VALUES('79040290','Alcohol','Full Bar');
INSERT INTO "RESTAURANT_FEATURE" ("RESTAURANT_ID","FEATURE_NAME","DESCRIPTION")VALUES('79040290','Outdoor Seating','No');
INSERT INTO "RESTAURANT_FEATURE" ("RESTAURANT_ID","FEATURE_NAME","DESCRIPTION")VALUES('79040290','Wi-Fi','No');
INSERT INTO "RESTAURANT_FEATURE" ("RESTAURANT_ID","FEATURE_NAME","DESCRIPTION")VALUES('79040290','Has TV','No');
INSERT INTO "RESTAURANT_FEATURE" ("RESTAURANT_ID","FEATURE_NAME","DESCRIPTION")VALUES('79040290','Caters','No');
INSERT INTO "OPENING_HOUR" ("DAY","RESTAURANT_ID","OPENING_TIME","CLOSING_TIME")VALUES('Mon','79040290','6:00 pm','11:00 pm');
INSERT INTO "OPENING_HOUR" ("DAY","RESTAURANT_ID","OPENING_TIME","CLOSING_TIME")VALUES('Tue','79040290','6:00 pm','11:00 pm');
INSERT INTO "OPENING_HOUR" ("DAY","RESTAURANT_ID","OPENING_TIME","CLOSING_TIME")VALUES('Wed','79040290','6:00 pm','11:00 pm');
INSERT INTO "OPENING_HOUR" ("DAY","RESTAURANT_ID","OPENING_TIME","CLOSING_TIME")VALUES('Thu','79040290','6:00 pm','11:00 pm');
INSERT INTO "OPENING_HOUR" ("DAY","RESTAURANT_ID","OPENING_TIME","CLOSING_TIME")VALUES('Fri','79040290','12:00 pm','11:00 pm');
INSERT INTO "OPENING_HOUR" ("DAY","RESTAURANT_ID","OPENING_TIME","CLOSING_TIME")VALUES('Sat','79040290','Open now','11:00 pm');
INSERT INTO "USER_REVIEW" ("RESTAURANT_ID","REVIEW_DATE","COMMENT","REVIEW_RATING")VALUES('79040290','2013-11-09 07:35:32','I was here last night for dinner. I already had this restaurant in my radar, and so when the opportunity came to try it out with my companion, we made a...','4');
INSERT INTO "PHOTO" ("RESTAURANT_ID","PICTURE_URL")VALUES('79040290','https://s3-media1.fl.yelpcdn.com/photo/ToTju2zYCHa7hPAMdeK58w/o.jpg');
INSERT INTO "USER_REVIEW" ("RESTAURANT_ID","REVIEW_DATE","COMMENT","REVIEW_RATING")VALUES('79040290','2015-03-01 14:18:00','Very good Berlin Cambodian restaurant that''s a great alternative for dining.  We ate here twice while visiting Berlin and both times the food was very good....','4');
INSERT INTO "PHOTO" ("RESTAURANT_ID","PICTURE_URL")VALUES('79040290','https://s3-media1.fl.yelpcdn.com/photo/rCVSnIoJAlg-UjhIRj8O0w/o.jpg');
INSERT INTO "USER_REVIEW" ("RESTAURANT_ID","REVIEW_DATE","COMMENT","REVIEW_RATING")VALUES('79040290','2011-12-13 20:46:24','I went here b/c it was raining and the Motel One next door doesn''t have a kitchen so I couldn''t get dinner.  Not wanting to brave the rain, I went next for...','3');
INSERT INTO "PHOTO" ("RESTAURANT_ID","PICTURE_URL")VALUES('79040290','https://s3-media1.fl.yelpcdn.com/photo/lOX3xaewyU-TU0QZcT3VYg/o.jpg');
INSERT INTO "RESTAURANT_RATING" ("RESTAURANT_ID","SCALE","OVERALL_RATING","SOURCE")VALUES('79040290','5','4.4','Google Map');
INSERT INTO "USER_REVIEW" ("RESTAURANT_ID","REVIEW_DATE","COMMENT","REVIEW_RATING")VALUES('79040290','2017-12-10','My first taste of Cambodian food and hopefully not my last. Lovely place and the set menus are a great option','5');
INSERT INTO "USER_REVIEW" ("RESTAURANT_ID","REVIEW_DATE","COMMENT","REVIEW_RATING")VALUES('79040290','2017-11-03','The food was very tasty! They have good service. Definitely a recommendation!','5');
INSERT INTO "USER_REVIEW" ("RESTAURANT_ID","REVIEW_DATE","COMMENT","REVIEW_RATING")VALUES('79040290','2017-07-07','Tasty food and friendly, competent service. ','4');
INSERT INTO "USER_REVIEW" ("RESTAURANT_ID","REVIEW_DATE","COMMENT","REVIEW_RATING")VALUES('79040290','2017-03-12','Absolutely disappointing. After being in Cambodia and trying the cuisine there,
some of the dishes are a disgrace. How can somebody cook Lok Lak without pepper? Embarrassing. Never authentic and never again. The staff isn''t showing hospitality. The interior design is too much plastic for my taste. If you wanna eat better try Goodtime at city center!','1');
INSERT INTO "USER_REVIEW" ("RESTAURANT_ID","REVIEW_DATE","COMMENT","REVIEW_RATING")VALUES('79040290','2017-06-10','Very nice food and friendly staff.','5');
INSERT INTO "LOCATION" ("LOCATION_ID","LOCATION_TYPE","ADDRESS","LONGITUDE","LATITUDE")VALUES('192','R','Gerichtstr. 6013347 BerlinGermany','13.3713234888','52.5442354043');
INSERT INTO "RESTAURANT" ("RESTAURANT_ID","PRICERANGE","PHONE_NUMBER","WEBSITE")VALUES('12038027','€€','+49 30 64491107','None');
INSERT INTO "CUISINE" ("RESTAURANT_ID","CUISINE_TYPE")VALUES('12038027','American (Traditional)');
INSERT INTO "CUISINE" ("RESTAURANT_ID","CUISINE_TYPE")VALUES('12038027','Burgers');
INSERT INTO "RESTAURANT_RATING" ("RESTAURANT_ID","SCALE","OVERALL_RATING","SOURCE")VALUES('12038027','5','4.5','Yelp');
INSERT INTO "RESTAURANT_FEATURE" ("RESTAURANT_ID","FEATURE_NAME","DESCRIPTION")VALUES('12038027','Takes Reservations','Yes');
INSERT INTO "RESTAURANT_FEATURE" ("RESTAURANT_ID","FEATURE_NAME","DESCRIPTION")VALUES('12038027','Delivery','No');
INSERT INTO "RESTAURANT_FEATURE" ("RESTAURANT_ID","FEATURE_NAME","DESCRIPTION")VALUES('12038027','Take-out','Yes');
INSERT INTO "RESTAURANT_FEATURE" ("RESTAURANT_ID","FEATURE_NAME","DESCRIPTION")VALUES('12038027','Good for Kids','Yes');
INSERT INTO "RESTAURANT_FEATURE" ("RESTAURANT_ID","FEATURE_NAME","DESCRIPTION")VALUES('12038027','Good for Groups','Yes');
INSERT INTO "RESTAURANT_FEATURE" ("RESTAURANT_ID","FEATURE_NAME","DESCRIPTION")VALUES('12038027','Attire','Casual');
INSERT INTO "RESTAURANT_FEATURE" ("RESTAURANT_ID","FEATURE_NAME","DESCRIPTION")VALUES('12038027','Noise Level','Average');
INSERT INTO "RESTAURANT_FEATURE" ("RESTAURANT_ID","FEATURE_NAME","DESCRIPTION")VALUES('12038027','Alcohol','Beer & Wine Only');
INSERT INTO "RESTAURANT_FEATURE" ("RESTAURANT_ID","FEATURE_NAME","DESCRIPTION")VALUES('12038027','Outdoor Seating','Yes');
INSERT INTO "RESTAURANT_FEATURE" ("RESTAURANT_ID","FEATURE_NAME","DESCRIPTION")VALUES('12038027','Has TV','No');
INSERT INTO "RESTAURANT_FEATURE" ("RESTAURANT_ID","FEATURE_NAME","DESCRIPTION")VALUES('12038027','Waiter Service','No');
INSERT INTO "RESTAURANT_FEATURE" ("RESTAURANT_ID","FEATURE_NAME","DESCRIPTION")VALUES('12038027','Drive-Thru','No');
INSERT INTO "OPENING_HOUR" ("DAY","RESTAURANT_ID","OPENING_TIME","CLOSING_TIME")VALUES('Mon','12038027','12:00 pm','10:00 pm');
INSERT INTO "OPENING_HOUR" ("DAY","RESTAURANT_ID","OPENING_TIME","CLOSING_TIME")VALUES('Tue','12038027','12:00 pm','10:00 pm');
INSERT INTO "OPENING_HOUR" ("DAY","RESTAURANT_ID","OPENING_TIME","CLOSING_TIME")VALUES('Wed','12038027','12:00 pm','10:00 pm');
INSERT INTO "OPENING_HOUR" ("DAY","RESTAURANT_ID","OPENING_TIME","CLOSING_TIME")VALUES('Thu','12038027','12:00 pm','10:00 pm');
INSERT INTO "OPENING_HOUR" ("DAY","RESTAURANT_ID","OPENING_TIME","CLOSING_TIME")VALUES('Fri','12038027','12:00 pm','10:00 pm');
INSERT INTO "USER_REVIEW" ("RESTAURANT_ID","REVIEW_DATE","COMMENT","REVIEW_RATING")VALUES('12038027','2017-08-16 08:27:10','Very nice staff, excellent food, love to detail. In my opinion, the best burger in all of Berlin!','5');
INSERT INTO "PHOTO" ("RESTAURANT_ID","PICTURE_URL")VALUES('12038027','https://s3-media2.fl.yelpcdn.com/photo/JBkwzrffF4FDrd_X273zHQ/o.jpg');
INSERT INTO "LOCATION" ("LOCATION_ID","LOCATION_TYPE","ADDRESS","LONGITUDE","LATITUDE")VALUES('193','R','Quedlinburger Str. 38 - 4810589 BerlinGermany','13.3067505308','52.5233939754');
INSERT INTO "RESTAURANT" ("RESTAURANT_ID","PRICERANGE","PHONE_NUMBER","WEBSITE")VALUES('87128971','€','+49 30 33091196','None');
INSERT INTO "CUISINE" ("RESTAURANT_ID","CUISINE_TYPE")VALUES('87128971','Vietnamese');
INSERT INTO "RESTAURANT_RATING" ("RESTAURANT_ID","SCALE","OVERALL_RATING","SOURCE")VALUES('87128971','5','4.5','Yelp');
INSERT INTO "RESTAURANT_FEATURE" ("RESTAURANT_ID","FEATURE_NAME","DESCRIPTION")VALUES('87128971','Takes Reservations','Yes');
INSERT INTO "RESTAURANT_FEATURE" ("RESTAURANT_ID","FEATURE_NAME","DESCRIPTION")VALUES('87128971','Delivery','Yes');
INSERT INTO "RESTAURANT_FEATURE" ("RESTAURANT_ID","FEATURE_NAME","DESCRIPTION")VALUES('87128971','Take-out','Yes');
INSERT INTO "RESTAURANT_FEATURE" ("RESTAURANT_ID","FEATURE_NAME","DESCRIPTION")VALUES('87128971','Accepted Cards','None');
INSERT INTO "RESTAURANT_FEATURE" ("RESTAURANT_ID","FEATURE_NAME","DESCRIPTION")VALUES('87128971','Good for Kids','Yes');
INSERT INTO "RESTAURANT_FEATURE" ("RESTAURANT_ID","FEATURE_NAME","DESCRIPTION")VALUES('87128971','Good for Groups','Yes');
INSERT INTO "RESTAURANT_FEATURE" ("RESTAURANT_ID","FEATURE_NAME","DESCRIPTION")VALUES('87128971','Attire','Casual');
INSERT INTO "RESTAURANT_FEATURE" ("RESTAURANT_ID","FEATURE_NAME","DESCRIPTION")VALUES('87128971','Noise Level','Average');
INSERT INTO "RESTAURANT_FEATURE" ("RESTAURANT_ID","FEATURE_NAME","DESCRIPTION")VALUES('87128971','Alcohol','Full Bar');
INSERT INTO "RESTAURANT_FEATURE" ("RESTAURANT_ID","FEATURE_NAME","DESCRIPTION")VALUES('87128971','Outdoor Seating','No');
INSERT INTO "RESTAURANT_FEATURE" ("RESTAURANT_ID","FEATURE_NAME","DESCRIPTION")VALUES('87128971','Wi-Fi','No');
INSERT INTO "RESTAURANT_FEATURE" ("RESTAURANT_ID","FEATURE_NAME","DESCRIPTION")VALUES('87128971','Has TV','No');
INSERT INTO "OPENING_HOUR" ("DAY","RESTAURANT_ID","OPENING_TIME","CLOSING_TIME")VALUES('Mon','87128971','11:00 am','10:00 pm');
INSERT INTO "OPENING_HOUR" ("DAY","RESTAURANT_ID","OPENING_TIME","CLOSING_TIME")VALUES('Tue','87128971','11:00 am','10:00 pm');
INSERT INTO "OPENING_HOUR" ("DAY","RESTAURANT_ID","OPENING_TIME","CLOSING_TIME")VALUES('Wed','87128971','11:00 am','10:00 pm');
INSERT INTO "OPENING_HOUR" ("DAY","RESTAURANT_ID","OPENING_TIME","CLOSING_TIME")VALUES('Thu','87128971','11:00 am','10:00 pm');
INSERT INTO "OPENING_HOUR" ("DAY","RESTAURANT_ID","OPENING_TIME","CLOSING_TIME")VALUES('Fri','87128971','11:00 am','10:00 pm');
INSERT INTO "OPENING_HOUR" ("DAY","RESTAURANT_ID","OPENING_TIME","CLOSING_TIME")VALUES('Sat','87128971','1:00 pm','10:00 pm');
INSERT INTO "USER_REVIEW" ("RESTAURANT_ID","REVIEW_DATE","COMMENT","REVIEW_RATING")VALUES('87128971','2016-05-22 07:06:38','Great little mom and pop shop, not too expensive and food is made to order. 
A lot of locals eat there so that says a lot about the place! Give it a try! :)...','5');
INSERT INTO "PHOTO" ("RESTAURANT_ID","PICTURE_URL")VALUES('87128971','https://s3-media2.fl.yelpcdn.com/photo/JWroRrjz-dVEQxFqPM1_Fg/o.jpg');
INSERT INTO "USER_REVIEW" ("RESTAURANT_ID","REVIEW_DATE","COMMENT","REVIEW_RATING")VALUES('87128971','2015-08-01 10:51:00','Very good place. The pho was different from what I expected (I have eaten a lot of pho in America), a bit spicy but still tasty. I highly recommend the...','4');
INSERT INTO "PHOTO" ("RESTAURANT_ID","PICTURE_URL")VALUES('87128971','https://s3-media1.fl.yelpcdn.com/photo/7dQAueVAS33UiQgsplWUTg/o.jpg');
INSERT INTO "USER_REVIEW" ("RESTAURANT_ID","REVIEW_DATE","COMMENT","REVIEW_RATING")VALUES('87128971','2015-09-29 03:42:17','Excellent Vietnamese food. Tasty, fresh. Can only recommend their apple shake as well!','5');
INSERT INTO "PHOTO" ("RESTAURANT_ID","PICTURE_URL")VALUES('87128971','https://s3-media4.fl.yelpcdn.com/photo/7LVOQ3pLQQnCqnii-mJZPw/o.jpg');
INSERT INTO "LOCATION" ("LOCATION_ID","LOCATION_TYPE","ADDRESS","LONGITUDE","LATITUDE")VALUES('194','R','Pfalzburger Str. 2410719 BerlinGermany','13.321648','52.493402');
INSERT INTO "RESTAURANT" ("RESTAURANT_ID","PRICERANGE","PHONE_NUMBER","WEBSITE")VALUES('89065271','€€','+49 30 12086883','None');
INSERT INTO "CUISINE" ("RESTAURANT_ID","CUISINE_TYPE")VALUES('89065271','German');
INSERT INTO "RESTAURANT_RATING" ("RESTAURANT_ID","SCALE","OVERALL_RATING","SOURCE")VALUES('89065271','5','5.0','Yelp');
INSERT INTO "RESTAURANT_FEATURE" ("RESTAURANT_ID","FEATURE_NAME","DESCRIPTION")VALUES('89065271','Takes Reservations','Yes');
INSERT INTO "RESTAURANT_FEATURE" ("RESTAURANT_ID","FEATURE_NAME","DESCRIPTION")VALUES('89065271','Delivery','No');
INSERT INTO "RESTAURANT_FEATURE" ("RESTAURANT_ID","FEATURE_NAME","DESCRIPTION")VALUES('89065271','Take-out','Yes');
INSERT INTO "RESTAURANT_FEATURE" ("RESTAURANT_ID","FEATURE_NAME","DESCRIPTION")VALUES('89065271','Wheelchair Accessible','Yes');
INSERT INTO "RESTAURANT_FEATURE" ("RESTAURANT_ID","FEATURE_NAME","DESCRIPTION")VALUES('89065271','Good for Kids','No');
INSERT INTO "RESTAURANT_FEATURE" ("RESTAURANT_ID","FEATURE_NAME","DESCRIPTION")VALUES('89065271','Good for Groups','No');
INSERT INTO "RESTAURANT_FEATURE" ("RESTAURANT_ID","FEATURE_NAME","DESCRIPTION")VALUES('89065271','Attire','Casual');
INSERT INTO "RESTAURANT_FEATURE" ("RESTAURANT_ID","FEATURE_NAME","DESCRIPTION")VALUES('89065271','Ambience','Casual');
INSERT INTO "RESTAURANT_FEATURE" ("RESTAURANT_ID","FEATURE_NAME","DESCRIPTION")VALUES('89065271','Noise Level','Average');
INSERT INTO "RESTAURANT_FEATURE" ("RESTAURANT_ID","FEATURE_NAME","DESCRIPTION")VALUES('89065271','Alcohol','Full Bar');
INSERT INTO "RESTAURANT_FEATURE" ("RESTAURANT_ID","FEATURE_NAME","DESCRIPTION")VALUES('89065271','Outdoor Seating','Yes');
INSERT INTO "RESTAURANT_FEATURE" ("RESTAURANT_ID","FEATURE_NAME","DESCRIPTION")VALUES('89065271','Wi-Fi','No');
INSERT INTO "RESTAURANT_FEATURE" ("RESTAURANT_ID","FEATURE_NAME","DESCRIPTION")VALUES('89065271','Has TV','No');
INSERT INTO "RESTAURANT_FEATURE" ("RESTAURANT_ID","FEATURE_NAME","DESCRIPTION")VALUES('89065271','Dogs Allowed','Yes');
INSERT INTO "RESTAURANT_FEATURE" ("RESTAURANT_ID","FEATURE_NAME","DESCRIPTION")VALUES('89065271','Waiter Service','Yes');
INSERT INTO "RESTAURANT_FEATURE" ("RESTAURANT_ID","FEATURE_NAME","DESCRIPTION")VALUES('89065271','Caters','Yes');
INSERT INTO "OPENING_HOUR" ("DAY","RESTAURANT_ID","OPENING_TIME","CLOSING_TIME")VALUES('Mon','89065271','4:00 pm','10:00 pm');
INSERT INTO "OPENING_HOUR" ("DAY","RESTAURANT_ID","OPENING_TIME","CLOSING_TIME")VALUES('Tue','89065271','4:00 pm','10:00 pm');
INSERT INTO "OPENING_HOUR" ("DAY","RESTAURANT_ID","OPENING_TIME","CLOSING_TIME")VALUES('Wed','89065271','4:00 pm','12:00 am');
INSERT INTO "OPENING_HOUR" ("DAY","RESTAURANT_ID","OPENING_TIME","CLOSING_TIME")VALUES('Thu','89065271','4:00 pm','12:00 am');
INSERT INTO "OPENING_HOUR" ("DAY","RESTAURANT_ID","OPENING_TIME","CLOSING_TIME")VALUES('Fri','89065271','4:00 pm','12:00 am');
INSERT INTO "OPENING_HOUR" ("DAY","RESTAURANT_ID","OPENING_TIME","CLOSING_TIME")VALUES('Sat','89065271','Open now','10:00 pm');
INSERT INTO "USER_REVIEW" ("RESTAURANT_ID","REVIEW_DATE","COMMENT","REVIEW_RATING")VALUES('89065271','2017-02-24 15:05:07','We approached this place with caution.  Our favorite place around the corner had closed, we were hungry and we found that this place was close by on Yelp....','5');
INSERT INTO "PHOTO" ("RESTAURANT_ID","PICTURE_URL")VALUES('89065271','https://s3-media2.fl.yelpcdn.com/photo/zZaCJlxISpeutfiP-p50ew/o.jpg');
INSERT INTO "USER_REVIEW" ("RESTAURANT_ID","REVIEW_DATE","COMMENT","REVIEW_RATING")VALUES('89065271','2017-12-04 16:52:58','This restaurant closed a little while ago due to the owners retiring.  In December 2017 it reopened under new management producing the same style of...','4');
INSERT INTO "PHOTO" ("RESTAURANT_ID","PICTURE_URL")VALUES('89065271','https://s3-media2.fl.yelpcdn.com/photo/pi9-sTiG6r7BuNyaJUh-jA/o.jpg');
INSERT INTO "USER_REVIEW" ("RESTAURANT_ID","REVIEW_DATE","COMMENT","REVIEW_RATING")VALUES('89065271','2016-07-21 09:50:37','If looking for German food this is the place. Price level is reasonable!','5');
INSERT INTO "PHOTO" ("RESTAURANT_ID","PICTURE_URL")VALUES('89065271','https://s3-media1.fl.yelpcdn.com/photo/6FDvz206Q7M1IgQmAvcKIw/o.jpg');
INSERT INTO "RESTAURANT_RATING" ("RESTAURANT_ID","SCALE","OVERALL_RATING","SOURCE")VALUES('89065271','5','4.7','Google Map');
INSERT INTO "USER_REVIEW" ("RESTAURANT_ID","REVIEW_DATE","COMMENT","REVIEW_RATING")VALUES('89065271','2011-11-07','Wonderful Berliner "pub".    
When we visit Berlin we always stay just around the corner from "Die Gute Stube".  We first visited it a couple of weeks ago and went back for a second time two days later.  Good solid hearty food at very reasonable prices.  Not sure how how much English was spoken there we were warmly welcomed and we got by easily with our basic German.  We''ll be back for sure!!','5');
INSERT INTO "USER_REVIEW" ("RESTAURANT_ID","REVIEW_DATE","COMMENT","REVIEW_RATING")VALUES('89065271','2018-01-08','Wir  waren  schon  paar  mal  Essen .            Ganz  Lecker  
Auch  wen  wir  nur  trinken  wollen. 
Wir  füllen  uns  da  einfach  wohl','5');
INSERT INTO "USER_REVIEW" ("RESTAURANT_ID","REVIEW_DATE","COMMENT","REVIEW_RATING")VALUES('89065271','2017-12-16','Als Berliner kann ich beurteilen wirklich authentisch lecker deutsch gekocht wird hier!
Der wohl neue Betreiber hat das absolut im Griff! Die halbe Ente mit Rotkohl und Klößen ist der Renner','5');
INSERT INTO "USER_REVIEW" ("RESTAURANT_ID","REVIEW_DATE","COMMENT","REVIEW_RATING")VALUES('89065271','2017-12-09','Ein so gemütliches Restaurant mit typisch deutscher Küche. Auch englisch erklärt. Meine Freundin hatte die Gänsebrust mit Grünkohl und Kloß. Sie war auch begeistert.','5');
INSERT INTO "USER_REVIEW" ("RESTAURANT_ID","REVIEW_DATE","COMMENT","REVIEW_RATING")VALUES('89065271','2018-01-15','Immer wieder gerne. Sehr gemütlich und tolles Essen. Sehr aufmeksames Personal.','5');
INSERT INTO "LOCATION" ("LOCATION_ID","LOCATION_TYPE","ADDRESS","LONGITUDE","LATITUDE")VALUES('195','R','Alt Moabit 14110557 BerlinGermany','13.365317','52.5231724');
INSERT INTO "RESTAURANT" ("RESTAURANT_ID","PRICERANGE","PHONE_NUMBER","WEBSITE")VALUES('23131990','€€€','+49 30 3942081','paris-moskau.de');
INSERT INTO "CUISINE" ("RESTAURANT_ID","CUISINE_TYPE")VALUES('23131990','International');
INSERT INTO "RESTAURANT_RATING" ("RESTAURANT_ID","SCALE","OVERALL_RATING","SOURCE")VALUES('23131990','5','4.0','Yelp');
INSERT INTO "RESTAURANT_FEATURE" ("RESTAURANT_ID","FEATURE_NAME","DESCRIPTION")VALUES('23131990','Takes Reservations','Yes');
INSERT INTO "RESTAURANT_FEATURE" ("RESTAURANT_ID","FEATURE_NAME","DESCRIPTION")VALUES('23131990','Delivery','No');
INSERT INTO "RESTAURANT_FEATURE" ("RESTAURANT_ID","FEATURE_NAME","DESCRIPTION")VALUES('23131990','Take-out','No');
INSERT INTO "RESTAURANT_FEATURE" ("RESTAURANT_ID","FEATURE_NAME","DESCRIPTION")VALUES('23131990','Accepted Cards','Credit, Debit');
INSERT INTO "RESTAURANT_FEATURE" ("RESTAURANT_ID","FEATURE_NAME","DESCRIPTION")VALUES('23131990','Accepts Bitcoin','No');
INSERT INTO "RESTAURANT_FEATURE" ("RESTAURANT_ID","FEATURE_NAME","DESCRIPTION")VALUES('23131990','Parking','Street');
INSERT INTO "RESTAURANT_FEATURE" ("RESTAURANT_ID","FEATURE_NAME","DESCRIPTION")VALUES('23131990','Good for Kids','No');
INSERT INTO "RESTAURANT_FEATURE" ("RESTAURANT_ID","FEATURE_NAME","DESCRIPTION")VALUES('23131990','Good for Groups','Yes');
INSERT INTO "RESTAURANT_FEATURE" ("RESTAURANT_ID","FEATURE_NAME","DESCRIPTION")VALUES('23131990','Attire','Dressy');
INSERT INTO "RESTAURANT_FEATURE" ("RESTAURANT_ID","FEATURE_NAME","DESCRIPTION")VALUES('23131990','Ambience','Romantic');
INSERT INTO "RESTAURANT_FEATURE" ("RESTAURANT_ID","FEATURE_NAME","DESCRIPTION")VALUES('23131990','Noise Level','Quiet');
INSERT INTO "RESTAURANT_FEATURE" ("RESTAURANT_ID","FEATURE_NAME","DESCRIPTION")VALUES('23131990','Alcohol','Full Bar');
INSERT INTO "RESTAURANT_FEATURE" ("RESTAURANT_ID","FEATURE_NAME","DESCRIPTION")VALUES('23131990','Outdoor Seating','Yes');
INSERT INTO "RESTAURANT_FEATURE" ("RESTAURANT_ID","FEATURE_NAME","DESCRIPTION")VALUES('23131990','Wi-Fi','Free');
INSERT INTO "RESTAURANT_FEATURE" ("RESTAURANT_ID","FEATURE_NAME","DESCRIPTION")VALUES('23131990','Has TV','No');
INSERT INTO "OPENING_HOUR" ("DAY","RESTAURANT_ID","OPENING_TIME","CLOSING_TIME")VALUES('Mon','23131990','12:00 pm','3:00 pm');
INSERT INTO "OPENING_HOUR" ("DAY","RESTAURANT_ID","OPENING_TIME","CLOSING_TIME")VALUES('Tue','23131990','12:00 pm','3:00 pm');
INSERT INTO "OPENING_HOUR" ("DAY","RESTAURANT_ID","OPENING_TIME","CLOSING_TIME")VALUES('Wed','23131990','12:00 pm','3:00 pm');
INSERT INTO "OPENING_HOUR" ("DAY","RESTAURANT_ID","OPENING_TIME","CLOSING_TIME")VALUES('Thu','23131990','12:00 pm','3:00 pm');
INSERT INTO "OPENING_HOUR" ("DAY","RESTAURANT_ID","OPENING_TIME","CLOSING_TIME")VALUES('Fri','23131990','12:00 pm','3:00 pm');
INSERT INTO "OPENING_HOUR" ("DAY","RESTAURANT_ID","OPENING_TIME","CLOSING_TIME")VALUES('Sat','23131990','6:00 pm','1:00 am');
INSERT INTO "OPENING_HOUR" ("DAY","RESTAURANT_ID","OPENING_TIME","CLOSING_TIME")VALUES('Sun','23131990','Open now','1:00 am');
INSERT INTO "USER_REVIEW" ("RESTAURANT_ID","REVIEW_DATE","COMMENT","REVIEW_RATING")VALUES('23131990','2017-10-31 08:21:57','I had one of the best meals here on my current trip to Berlin and Dresden. This building has survived since 1887 and has a lovely old world decor. Dinners...','5');
INSERT INTO "PHOTO" ("RESTAURANT_ID","PICTURE_URL")VALUES('23131990','https://s3-media3.fl.yelpcdn.com/photo/fuQxqZ5rHYAjW8k5XWEMTA/o.jpg');
INSERT INTO "USER_REVIEW" ("RESTAURANT_ID","REVIEW_DATE","COMMENT","REVIEW_RATING")VALUES('23131990','2012-07-08 22:00:32','Lovely birthday dinner. 

I found the service impeccable. Friendly staff. Intimate upscale yet comfortable atmosphere. One table had a dog with them, so...','4');
INSERT INTO "PHOTO" ("RESTAURANT_ID","PICTURE_URL")VALUES('23131990','https://s3-media3.fl.yelpcdn.com/photo/ITGfXQXZ_zvSRVlrcNs1Pg/o.jpg');
INSERT INTO "USER_REVIEW" ("RESTAURANT_ID","REVIEW_DATE","COMMENT","REVIEW_RATING")VALUES('23131990','2013-06-10 08:51:55','Came here for dinner while at a conference in Berlin, it was quite a drive from our hotel. The restaurant is in a nice house, but is surrounded by...','3');
INSERT INTO "PHOTO" ("RESTAURANT_ID","PICTURE_URL")VALUES('23131990','https://s3-media2.fl.yelpcdn.com/photo/1dSpKQEx8zbeCY1bQiGx1A/o.jpg');
INSERT INTO "LOCATION" ("LOCATION_ID","LOCATION_TYPE","ADDRESS","LONGITUDE","LATITUDE")VALUES('196','R','Invalidenstr. 2910115 BerlinGermany','13.3846524','52.5311467');
INSERT INTO "RESTAURANT" ("RESTAURANT_ID","PRICERANGE","PHONE_NUMBER","WEBSITE")VALUES('38531921','€€','+49 30 30881587','co-chu.de');
INSERT INTO "CUISINE" ("RESTAURANT_ID","CUISINE_TYPE")VALUES('38531921','Vietnamese');
INSERT INTO "RESTAURANT_RATING" ("RESTAURANT_ID","SCALE","OVERALL_RATING","SOURCE")VALUES('38531921','5','4.0','Yelp');
INSERT INTO "RESTAURANT_FEATURE" ("RESTAURANT_ID","FEATURE_NAME","DESCRIPTION")VALUES('38531921','Takes Reservations','Yes');
INSERT INTO "RESTAURANT_FEATURE" ("RESTAURANT_ID","FEATURE_NAME","DESCRIPTION")VALUES('38531921','Delivery','Yes');
INSERT INTO "RESTAURANT_FEATURE" ("RESTAURANT_ID","FEATURE_NAME","DESCRIPTION")VALUES('38531921','Take-out','Yes');
INSERT INTO "RESTAURANT_FEATURE" ("RESTAURANT_ID","FEATURE_NAME","DESCRIPTION")VALUES('38531921','Accepted Cards','Credit, Debit');
INSERT INTO "RESTAURANT_FEATURE" ("RESTAURANT_ID","FEATURE_NAME","DESCRIPTION")VALUES('38531921','Accepts Bitcoin','No');
INSERT INTO "RESTAURANT_FEATURE" ("RESTAURANT_ID","FEATURE_NAME","DESCRIPTION")VALUES('38531921','Good For','Lunch, Dinner');
INSERT INTO "RESTAURANT_FEATURE" ("RESTAURANT_ID","FEATURE_NAME","DESCRIPTION")VALUES('38531921','Parking','Street');
INSERT INTO "RESTAURANT_FEATURE" ("RESTAURANT_ID","FEATURE_NAME","DESCRIPTION")VALUES('38531921','Wheelchair Accessible','Yes');
INSERT INTO "RESTAURANT_FEATURE" ("RESTAURANT_ID","FEATURE_NAME","DESCRIPTION")VALUES('38531921','Good for Kids','Yes');
INSERT INTO "RESTAURANT_FEATURE" ("RESTAURANT_ID","FEATURE_NAME","DESCRIPTION")VALUES('38531921','Good for Groups','Yes');
INSERT INTO "RESTAURANT_FEATURE" ("RESTAURANT_ID","FEATURE_NAME","DESCRIPTION")VALUES('38531921','Attire','Casual');
INSERT INTO "RESTAURANT_FEATURE" ("RESTAURANT_ID","FEATURE_NAME","DESCRIPTION")VALUES('38531921','Ambience','Casual');
INSERT INTO "RESTAURANT_FEATURE" ("RESTAURANT_ID","FEATURE_NAME","DESCRIPTION")VALUES('38531921','Noise Level','Average');
INSERT INTO "RESTAURANT_FEATURE" ("RESTAURANT_ID","FEATURE_NAME","DESCRIPTION")VALUES('38531921','Alcohol','Full Bar');
INSERT INTO "RESTAURANT_FEATURE" ("RESTAURANT_ID","FEATURE_NAME","DESCRIPTION")VALUES('38531921','Outdoor Seating','Yes');
INSERT INTO "RESTAURANT_FEATURE" ("RESTAURANT_ID","FEATURE_NAME","DESCRIPTION")VALUES('38531921','Wi-Fi','No');
INSERT INTO "RESTAURANT_FEATURE" ("RESTAURANT_ID","FEATURE_NAME","DESCRIPTION")VALUES('38531921','Has TV','No');
INSERT INTO "RESTAURANT_FEATURE" ("RESTAURANT_ID","FEATURE_NAME","DESCRIPTION")VALUES('38531921','Waiter Service','Yes');
INSERT INTO "RESTAURANT_FEATURE" ("RESTAURANT_ID","FEATURE_NAME","DESCRIPTION")VALUES('38531921','Caters','No');
INSERT INTO "OPENING_HOUR" ("DAY","RESTAURANT_ID","OPENING_TIME","CLOSING_TIME")VALUES('Mon','38531921','11:00 am','11:00 pm');
INSERT INTO "OPENING_HOUR" ("DAY","RESTAURANT_ID","OPENING_TIME","CLOSING_TIME")VALUES('Tue','38531921','11:00 am','11:00 pm');
INSERT INTO "OPENING_HOUR" ("DAY","RESTAURANT_ID","OPENING_TIME","CLOSING_TIME")VALUES('Wed','38531921','11:00 am','11:00 pm');
INSERT INTO "OPENING_HOUR" ("DAY","RESTAURANT_ID","OPENING_TIME","CLOSING_TIME")VALUES('Thu','38531921','11:00 am','11:00 pm');
INSERT INTO "OPENING_HOUR" ("DAY","RESTAURANT_ID","OPENING_TIME","CLOSING_TIME")VALUES('Fri','38531921','11:00 am','11:00 pm');
INSERT INTO "OPENING_HOUR" ("DAY","RESTAURANT_ID","OPENING_TIME","CLOSING_TIME")VALUES('Sat','38531921','11:00 am','11:00 pm');
INSERT INTO "OPENING_HOUR" ("DAY","RESTAURANT_ID","OPENING_TIME","CLOSING_TIME")VALUES('Sun','38531921','Open now','11:00 pm');
INSERT INTO "USER_REVIEW" ("RESTAURANT_ID","REVIEW_DATE","COMMENT","REVIEW_RATING")VALUES('38531921','2017-07-22 11:26:43','Was craving Vietnamese food and found this gem. The ambiance of the restaurant is great. They have an open kitchen so you can see the chefs prepare your...','5');
INSERT INTO "PHOTO" ("RESTAURANT_ID","PICTURE_URL")VALUES('38531921','https://s3-media1.fl.yelpcdn.com/photo/3rg4lifSkbY-i6knuZtsxQ/o.jpg');
INSERT INTO "USER_REVIEW" ("RESTAURANT_ID","REVIEW_DATE","COMMENT","REVIEW_RATING")VALUES('38531921','2017-11-28 10:46:16','Went to this Vietnamese restaurant hoping to have some lighter, healthier food -- the deep fried German food that''s everywhere in Berlin was starting to get...','2');
INSERT INTO "PHOTO" ("RESTAURANT_ID","PICTURE_URL")VALUES('38531921','https://s3-media4.fl.yelpcdn.com/photo/uY2BRaIvh8BIH6Rcuc-Rcg/o.jpg');
INSERT INTO "USER_REVIEW" ("RESTAURANT_ID","REVIEW_DATE","COMMENT","REVIEW_RATING")VALUES('38531921','2017-03-18 20:10:10','The quality and value of this place is really fantastic. I didn''t expect that I would eat this much Vietnamese food in Berlin but we ended up coming here...','5');
INSERT INTO "PHOTO" ("RESTAURANT_ID","PICTURE_URL")VALUES('38531921','https://s3-media1.fl.yelpcdn.com/photo/YodXr2JGikTwprtAj3ebFw/o.jpg');
INSERT INTO "RESTAURANT_RATING" ("RESTAURANT_ID","SCALE","OVERALL_RATING","SOURCE")VALUES('38531921','5','4.4','Google Map');
INSERT INTO "USER_REVIEW" ("RESTAURANT_ID","REVIEW_DATE","COMMENT","REVIEW_RATING")VALUES('38531921','2017-09-19','Wonderful Food. Friendly, responsive staff. Good atmosphere. Quiet. Tasteful decor. 

Best of all, extremely reasonable prices for the location. Great place to get something filling, nutritious, and delicious after a heavy day off museum hopping.','5');
INSERT INTO "USER_REVIEW" ("RESTAURANT_ID","REVIEW_DATE","COMMENT","REVIEW_RATING")VALUES('38531921','2017-12-01','Great menu choice, tasty flavours, very affordable. Booking recommended as always busy. Casual dining for lunch and dinner- be prepared to share tables at peak times.','4');
INSERT INTO "USER_REVIEW" ("RESTAURANT_ID","REVIEW_DATE","COMMENT","REVIEW_RATING")VALUES('38531921','2017-09-18','Oh my goodness. My husband and I stopped by this place right by our hotel after a bike tour that was amazing. We were starving and this was beyond what we were hoping for. Just the smell when you walk inside is to die for. Incredible curry and pho! Even had blankets outside for anybody who got chilly! Loved it.','5');
INSERT INTO "USER_REVIEW" ("RESTAURANT_ID","REVIEW_DATE","COMMENT","REVIEW_RATING")VALUES('38531921','2017-10-17','I was planning to meet up with a friend in the area of nortbahnhoff,  and while looking for vegetarian restaurants (common way to search and find vegan or vegan friendly places in Google maps) I found this place. While looking at their menu I realized that many of the dishes are possible to order with tofu - therefore vegan dishes are available. As we read the menu,  it stated on the bottom the different allergies. No mention of fish sauce... As we we''re about to order I asked about several dishes that we''re served with tofu, if they are vegan. Only than the waiter said that no dish is vegan only vegetarian (never knew that fish is not an animal), and that there is also no option to even make them vegan by request.  Left us no option to just get up and leave! I think this restaurant and it''s menu are misleading!  It should not come up as a vegetarian option in Google maps as well!','1');
INSERT INTO "USER_REVIEW" ("RESTAURANT_ID","REVIEW_DATE","COMMENT","REVIEW_RATING")VALUES('38531921','2017-07-04','I''ve lived in Berlin for a month but this is the first restaurant I''ve wanted to review. I dined in for dinner last night and ordered the seaweed salad and the mango curry with chicken. Both dishes were so fresh and flavorful. I had enough leftovers of both for lunch today. Service was quick and friendly. The prices are reasonable especially considering I had enough for a second meal. The atmosphere is great because it is slightly upscale but also cozy. So happy this is right in my neighborhood, I will definitely be back regularly. ','5');
INSERT INTO "LOCATION" ("LOCATION_ID","LOCATION_TYPE","ADDRESS","LONGITUDE","LATITUDE")VALUES('197','R','Eisenacher Str. 5910823 BerlinGermany','13.3522505','52.4850306');
INSERT INTO "RESTAURANT" ("RESTAURANT_ID","PRICERANGE","PHONE_NUMBER","WEBSITE")VALUES('39023535','€','+49 30 78718485','ammamma.de');
INSERT INTO "CUISINE" ("RESTAURANT_ID","CUISINE_TYPE")VALUES('39023535','Indian');
INSERT INTO "RESTAURANT_RATING" ("RESTAURANT_ID","SCALE","OVERALL_RATING","SOURCE")VALUES('39023535','5','4.5','Yelp');
INSERT INTO "RESTAURANT_FEATURE" ("RESTAURANT_ID","FEATURE_NAME","DESCRIPTION")VALUES('39023535','Takes Reservations','Yes');
INSERT INTO "RESTAURANT_FEATURE" ("RESTAURANT_ID","FEATURE_NAME","DESCRIPTION")VALUES('39023535','Delivery','No');
INSERT INTO "RESTAURANT_FEATURE" ("RESTAURANT_ID","FEATURE_NAME","DESCRIPTION")VALUES('39023535','Take-out','Yes');
INSERT INTO "RESTAURANT_FEATURE" ("RESTAURANT_ID","FEATURE_NAME","DESCRIPTION")VALUES('39023535','Parking','Street');
INSERT INTO "RESTAURANT_FEATURE" ("RESTAURANT_ID","FEATURE_NAME","DESCRIPTION")VALUES('39023535','Good for Kids','Yes');
INSERT INTO "RESTAURANT_FEATURE" ("RESTAURANT_ID","FEATURE_NAME","DESCRIPTION")VALUES('39023535','Good for Groups','Yes');
INSERT INTO "RESTAURANT_FEATURE" ("RESTAURANT_ID","FEATURE_NAME","DESCRIPTION")VALUES('39023535','Attire','Casual');
INSERT INTO "RESTAURANT_FEATURE" ("RESTAURANT_ID","FEATURE_NAME","DESCRIPTION")VALUES('39023535','Noise Level','Average');
INSERT INTO "RESTAURANT_FEATURE" ("RESTAURANT_ID","FEATURE_NAME","DESCRIPTION")VALUES('39023535','Alcohol','Full Bar');
INSERT INTO "RESTAURANT_FEATURE" ("RESTAURANT_ID","FEATURE_NAME","DESCRIPTION")VALUES('39023535','Outdoor Seating','Yes');
INSERT INTO "RESTAURANT_FEATURE" ("RESTAURANT_ID","FEATURE_NAME","DESCRIPTION")VALUES('39023535','Wi-Fi','No');
INSERT INTO "RESTAURANT_FEATURE" ("RESTAURANT_ID","FEATURE_NAME","DESCRIPTION")VALUES('39023535','Has TV','No');
INSERT INTO "RESTAURANT_FEATURE" ("RESTAURANT_ID","FEATURE_NAME","DESCRIPTION")VALUES('39023535','Caters','Yes');
INSERT INTO "OPENING_HOUR" ("DAY","RESTAURANT_ID","OPENING_TIME","CLOSING_TIME")VALUES('Mon','39023535','12:00 pm','12:00 am');
INSERT INTO "OPENING_HOUR" ("DAY","RESTAURANT_ID","OPENING_TIME","CLOSING_TIME")VALUES('Tue','39023535','12:00 pm','12:00 am');
INSERT INTO "OPENING_HOUR" ("DAY","RESTAURANT_ID","OPENING_TIME","CLOSING_TIME")VALUES('Wed','39023535','12:00 pm','12:00 am');
INSERT INTO "OPENING_HOUR" ("DAY","RESTAURANT_ID","OPENING_TIME","CLOSING_TIME")VALUES('Thu','39023535','12:00 pm','12:00 am');
INSERT INTO "OPENING_HOUR" ("DAY","RESTAURANT_ID","OPENING_TIME","CLOSING_TIME")VALUES('Fri','39023535','12:00 pm','12:00 am');
INSERT INTO "OPENING_HOUR" ("DAY","RESTAURANT_ID","OPENING_TIME","CLOSING_TIME")VALUES('Sat','39023535','12:00 pm','12:00 am');
INSERT INTO "OPENING_HOUR" ("DAY","RESTAURANT_ID","OPENING_TIME","CLOSING_TIME")VALUES('Sun','39023535','Open now','12:00 am');
INSERT INTO "USER_REVIEW" ("RESTAURANT_ID","REVIEW_DATE","COMMENT","REVIEW_RATING")VALUES('39023535','2017-12-26 16:01:56','I never had Sri Lakan food before and was shocked to find the best dosa I''ve ever had. It was just made meticulously with the paneer melting into the potato...','5');
INSERT INTO "PHOTO" ("RESTAURANT_ID","PICTURE_URL")VALUES('39023535','https://s3-media2.fl.yelpcdn.com/photo/97se16ytJcztdpSDectxsQ/o.jpg');
INSERT INTO "USER_REVIEW" ("RESTAURANT_ID","REVIEW_DATE","COMMENT","REVIEW_RATING")VALUES('39023535','2017-02-11 18:56:05','I''d still choose Agni when it comes to authenticity, but this place is still one of the best as far as Berlin is concerned. Service is incredibly fast and...','4');
INSERT INTO "PHOTO" ("RESTAURANT_ID","PICTURE_URL")VALUES('39023535','https://s3-media1.fl.yelpcdn.com/photo/QeIjla-35WIOz9op35iIEA/o.jpg');
INSERT INTO "USER_REVIEW" ("RESTAURANT_ID","REVIEW_DATE","COMMENT","REVIEW_RATING")VALUES('39023535','2016-10-02 16:31:28','When researching places to get a bite to eat, AmmAmma (Urbanstr. 28) came up as a top result. I saw that another AmmAmma was much close and also had high...','4');
INSERT INTO "PHOTO" ("RESTAURANT_ID","PICTURE_URL")VALUES('39023535','https://s3-media1.fl.yelpcdn.com/photo/3NV3cOpwxkhq9jlcHrx2YA/o.jpg');
INSERT INTO "LOCATION" ("LOCATION_ID","LOCATION_TYPE","ADDRESS","LONGITUDE","LATITUDE")VALUES('198','R','Rathausstr. 2510178 BerlinGermany','13.4046768315','52.5171598405');
INSERT INTO "RESTAURANT" ("RESTAURANT_ID","PRICERANGE","PHONE_NUMBER","WEBSITE")VALUES('84356897','€€','+49 30 97005787','julchenhoppe.de');
INSERT INTO "CUISINE" ("RESTAURANT_ID","CUISINE_TYPE")VALUES('84356897','German');
INSERT INTO "RESTAURANT_RATING" ("RESTAURANT_ID","SCALE","OVERALL_RATING","SOURCE")VALUES('84356897','5','4.0','Yelp');
INSERT INTO "RESTAURANT_FEATURE" ("RESTAURANT_ID","FEATURE_NAME","DESCRIPTION")VALUES('84356897','Takes Reservations','Yes');
INSERT INTO "RESTAURANT_FEATURE" ("RESTAURANT_ID","FEATURE_NAME","DESCRIPTION")VALUES('84356897','Delivery','No');
INSERT INTO "RESTAURANT_FEATURE" ("RESTAURANT_ID","FEATURE_NAME","DESCRIPTION")VALUES('84356897','Take-out','No');
INSERT INTO "RESTAURANT_FEATURE" ("RESTAURANT_ID","FEATURE_NAME","DESCRIPTION")VALUES('84356897','Accepted Cards','Credit, Debit');
INSERT INTO "RESTAURANT_FEATURE" ("RESTAURANT_ID","FEATURE_NAME","DESCRIPTION")VALUES('84356897','Good For','Dinner');
INSERT INTO "RESTAURANT_FEATURE" ("RESTAURANT_ID","FEATURE_NAME","DESCRIPTION")VALUES('84356897','Parking','Street');
INSERT INTO "RESTAURANT_FEATURE" ("RESTAURANT_ID","FEATURE_NAME","DESCRIPTION")VALUES('84356897','Good for Kids','Yes');
INSERT INTO "RESTAURANT_FEATURE" ("RESTAURANT_ID","FEATURE_NAME","DESCRIPTION")VALUES('84356897','Good for Groups','Yes');
INSERT INTO "RESTAURANT_FEATURE" ("RESTAURANT_ID","FEATURE_NAME","DESCRIPTION")VALUES('84356897','Attire','Casual');
INSERT INTO "RESTAURANT_FEATURE" ("RESTAURANT_ID","FEATURE_NAME","DESCRIPTION")VALUES('84356897','Ambience','Casual');
INSERT INTO "RESTAURANT_FEATURE" ("RESTAURANT_ID","FEATURE_NAME","DESCRIPTION")VALUES('84356897','Noise Level','Loud');
INSERT INTO "RESTAURANT_FEATURE" ("RESTAURANT_ID","FEATURE_NAME","DESCRIPTION")VALUES('84356897','Alcohol','Beer & Wine Only');
INSERT INTO "RESTAURANT_FEATURE" ("RESTAURANT_ID","FEATURE_NAME","DESCRIPTION")VALUES('84356897','Outdoor Seating','Yes');
INSERT INTO "RESTAURANT_FEATURE" ("RESTAURANT_ID","FEATURE_NAME","DESCRIPTION")VALUES('84356897','Wi-Fi','No');
INSERT INTO "RESTAURANT_FEATURE" ("RESTAURANT_ID","FEATURE_NAME","DESCRIPTION")VALUES('84356897','Has TV','No');
INSERT INTO "RESTAURANT_FEATURE" ("RESTAURANT_ID","FEATURE_NAME","DESCRIPTION")VALUES('84356897','Caters','No');
INSERT INTO "OPENING_HOUR" ("DAY","RESTAURANT_ID","OPENING_TIME","CLOSING_TIME")VALUES('Mon','84356897','11:30 am','11:00 pm');
INSERT INTO "OPENING_HOUR" ("DAY","RESTAURANT_ID","OPENING_TIME","CLOSING_TIME")VALUES('Tue','84356897','11:30 am','11:00 pm');
INSERT INTO "OPENING_HOUR" ("DAY","RESTAURANT_ID","OPENING_TIME","CLOSING_TIME")VALUES('Wed','84356897','11:30 am','11:00 pm');
INSERT INTO "OPENING_HOUR" ("DAY","RESTAURANT_ID","OPENING_TIME","CLOSING_TIME")VALUES('Thu','84356897','11:30 am','11:00 pm');
INSERT INTO "OPENING_HOUR" ("DAY","RESTAURANT_ID","OPENING_TIME","CLOSING_TIME")VALUES('Fri','84356897','11:30 am','11:00 pm');
INSERT INTO "OPENING_HOUR" ("DAY","RESTAURANT_ID","OPENING_TIME","CLOSING_TIME")VALUES('Sat','84356897','11:30 am','12:00 am');
INSERT INTO "OPENING_HOUR" ("DAY","RESTAURANT_ID","OPENING_TIME","CLOSING_TIME")VALUES('Sun','84356897','Open now','12:00 am');
INSERT INTO "USER_REVIEW" ("RESTAURANT_ID","REVIEW_DATE","COMMENT","REVIEW_RATING")VALUES('84356897','2017-05-26 16:19:20','Ended up eating dinner here after checking out the TV Tower which is close by. At 8pm on a Friday the restaurant was fairly empty so we got to pick our...','4');
INSERT INTO "PHOTO" ("RESTAURANT_ID","PICTURE_URL")VALUES('84356897','https://s3-media1.fl.yelpcdn.com/photo/x63qk8uS8rOCbORPhNnoqQ/o.jpg');
INSERT INTO "USER_REVIEW" ("RESTAURANT_ID","REVIEW_DATE","COMMENT","REVIEW_RATING")VALUES('84356897','2016-06-27 11:42:45','The schnitzel was amazing...tender, flavorful, and moist. The best sauerkraut I have ever tasted! Great cucumber salad too. 

The waitress was pleasant and...','5');
INSERT INTO "PHOTO" ("RESTAURANT_ID","PICTURE_URL")VALUES('84356897','https://s3-media1.fl.yelpcdn.com/photo/Tg-6kGp3IxdBk8GIjT5n1A/o.jpg');
INSERT INTO "USER_REVIEW" ("RESTAURANT_ID","REVIEW_DATE","COMMENT","REVIEW_RATING")VALUES('84356897','2016-08-09 13:37:37','We came to this restaurant because of the decent Yelp reviews but I found it seriously underwhelming. It started off well with a round of beers. I ordered...','2');
INSERT INTO "PHOTO" ("RESTAURANT_ID","PICTURE_URL")VALUES('84356897','https://s3-media4.fl.yelpcdn.com/photo/cpeJ5ACgH_09KSYn8XHZKw/o.jpg');
INSERT INTO "LOCATION" ("LOCATION_ID","LOCATION_TYPE","ADDRESS","LONGITUDE","LATITUDE")VALUES('199','R','Deitmerstr. 1412163 BerlinGermany','13.3242','52.45968');
INSERT INTO "RESTAURANT" ("RESTAURANT_ID","PRICERANGE","PHONE_NUMBER","WEBSITE")VALUES('33995052','€€','+49 30 70096905','hoshisushi.de');
INSERT INTO "CUISINE" ("RESTAURANT_ID","CUISINE_TYPE")VALUES('33995052','Sushi Bars');
INSERT INTO "RESTAURANT_RATING" ("RESTAURANT_ID","SCALE","OVERALL_RATING","SOURCE")VALUES('33995052','5','5.0','Yelp');
INSERT INTO "RESTAURANT_FEATURE" ("RESTAURANT_ID","FEATURE_NAME","DESCRIPTION")VALUES('33995052','Takes Reservations','Yes');
INSERT INTO "RESTAURANT_FEATURE" ("RESTAURANT_ID","FEATURE_NAME","DESCRIPTION")VALUES('33995052','Delivery','Yes');
INSERT INTO "RESTAURANT_FEATURE" ("RESTAURANT_ID","FEATURE_NAME","DESCRIPTION")VALUES('33995052','Take-out','Yes');
INSERT INTO "RESTAURANT_FEATURE" ("RESTAURANT_ID","FEATURE_NAME","DESCRIPTION")VALUES('33995052','Accepted Cards','None');
INSERT INTO "RESTAURANT_FEATURE" ("RESTAURANT_ID","FEATURE_NAME","DESCRIPTION")VALUES('33995052','Accepts Bitcoin','No');
INSERT INTO "RESTAURANT_FEATURE" ("RESTAURANT_ID","FEATURE_NAME","DESCRIPTION")VALUES('33995052','Parking','Street');
INSERT INTO "RESTAURANT_FEATURE" ("RESTAURANT_ID","FEATURE_NAME","DESCRIPTION")VALUES('33995052','Good for Kids','Yes');
INSERT INTO "RESTAURANT_FEATURE" ("RESTAURANT_ID","FEATURE_NAME","DESCRIPTION")VALUES('33995052','Good for Groups','Yes');
INSERT INTO "RESTAURANT_FEATURE" ("RESTAURANT_ID","FEATURE_NAME","DESCRIPTION")VALUES('33995052','Attire','Casual');
INSERT INTO "RESTAURANT_FEATURE" ("RESTAURANT_ID","FEATURE_NAME","DESCRIPTION")VALUES('33995052','Noise Level','Average');
INSERT INTO "RESTAURANT_FEATURE" ("RESTAURANT_ID","FEATURE_NAME","DESCRIPTION")VALUES('33995052','Alcohol','Full Bar');
INSERT INTO "RESTAURANT_FEATURE" ("RESTAURANT_ID","FEATURE_NAME","DESCRIPTION")VALUES('33995052','Outdoor Seating','Yes');
INSERT INTO "RESTAURANT_FEATURE" ("RESTAURANT_ID","FEATURE_NAME","DESCRIPTION")VALUES('33995052','Wi-Fi','Free');
INSERT INTO "RESTAURANT_FEATURE" ("RESTAURANT_ID","FEATURE_NAME","DESCRIPTION")VALUES('33995052','Has TV','No');
INSERT INTO "RESTAURANT_FEATURE" ("RESTAURANT_ID","FEATURE_NAME","DESCRIPTION")VALUES('33995052','Dogs Allowed','Yes');
INSERT INTO "RESTAURANT_FEATURE" ("RESTAURANT_ID","FEATURE_NAME","DESCRIPTION")VALUES('33995052','Waiter Service','Yes');
INSERT INTO "RESTAURANT_FEATURE" ("RESTAURANT_ID","FEATURE_NAME","DESCRIPTION")VALUES('33995052','Caters','Yes');
INSERT INTO "OPENING_HOUR" ("DAY","RESTAURANT_ID","OPENING_TIME","CLOSING_TIME")VALUES('Mon','33995052','11:00 am','11:00 pm');
INSERT INTO "OPENING_HOUR" ("DAY","RESTAURANT_ID","OPENING_TIME","CLOSING_TIME")VALUES('Tue','33995052','11:00 am','11:00 pm');
INSERT INTO "OPENING_HOUR" ("DAY","RESTAURANT_ID","OPENING_TIME","CLOSING_TIME")VALUES('Wed','33995052','11:00 am','11:00 pm');
INSERT INTO "OPENING_HOUR" ("DAY","RESTAURANT_ID","OPENING_TIME","CLOSING_TIME")VALUES('Thu','33995052','11:00 am','11:00 pm');
INSERT INTO "OPENING_HOUR" ("DAY","RESTAURANT_ID","OPENING_TIME","CLOSING_TIME")VALUES('Fri','33995052','11:00 am','11:00 pm');
INSERT INTO "OPENING_HOUR" ("DAY","RESTAURANT_ID","OPENING_TIME","CLOSING_TIME")VALUES('Sat','33995052','11:00 am','11:00 pm');
INSERT INTO "OPENING_HOUR" ("DAY","RESTAURANT_ID","OPENING_TIME","CLOSING_TIME")VALUES('Sun','33995052','Open now','11:00 pm');
INSERT INTO "USER_REVIEW" ("RESTAURANT_ID","REVIEW_DATE","COMMENT","REVIEW_RATING")VALUES('33995052','2017-10-28 11:51:44','Really enjoyed the meal here. Portions are the same as other places as far as the fish is concerned, but they give you a little less rice. Nonetheless, the...','5');
INSERT INTO "PHOTO" ("RESTAURANT_ID","PICTURE_URL")VALUES('33995052','https://s3-media1.fl.yelpcdn.com/photo/_pAUKrysq_6GJDjB-imYAQ/o.jpg');
INSERT INTO "USER_REVIEW" ("RESTAURANT_ID","REVIEW_DATE","COMMENT","REVIEW_RATING")VALUES('33995052','2016-06-04 06:56:59','Best Sushi I have had so far! I come here a lot because I work nearby and it is one of the best places to eat in Steglitz. The owners are really nice people...','5');
INSERT INTO "PHOTO" ("RESTAURANT_ID","PICTURE_URL")VALUES('33995052','https://s3-media4.fl.yelpcdn.com/photo/l7KyWcZCU4PJFWXiRmJ1CQ/o.jpg');
INSERT INTO "USER_REVIEW" ("RESTAURANT_ID","REVIEW_DATE","COMMENT","REVIEW_RATING")VALUES('33995052','2017-01-27 14:52:56','Really good sushi! Small hidden gem. I think that''s the best sushi I''ve had in Berlin so far. And the price is unbeatable: special rolls for about 8 bucks....','5');
INSERT INTO "RESTAURANT_RATING" ("RESTAURANT_ID","SCALE","OVERALL_RATING","SOURCE")VALUES('33995052','5','4.8','Google Map');
INSERT INTO "USER_REVIEW" ("RESTAURANT_ID","REVIEW_DATE","COMMENT","REVIEW_RATING")VALUES('33995052','2017-12-09','This place doesn''t seem to be as popular as Akiko, which is also in the area, which is unfortunate because the sushi is just as good at better prices. Every time I''ve gone, the service has been fast and friendly and the sushi has been great. I especially recommend the wakame (seaweed salad). 

There is outdoor seating which is nice in the summer though the immediate surroundings aren''t the most pleasant.','5');
INSERT INTO "USER_REVIEW" ("RESTAURANT_ID","REVIEW_DATE","COMMENT","REVIEW_RATING")VALUES('33995052','2017-09-19','Delicious food. Average/cheap prices. Nice and polite waitress','5');
INSERT INTO "USER_REVIEW" ("RESTAURANT_ID","REVIEW_DATE","COMMENT","REVIEW_RATING")VALUES('33995052','2017-07-17','High quality and freshness of food. Very good for the price! Also kind and welcomy.','5');
INSERT INTO "USER_REVIEW" ("RESTAURANT_ID","REVIEW_DATE","COMMENT","REVIEW_RATING")VALUES('33995052','2017-11-11','Feels fresh ..reasonably priced....tasty.... friendly','5');
INSERT INTO "USER_REVIEW" ("RESTAURANT_ID","REVIEW_DATE","COMMENT","REVIEW_RATING")VALUES('33995052','2017-08-05','Very good sushi, nice atmosphere, good service and low prices','5');
INSERT INTO "LOCATION" ("LOCATION_ID","LOCATION_TYPE","ADDRESS","LONGITUDE","LATITUDE")VALUES('200','R','Platz der Republik 1im Deutschen Bundestag11011 BerlinGermany','13.37631','52.518619');
INSERT INTO "RESTAURANT" ("RESTAURANT_ID","PRICERANGE","PHONE_NUMBER","WEBSITE")VALUES('93575769','€€€','+49 30 2262990','feinkost-kaefer.de');
INSERT INTO "CUISINE" ("RESTAURANT_ID","CUISINE_TYPE")VALUES('93575769','German');
INSERT INTO "CUISINE" ("RESTAURANT_ID","CUISINE_TYPE")VALUES('93575769','Breakfast & Brunch');
INSERT INTO "RESTAURANT_RATING" ("RESTAURANT_ID","SCALE","OVERALL_RATING","SOURCE")VALUES('93575769','5','4.0','Yelp');
INSERT INTO "RESTAURANT_FEATURE" ("RESTAURANT_ID","FEATURE_NAME","DESCRIPTION")VALUES('93575769','Takes Reservations','Yes');
INSERT INTO "RESTAURANT_FEATURE" ("RESTAURANT_ID","FEATURE_NAME","DESCRIPTION")VALUES('93575769','Delivery','No');
INSERT INTO "RESTAURANT_FEATURE" ("RESTAURANT_ID","FEATURE_NAME","DESCRIPTION")VALUES('93575769','Take-out','No');
INSERT INTO "RESTAURANT_FEATURE" ("RESTAURANT_ID","FEATURE_NAME","DESCRIPTION")VALUES('93575769','Accepted Cards','Credit, Debit');
INSERT INTO "RESTAURANT_FEATURE" ("RESTAURANT_ID","FEATURE_NAME","DESCRIPTION")VALUES('93575769','Parking','Street');
INSERT INTO "RESTAURANT_FEATURE" ("RESTAURANT_ID","FEATURE_NAME","DESCRIPTION")VALUES('93575769','Wheelchair Accessible','Yes');
INSERT INTO "RESTAURANT_FEATURE" ("RESTAURANT_ID","FEATURE_NAME","DESCRIPTION")VALUES('93575769','Good for Kids','Yes');
INSERT INTO "RESTAURANT_FEATURE" ("RESTAURANT_ID","FEATURE_NAME","DESCRIPTION")VALUES('93575769','Good for Groups','Yes');
INSERT INTO "RESTAURANT_FEATURE" ("RESTAURANT_ID","FEATURE_NAME","DESCRIPTION")VALUES('93575769','Attire','Dressy');
INSERT INTO "RESTAURANT_FEATURE" ("RESTAURANT_ID","FEATURE_NAME","DESCRIPTION")VALUES('93575769','Ambience','Touristy');
INSERT INTO "RESTAURANT_FEATURE" ("RESTAURANT_ID","FEATURE_NAME","DESCRIPTION")VALUES('93575769','Noise Level','Average');
INSERT INTO "RESTAURANT_FEATURE" ("RESTAURANT_ID","FEATURE_NAME","DESCRIPTION")VALUES('93575769','Alcohol','Full Bar');
INSERT INTO "RESTAURANT_FEATURE" ("RESTAURANT_ID","FEATURE_NAME","DESCRIPTION")VALUES('93575769','Outdoor Seating','Yes');
INSERT INTO "RESTAURANT_FEATURE" ("RESTAURANT_ID","FEATURE_NAME","DESCRIPTION")VALUES('93575769','Wi-Fi','No');
INSERT INTO "RESTAURANT_FEATURE" ("RESTAURANT_ID","FEATURE_NAME","DESCRIPTION")VALUES('93575769','Has TV','No');
INSERT INTO "RESTAURANT_FEATURE" ("RESTAURANT_ID","FEATURE_NAME","DESCRIPTION")VALUES('93575769','Waiter Service','Yes');
INSERT INTO "RESTAURANT_FEATURE" ("RESTAURANT_ID","FEATURE_NAME","DESCRIPTION")VALUES('93575769','Caters','Yes');
INSERT INTO "OPENING_HOUR" ("DAY","RESTAURANT_ID","OPENING_TIME","CLOSING_TIME")VALUES('Mon','93575769','9:00 am','4:30 pm');
INSERT INTO "OPENING_HOUR" ("DAY","RESTAURANT_ID","OPENING_TIME","CLOSING_TIME")VALUES('Tue','93575769','9:00 am','4:30 pm');
INSERT INTO "OPENING_HOUR" ("DAY","RESTAURANT_ID","OPENING_TIME","CLOSING_TIME")VALUES('Wed','93575769','9:00 am','4:30 pm');
INSERT INTO "OPENING_HOUR" ("DAY","RESTAURANT_ID","OPENING_TIME","CLOSING_TIME")VALUES('Thu','93575769','9:00 am','4:30 pm');
INSERT INTO "OPENING_HOUR" ("DAY","RESTAURANT_ID","OPENING_TIME","CLOSING_TIME")VALUES('Fri','93575769','9:00 am','4:30 pm');
INSERT INTO "OPENING_HOUR" ("DAY","RESTAURANT_ID","OPENING_TIME","CLOSING_TIME")VALUES('Sat','93575769','9:00 am','4:30 pm');
INSERT INTO "OPENING_HOUR" ("DAY","RESTAURANT_ID","OPENING_TIME","CLOSING_TIME")VALUES('Sun','93575769','Open now','4:30 pm');
INSERT INTO "USER_REVIEW" ("RESTAURANT_ID","REVIEW_DATE","COMMENT","REVIEW_RATING")VALUES('93575769','2017-11-30 21:39:15','Expensive, yes. However, if you''ve gone through the effort to make the trip to Berlin, made the reservations to the Reichstag, passed security, then you...','5');
INSERT INTO "PHOTO" ("RESTAURANT_ID","PICTURE_URL")VALUES('93575769','https://s3-media2.fl.yelpcdn.com/photo/x51iEzvIfGMGe3iqo2YxJQ/o.jpg');
INSERT INTO "USER_REVIEW" ("RESTAURANT_ID","REVIEW_DATE","COMMENT","REVIEW_RATING")VALUES('93575769','2016-10-27 08:49:52','Lovely restaurant with a view. Make a reservation or have your hotel do so for you. Bring identification as the security is high.
The lunch prices are much...','4');
INSERT INTO "PHOTO" ("RESTAURANT_ID","PICTURE_URL")VALUES('93575769','https://s3-media4.fl.yelpcdn.com/photo/EjibVNKmC5yAbca9ldBy9g/o.jpg');
INSERT INTO "USER_REVIEW" ("RESTAURANT_ID","REVIEW_DATE","COMMENT","REVIEW_RATING")VALUES('93575769','2017-10-28 08:13:00','You have to go through security and show your passport to enter this restaurant and make reservations at least 24 hours in advance so I expected the service...','1');
INSERT INTO "PHOTO" ("RESTAURANT_ID","PICTURE_URL")VALUES('93575769','https://s3-media2.fl.yelpcdn.com/photo/ZCEwPGXLiLLbYRcadFliYw/o.jpg');
INSERT INTO "RESTAURANT_RATING" ("RESTAURANT_ID","SCALE","OVERALL_RATING","SOURCE")VALUES('93575769','5','4','Google Map');
INSERT INTO "USER_REVIEW" ("RESTAURANT_ID","REVIEW_DATE","COMMENT","REVIEW_RATING")VALUES('93575769','2017-09-30','Like so many others, we wanted to see the remarkable Reichstag building but had not requested tickets the many weeks earlier it would have taken.  Our concierge (the fabulous Tim at the Berlin Hilton) did manage to get us Saturday Night reservations at the restaurant which allows a tour of the building.  Our experience was nothing short of excellent. In fairness, our reservation were early (7:00) and the place was still empty so the service was luxurious with great attention being paid to us in the selection of dishes and wines.  
The food was exceptional.  I began with an entree of Mullet prepared  perfectly in a lovely sauce that amplified the taste of the fish.  My main course was wild duck which I don''t remember having had before. It was done perfectly: much rarer that I would have ordered it, but so flavorful and supplemented with touches of pear and sweet potato..  
In short this was one of the most memorable meals I have had and I spend a lot of time and effort searching great meals.  
As advertised, the setting was breath taking.','5');
INSERT INTO "USER_REVIEW" ("RESTAURANT_ID","REVIEW_DATE","COMMENT","REVIEW_RATING")VALUES('93575769','2017-11-24','We visited the restaurant on 20 Nov 2017 for my wife''s birthday but only had a main course each due to the outrageous prices. From a limited choice, my wife had venison and I had duck. We also had a 0.75L bottle of water to share (which cost 9.50euros). Our bill came to over 74euros!! I must say the meat was delicious and melted in the mouth but the dinner portions were small and I could easily have eaten the same again. At first I though the high prices must include entry fee to the dome, however this was not the case, as entry is free.','2');
INSERT INTO "USER_REVIEW" ("RESTAURANT_ID","REVIEW_DATE","COMMENT","REVIEW_RATING")VALUES('93575769','2018-01-16','We had the most pleasant experience at Käfer DACHGARTEN-RESTAURANT im Deutschen Bundestag
Fine food,exquisite wine list, very attentive service and amaizing view with reasonable prices for two Michelin star.   Highly recommend it 🥂','5');
INSERT INTO "USER_REVIEW" ("RESTAURANT_ID","REVIEW_DATE","COMMENT","REVIEW_RATING")VALUES('93575769','2017-10-22','The venue itself is in remarkable place, with a great view on the Berlin panorama. Service was very kind and quite fast. Unfortunately if you take the food, and compare it to the prices you have to pay, you will get a disappointment. I know that the prices are high because of the place, but are clearly too high for this kind of quality of food. The food itself is tasty, but it is not shockingly great.','4');
INSERT INTO "USER_REVIEW" ("RESTAURANT_ID","REVIEW_DATE","COMMENT","REVIEW_RATING")VALUES('93575769','2017-06-20','Clearly one of the most exhilarating places to eat in Berlin. We visited the restaurant at the end of May with our son''s In Laws and had the most wonderful tea and cake on a perfect afternoon. For two English tea drinkers the brew was perfect and the apple cake absolutely lovely. We were not rushed and could stay as long as we wished. The service from the waitress was excellent. I would love to have an evening meal here to see the spectacular views at night. We would definitely visit again.','5');
INSERT INTO "LOCATION" ("LOCATION_ID","LOCATION_TYPE","ADDRESS","LONGITUDE","LATITUDE")VALUES('201','R','Goltzstr. 3610781 BerlinGermany','13.3535700691','52.4937017641');
INSERT INTO "RESTAURANT" ("RESTAURANT_ID","PRICERANGE","PHONE_NUMBER","WEBSITE")VALUES('38152347','€€','+49 30 75442540','meyan-berlin.de');
INSERT INTO "CUISINE" ("RESTAURANT_ID","CUISINE_TYPE")VALUES('38152347','Turkish');
INSERT INTO "CUISINE" ("RESTAURANT_ID","CUISINE_TYPE")VALUES('38152347','Mediterranean');
INSERT INTO "CUISINE" ("RESTAURANT_ID","CUISINE_TYPE")VALUES('38152347','Breakfast & Brunch');
INSERT INTO "RESTAURANT_RATING" ("RESTAURANT_ID","SCALE","OVERALL_RATING","SOURCE")VALUES('38152347','5','4.5','Yelp');
INSERT INTO "RESTAURANT_FEATURE" ("RESTAURANT_ID","FEATURE_NAME","DESCRIPTION")VALUES('38152347','Takes Reservations','Yes');
INSERT INTO "RESTAURANT_FEATURE" ("RESTAURANT_ID","FEATURE_NAME","DESCRIPTION")VALUES('38152347','Delivery','No');
INSERT INTO "RESTAURANT_FEATURE" ("RESTAURANT_ID","FEATURE_NAME","DESCRIPTION")VALUES('38152347','Take-out','Yes');
INSERT INTO "RESTAURANT_FEATURE" ("RESTAURANT_ID","FEATURE_NAME","DESCRIPTION")VALUES('38152347','Accepts Bitcoin','No');
INSERT INTO "RESTAURANT_FEATURE" ("RESTAURANT_ID","FEATURE_NAME","DESCRIPTION")VALUES('38152347','Parking','Street');
INSERT INTO "RESTAURANT_FEATURE" ("RESTAURANT_ID","FEATURE_NAME","DESCRIPTION")VALUES('38152347','Good for Kids','Yes');
INSERT INTO "RESTAURANT_FEATURE" ("RESTAURANT_ID","FEATURE_NAME","DESCRIPTION")VALUES('38152347','Good for Groups','Yes');
INSERT INTO "RESTAURANT_FEATURE" ("RESTAURANT_ID","FEATURE_NAME","DESCRIPTION")VALUES('38152347','Attire','Casual');
INSERT INTO "RESTAURANT_FEATURE" ("RESTAURANT_ID","FEATURE_NAME","DESCRIPTION")VALUES('38152347','Ambience','Casual');
INSERT INTO "RESTAURANT_FEATURE" ("RESTAURANT_ID","FEATURE_NAME","DESCRIPTION")VALUES('38152347','Noise Level','Average');
INSERT INTO "RESTAURANT_FEATURE" ("RESTAURANT_ID","FEATURE_NAME","DESCRIPTION")VALUES('38152347','Alcohol','Beer & Wine Only');
INSERT INTO "RESTAURANT_FEATURE" ("RESTAURANT_ID","FEATURE_NAME","DESCRIPTION")VALUES('38152347','Outdoor Seating','Yes');
INSERT INTO "RESTAURANT_FEATURE" ("RESTAURANT_ID","FEATURE_NAME","DESCRIPTION")VALUES('38152347','Wi-Fi','Free');
INSERT INTO "RESTAURANT_FEATURE" ("RESTAURANT_ID","FEATURE_NAME","DESCRIPTION")VALUES('38152347','Has TV','No');
INSERT INTO "RESTAURANT_FEATURE" ("RESTAURANT_ID","FEATURE_NAME","DESCRIPTION")VALUES('38152347','Caters','Yes');
INSERT INTO "OPENING_HOUR" ("DAY","RESTAURANT_ID","OPENING_TIME","CLOSING_TIME")VALUES('Mon','38152347','10:00 am','10:30 pm');
INSERT INTO "OPENING_HOUR" ("DAY","RESTAURANT_ID","OPENING_TIME","CLOSING_TIME")VALUES('Tue','38152347','10:00 am','10:30 pm');
INSERT INTO "OPENING_HOUR" ("DAY","RESTAURANT_ID","OPENING_TIME","CLOSING_TIME")VALUES('Wed','38152347','10:00 am','10:30 pm');
INSERT INTO "OPENING_HOUR" ("DAY","RESTAURANT_ID","OPENING_TIME","CLOSING_TIME")VALUES('Thu','38152347','10:00 am','10:30 pm');
INSERT INTO "OPENING_HOUR" ("DAY","RESTAURANT_ID","OPENING_TIME","CLOSING_TIME")VALUES('Fri','38152347','10:00 am','10:30 pm');
INSERT INTO "OPENING_HOUR" ("DAY","RESTAURANT_ID","OPENING_TIME","CLOSING_TIME")VALUES('Sat','38152347','10:00 am','10:30 pm');
INSERT INTO "OPENING_HOUR" ("DAY","RESTAURANT_ID","OPENING_TIME","CLOSING_TIME")VALUES('Sun','38152347','Open now','5:00 pm');
INSERT INTO "USER_REVIEW" ("RESTAURANT_ID","REVIEW_DATE","COMMENT","REVIEW_RATING")VALUES('38152347','2016-08-25 08:04:27','Yes....!

There''s really not much to say about Meyan, because in total honesty, what do you say about a place that seemingly has it all? I was looking for a...','5');
INSERT INTO "PHOTO" ("RESTAURANT_ID","PICTURE_URL")VALUES('38152347','https://s3-media2.fl.yelpcdn.com/photo/bQTgK3XxkdxY9ll9VwAW2g/o.jpg');
INSERT INTO "USER_REVIEW" ("RESTAURANT_ID","REVIEW_DATE","COMMENT","REVIEW_RATING")VALUES('38152347','2017-08-26 11:00:13','All I can say? "No bueno". The prices were INSANELY HIGH for the portion size. And the food itself? Nothing to write home about. The service (at least one...','1');
INSERT INTO "PHOTO" ("RESTAURANT_ID","PICTURE_URL")VALUES('38152347','https://s3-media2.fl.yelpcdn.com/photo/7gw4leqMmnRAe2YV-jKVSQ/o.jpg');
INSERT INTO "USER_REVIEW" ("RESTAURANT_ID","REVIEW_DATE","COMMENT","REVIEW_RATING")VALUES('38152347','2015-12-29 22:57:17','It''s been a while since I checked out a new place. The opportunity presented itself yesterday, when I needed to get something to eat before watching a play,...','5');
INSERT INTO "PHOTO" ("RESTAURANT_ID","PICTURE_URL")VALUES('38152347','https://s3-media1.fl.yelpcdn.com/photo/ToTju2zYCHa7hPAMdeK58w/o.jpg');
INSERT INTO "LOCATION" ("LOCATION_ID","LOCATION_TYPE","ADDRESS","LONGITUDE","LATITUDE")VALUES('202','R','Turiner Str. 2113347 BerlinGermany','13.35824','52.54968');
INSERT INTO "RESTAURANT" ("RESTAURANT_ID","PRICERANGE","PHONE_NUMBER","WEBSITE")VALUES('51056861','€','+49 30 89626927','pierogarnia.de');
INSERT INTO "CUISINE" ("RESTAURANT_ID","CUISINE_TYPE")VALUES('51056861','Polish');
INSERT INTO "CUISINE" ("RESTAURANT_ID","CUISINE_TYPE")VALUES('51056861','Bars');
INSERT INTO "CUISINE" ("RESTAURANT_ID","CUISINE_TYPE")VALUES('51056861','Music Venues');
INSERT INTO "RESTAURANT_RATING" ("RESTAURANT_ID","SCALE","OVERALL_RATING","SOURCE")VALUES('51056861','5','4.0','Yelp');
INSERT INTO "RESTAURANT_FEATURE" ("RESTAURANT_ID","FEATURE_NAME","DESCRIPTION")VALUES('51056861','Takes Reservations','Yes');
INSERT INTO "RESTAURANT_FEATURE" ("RESTAURANT_ID","FEATURE_NAME","DESCRIPTION")VALUES('51056861','Delivery','No');
INSERT INTO "RESTAURANT_FEATURE" ("RESTAURANT_ID","FEATURE_NAME","DESCRIPTION")VALUES('51056861','Take-out','Yes');
INSERT INTO "RESTAURANT_FEATURE" ("RESTAURANT_ID","FEATURE_NAME","DESCRIPTION")VALUES('51056861','Accepted Cards','None');
INSERT INTO "RESTAURANT_FEATURE" ("RESTAURANT_ID","FEATURE_NAME","DESCRIPTION")VALUES('51056861','Parking','Street');
INSERT INTO "RESTAURANT_FEATURE" ("RESTAURANT_ID","FEATURE_NAME","DESCRIPTION")VALUES('51056861','Good for Kids','Yes');
INSERT INTO "RESTAURANT_FEATURE" ("RESTAURANT_ID","FEATURE_NAME","DESCRIPTION")VALUES('51056861','Good for Groups','Yes');
INSERT INTO "RESTAURANT_FEATURE" ("RESTAURANT_ID","FEATURE_NAME","DESCRIPTION")VALUES('51056861','Attire','Casual');
INSERT INTO "RESTAURANT_FEATURE" ("RESTAURANT_ID","FEATURE_NAME","DESCRIPTION")VALUES('51056861','Noise Level','Average');
INSERT INTO "RESTAURANT_FEATURE" ("RESTAURANT_ID","FEATURE_NAME","DESCRIPTION")VALUES('51056861','Alcohol','Full Bar');
INSERT INTO "RESTAURANT_FEATURE" ("RESTAURANT_ID","FEATURE_NAME","DESCRIPTION")VALUES('51056861','Outdoor Seating','Yes');
INSERT INTO "RESTAURANT_FEATURE" ("RESTAURANT_ID","FEATURE_NAME","DESCRIPTION")VALUES('51056861','Wi-Fi','Free');
INSERT INTO "RESTAURANT_FEATURE" ("RESTAURANT_ID","FEATURE_NAME","DESCRIPTION")VALUES('51056861','Has TV','Yes');
INSERT INTO "RESTAURANT_FEATURE" ("RESTAURANT_ID","FEATURE_NAME","DESCRIPTION")VALUES('51056861','Caters','No');
INSERT INTO "RESTAURANT_FEATURE" ("RESTAURANT_ID","FEATURE_NAME","DESCRIPTION")VALUES('51056861','Has Pool Table','No');
INSERT INTO "OPENING_HOUR" ("DAY","RESTAURANT_ID","OPENING_TIME","CLOSING_TIME")VALUES('Mon','51056861','4:00 pm','10:00 pm');
INSERT INTO "OPENING_HOUR" ("DAY","RESTAURANT_ID","OPENING_TIME","CLOSING_TIME")VALUES('Tue','51056861','4:00 pm','10:00 pm');
INSERT INTO "OPENING_HOUR" ("DAY","RESTAURANT_ID","OPENING_TIME","CLOSING_TIME")VALUES('Wed','51056861','4:00 pm','10:00 pm');
INSERT INTO "OPENING_HOUR" ("DAY","RESTAURANT_ID","OPENING_TIME","CLOSING_TIME")VALUES('Thu','51056861','4:00 pm','10:00 pm');
INSERT INTO "OPENING_HOUR" ("DAY","RESTAURANT_ID","OPENING_TIME","CLOSING_TIME")VALUES('Fri','51056861','4:00 pm','10:00 pm');
INSERT INTO "USER_REVIEW" ("RESTAURANT_ID","REVIEW_DATE","COMMENT","REVIEW_RATING")VALUES('51056861','2017-03-11 12:31:47','The best pierogis I have eaten in Berlin!

I actually have this place bookmarked for more than three years now. And finally we got an opportunity to visit...','4');
INSERT INTO "PHOTO" ("RESTAURANT_ID","PICTURE_URL")VALUES('51056861','https://s3-media1.fl.yelpcdn.com/photo/ToTju2zYCHa7hPAMdeK58w/o.jpg');
INSERT INTO "USER_REVIEW" ("RESTAURANT_ID","REVIEW_DATE","COMMENT","REVIEW_RATING")VALUES('51056861','2017-11-25 12:48:43','tasty food for a good price. friendly service. would go here every day.','5');
INSERT INTO "PHOTO" ("RESTAURANT_ID","PICTURE_URL")VALUES('51056861','https://s3-media4.fl.yelpcdn.com/photo/tFzkuGaGcbyUnIh-XaYCqA/o.jpg');
INSERT INTO "USER_REVIEW" ("RESTAURANT_ID","REVIEW_DATE","COMMENT","REVIEW_RATING")VALUES('51056861','2015-09-29 01:36:54','Sweet and locally owned Polish restaurant. The pierogis were great and very filling, they have a few variations of spinach/feta, bacon, cabbage/mushroom,...','4');
INSERT INTO "PHOTO" ("RESTAURANT_ID","PICTURE_URL")VALUES('51056861','https://s3-media2.fl.yelpcdn.com/photo/iGPqsy2jJPyYQ9N9tjiruQ/o.jpg');
INSERT INTO "LOCATION" ("LOCATION_ID","LOCATION_TYPE","ADDRESS","LONGITUDE","LATITUDE")VALUES('203','R','Willmanndamm 1510827 BerlinGermany','13.3616915269','52.4903729686');
INSERT INTO "RESTAURANT" ("RESTAURANT_ID","PRICERANGE","PHONE_NUMBER","WEBSITE")VALUES('23497834','€','+49 30 55129975','None');
INSERT INTO "CUISINE" ("RESTAURANT_ID","CUISINE_TYPE")VALUES('23497834','Italian');
INSERT INTO "CUISINE" ("RESTAURANT_ID","CUISINE_TYPE")VALUES('23497834','Pizza');
INSERT INTO "RESTAURANT_RATING" ("RESTAURANT_ID","SCALE","OVERALL_RATING","SOURCE")VALUES('23497834','5','4.5','Yelp');
INSERT INTO "RESTAURANT_FEATURE" ("RESTAURANT_ID","FEATURE_NAME","DESCRIPTION")VALUES('23497834','Takes Reservations','Yes');
INSERT INTO "RESTAURANT_FEATURE" ("RESTAURANT_ID","FEATURE_NAME","DESCRIPTION")VALUES('23497834','Delivery','Yes');
INSERT INTO "RESTAURANT_FEATURE" ("RESTAURANT_ID","FEATURE_NAME","DESCRIPTION")VALUES('23497834','Take-out','Yes');
INSERT INTO "RESTAURANT_FEATURE" ("RESTAURANT_ID","FEATURE_NAME","DESCRIPTION")VALUES('23497834','Accepted Cards','Credit, Debit');
INSERT INTO "RESTAURANT_FEATURE" ("RESTAURANT_ID","FEATURE_NAME","DESCRIPTION")VALUES('23497834','Accepts Bitcoin','No');
INSERT INTO "RESTAURANT_FEATURE" ("RESTAURANT_ID","FEATURE_NAME","DESCRIPTION")VALUES('23497834','Good For','Dessert');
INSERT INTO "RESTAURANT_FEATURE" ("RESTAURANT_ID","FEATURE_NAME","DESCRIPTION")VALUES('23497834','Parking','Street');
INSERT INTO "RESTAURANT_FEATURE" ("RESTAURANT_ID","FEATURE_NAME","DESCRIPTION")VALUES('23497834','Wheelchair Accessible','No');
INSERT INTO "RESTAURANT_FEATURE" ("RESTAURANT_ID","FEATURE_NAME","DESCRIPTION")VALUES('23497834','Good for Kids','Yes');
INSERT INTO "RESTAURANT_FEATURE" ("RESTAURANT_ID","FEATURE_NAME","DESCRIPTION")VALUES('23497834','Good for Groups','Yes');
INSERT INTO "RESTAURANT_FEATURE" ("RESTAURANT_ID","FEATURE_NAME","DESCRIPTION")VALUES('23497834','Attire','Casual');
INSERT INTO "RESTAURANT_FEATURE" ("RESTAURANT_ID","FEATURE_NAME","DESCRIPTION")VALUES('23497834','Noise Level','Average');
INSERT INTO "RESTAURANT_FEATURE" ("RESTAURANT_ID","FEATURE_NAME","DESCRIPTION")VALUES('23497834','Alcohol','Full Bar');
INSERT INTO "RESTAURANT_FEATURE" ("RESTAURANT_ID","FEATURE_NAME","DESCRIPTION")VALUES('23497834','Outdoor Seating','Yes');
INSERT INTO "RESTAURANT_FEATURE" ("RESTAURANT_ID","FEATURE_NAME","DESCRIPTION")VALUES('23497834','Wi-Fi','Free');
INSERT INTO "RESTAURANT_FEATURE" ("RESTAURANT_ID","FEATURE_NAME","DESCRIPTION")VALUES('23497834','Has TV','No');
INSERT INTO "RESTAURANT_FEATURE" ("RESTAURANT_ID","FEATURE_NAME","DESCRIPTION")VALUES('23497834','Dogs Allowed','Yes');
INSERT INTO "RESTAURANT_FEATURE" ("RESTAURANT_ID","FEATURE_NAME","DESCRIPTION")VALUES('23497834','Waiter Service','Yes');
INSERT INTO "RESTAURANT_FEATURE" ("RESTAURANT_ID","FEATURE_NAME","DESCRIPTION")VALUES('23497834','Caters','Yes');
INSERT INTO "OPENING_HOUR" ("DAY","RESTAURANT_ID","OPENING_TIME","CLOSING_TIME")VALUES('Mon','23497834','11:30 am','11:00 pm');
INSERT INTO "OPENING_HOUR" ("DAY","RESTAURANT_ID","OPENING_TIME","CLOSING_TIME")VALUES('Tue','23497834','11:30 am','11:00 pm');
INSERT INTO "OPENING_HOUR" ("DAY","RESTAURANT_ID","OPENING_TIME","CLOSING_TIME")VALUES('Wed','23497834','11:30 am','11:00 pm');
INSERT INTO "OPENING_HOUR" ("DAY","RESTAURANT_ID","OPENING_TIME","CLOSING_TIME")VALUES('Thu','23497834','11:30 am','11:00 pm');
INSERT INTO "OPENING_HOUR" ("DAY","RESTAURANT_ID","OPENING_TIME","CLOSING_TIME")VALUES('Fri','23497834','11:30 am','11:00 pm');
INSERT INTO "OPENING_HOUR" ("DAY","RESTAURANT_ID","OPENING_TIME","CLOSING_TIME")VALUES('Sat','23497834','12:00 pm','11:00 pm');
INSERT INTO "OPENING_HOUR" ("DAY","RESTAURANT_ID","OPENING_TIME","CLOSING_TIME")VALUES('Sun','23497834','Open now','11:00 pm');
INSERT INTO "USER_REVIEW" ("RESTAURANT_ID","REVIEW_DATE","COMMENT","REVIEW_RATING")VALUES('23497834','2017-06-24 05:10:03','I love this place! Amazing people, great atmosphere and the most important thing "Food is delicious" and not expensive.
I totally recommend Olio Sale Pepe...','5');
INSERT INTO "USER_REVIEW" ("RESTAURANT_ID","REVIEW_DATE","COMMENT","REVIEW_RATING")VALUES('23497834','2016-09-28 09:28:00','The pizza is great but the service is REALLY REALLY BAD (sometimes)! 
sometimes they are mixing up the orders sometimes you just wait for an hour for your...','1');
INSERT INTO "PHOTO" ("RESTAURANT_ID","PICTURE_URL")VALUES('23497834','https://s3-media2.fl.yelpcdn.com/photo/uEgGS6YmDWp688LYkQ8d6Q/o.jpg');
INSERT INTO "USER_REVIEW" ("RESTAURANT_ID","REVIEW_DATE","COMMENT","REVIEW_RATING")VALUES('23497834','2016-09-21 05:32:57','Great Pizza! The pizza was amazing! I had the Pizza Diavlo and would highly recommend it. It had just a slight spiciness which was perfection. This is a...','5');
INSERT INTO "PHOTO" ("RESTAURANT_ID","PICTURE_URL")VALUES('23497834','https://s3-media4.fl.yelpcdn.com/photo/6xspn1qPE3OXuXq2GOLpfQ/o.jpg');
INSERT INTO "LOCATION" ("LOCATION_ID","LOCATION_TYPE","ADDRESS","LONGITUDE","LATITUDE")VALUES('204','R','Chamissoplatz 110965 BerlinGermany','13.390535','52.488434');
INSERT INTO "RESTAURANT" ("RESTAURANT_ID","PRICERANGE","PHONE_NUMBER","WEBSITE")VALUES('6425849','€€','+49 30 58885906','colibri-tapas.berlin');
INSERT INTO "CUISINE" ("RESTAURANT_ID","CUISINE_TYPE")VALUES('6425849','Tapas Bars');
INSERT INTO "CUISINE" ("RESTAURANT_ID","CUISINE_TYPE")VALUES('6425849','Mediterranean');
INSERT INTO "CUISINE" ("RESTAURANT_ID","CUISINE_TYPE")VALUES('6425849','Tapas/Small Plates');
INSERT INTO "RESTAURANT_RATING" ("RESTAURANT_ID","SCALE","OVERALL_RATING","SOURCE")VALUES('6425849','5','4.5','Yelp');
INSERT INTO "RESTAURANT_FEATURE" ("RESTAURANT_ID","FEATURE_NAME","DESCRIPTION")VALUES('6425849','Takes Reservations','Yes');
INSERT INTO "RESTAURANT_FEATURE" ("RESTAURANT_ID","FEATURE_NAME","DESCRIPTION")VALUES('6425849','Delivery','Yes');
INSERT INTO "RESTAURANT_FEATURE" ("RESTAURANT_ID","FEATURE_NAME","DESCRIPTION")VALUES('6425849','Take-out','Yes');
INSERT INTO "RESTAURANT_FEATURE" ("RESTAURANT_ID","FEATURE_NAME","DESCRIPTION")VALUES('6425849','Accepted Cards','None');
INSERT INTO "RESTAURANT_FEATURE" ("RESTAURANT_ID","FEATURE_NAME","DESCRIPTION")VALUES('6425849','Parking','Street');
INSERT INTO "RESTAURANT_FEATURE" ("RESTAURANT_ID","FEATURE_NAME","DESCRIPTION")VALUES('6425849','Good for Kids','Yes');
INSERT INTO "RESTAURANT_FEATURE" ("RESTAURANT_ID","FEATURE_NAME","DESCRIPTION")VALUES('6425849','Good for Groups','Yes');
INSERT INTO "RESTAURANT_FEATURE" ("RESTAURANT_ID","FEATURE_NAME","DESCRIPTION")VALUES('6425849','Attire','Casual');
INSERT INTO "RESTAURANT_FEATURE" ("RESTAURANT_ID","FEATURE_NAME","DESCRIPTION")VALUES('6425849','Ambience','Romantic');
INSERT INTO "RESTAURANT_FEATURE" ("RESTAURANT_ID","FEATURE_NAME","DESCRIPTION")VALUES('6425849','Noise Level','Average');
INSERT INTO "RESTAURANT_FEATURE" ("RESTAURANT_ID","FEATURE_NAME","DESCRIPTION")VALUES('6425849','Alcohol','Full Bar');
INSERT INTO "RESTAURANT_FEATURE" ("RESTAURANT_ID","FEATURE_NAME","DESCRIPTION")VALUES('6425849','Outdoor Seating','Yes');
INSERT INTO "RESTAURANT_FEATURE" ("RESTAURANT_ID","FEATURE_NAME","DESCRIPTION")VALUES('6425849','Wi-Fi','Free');
INSERT INTO "RESTAURANT_FEATURE" ("RESTAURANT_ID","FEATURE_NAME","DESCRIPTION")VALUES('6425849','Has TV','No');
INSERT INTO "RESTAURANT_FEATURE" ("RESTAURANT_ID","FEATURE_NAME","DESCRIPTION")VALUES('6425849','Caters','Yes');
INSERT INTO "OPENING_HOUR" ("DAY","RESTAURANT_ID","OPENING_TIME","CLOSING_TIME")VALUES('Mon','6425849','6:00 pm','1:00 am');
INSERT INTO "OPENING_HOUR" ("DAY","RESTAURANT_ID","OPENING_TIME","CLOSING_TIME")VALUES('Tue','6425849','6:00 pm','1:00 am');
INSERT INTO "OPENING_HOUR" ("DAY","RESTAURANT_ID","OPENING_TIME","CLOSING_TIME")VALUES('Wed','6425849','6:00 pm','1:00 am');
INSERT INTO "OPENING_HOUR" ("DAY","RESTAURANT_ID","OPENING_TIME","CLOSING_TIME")VALUES('Thu','6425849','6:00 pm','1:00 am');
INSERT INTO "OPENING_HOUR" ("DAY","RESTAURANT_ID","OPENING_TIME","CLOSING_TIME")VALUES('Fri','6425849','6:00 pm','1:00 am');
INSERT INTO "OPENING_HOUR" ("DAY","RESTAURANT_ID","OPENING_TIME","CLOSING_TIME")VALUES('Sat','6425849','Open now','10:00 pm');
INSERT INTO "USER_REVIEW" ("RESTAURANT_ID","REVIEW_DATE","COMMENT","REVIEW_RATING")VALUES('6425849','2017-09-15 08:05:48','Super warm and cozy place! The owner was very nice, the food very good and not expensive at all!! Nice combination of tastes!3 tapas per person is what they...','5');
INSERT INTO "USER_REVIEW" ("RESTAURANT_ID","REVIEW_DATE","COMMENT","REVIEW_RATING")VALUES('6425849','2017-05-17 13:11:57','The sampler platter and the feta/tomato salad were divine. Everything was seasoned perfectly!','5');
INSERT INTO "PHOTO" ("RESTAURANT_ID","PICTURE_URL")VALUES('6425849','https://s3-media2.fl.yelpcdn.com/photo/8rIr4edPD_8_2QeUO-799A/o.jpg');
INSERT INTO "USER_REVIEW" ("RESTAURANT_ID","REVIEW_DATE","COMMENT","REVIEW_RATING")VALUES('6425849','2016-08-07 00:36:26','Small nice place, they had really nice tapas and nice staff, not too expensive. Make sure you reserve a table before you go there. You can only pay with cash!!!','4');
INSERT INTO "PHOTO" ("RESTAURANT_ID","PICTURE_URL")VALUES('6425849','https://s3-media3.fl.yelpcdn.com/photo/i4Wqv60cAaSBlB2wKimuJw/o.jpg');
INSERT INTO "RESTAURANT_RATING" ("RESTAURANT_ID","SCALE","OVERALL_RATING","SOURCE")VALUES('6425849','5','4.7','Google Map');
INSERT INTO "USER_REVIEW" ("RESTAURANT_ID","REVIEW_DATE","COMMENT","REVIEW_RATING")VALUES('6425849','2017-04-09','The food was delicious. The service was prompt. Atmosphere was great. Cannot ask for more.','5');
INSERT INTO "USER_REVIEW" ("RESTAURANT_ID","REVIEW_DATE","COMMENT","REVIEW_RATING")VALUES('6425849','2017-02-16','Delicious tapas at a reasonable price in a cosy little place. Love it. ','4');
INSERT INTO "USER_REVIEW" ("RESTAURANT_ID","REVIEW_DATE","COMMENT","REVIEW_RATING")VALUES('6425849','2017-04-30','Delicious Tapas and a lovely​ atmosphere ','5');
INSERT INTO "USER_REVIEW" ("RESTAURANT_ID","REVIEW_DATE","COMMENT","REVIEW_RATING")VALUES('6425849','2016-07-20','Definitely one of my favorite tapas bars in Berlin. Fantastic foos, really good service, what else is there to ask for?','5');
INSERT INTO "USER_REVIEW" ("RESTAURANT_ID","REVIEW_DATE","COMMENT","REVIEW_RATING")VALUES('6425849','2013-06-24','We came here as a large group, and they arranged for us to get a large sampler of a number of tapas, tapered to the group''s requests.  The food was delicious, the service attentive, and the pricing very reasonable.  (Although it looks like ordering a la carte would be more expensive.)','5');
INSERT INTO "LOCATION" ("LOCATION_ID","LOCATION_TYPE","ADDRESS","LONGITUDE","LATITUDE")VALUES('205','R','Dresdener Str. 1910999 BerlinGermany','13.41672','52.50157');
INSERT INTO "RESTAURANT" ("RESTAURANT_ID","PRICERANGE","PHONE_NUMBER","WEBSITE")VALUES('53501845','€','+49 30 98365113','None');
INSERT INTO "CUISINE" ("RESTAURANT_ID","CUISINE_TYPE")VALUES('53501845','Bars');
INSERT INTO "CUISINE" ("RESTAURANT_ID","CUISINE_TYPE")VALUES('53501845','Cafes');
INSERT INTO "RESTAURANT_RATING" ("RESTAURANT_ID","SCALE","OVERALL_RATING","SOURCE")VALUES('53501845','5','4.5','Yelp');
INSERT INTO "RESTAURANT_FEATURE" ("RESTAURANT_ID","FEATURE_NAME","DESCRIPTION")VALUES('53501845','Takes Reservations','Yes');
INSERT INTO "RESTAURANT_FEATURE" ("RESTAURANT_ID","FEATURE_NAME","DESCRIPTION")VALUES('53501845','Delivery','No');
INSERT INTO "RESTAURANT_FEATURE" ("RESTAURANT_ID","FEATURE_NAME","DESCRIPTION")VALUES('53501845','Take-out','Yes');
INSERT INTO "RESTAURANT_FEATURE" ("RESTAURANT_ID","FEATURE_NAME","DESCRIPTION")VALUES('53501845','Accepted Cards','None');
INSERT INTO "RESTAURANT_FEATURE" ("RESTAURANT_ID","FEATURE_NAME","DESCRIPTION")VALUES('53501845','Parking','Street');
INSERT INTO "RESTAURANT_FEATURE" ("RESTAURANT_ID","FEATURE_NAME","DESCRIPTION")VALUES('53501845','Good for Kids','No');
INSERT INTO "RESTAURANT_FEATURE" ("RESTAURANT_ID","FEATURE_NAME","DESCRIPTION")VALUES('53501845','Good for Groups','Yes');
INSERT INTO "RESTAURANT_FEATURE" ("RESTAURANT_ID","FEATURE_NAME","DESCRIPTION")VALUES('53501845','Attire','Casual');
INSERT INTO "RESTAURANT_FEATURE" ("RESTAURANT_ID","FEATURE_NAME","DESCRIPTION")VALUES('53501845','Ambience','Casual');
INSERT INTO "RESTAURANT_FEATURE" ("RESTAURANT_ID","FEATURE_NAME","DESCRIPTION")VALUES('53501845','Noise Level','Average');
INSERT INTO "RESTAURANT_FEATURE" ("RESTAURANT_ID","FEATURE_NAME","DESCRIPTION")VALUES('53501845','Alcohol','Full Bar');
INSERT INTO "RESTAURANT_FEATURE" ("RESTAURANT_ID","FEATURE_NAME","DESCRIPTION")VALUES('53501845','Outdoor Seating','No');
INSERT INTO "RESTAURANT_FEATURE" ("RESTAURANT_ID","FEATURE_NAME","DESCRIPTION")VALUES('53501845','Wi-Fi','No');
INSERT INTO "RESTAURANT_FEATURE" ("RESTAURANT_ID","FEATURE_NAME","DESCRIPTION")VALUES('53501845','Has TV','No');
INSERT INTO "RESTAURANT_FEATURE" ("RESTAURANT_ID","FEATURE_NAME","DESCRIPTION")VALUES('53501845','Caters','No');
INSERT INTO "OPENING_HOUR" ("DAY","RESTAURANT_ID","OPENING_TIME","CLOSING_TIME")VALUES('Mon','53501845','4:00 pm','12:00 am');
INSERT INTO "OPENING_HOUR" ("DAY","RESTAURANT_ID","OPENING_TIME","CLOSING_TIME")VALUES('Tue','53501845','9:00 am','12:00 am');
INSERT INTO "OPENING_HOUR" ("DAY","RESTAURANT_ID","OPENING_TIME","CLOSING_TIME")VALUES('Wed','53501845','9:00 am','12:00 am');
INSERT INTO "OPENING_HOUR" ("DAY","RESTAURANT_ID","OPENING_TIME","CLOSING_TIME")VALUES('Thu','53501845','9:00 am','12:00 am');
INSERT INTO "OPENING_HOUR" ("DAY","RESTAURANT_ID","OPENING_TIME","CLOSING_TIME")VALUES('Fri','53501845','4:00 pm','2:00 am');
INSERT INTO "OPENING_HOUR" ("DAY","RESTAURANT_ID","OPENING_TIME","CLOSING_TIME")VALUES('Sat','53501845','Open now','10:00 pm');
INSERT INTO "USER_REVIEW" ("RESTAURANT_ID","REVIEW_DATE","COMMENT","REVIEW_RATING")VALUES('53501845','2017-10-24 01:45:05','I love this place because it has wheatgrass cocktails - absolutely perfect for the night I was there because I was getting sick but still wanted to go out...','4');
INSERT INTO "PHOTO" ("RESTAURANT_ID","PICTURE_URL")VALUES('53501845','https://s3-media4.fl.yelpcdn.com/photo/40_fcFgmpMETJGaRpyB-eQ/o.jpg');
INSERT INTO "USER_REVIEW" ("RESTAURANT_ID","REVIEW_DATE","COMMENT","REVIEW_RATING")VALUES('53501845','2015-05-17 10:45:15','Today, had a wheatgrass drink from them at the Markhalle Neun breakfast and I was pleasantly surprised. Tasted great and felt healthy, too. Props to them to...','4');
INSERT INTO "PHOTO" ("RESTAURANT_ID","PICTURE_URL")VALUES('53501845','https://s3-media4.fl.yelpcdn.com/photo/xrspX0O4ILNl2at7ImlT1A/o.jpg');
INSERT INTO "USER_REVIEW" ("RESTAURANT_ID","REVIEW_DATE","COMMENT","REVIEW_RATING")VALUES('53501845','2015-01-15 11:40:04','I went there quite accidentally and was pleasantly surprised with the "universal" atmosphere of this place. Somehow it can be a cafe at day, a bar in the...','5');
INSERT INTO "PHOTO" ("RESTAURANT_ID","PICTURE_URL")VALUES('53501845','https://s3-media1.fl.yelpcdn.com/photo/s0a9MWznYAHdrJEqG5Wv1A/o.jpg');
INSERT INTO "LOCATION" ("LOCATION_ID","LOCATION_TYPE","ADDRESS","LONGITUDE","LATITUDE")VALUES('206','R','Chamissoplatz 110965 BerlinGermany','13.39062','52.48846');
INSERT INTO "RESTAURANT" ("RESTAURANT_ID","PRICERANGE","PHONE_NUMBER","WEBSITE")VALUES('48881643','€€','+49 30 22439129','None');
INSERT INTO "CUISINE" ("RESTAURANT_ID","CUISINE_TYPE")VALUES('48881643','German');
INSERT INTO "RESTAURANT_RATING" ("RESTAURANT_ID","SCALE","OVERALL_RATING","SOURCE")VALUES('48881643','5','4.5','Yelp');
INSERT INTO "RESTAURANT_FEATURE" ("RESTAURANT_ID","FEATURE_NAME","DESCRIPTION")VALUES('48881643','Takes Reservations','Yes');
INSERT INTO "RESTAURANT_FEATURE" ("RESTAURANT_ID","FEATURE_NAME","DESCRIPTION")VALUES('48881643','Delivery','No');
INSERT INTO "RESTAURANT_FEATURE" ("RESTAURANT_ID","FEATURE_NAME","DESCRIPTION")VALUES('48881643','Take-out','Yes');
INSERT INTO "RESTAURANT_FEATURE" ("RESTAURANT_ID","FEATURE_NAME","DESCRIPTION")VALUES('48881643','Accepted Cards','None');
INSERT INTO "RESTAURANT_FEATURE" ("RESTAURANT_ID","FEATURE_NAME","DESCRIPTION")VALUES('48881643','Parking','Street');
INSERT INTO "RESTAURANT_FEATURE" ("RESTAURANT_ID","FEATURE_NAME","DESCRIPTION")VALUES('48881643','Good for Kids','Yes');
INSERT INTO "RESTAURANT_FEATURE" ("RESTAURANT_ID","FEATURE_NAME","DESCRIPTION")VALUES('48881643','Good for Groups','No');
INSERT INTO "RESTAURANT_FEATURE" ("RESTAURANT_ID","FEATURE_NAME","DESCRIPTION")VALUES('48881643','Attire','Casual');
INSERT INTO "RESTAURANT_FEATURE" ("RESTAURANT_ID","FEATURE_NAME","DESCRIPTION")VALUES('48881643','Ambience','Casual');
INSERT INTO "RESTAURANT_FEATURE" ("RESTAURANT_ID","FEATURE_NAME","DESCRIPTION")VALUES('48881643','Noise Level','Quiet');
INSERT INTO "RESTAURANT_FEATURE" ("RESTAURANT_ID","FEATURE_NAME","DESCRIPTION")VALUES('48881643','Alcohol','Beer & Wine Only');
INSERT INTO "RESTAURANT_FEATURE" ("RESTAURANT_ID","FEATURE_NAME","DESCRIPTION")VALUES('48881643','Outdoor Seating','Yes');
INSERT INTO "RESTAURANT_FEATURE" ("RESTAURANT_ID","FEATURE_NAME","DESCRIPTION")VALUES('48881643','Wi-Fi','No');
INSERT INTO "RESTAURANT_FEATURE" ("RESTAURANT_ID","FEATURE_NAME","DESCRIPTION")VALUES('48881643','Has TV','No');
INSERT INTO "RESTAURANT_FEATURE" ("RESTAURANT_ID","FEATURE_NAME","DESCRIPTION")VALUES('48881643','Caters','No');
INSERT INTO "OPENING_HOUR" ("DAY","RESTAURANT_ID","OPENING_TIME","CLOSING_TIME")VALUES('Mon','48881643','6:00 pm','10:00 pm');
INSERT INTO "OPENING_HOUR" ("DAY","RESTAURANT_ID","OPENING_TIME","CLOSING_TIME")VALUES('Tue','48881643','6:00 pm','10:00 pm');
INSERT INTO "OPENING_HOUR" ("DAY","RESTAURANT_ID","OPENING_TIME","CLOSING_TIME")VALUES('Wed','48881643','6:00 pm','10:00 pm');
INSERT INTO "OPENING_HOUR" ("DAY","RESTAURANT_ID","OPENING_TIME","CLOSING_TIME")VALUES('Thu','48881643','6:00 pm','11:00 pm');
INSERT INTO "OPENING_HOUR" ("DAY","RESTAURANT_ID","OPENING_TIME","CLOSING_TIME")VALUES('Fri','48881643','6:00 pm','11:00 pm');
INSERT INTO "OPENING_HOUR" ("DAY","RESTAURANT_ID","OPENING_TIME","CLOSING_TIME")VALUES('Sat','48881643','Open now','10:00 pm');
INSERT INTO "USER_REVIEW" ("RESTAURANT_ID","REVIEW_DATE","COMMENT","REVIEW_RATING")VALUES('48881643','2016-08-16 10:45:12','My friend and I decided to check this place out for our first night in Berlin. We went early - right around opening time, and we were seated immediately....','5');
INSERT INTO "PHOTO" ("RESTAURANT_ID","PICTURE_URL")VALUES('48881643','https://s3-media4.fl.yelpcdn.com/photo/BcLgHq4T89mCmNgDNlJNMA/o.jpg');
INSERT INTO "USER_REVIEW" ("RESTAURANT_ID","REVIEW_DATE","COMMENT","REVIEW_RATING")VALUES('48881643','2016-07-30 11:38:39','Absolutely delicious food and wonderful cook/server/host! It''s a one man show but he is excellent at his job and makes sure his customers are well attended.','5');
INSERT INTO "PHOTO" ("RESTAURANT_ID","PICTURE_URL")VALUES('48881643','https://s3-media4.fl.yelpcdn.com/photo/hMlgoIwBAZXfDUlgHUtZ9Q/o.jpg');
INSERT INTO "USER_REVIEW" ("RESTAURANT_ID","REVIEW_DATE","COMMENT","REVIEW_RATING")VALUES('48881643','2016-06-17 16:09:50','My husband and I stumbled upon this cute little restaurant while we were looking for a place to get some genuine German grub. This was absolutely perfect!...','5');
INSERT INTO "PHOTO" ("RESTAURANT_ID","PICTURE_URL")VALUES('48881643','https://s3-media4.fl.yelpcdn.com/photo/dUmTEMH715XoU5I1CdXilg/o.jpg');
INSERT INTO "RESTAURANT_RATING" ("RESTAURANT_ID","SCALE","OVERALL_RATING","SOURCE")VALUES('48881643','5','4.7','Google Map');
INSERT INTO "USER_REVIEW" ("RESTAURANT_ID","REVIEW_DATE","COMMENT","REVIEW_RATING")VALUES('48881643','2017-04-09','The food was delicious. The service was prompt. Atmosphere was great. Cannot ask for more.','5');
INSERT INTO "USER_REVIEW" ("RESTAURANT_ID","REVIEW_DATE","COMMENT","REVIEW_RATING")VALUES('48881643','2017-02-16','Delicious tapas at a reasonable price in a cosy little place. Love it. ','4');
INSERT INTO "USER_REVIEW" ("RESTAURANT_ID","REVIEW_DATE","COMMENT","REVIEW_RATING")VALUES('48881643','2017-04-30','Delicious Tapas and a lovely​ atmosphere ','5');
INSERT INTO "USER_REVIEW" ("RESTAURANT_ID","REVIEW_DATE","COMMENT","REVIEW_RATING")VALUES('48881643','2016-07-20','Definitely one of my favorite tapas bars in Berlin. Fantastic foos, really good service, what else is there to ask for?','5');
INSERT INTO "USER_REVIEW" ("RESTAURANT_ID","REVIEW_DATE","COMMENT","REVIEW_RATING")VALUES('48881643','2013-06-24','We came here as a large group, and they arranged for us to get a large sampler of a number of tapas, tapered to the group''s requests.  The food was delicious, the service attentive, and the pricing very reasonable.  (Although it looks like ordering a la carte would be more expensive.)','5');
INSERT INTO "LOCATION" ("LOCATION_ID","LOCATION_TYPE","ADDRESS","LONGITUDE","LATITUDE")VALUES('207','R','Budapester Str. 4010787 BerlinGermany','13.33793','52.50558');
INSERT INTO "RESTAURANT" ("RESTAURANT_ID","PRICERANGE","PHONE_NUMBER","WEBSITE")VALUES('85150482','€€€','+49 30 120221200','neniberlin.de');
INSERT INTO "CUISINE" ("RESTAURANT_ID","CUISINE_TYPE")VALUES('85150482','Israeli');
INSERT INTO "CUISINE" ("RESTAURANT_ID","CUISINE_TYPE")VALUES('85150482','Arabian');
INSERT INTO "CUISINE" ("RESTAURANT_ID","CUISINE_TYPE")VALUES('85150482','Middle Eastern');
INSERT INTO "RESTAURANT_RATING" ("RESTAURANT_ID","SCALE","OVERALL_RATING","SOURCE")VALUES('85150482','5','4.0','Yelp');
INSERT INTO "RESTAURANT_FEATURE" ("RESTAURANT_ID","FEATURE_NAME","DESCRIPTION")VALUES('85150482','Takes Reservations','Yes');
INSERT INTO "RESTAURANT_FEATURE" ("RESTAURANT_ID","FEATURE_NAME","DESCRIPTION")VALUES('85150482','Delivery','No');
INSERT INTO "RESTAURANT_FEATURE" ("RESTAURANT_ID","FEATURE_NAME","DESCRIPTION")VALUES('85150482','Take-out','Yes');
INSERT INTO "RESTAURANT_FEATURE" ("RESTAURANT_ID","FEATURE_NAME","DESCRIPTION")VALUES('85150482','Accepted Cards','Credit, Debit');
INSERT INTO "RESTAURANT_FEATURE" ("RESTAURANT_ID","FEATURE_NAME","DESCRIPTION")VALUES('85150482','Accepts Bitcoin','No');
INSERT INTO "RESTAURANT_FEATURE" ("RESTAURANT_ID","FEATURE_NAME","DESCRIPTION")VALUES('85150482','Good For','Lunch, Dinner');
INSERT INTO "RESTAURANT_FEATURE" ("RESTAURANT_ID","FEATURE_NAME","DESCRIPTION")VALUES('85150482','Parking','Garage');
INSERT INTO "RESTAURANT_FEATURE" ("RESTAURANT_ID","FEATURE_NAME","DESCRIPTION")VALUES('85150482','Wheelchair Accessible','Yes');
INSERT INTO "RESTAURANT_FEATURE" ("RESTAURANT_ID","FEATURE_NAME","DESCRIPTION")VALUES('85150482','Good for Kids','Yes');
INSERT INTO "RESTAURANT_FEATURE" ("RESTAURANT_ID","FEATURE_NAME","DESCRIPTION")VALUES('85150482','Good for Groups','Yes');
INSERT INTO "RESTAURANT_FEATURE" ("RESTAURANT_ID","FEATURE_NAME","DESCRIPTION")VALUES('85150482','Attire','Casual');
INSERT INTO "RESTAURANT_FEATURE" ("RESTAURANT_ID","FEATURE_NAME","DESCRIPTION")VALUES('85150482','Noise Level','Average');
INSERT INTO "RESTAURANT_FEATURE" ("RESTAURANT_ID","FEATURE_NAME","DESCRIPTION")VALUES('85150482','Alcohol','Full Bar');
INSERT INTO "RESTAURANT_FEATURE" ("RESTAURANT_ID","FEATURE_NAME","DESCRIPTION")VALUES('85150482','Outdoor Seating','Yes');
INSERT INTO "RESTAURANT_FEATURE" ("RESTAURANT_ID","FEATURE_NAME","DESCRIPTION")VALUES('85150482','Wi-Fi','Free');
INSERT INTO "RESTAURANT_FEATURE" ("RESTAURANT_ID","FEATURE_NAME","DESCRIPTION")VALUES('85150482','Has TV','No');
INSERT INTO "RESTAURANT_FEATURE" ("RESTAURANT_ID","FEATURE_NAME","DESCRIPTION")VALUES('85150482','Dogs Allowed','No');
INSERT INTO "RESTAURANT_FEATURE" ("RESTAURANT_ID","FEATURE_NAME","DESCRIPTION")VALUES('85150482','Waiter Service','Yes');
INSERT INTO "RESTAURANT_FEATURE" ("RESTAURANT_ID","FEATURE_NAME","DESCRIPTION")VALUES('85150482','Caters','No');
INSERT INTO "OPENING_HOUR" ("DAY","RESTAURANT_ID","OPENING_TIME","CLOSING_TIME")VALUES('Mon','85150482','12:00 pm','11:00 pm');
INSERT INTO "OPENING_HOUR" ("DAY","RESTAURANT_ID","OPENING_TIME","CLOSING_TIME")VALUES('Tue','85150482','12:00 pm','11:00 pm');
INSERT INTO "OPENING_HOUR" ("DAY","RESTAURANT_ID","OPENING_TIME","CLOSING_TIME")VALUES('Wed','85150482','12:00 pm','11:00 pm');
INSERT INTO "OPENING_HOUR" ("DAY","RESTAURANT_ID","OPENING_TIME","CLOSING_TIME")VALUES('Thu','85150482','12:00 pm','11:00 pm');
INSERT INTO "OPENING_HOUR" ("DAY","RESTAURANT_ID","OPENING_TIME","CLOSING_TIME")VALUES('Fri','85150482','12:00 pm','11:00 pm');
INSERT INTO "OPENING_HOUR" ("DAY","RESTAURANT_ID","OPENING_TIME","CLOSING_TIME")VALUES('Sat','85150482','12:30 pm','11:00 pm');
INSERT INTO "OPENING_HOUR" ("DAY","RESTAURANT_ID","OPENING_TIME","CLOSING_TIME")VALUES('Sun','85150482','Open now','11:00 pm');
INSERT INTO "USER_REVIEW" ("RESTAURANT_ID","REVIEW_DATE","COMMENT","REVIEW_RATING")VALUES('85150482','2017-11-27 06:48:51','Neni Berlin is on the top floor of the Bikini Hotel. We kicked our meal off with a Hugo, which was chosen for me by my debonair companion as "the most...','5');
INSERT INTO "PHOTO" ("RESTAURANT_ID","PICTURE_URL")VALUES('85150482','https://s3-media4.fl.yelpcdn.com/photo/XLebj0df9U3PtXMxCAS1Ng/o.jpg');
INSERT INTO "USER_REVIEW" ("RESTAURANT_ID","REVIEW_DATE","COMMENT","REVIEW_RATING")VALUES('85150482','2017-09-25 05:23:52','Came in here for dinner @ 10pm for 2 on a Sunday for an anniversary. Decided to give this place a try, heard it resembles California''s restaurant/bar.

Came...','3');
INSERT INTO "PHOTO" ("RESTAURANT_ID","PICTURE_URL")VALUES('85150482','https://s3-media3.fl.yelpcdn.com/photo/pUNWbLHdO1uC712N_Aniow/o.jpg');
INSERT INTO "USER_REVIEW" ("RESTAURANT_ID","REVIEW_DATE","COMMENT","REVIEW_RATING")VALUES('85150482','2016-07-16 23:24:01','The view alone tips this review to 5 stars. There are a handful of places in Berlin that give you such an incredible vantage point, and I was over the moon...','5');
INSERT INTO "PHOTO" ("RESTAURANT_ID","PICTURE_URL")VALUES('85150482','https://s3-media2.fl.yelpcdn.com/photo/N92btrdvbBphoMJGZ-WZeA/o.jpg');
INSERT INTO "RESTAURANT_RATING" ("RESTAURANT_ID","SCALE","OVERALL_RATING","SOURCE")VALUES('85150482','5','4.1','Google Map');
INSERT INTO "USER_REVIEW" ("RESTAURANT_ID","REVIEW_DATE","COMMENT","REVIEW_RATING")VALUES('85150482','2018-01-17','My girlfriend and I took the Balagan menu which is a 3-course-menu with all the best stuff from NENI. It was fantastic. The service was also very friendly and helpful. Location outstanding. This was a true 5 star experience.','5');
INSERT INTO "USER_REVIEW" ("RESTAURANT_ID","REVIEW_DATE","COMMENT","REVIEW_RATING")VALUES('85150482','2017-12-16','Great food and great service. Had the tasting menu, insane amounts of food! And for a great price!','5');
INSERT INTO "USER_REVIEW" ("RESTAURANT_ID","REVIEW_DATE","COMMENT","REVIEW_RATING")VALUES('85150482','2017-12-25','Nice and laid back environment, food is delicious and the stuff very helpful. Nice place to visit. With beautiful view.','4');
INSERT INTO "USER_REVIEW" ("RESTAURANT_ID","REVIEW_DATE","COMMENT","REVIEW_RATING")VALUES('85150482','2018-01-10','Nice food, great vibe, interesting wine list make this place almost excellent. As soon as waiters are more attentive and not so slow Neni becomes truly excellent without any revisions.','4');
INSERT INTO "USER_REVIEW" ("RESTAURANT_ID","REVIEW_DATE","COMMENT","REVIEW_RATING")VALUES('85150482','2018-01-06','We had a great lunch in a stunning surrounding and a great view over the tier park.The food has  influences from the mediterranean. You''ll need to have a reservation to go there!','5');
INSERT INTO "LOCATION" ("LOCATION_ID","LOCATION_TYPE","ADDRESS","LONGITUDE","LATITUDE")VALUES('208','R','Hotel am SteinplatzSteinplatz 410623 BerlinGermany','13.32643','52.50814');
INSERT INTO "RESTAURANT" ("RESTAURANT_ID","PRICERANGE","PHONE_NUMBER","WEBSITE")VALUES('13991890','€€€','+49 30 5544447053','hotelsteinplatz.com');
INSERT INTO "CUISINE" ("RESTAURANT_ID","CUISINE_TYPE")VALUES('13991890','German');
INSERT INTO "RESTAURANT_RATING" ("RESTAURANT_ID","SCALE","OVERALL_RATING","SOURCE")VALUES('13991890','5','5.0','Yelp');
INSERT INTO "RESTAURANT_FEATURE" ("RESTAURANT_ID","FEATURE_NAME","DESCRIPTION")VALUES('13991890','Takes Reservations','Yes');
INSERT INTO "RESTAURANT_FEATURE" ("RESTAURANT_ID","FEATURE_NAME","DESCRIPTION")VALUES('13991890','Delivery','No');
INSERT INTO "RESTAURANT_FEATURE" ("RESTAURANT_ID","FEATURE_NAME","DESCRIPTION")VALUES('13991890','Take-out','No');
INSERT INTO "RESTAURANT_FEATURE" ("RESTAURANT_ID","FEATURE_NAME","DESCRIPTION")VALUES('13991890','Good for Kids','No');
INSERT INTO "RESTAURANT_FEATURE" ("RESTAURANT_ID","FEATURE_NAME","DESCRIPTION")VALUES('13991890','Good for Groups','Yes');
INSERT INTO "USER_REVIEW" ("RESTAURANT_ID","REVIEW_DATE","COMMENT","REVIEW_RATING")VALUES('13991890','2017-07-25 12:59:05','When Michelin finds this place say goodbye to such reasonable prices for such amazing food! This is a six star restaurant. Possibly seven.  To not come here...','5');
INSERT INTO "PHOTO" ("RESTAURANT_ID","PICTURE_URL")VALUES('13991890','https://s3-media1.fl.yelpcdn.com/photo/fpq04202Hca__WThfvTXjw/o.jpg');
INSERT INTO "LOCATION" ("LOCATION_ID","LOCATION_TYPE","ADDRESS","LONGITUDE","LATITUDE")VALUES('209','R','Bizetstr. 13613088 BerlinGermany','13.46487','52.55003');
INSERT INTO "RESTAURANT" ("RESTAURANT_ID","PRICERANGE","PHONE_NUMBER","WEBSITE")VALUES('5068375','€€','+49 30 92370685','lacasabuenavista.de');
INSERT INTO "CUISINE" ("RESTAURANT_ID","CUISINE_TYPE")VALUES('5068375','Cuban');
INSERT INTO "CUISINE" ("RESTAURANT_ID","CUISINE_TYPE")VALUES('5068375','Cocktail Bars');
INSERT INTO "CUISINE" ("RESTAURANT_ID","CUISINE_TYPE")VALUES('5068375','Cajun/Creole');
INSERT INTO "RESTAURANT_RATING" ("RESTAURANT_ID","SCALE","OVERALL_RATING","SOURCE")VALUES('5068375','5','4.5','Yelp');
INSERT INTO "RESTAURANT_FEATURE" ("RESTAURANT_ID","FEATURE_NAME","DESCRIPTION")VALUES('5068375','Takes Reservations','Yes');
INSERT INTO "RESTAURANT_FEATURE" ("RESTAURANT_ID","FEATURE_NAME","DESCRIPTION")VALUES('5068375','Delivery','No');
INSERT INTO "RESTAURANT_FEATURE" ("RESTAURANT_ID","FEATURE_NAME","DESCRIPTION")VALUES('5068375','Take-out','Yes');
INSERT INTO "RESTAURANT_FEATURE" ("RESTAURANT_ID","FEATURE_NAME","DESCRIPTION")VALUES('5068375','Accepted Cards','Credit, Debit');
INSERT INTO "RESTAURANT_FEATURE" ("RESTAURANT_ID","FEATURE_NAME","DESCRIPTION")VALUES('5068375','Good For','Dinner');
INSERT INTO "RESTAURANT_FEATURE" ("RESTAURANT_ID","FEATURE_NAME","DESCRIPTION")VALUES('5068375','Parking','Street');
INSERT INTO "RESTAURANT_FEATURE" ("RESTAURANT_ID","FEATURE_NAME","DESCRIPTION")VALUES('5068375','Good for Kids','Yes');
INSERT INTO "RESTAURANT_FEATURE" ("RESTAURANT_ID","FEATURE_NAME","DESCRIPTION")VALUES('5068375','Good for Groups','Yes');
INSERT INTO "RESTAURANT_FEATURE" ("RESTAURANT_ID","FEATURE_NAME","DESCRIPTION")VALUES('5068375','Attire','Casual');
INSERT INTO "RESTAURANT_FEATURE" ("RESTAURANT_ID","FEATURE_NAME","DESCRIPTION")VALUES('5068375','Ambience','Casual');
INSERT INTO "RESTAURANT_FEATURE" ("RESTAURANT_ID","FEATURE_NAME","DESCRIPTION")VALUES('5068375','Noise Level','Average');
INSERT INTO "RESTAURANT_FEATURE" ("RESTAURANT_ID","FEATURE_NAME","DESCRIPTION")VALUES('5068375','Alcohol','Full Bar');
INSERT INTO "RESTAURANT_FEATURE" ("RESTAURANT_ID","FEATURE_NAME","DESCRIPTION")VALUES('5068375','Outdoor Seating','Yes');
INSERT INTO "RESTAURANT_FEATURE" ("RESTAURANT_ID","FEATURE_NAME","DESCRIPTION")VALUES('5068375','Wi-Fi','Free');
INSERT INTO "RESTAURANT_FEATURE" ("RESTAURANT_ID","FEATURE_NAME","DESCRIPTION")VALUES('5068375','Has TV','Yes');
INSERT INTO "RESTAURANT_FEATURE" ("RESTAURANT_ID","FEATURE_NAME","DESCRIPTION")VALUES('5068375','Caters','Yes');
INSERT INTO "RESTAURANT_FEATURE" ("RESTAURANT_ID","FEATURE_NAME","DESCRIPTION")VALUES('5068375','Has Pool Table','No');
INSERT INTO "OPENING_HOUR" ("DAY","RESTAURANT_ID","OPENING_TIME","CLOSING_TIME")VALUES('Mon','5068375','5:00 pm','12:00 am');
INSERT INTO "OPENING_HOUR" ("DAY","RESTAURANT_ID","OPENING_TIME","CLOSING_TIME")VALUES('Tue','5068375','5:00 pm','12:00 am');
INSERT INTO "OPENING_HOUR" ("DAY","RESTAURANT_ID","OPENING_TIME","CLOSING_TIME")VALUES('Wed','5068375','5:00 pm','12:00 am');
INSERT INTO "OPENING_HOUR" ("DAY","RESTAURANT_ID","OPENING_TIME","CLOSING_TIME")VALUES('Thu','5068375','5:00 pm','12:00 am');
INSERT INTO "OPENING_HOUR" ("DAY","RESTAURANT_ID","OPENING_TIME","CLOSING_TIME")VALUES('Fri','5068375','5:00 pm','2:00 am');
INSERT INTO "OPENING_HOUR" ("DAY","RESTAURANT_ID","OPENING_TIME","CLOSING_TIME")VALUES('Sat','5068375','5:00 pm','2:00 am');
INSERT INTO "OPENING_HOUR" ("DAY","RESTAURANT_ID","OPENING_TIME","CLOSING_TIME")VALUES('Sun','5068375','Open now','12:00 am');
INSERT INTO "USER_REVIEW" ("RESTAURANT_ID","REVIEW_DATE","COMMENT","REVIEW_RATING")VALUES('5068375','2016-12-02 16:13:42','DELICIOUS CUBAN FOOD exists in BERLIN :)

You must check this spot out. I''m Cuban American and found their ropa vieja to be very delicious and their...','5');
INSERT INTO "PHOTO" ("RESTAURANT_ID","PICTURE_URL")VALUES('5068375','https://s3-media2.fl.yelpcdn.com/photo/2sI9T_FcNWLQ_vsxq-cWEg/o.jpg');
INSERT INTO "USER_REVIEW" ("RESTAURANT_ID","REVIEW_DATE","COMMENT","REVIEW_RATING")VALUES('5068375','2016-08-05 04:40:02','I can''t believe how authentic the food was! The servers and cooks were all from Cuba! Being Cuban from Miami I was so impressed. Definitely get the tostones...','5');
INSERT INTO "PHOTO" ("RESTAURANT_ID","PICTURE_URL")VALUES('5068375','https://s3-media3.fl.yelpcdn.com/photo/7cIFU9DOkjJu-CJigh7g4w/o.jpg');
INSERT INTO "USER_REVIEW" ("RESTAURANT_ID","REVIEW_DATE","COMMENT","REVIEW_RATING")VALUES('5068375','2010-08-31 10:24:52','gemütlich, kompetente Bedienung, freundlich, geschmackvoll, Herzblut, für einen netten Abend zu zweit oder mit Freunden, Essen: mit der Seele des Kochs...','5');
INSERT INTO "LOCATION" ("LOCATION_ID","LOCATION_TYPE","ADDRESS","LONGITUDE","LATITUDE")VALUES('210','R','Schliemannstr. 1910437 BerlinGermany','13.420731','52.544112');
INSERT INTO "RESTAURANT" ("RESTAURANT_ID","PRICERANGE","PHONE_NUMBER","WEBSITE")VALUES('2177352','€','+49 30 26374447','None');
INSERT INTO "CUISINE" ("RESTAURANT_ID","CUISINE_TYPE")VALUES('2177352','Dim Sum');
INSERT INTO "RESTAURANT_RATING" ("RESTAURANT_ID","SCALE","OVERALL_RATING","SOURCE")VALUES('2177352','5','4.5','Yelp');
INSERT INTO "RESTAURANT_FEATURE" ("RESTAURANT_ID","FEATURE_NAME","DESCRIPTION")VALUES('2177352','Takes Reservations','Yes');
INSERT INTO "RESTAURANT_FEATURE" ("RESTAURANT_ID","FEATURE_NAME","DESCRIPTION")VALUES('2177352','Delivery','Yes');
INSERT INTO "RESTAURANT_FEATURE" ("RESTAURANT_ID","FEATURE_NAME","DESCRIPTION")VALUES('2177352','Take-out','Yes');
INSERT INTO "RESTAURANT_FEATURE" ("RESTAURANT_ID","FEATURE_NAME","DESCRIPTION")VALUES('2177352','Accepted Cards','None');
INSERT INTO "RESTAURANT_FEATURE" ("RESTAURANT_ID","FEATURE_NAME","DESCRIPTION")VALUES('2177352','Parking','Street');
INSERT INTO "RESTAURANT_FEATURE" ("RESTAURANT_ID","FEATURE_NAME","DESCRIPTION")VALUES('2177352','Good for Kids','Yes');
INSERT INTO "RESTAURANT_FEATURE" ("RESTAURANT_ID","FEATURE_NAME","DESCRIPTION")VALUES('2177352','Good for Groups','No');
INSERT INTO "RESTAURANT_FEATURE" ("RESTAURANT_ID","FEATURE_NAME","DESCRIPTION")VALUES('2177352','Attire','Casual');
INSERT INTO "RESTAURANT_FEATURE" ("RESTAURANT_ID","FEATURE_NAME","DESCRIPTION")VALUES('2177352','Ambience','Intimate');
INSERT INTO "RESTAURANT_FEATURE" ("RESTAURANT_ID","FEATURE_NAME","DESCRIPTION")VALUES('2177352','Noise Level','Average');
INSERT INTO "RESTAURANT_FEATURE" ("RESTAURANT_ID","FEATURE_NAME","DESCRIPTION")VALUES('2177352','Alcohol','Beer & Wine Only');
INSERT INTO "RESTAURANT_FEATURE" ("RESTAURANT_ID","FEATURE_NAME","DESCRIPTION")VALUES('2177352','Outdoor Seating','Yes');
INSERT INTO "RESTAURANT_FEATURE" ("RESTAURANT_ID","FEATURE_NAME","DESCRIPTION")VALUES('2177352','Wi-Fi','No');
INSERT INTO "RESTAURANT_FEATURE" ("RESTAURANT_ID","FEATURE_NAME","DESCRIPTION")VALUES('2177352','Has TV','No');
INSERT INTO "RESTAURANT_FEATURE" ("RESTAURANT_ID","FEATURE_NAME","DESCRIPTION")VALUES('2177352','Caters','Yes');
INSERT INTO "OPENING_HOUR" ("DAY","RESTAURANT_ID","OPENING_TIME","CLOSING_TIME")VALUES('Mon','2177352','12:00 pm','10:00 pm');
INSERT INTO "OPENING_HOUR" ("DAY","RESTAURANT_ID","OPENING_TIME","CLOSING_TIME")VALUES('Tue','2177352','12:00 pm','10:00 pm');
INSERT INTO "OPENING_HOUR" ("DAY","RESTAURANT_ID","OPENING_TIME","CLOSING_TIME")VALUES('Wed','2177352','12:00 pm','10:00 pm');
INSERT INTO "OPENING_HOUR" ("DAY","RESTAURANT_ID","OPENING_TIME","CLOSING_TIME")VALUES('Thu','2177352','12:00 pm','10:00 pm');
INSERT INTO "OPENING_HOUR" ("DAY","RESTAURANT_ID","OPENING_TIME","CLOSING_TIME")VALUES('Fri','2177352','12:00 pm','10:00 pm');
INSERT INTO "OPENING_HOUR" ("DAY","RESTAURANT_ID","OPENING_TIME","CLOSING_TIME")VALUES('Sat','2177352','12:00 pm','10:00 pm');
INSERT INTO "OPENING_HOUR" ("DAY","RESTAURANT_ID","OPENING_TIME","CLOSING_TIME")VALUES('Sun','2177352','Open now','10:00 pm');
INSERT INTO "USER_REVIEW" ("RESTAURANT_ID","REVIEW_DATE","COMMENT","REVIEW_RATING")VALUES('2177352','2015-07-03 15:05:34','In a word - best dim sum I have ever had in my life, even better than in China!

Longer version (for the brave) - hands down, best dim sum I''ve had so...','5');
INSERT INTO "PHOTO" ("RESTAURANT_ID","PICTURE_URL")VALUES('2177352','https://s3-media3.fl.yelpcdn.com/photo/OMyf3aQmKEseEL32jppSDQ/o.jpg');
INSERT INTO "USER_REVIEW" ("RESTAURANT_ID","REVIEW_DATE","COMMENT","REVIEW_RATING")VALUES('2177352','2016-03-02 06:39:46','Hmmm apart from the very cute utensils and the super cute dessert baozi (one with chocolate in panda shape and one with strawberry jam in piggy shape) the...','3');
INSERT INTO "PHOTO" ("RESTAURANT_ID","PICTURE_URL")VALUES('2177352','https://s3-media4.fl.yelpcdn.com/photo/eLmr4Vz1nLQkuKXVkd8EQQ/o.jpg');
INSERT INTO "USER_REVIEW" ("RESTAURANT_ID","REVIEW_DATE","COMMENT","REVIEW_RATING")VALUES('2177352','2017-05-25 02:36:47','My first experience with Dim Sum. I can''t vouch for authenticity, but it was definitely delicious.
Go early or reserve ahead. Space is limited','4');
INSERT INTO "PHOTO" ("RESTAURANT_ID","PICTURE_URL")VALUES('2177352','https://s3-media1.fl.yelpcdn.com/photo/QeIjla-35WIOz9op35iIEA/o.jpg');
INSERT INTO "LOCATION" ("LOCATION_ID","LOCATION_TYPE","ADDRESS","LONGITUDE","LATITUDE")VALUES('211','R','Gneisenaustr. 6 a10961 BerlinGermany','13.3895199','52.49214');
INSERT INTO "RESTAURANT" ("RESTAURANT_ID","PRICERANGE","PHONE_NUMBER","WEBSITE")VALUES('78272817','€€','+49 30 69004747','little-tibet.de');
INSERT INTO "CUISINE" ("RESTAURANT_ID","CUISINE_TYPE")VALUES('78272817','Indian');
INSERT INTO "CUISINE" ("RESTAURANT_ID","CUISINE_TYPE")VALUES('78272817','Thai');
INSERT INTO "CUISINE" ("RESTAURANT_ID","CUISINE_TYPE")VALUES('78272817','Chinese');
INSERT INTO "RESTAURANT_RATING" ("RESTAURANT_ID","SCALE","OVERALL_RATING","SOURCE")VALUES('78272817','5','4.5','Yelp');
INSERT INTO "RESTAURANT_FEATURE" ("RESTAURANT_ID","FEATURE_NAME","DESCRIPTION")VALUES('78272817','Takes Reservations','Yes');
INSERT INTO "RESTAURANT_FEATURE" ("RESTAURANT_ID","FEATURE_NAME","DESCRIPTION")VALUES('78272817','Delivery','No');
INSERT INTO "RESTAURANT_FEATURE" ("RESTAURANT_ID","FEATURE_NAME","DESCRIPTION")VALUES('78272817','Take-out','Yes');
INSERT INTO "RESTAURANT_FEATURE" ("RESTAURANT_ID","FEATURE_NAME","DESCRIPTION")VALUES('78272817','Accepted Cards','None');
INSERT INTO "RESTAURANT_FEATURE" ("RESTAURANT_ID","FEATURE_NAME","DESCRIPTION")VALUES('78272817','Parking','Street');
INSERT INTO "RESTAURANT_FEATURE" ("RESTAURANT_ID","FEATURE_NAME","DESCRIPTION")VALUES('78272817','Good for Kids','Yes');
INSERT INTO "RESTAURANT_FEATURE" ("RESTAURANT_ID","FEATURE_NAME","DESCRIPTION")VALUES('78272817','Good for Groups','Yes');
INSERT INTO "RESTAURANT_FEATURE" ("RESTAURANT_ID","FEATURE_NAME","DESCRIPTION")VALUES('78272817','Attire','Casual');
INSERT INTO "RESTAURANT_FEATURE" ("RESTAURANT_ID","FEATURE_NAME","DESCRIPTION")VALUES('78272817','Ambience','Casual');
INSERT INTO "RESTAURANT_FEATURE" ("RESTAURANT_ID","FEATURE_NAME","DESCRIPTION")VALUES('78272817','Noise Level','Average');
INSERT INTO "RESTAURANT_FEATURE" ("RESTAURANT_ID","FEATURE_NAME","DESCRIPTION")VALUES('78272817','Alcohol','Full Bar');
INSERT INTO "RESTAURANT_FEATURE" ("RESTAURANT_ID","FEATURE_NAME","DESCRIPTION")VALUES('78272817','Outdoor Seating','Yes');
INSERT INTO "RESTAURANT_FEATURE" ("RESTAURANT_ID","FEATURE_NAME","DESCRIPTION")VALUES('78272817','Wi-Fi','No');
INSERT INTO "RESTAURANT_FEATURE" ("RESTAURANT_ID","FEATURE_NAME","DESCRIPTION")VALUES('78272817','Has TV','No');
INSERT INTO "RESTAURANT_FEATURE" ("RESTAURANT_ID","FEATURE_NAME","DESCRIPTION")VALUES('78272817','Caters','No');
INSERT INTO "OPENING_HOUR" ("DAY","RESTAURANT_ID","OPENING_TIME","CLOSING_TIME")VALUES('Mon','78272817','5:00 pm','11:30 pm');
INSERT INTO "OPENING_HOUR" ("DAY","RESTAURANT_ID","OPENING_TIME","CLOSING_TIME")VALUES('Tue','78272817','5:00 pm','11:30 pm');
INSERT INTO "OPENING_HOUR" ("DAY","RESTAURANT_ID","OPENING_TIME","CLOSING_TIME")VALUES('Wed','78272817','5:00 pm','11:30 pm');
INSERT INTO "OPENING_HOUR" ("DAY","RESTAURANT_ID","OPENING_TIME","CLOSING_TIME")VALUES('Thu','78272817','5:00 pm','11:30 pm');
INSERT INTO "OPENING_HOUR" ("DAY","RESTAURANT_ID","OPENING_TIME","CLOSING_TIME")VALUES('Fri','78272817','2:00 pm','11:30 pm');
INSERT INTO "OPENING_HOUR" ("DAY","RESTAURANT_ID","OPENING_TIME","CLOSING_TIME")VALUES('Sat','78272817','Open now','11:30 pm');
INSERT INTO "USER_REVIEW" ("RESTAURANT_ID","REVIEW_DATE","COMMENT","REVIEW_RATING")VALUES('78272817','2016-09-26 05:21:17','There probably aren''t many cuisines you can''t find in Berlin, but I was still surprised to see a Tibetan restaurant. Warm and cozy, decorated with candles...','4');
INSERT INTO "PHOTO" ("RESTAURANT_ID","PICTURE_URL")VALUES('78272817','https://s3-media1.fl.yelpcdn.com/photo/-tV5MK6IaQa3AdqunGcMeA/o.jpg');
INSERT INTO "USER_REVIEW" ("RESTAURANT_ID","REVIEW_DATE","COMMENT","REVIEW_RATING")VALUES('78272817','2017-05-10 17:59:23','Very tasty!  I had a veggie dish off the house specialty page and it was great!  Service was very friendly and attentive too. She also spoke English in case...','5');
INSERT INTO "PHOTO" ("RESTAURANT_ID","PICTURE_URL")VALUES('78272817','https://s3-media2.fl.yelpcdn.com/photo/i8EGUTTFEV6KATZMnriY0g/o.jpg');
INSERT INTO "USER_REVIEW" ("RESTAURANT_ID","REVIEW_DATE","COMMENT","REVIEW_RATING")VALUES('78272817','2017-06-01 13:27:02','Extremely pleased! Great food, friendly service, really happy customer. Did I say great food? Really great food!','5');
INSERT INTO "PHOTO" ("RESTAURANT_ID","PICTURE_URL")VALUES('78272817','https://s3-media2.fl.yelpcdn.com/photo/vVYQBcydyFOl6QqlK5gRaQ/o.jpg');
INSERT INTO "LOCATION" ("LOCATION_ID","LOCATION_TYPE","ADDRESS","LONGITUDE","LATITUDE")VALUES('212','R','Kantstr. 12010625 BerlinGermany','13.3099','52.5061');
INSERT INTO "RESTAURANT" ("RESTAURANT_ID","PRICERANGE","PHONE_NUMBER","WEBSITE")VALUES('22869981','€','+49 30 3125418','chinarestaurant-dodeli.de');
INSERT INTO "CUISINE" ("RESTAURANT_ID","CUISINE_TYPE")VALUES('22869981','Chinese');
INSERT INTO "RESTAURANT_RATING" ("RESTAURANT_ID","SCALE","OVERALL_RATING","SOURCE")VALUES('22869981','5','4.0','Yelp');
INSERT INTO "RESTAURANT_FEATURE" ("RESTAURANT_ID","FEATURE_NAME","DESCRIPTION")VALUES('22869981','Takes Reservations','Yes');
INSERT INTO "RESTAURANT_FEATURE" ("RESTAURANT_ID","FEATURE_NAME","DESCRIPTION")VALUES('22869981','Delivery','Yes');
INSERT INTO "RESTAURANT_FEATURE" ("RESTAURANT_ID","FEATURE_NAME","DESCRIPTION")VALUES('22869981','Take-out','Yes');
INSERT INTO "RESTAURANT_FEATURE" ("RESTAURANT_ID","FEATURE_NAME","DESCRIPTION")VALUES('22869981','Accepted Cards','Debit');
INSERT INTO "RESTAURANT_FEATURE" ("RESTAURANT_ID","FEATURE_NAME","DESCRIPTION")VALUES('22869981','Parking','Street');
INSERT INTO "RESTAURANT_FEATURE" ("RESTAURANT_ID","FEATURE_NAME","DESCRIPTION")VALUES('22869981','Good for Kids','Yes');
INSERT INTO "RESTAURANT_FEATURE" ("RESTAURANT_ID","FEATURE_NAME","DESCRIPTION")VALUES('22869981','Good for Groups','Yes');
INSERT INTO "RESTAURANT_FEATURE" ("RESTAURANT_ID","FEATURE_NAME","DESCRIPTION")VALUES('22869981','Attire','Casual');
INSERT INTO "RESTAURANT_FEATURE" ("RESTAURANT_ID","FEATURE_NAME","DESCRIPTION")VALUES('22869981','Noise Level','Average');
INSERT INTO "RESTAURANT_FEATURE" ("RESTAURANT_ID","FEATURE_NAME","DESCRIPTION")VALUES('22869981','Alcohol','Full Bar');
INSERT INTO "RESTAURANT_FEATURE" ("RESTAURANT_ID","FEATURE_NAME","DESCRIPTION")VALUES('22869981','Outdoor Seating','Yes');
INSERT INTO "RESTAURANT_FEATURE" ("RESTAURANT_ID","FEATURE_NAME","DESCRIPTION")VALUES('22869981','Wi-Fi','No');
INSERT INTO "RESTAURANT_FEATURE" ("RESTAURANT_ID","FEATURE_NAME","DESCRIPTION")VALUES('22869981','Has TV','No');
INSERT INTO "OPENING_HOUR" ("DAY","RESTAURANT_ID","OPENING_TIME","CLOSING_TIME")VALUES('Mon','22869981','12:00 pm','11:30 pm');
INSERT INTO "OPENING_HOUR" ("DAY","RESTAURANT_ID","OPENING_TIME","CLOSING_TIME")VALUES('Tue','22869981','12:00 pm','11:30 pm');
INSERT INTO "OPENING_HOUR" ("DAY","RESTAURANT_ID","OPENING_TIME","CLOSING_TIME")VALUES('Wed','22869981','12:00 pm','11:30 pm');
INSERT INTO "OPENING_HOUR" ("DAY","RESTAURANT_ID","OPENING_TIME","CLOSING_TIME")VALUES('Thu','22869981','12:00 pm','11:30 pm');
INSERT INTO "OPENING_HOUR" ("DAY","RESTAURANT_ID","OPENING_TIME","CLOSING_TIME")VALUES('Fri','22869981','12:00 pm','11:30 pm');
INSERT INTO "OPENING_HOUR" ("DAY","RESTAURANT_ID","OPENING_TIME","CLOSING_TIME")VALUES('Sat','22869981','Open now','11:30 pm');
INSERT INTO "USER_REVIEW" ("RESTAURANT_ID","REVIEW_DATE","COMMENT","REVIEW_RATING")VALUES('22869981','2014-09-04 14:36:45','One of my favourite retaurants in Berlin. It''s not shabby, not pricey and so authentic that the waiter is speaking Chinese with me. (Sadly I can''t reply in...','5');
INSERT INTO "PHOTO" ("RESTAURANT_ID","PICTURE_URL")VALUES('22869981','https://s3-media3.fl.yelpcdn.com/photo/9vzac5tVbEM3gkqiT0n4gw/o.jpg');
INSERT INTO "USER_REVIEW" ("RESTAURANT_ID","REVIEW_DATE","COMMENT","REVIEW_RATING")VALUES('22869981','2016-11-06 12:40:42','So far I tried only "Crossing the bridge" soups, but they are outstanding. You get a huge bowl of broth, another bowl with crazy amounts of rice noodles and...','4');
INSERT INTO "PHOTO" ("RESTAURANT_ID","PICTURE_URL")VALUES('22869981','https://s3-media1.fl.yelpcdn.com/photo/9fFKu9Oh0SNqWz3Sd8oqpg/o.jpg');
INSERT INTO "USER_REVIEW" ("RESTAURANT_ID","REVIEW_DATE","COMMENT","REVIEW_RATING")VALUES('22869981','2017-01-27 11:43:38','It''s a basic family restaurant style. We visit for first time and expected at least fresh vegetables and healthy food. Taste was just soso, however sprouts...','2');
INSERT INTO "LOCATION" ("LOCATION_ID","LOCATION_TYPE","ADDRESS","LONGITUDE","LATITUDE")VALUES('213','R','Normannenstr. 5a10367 BerlinGermany','13.4816303','52.5160484');
INSERT INTO "RESTAURANT" ("RESTAURANT_ID","PRICERANGE","PHONE_NUMBER","WEBSITE")VALUES('88250259','€','+49 176 82708290','None');
INSERT INTO "CUISINE" ("RESTAURANT_ID","CUISINE_TYPE")VALUES('88250259','Vietnamese');
INSERT INTO "CUISINE" ("RESTAURANT_ID","CUISINE_TYPE")VALUES('88250259','Pan Asian');
INSERT INTO "RESTAURANT_RATING" ("RESTAURANT_ID","SCALE","OVERALL_RATING","SOURCE")VALUES('88250259','5','4.5','Yelp');
INSERT INTO "RESTAURANT_FEATURE" ("RESTAURANT_ID","FEATURE_NAME","DESCRIPTION")VALUES('88250259','Takes Reservations','No');
INSERT INTO "RESTAURANT_FEATURE" ("RESTAURANT_ID","FEATURE_NAME","DESCRIPTION")VALUES('88250259','Delivery','Yes');
INSERT INTO "RESTAURANT_FEATURE" ("RESTAURANT_ID","FEATURE_NAME","DESCRIPTION")VALUES('88250259','Take-out','Yes');
INSERT INTO "RESTAURANT_FEATURE" ("RESTAURANT_ID","FEATURE_NAME","DESCRIPTION")VALUES('88250259','Accepted Cards','None');
INSERT INTO "RESTAURANT_FEATURE" ("RESTAURANT_ID","FEATURE_NAME","DESCRIPTION")VALUES('88250259','Good for Kids','Yes');
INSERT INTO "RESTAURANT_FEATURE" ("RESTAURANT_ID","FEATURE_NAME","DESCRIPTION")VALUES('88250259','Good for Groups','Yes');
INSERT INTO "RESTAURANT_FEATURE" ("RESTAURANT_ID","FEATURE_NAME","DESCRIPTION")VALUES('88250259','Attire','Casual');
INSERT INTO "RESTAURANT_FEATURE" ("RESTAURANT_ID","FEATURE_NAME","DESCRIPTION")VALUES('88250259','Noise Level','Average');
INSERT INTO "RESTAURANT_FEATURE" ("RESTAURANT_ID","FEATURE_NAME","DESCRIPTION")VALUES('88250259','Alcohol','Beer & Wine Only');
INSERT INTO "RESTAURANT_FEATURE" ("RESTAURANT_ID","FEATURE_NAME","DESCRIPTION")VALUES('88250259','Outdoor Seating','Yes');
INSERT INTO "RESTAURANT_FEATURE" ("RESTAURANT_ID","FEATURE_NAME","DESCRIPTION")VALUES('88250259','Has TV','No');
INSERT INTO "RESTAURANT_FEATURE" ("RESTAURANT_ID","FEATURE_NAME","DESCRIPTION")VALUES('88250259','Waiter Service','Yes');
INSERT INTO "RESTAURANT_FEATURE" ("RESTAURANT_ID","FEATURE_NAME","DESCRIPTION")VALUES('88250259','Caters','Yes');
INSERT INTO "OPENING_HOUR" ("DAY","RESTAURANT_ID","OPENING_TIME","CLOSING_TIME")VALUES('Mon','88250259','11:00 am','10:00 pm');
INSERT INTO "OPENING_HOUR" ("DAY","RESTAURANT_ID","OPENING_TIME","CLOSING_TIME")VALUES('Tue','88250259','11:00 am','10:00 pm');
INSERT INTO "OPENING_HOUR" ("DAY","RESTAURANT_ID","OPENING_TIME","CLOSING_TIME")VALUES('Wed','88250259','11:00 am','10:00 pm');
INSERT INTO "OPENING_HOUR" ("DAY","RESTAURANT_ID","OPENING_TIME","CLOSING_TIME")VALUES('Thu','88250259','11:00 am','10:00 pm');
INSERT INTO "OPENING_HOUR" ("DAY","RESTAURANT_ID","OPENING_TIME","CLOSING_TIME")VALUES('Fri','88250259','11:00 am','10:00 pm');
INSERT INTO "OPENING_HOUR" ("DAY","RESTAURANT_ID","OPENING_TIME","CLOSING_TIME")VALUES('Sat','88250259','12:00 pm','10:00 pm');
INSERT INTO "OPENING_HOUR" ("DAY","RESTAURANT_ID","OPENING_TIME","CLOSING_TIME")VALUES('Sun','88250259','Open now','10:00 pm');
INSERT INTO "USER_REVIEW" ("RESTAURANT_ID","REVIEW_DATE","COMMENT","REVIEW_RATING")VALUES('88250259','2016-09-02 12:30:12','Really fresh and delicious! I recommend highly.. The price is great and the portions are so generous. The taste is very authentic. You can sit outside if...','5');
INSERT INTO "RESTAURANT_RATING" ("RESTAURANT_ID","SCALE","OVERALL_RATING","SOURCE")VALUES('88250259','5','4.5','Google Map');
INSERT INTO "USER_REVIEW" ("RESTAURANT_ID","REVIEW_DATE","COMMENT","REVIEW_RATING")VALUES('88250259','2017-12-07','Great variety and good prices. Big table area. Nicely decorated.','5');
INSERT INTO "USER_REVIEW" ("RESTAURANT_ID","REVIEW_DATE","COMMENT","REVIEW_RATING")VALUES('88250259','2017-11-21','Excellent Food and quick service. Also don''t forget to have the free ginger tea','5');
INSERT INTO "USER_REVIEW" ("RESTAURANT_ID","REVIEW_DATE","COMMENT","REVIEW_RATING")VALUES('88250259','2017-08-14','Great Asian food. Cheap ','4');
INSERT INTO "USER_REVIEW" ("RESTAURANT_ID","REVIEW_DATE","COMMENT","REVIEW_RATING")VALUES('88250259','2017-11-10','Das Angebot, die Preise und die Qualität sind überzeugend. Leider fehlt hin und wieder etwas bei Bestellungen ab 4 Personen','4');
INSERT INTO "USER_REVIEW" ("RESTAURANT_ID","REVIEW_DATE","COMMENT","REVIEW_RATING")VALUES('88250259','2017-11-07','Sehr leckeres Essen, nettes Personal und angemessene Preise. Es gibt sogar eine Tasse Tee gratis dazu, während man auf sein Essen wartet. Bin regelmäßig hier und freue mich, dass es die Reisschale in unsere Nachbarschaft verschlagen hat:)','5');
INSERT INTO "LOCATION" ("LOCATION_ID","LOCATION_TYPE","ADDRESS","LONGITUDE","LATITUDE")VALUES('214','R','Pfalzburger Str. 72 a10719 BerlinGermany','13.32255','52.49624');
INSERT INTO "RESTAURANT" ("RESTAURANT_ID","PRICERANGE","PHONE_NUMBER","WEBSITE")VALUES('72493763','€€','+49 30 88680541','bellas-artes.de');
INSERT INTO "CUISINE" ("RESTAURANT_ID","CUISINE_TYPE")VALUES('72493763','Spanish');
INSERT INTO "RESTAURANT_RATING" ("RESTAURANT_ID","SCALE","OVERALL_RATING","SOURCE")VALUES('72493763','5','4.0','Yelp');
INSERT INTO "RESTAURANT_FEATURE" ("RESTAURANT_ID","FEATURE_NAME","DESCRIPTION")VALUES('72493763','Takes Reservations','Yes');
INSERT INTO "RESTAURANT_FEATURE" ("RESTAURANT_ID","FEATURE_NAME","DESCRIPTION")VALUES('72493763','Delivery','No');
INSERT INTO "RESTAURANT_FEATURE" ("RESTAURANT_ID","FEATURE_NAME","DESCRIPTION")VALUES('72493763','Take-out','No');
INSERT INTO "RESTAURANT_FEATURE" ("RESTAURANT_ID","FEATURE_NAME","DESCRIPTION")VALUES('72493763','Parking','Street');
INSERT INTO "RESTAURANT_FEATURE" ("RESTAURANT_ID","FEATURE_NAME","DESCRIPTION")VALUES('72493763','Good for Kids','Yes');
INSERT INTO "RESTAURANT_FEATURE" ("RESTAURANT_ID","FEATURE_NAME","DESCRIPTION")VALUES('72493763','Good for Groups','Yes');
INSERT INTO "RESTAURANT_FEATURE" ("RESTAURANT_ID","FEATURE_NAME","DESCRIPTION")VALUES('72493763','Attire','Casual');
INSERT INTO "RESTAURANT_FEATURE" ("RESTAURANT_ID","FEATURE_NAME","DESCRIPTION")VALUES('72493763','Ambience','Romantic');
INSERT INTO "RESTAURANT_FEATURE" ("RESTAURANT_ID","FEATURE_NAME","DESCRIPTION")VALUES('72493763','Noise Level','Average');
INSERT INTO "RESTAURANT_FEATURE" ("RESTAURANT_ID","FEATURE_NAME","DESCRIPTION")VALUES('72493763','Alcohol','Full Bar');
INSERT INTO "RESTAURANT_FEATURE" ("RESTAURANT_ID","FEATURE_NAME","DESCRIPTION")VALUES('72493763','Outdoor Seating','No');
INSERT INTO "RESTAURANT_FEATURE" ("RESTAURANT_ID","FEATURE_NAME","DESCRIPTION")VALUES('72493763','Wi-Fi','No');
INSERT INTO "RESTAURANT_FEATURE" ("RESTAURANT_ID","FEATURE_NAME","DESCRIPTION")VALUES('72493763','Has TV','No');
INSERT INTO "RESTAURANT_FEATURE" ("RESTAURANT_ID","FEATURE_NAME","DESCRIPTION")VALUES('72493763','Caters','No');
INSERT INTO "OPENING_HOUR" ("DAY","RESTAURANT_ID","OPENING_TIME","CLOSING_TIME")VALUES('Mon','72493763','5:00 pm','12:00 am');
INSERT INTO "OPENING_HOUR" ("DAY","RESTAURANT_ID","OPENING_TIME","CLOSING_TIME")VALUES('Tue','72493763','5:00 pm','12:00 am');
INSERT INTO "OPENING_HOUR" ("DAY","RESTAURANT_ID","OPENING_TIME","CLOSING_TIME")VALUES('Wed','72493763','5:00 pm','12:00 am');
INSERT INTO "OPENING_HOUR" ("DAY","RESTAURANT_ID","OPENING_TIME","CLOSING_TIME")VALUES('Thu','72493763','5:00 pm','12:00 am');
INSERT INTO "OPENING_HOUR" ("DAY","RESTAURANT_ID","OPENING_TIME","CLOSING_TIME")VALUES('Fri','72493763','5:00 pm','12:00 am');
INSERT INTO "OPENING_HOUR" ("DAY","RESTAURANT_ID","OPENING_TIME","CLOSING_TIME")VALUES('Sat','72493763','5:00 pm','12:00 am');
INSERT INTO "OPENING_HOUR" ("DAY","RESTAURANT_ID","OPENING_TIME","CLOSING_TIME")VALUES('Sun','72493763','Open now','12:00 am');
INSERT INTO "USER_REVIEW" ("RESTAURANT_ID","REVIEW_DATE","COMMENT","REVIEW_RATING")VALUES('72493763','2016-12-30 03:58:19','We ordered the Tapas para dos--actually they made it tapas para tres--a varied selection of what I assume were the best tapas the restaurant has. There were...','2');
INSERT INTO "USER_REVIEW" ("RESTAURANT_ID","REVIEW_DATE","COMMENT","REVIEW_RATING")VALUES('72493763','2016-01-11 07:23:43','Worst service in Berlin! Waiters who don''t pay attention at all. So be prepared to wait a lot.

Since they don''t take visa I had to walk for 45 minutes to...','1');
INSERT INTO "USER_REVIEW" ("RESTAURANT_ID","REVIEW_DATE","COMMENT","REVIEW_RATING")VALUES('72493763','2014-04-21 00:49:45','We visited Bellas Artes for dinner on a recent trip to Berlin. I rarely go for Spanish food because being from Spain, Spanish restaurant food is always a...','3');
INSERT INTO "PHOTO" ("RESTAURANT_ID","PICTURE_URL")VALUES('72493763','https://s3-media2.fl.yelpcdn.com/photo/8SXTBCXiWAGtNs_sfhWMKQ/o.jpg');
INSERT INTO "LOCATION" ("LOCATION_ID","LOCATION_TYPE","ADDRESS","LONGITUDE","LATITUDE")VALUES('215','R','Albrechtstr. 12512165 BerlinGermany','13.324675','52.45597');
INSERT INTO "RESTAURANT" ("RESTAURANT_ID","PRICERANGE","PHONE_NUMBER","WEBSITE")VALUES('49972340','€','+49 30 7925763','jing-yang-restaurant.de');
INSERT INTO "CUISINE" ("RESTAURANT_ID","CUISINE_TYPE")VALUES('49972340','Chinese');
INSERT INTO "RESTAURANT_RATING" ("RESTAURANT_ID","SCALE","OVERALL_RATING","SOURCE")VALUES('49972340','5','4.5','Yelp');
INSERT INTO "RESTAURANT_FEATURE" ("RESTAURANT_ID","FEATURE_NAME","DESCRIPTION")VALUES('49972340','Takes Reservations','Yes');
INSERT INTO "RESTAURANT_FEATURE" ("RESTAURANT_ID","FEATURE_NAME","DESCRIPTION")VALUES('49972340','Delivery','No');
INSERT INTO "RESTAURANT_FEATURE" ("RESTAURANT_ID","FEATURE_NAME","DESCRIPTION")VALUES('49972340','Take-out','Yes');
INSERT INTO "RESTAURANT_FEATURE" ("RESTAURANT_ID","FEATURE_NAME","DESCRIPTION")VALUES('49972340','Accepted Cards','Debit');
INSERT INTO "RESTAURANT_FEATURE" ("RESTAURANT_ID","FEATURE_NAME","DESCRIPTION")VALUES('49972340','Accepts Bitcoin','No');
INSERT INTO "RESTAURANT_FEATURE" ("RESTAURANT_ID","FEATURE_NAME","DESCRIPTION")VALUES('49972340','Good For','Lunch, Dinner');
INSERT INTO "RESTAURANT_FEATURE" ("RESTAURANT_ID","FEATURE_NAME","DESCRIPTION")VALUES('49972340','Parking','Street');
INSERT INTO "RESTAURANT_FEATURE" ("RESTAURANT_ID","FEATURE_NAME","DESCRIPTION")VALUES('49972340','Good for Kids','Yes');
INSERT INTO "RESTAURANT_FEATURE" ("RESTAURANT_ID","FEATURE_NAME","DESCRIPTION")VALUES('49972340','Good for Groups','Yes');
INSERT INTO "RESTAURANT_FEATURE" ("RESTAURANT_ID","FEATURE_NAME","DESCRIPTION")VALUES('49972340','Attire','Casual');
INSERT INTO "RESTAURANT_FEATURE" ("RESTAURANT_ID","FEATURE_NAME","DESCRIPTION")VALUES('49972340','Ambience','Casual');
INSERT INTO "RESTAURANT_FEATURE" ("RESTAURANT_ID","FEATURE_NAME","DESCRIPTION")VALUES('49972340','Noise Level','Average');
INSERT INTO "RESTAURANT_FEATURE" ("RESTAURANT_ID","FEATURE_NAME","DESCRIPTION")VALUES('49972340','Alcohol','Beer & Wine Only');
INSERT INTO "RESTAURANT_FEATURE" ("RESTAURANT_ID","FEATURE_NAME","DESCRIPTION")VALUES('49972340','Outdoor Seating','No');
INSERT INTO "RESTAURANT_FEATURE" ("RESTAURANT_ID","FEATURE_NAME","DESCRIPTION")VALUES('49972340','Wi-Fi','Free');
INSERT INTO "RESTAURANT_FEATURE" ("RESTAURANT_ID","FEATURE_NAME","DESCRIPTION")VALUES('49972340','Has TV','No');
INSERT INTO "RESTAURANT_FEATURE" ("RESTAURANT_ID","FEATURE_NAME","DESCRIPTION")VALUES('49972340','Caters','No');
INSERT INTO "OPENING_HOUR" ("DAY","RESTAURANT_ID","OPENING_TIME","CLOSING_TIME")VALUES('Mon','49972340','12:00 pm','10:00 pm');
INSERT INTO "OPENING_HOUR" ("DAY","RESTAURANT_ID","OPENING_TIME","CLOSING_TIME")VALUES('Tue','49972340','12:00 pm','10:00 pm');
INSERT INTO "OPENING_HOUR" ("DAY","RESTAURANT_ID","OPENING_TIME","CLOSING_TIME")VALUES('Wed','49972340','12:00 pm','10:00 pm');
INSERT INTO "OPENING_HOUR" ("DAY","RESTAURANT_ID","OPENING_TIME","CLOSING_TIME")VALUES('Thu','49972340','12:00 pm','10:00 pm');
INSERT INTO "OPENING_HOUR" ("DAY","RESTAURANT_ID","OPENING_TIME","CLOSING_TIME")VALUES('Fri','49972340','12:00 pm','10:00 pm');
INSERT INTO "OPENING_HOUR" ("DAY","RESTAURANT_ID","OPENING_TIME","CLOSING_TIME")VALUES('Sat','49972340','12:00 pm','10:00 pm');
INSERT INTO "USER_REVIEW" ("RESTAURANT_ID","REVIEW_DATE","COMMENT","REVIEW_RATING")VALUES('49972340','2017-10-22 02:15:32','Hard to find good authentic Chinese food in the area that are willing to make the food as spicy as we would like it to be. 

The owner was quick to help us...','5');
INSERT INTO "PHOTO" ("RESTAURANT_ID","PICTURE_URL")VALUES('49972340','https://s3-media1.fl.yelpcdn.com/photo/_pAUKrysq_6GJDjB-imYAQ/o.jpg');
INSERT INTO "USER_REVIEW" ("RESTAURANT_ID","REVIEW_DATE","COMMENT","REVIEW_RATING")VALUES('49972340','2017-10-11 10:15:26','Best Chinese food I''ve ever had! No English menus but the waitress was beyond helpful. I actually ate here on my one night alone while my husband was at a...','5');
INSERT INTO "USER_REVIEW" ("RESTAURANT_ID","REVIEW_DATE","COMMENT","REVIEW_RATING")VALUES('49972340','2017-07-01 02:38:59','This is my favorite Chinese restaurant by far. Their food is excellent - I have never had a dish I didn''t like - and the staff is friendly and helpful. If...','5');
INSERT INTO "PHOTO" ("RESTAURANT_ID","PICTURE_URL")VALUES('49972340','https://s3-media4.fl.yelpcdn.com/photo/COxtDX6ul546Pweb3pqpGQ/o.jpg');
INSERT INTO "LOCATION" ("LOCATION_ID","LOCATION_TYPE","ADDRESS","LONGITUDE","LATITUDE")VALUES('216','R','Kastanienallee 7 - 910435 BerlinGermany','13.41077','52.53983');
INSERT INTO "RESTAURANT" ("RESTAURANT_ID","PRICERANGE","PHONE_NUMBER","WEBSITE")VALUES('77973757','€€','+49 30 4485688','pratergarten.de');
INSERT INTO "CUISINE" ("RESTAURANT_ID","CUISINE_TYPE")VALUES('77973757','German');
INSERT INTO "CUISINE" ("RESTAURANT_ID","CUISINE_TYPE")VALUES('77973757','Beer Garden');
INSERT INTO "RESTAURANT_RATING" ("RESTAURANT_ID","SCALE","OVERALL_RATING","SOURCE")VALUES('77973757','5','4.0','Yelp');
INSERT INTO "RESTAURANT_FEATURE" ("RESTAURANT_ID","FEATURE_NAME","DESCRIPTION")VALUES('77973757','Takes Reservations','No');
INSERT INTO "RESTAURANT_FEATURE" ("RESTAURANT_ID","FEATURE_NAME","DESCRIPTION")VALUES('77973757','Delivery','No');
INSERT INTO "RESTAURANT_FEATURE" ("RESTAURANT_ID","FEATURE_NAME","DESCRIPTION")VALUES('77973757','Take-out','No');
INSERT INTO "RESTAURANT_FEATURE" ("RESTAURANT_ID","FEATURE_NAME","DESCRIPTION")VALUES('77973757','Accepted Cards','None');
INSERT INTO "RESTAURANT_FEATURE" ("RESTAURANT_ID","FEATURE_NAME","DESCRIPTION")VALUES('77973757','Parking','Street');
INSERT INTO "RESTAURANT_FEATURE" ("RESTAURANT_ID","FEATURE_NAME","DESCRIPTION")VALUES('77973757','Good for Kids','Yes');
INSERT INTO "RESTAURANT_FEATURE" ("RESTAURANT_ID","FEATURE_NAME","DESCRIPTION")VALUES('77973757','Good for Groups','Yes');
INSERT INTO "RESTAURANT_FEATURE" ("RESTAURANT_ID","FEATURE_NAME","DESCRIPTION")VALUES('77973757','Attire','Casual');
INSERT INTO "RESTAURANT_FEATURE" ("RESTAURANT_ID","FEATURE_NAME","DESCRIPTION")VALUES('77973757','Ambience','Casual');
INSERT INTO "RESTAURANT_FEATURE" ("RESTAURANT_ID","FEATURE_NAME","DESCRIPTION")VALUES('77973757','Noise Level','Average');
INSERT INTO "RESTAURANT_FEATURE" ("RESTAURANT_ID","FEATURE_NAME","DESCRIPTION")VALUES('77973757','Alcohol','Beer & Wine Only');
INSERT INTO "RESTAURANT_FEATURE" ("RESTAURANT_ID","FEATURE_NAME","DESCRIPTION")VALUES('77973757','Outdoor Seating','Yes');
INSERT INTO "RESTAURANT_FEATURE" ("RESTAURANT_ID","FEATURE_NAME","DESCRIPTION")VALUES('77973757','Wi-Fi','No');
INSERT INTO "RESTAURANT_FEATURE" ("RESTAURANT_ID","FEATURE_NAME","DESCRIPTION")VALUES('77973757','Has TV','No');
INSERT INTO "RESTAURANT_FEATURE" ("RESTAURANT_ID","FEATURE_NAME","DESCRIPTION")VALUES('77973757','Waiter Service','Yes');
INSERT INTO "RESTAURANT_FEATURE" ("RESTAURANT_ID","FEATURE_NAME","DESCRIPTION")VALUES('77973757','Caters','No');
INSERT INTO "OPENING_HOUR" ("DAY","RESTAURANT_ID","OPENING_TIME","CLOSING_TIME")VALUES('Mon','77973757','6:00 pm','12:00 am');
INSERT INTO "OPENING_HOUR" ("DAY","RESTAURANT_ID","OPENING_TIME","CLOSING_TIME")VALUES('Tue','77973757','6:00 pm','12:00 am');
INSERT INTO "OPENING_HOUR" ("DAY","RESTAURANT_ID","OPENING_TIME","CLOSING_TIME")VALUES('Wed','77973757','6:00 pm','12:00 am');
INSERT INTO "OPENING_HOUR" ("DAY","RESTAURANT_ID","OPENING_TIME","CLOSING_TIME")VALUES('Thu','77973757','6:00 pm','12:00 am');
INSERT INTO "OPENING_HOUR" ("DAY","RESTAURANT_ID","OPENING_TIME","CLOSING_TIME")VALUES('Fri','77973757','6:00 pm','12:00 am');
INSERT INTO "OPENING_HOUR" ("DAY","RESTAURANT_ID","OPENING_TIME","CLOSING_TIME")VALUES('Sat','77973757','6:00 pm','12:00 am');
INSERT INTO "OPENING_HOUR" ("DAY","RESTAURANT_ID","OPENING_TIME","CLOSING_TIME")VALUES('Sun','77973757','Open now','12:00 am');
INSERT INTO "USER_REVIEW" ("RESTAURANT_ID","REVIEW_DATE","COMMENT","REVIEW_RATING")VALUES('77973757','2017-10-30 17:55:04','This beer garden is huge and worth a visit, if not to drink than for another German experience. The beer and food selection are not huge but the variety...','5');
INSERT INTO "PHOTO" ("RESTAURANT_ID","PICTURE_URL")VALUES('77973757','https://s3-media2.fl.yelpcdn.com/photo/5JSvVupKhLuUQVIfc_meOQ/o.jpg');
INSERT INTO "USER_REVIEW" ("RESTAURANT_ID","REVIEW_DATE","COMMENT","REVIEW_RATING")VALUES('77973757','2017-08-09 03:23:09','I found this place via travel blog recommendations of this being the oldest Beer Garden in Berlin. Huge seating areas under the trees with tons of picnic...','4');
INSERT INTO "PHOTO" ("RESTAURANT_ID","PICTURE_URL")VALUES('77973757','https://s3-media4.fl.yelpcdn.com/photo/EnmpC8y8HEvZDFEJ1wqpBg/o.jpg');
INSERT INTO "USER_REVIEW" ("RESTAURANT_ID","REVIEW_DATE","COMMENT","REVIEW_RATING")VALUES('77973757','2017-06-13 13:06:18','Classic good old Biergarten in Prenzlauer Berg. The pils is good, the staff is incredibly nice and helpful and the food is fine as well. Be there early in...','5');
INSERT INTO "PHOTO" ("RESTAURANT_ID","PICTURE_URL")VALUES('77973757','https://s3-media4.fl.yelpcdn.com/photo/wmMWgAiq8XFjRGAwH84ybQ/o.jpg');
INSERT INTO "LOCATION" ("LOCATION_ID","LOCATION_TYPE","ADDRESS","LONGITUDE","LATITUDE")VALUES('217','R','Torstr. 18210115 BerlinGermany','13.39372','52.52827');
INSERT INTO "RESTAURANT" ("RESTAURANT_ID","PRICERANGE","PHONE_NUMBER","WEBSITE")VALUES('20653961','€€','+49 30 27572948','None');
INSERT INTO "CUISINE" ("RESTAURANT_ID","CUISINE_TYPE")VALUES('20653961','Italian');
INSERT INTO "RESTAURANT_RATING" ("RESTAURANT_ID","SCALE","OVERALL_RATING","SOURCE")VALUES('20653961','5','4.5','Yelp');
INSERT INTO "RESTAURANT_FEATURE" ("RESTAURANT_ID","FEATURE_NAME","DESCRIPTION")VALUES('20653961','Takes Reservations','Yes');
INSERT INTO "RESTAURANT_FEATURE" ("RESTAURANT_ID","FEATURE_NAME","DESCRIPTION")VALUES('20653961','Delivery','No');
INSERT INTO "RESTAURANT_FEATURE" ("RESTAURANT_ID","FEATURE_NAME","DESCRIPTION")VALUES('20653961','Take-out','Yes');
INSERT INTO "RESTAURANT_FEATURE" ("RESTAURANT_ID","FEATURE_NAME","DESCRIPTION")VALUES('20653961','Parking','Street');
INSERT INTO "RESTAURANT_FEATURE" ("RESTAURANT_ID","FEATURE_NAME","DESCRIPTION")VALUES('20653961','Good for Kids','No');
INSERT INTO "RESTAURANT_FEATURE" ("RESTAURANT_ID","FEATURE_NAME","DESCRIPTION")VALUES('20653961','Good for Groups','No');
INSERT INTO "RESTAURANT_FEATURE" ("RESTAURANT_ID","FEATURE_NAME","DESCRIPTION")VALUES('20653961','Attire','Casual');
INSERT INTO "RESTAURANT_FEATURE" ("RESTAURANT_ID","FEATURE_NAME","DESCRIPTION")VALUES('20653961','Ambience','Casual');
INSERT INTO "RESTAURANT_FEATURE" ("RESTAURANT_ID","FEATURE_NAME","DESCRIPTION")VALUES('20653961','Noise Level','Loud');
INSERT INTO "RESTAURANT_FEATURE" ("RESTAURANT_ID","FEATURE_NAME","DESCRIPTION")VALUES('20653961','Alcohol','Beer & Wine Only');
INSERT INTO "RESTAURANT_FEATURE" ("RESTAURANT_ID","FEATURE_NAME","DESCRIPTION")VALUES('20653961','Outdoor Seating','Yes');
INSERT INTO "RESTAURANT_FEATURE" ("RESTAURANT_ID","FEATURE_NAME","DESCRIPTION")VALUES('20653961','Wi-Fi','Free');
INSERT INTO "RESTAURANT_FEATURE" ("RESTAURANT_ID","FEATURE_NAME","DESCRIPTION")VALUES('20653961','Has TV','No');
INSERT INTO "RESTAURANT_FEATURE" ("RESTAURANT_ID","FEATURE_NAME","DESCRIPTION")VALUES('20653961','Caters','No');
INSERT INTO "OPENING_HOUR" ("DAY","RESTAURANT_ID","OPENING_TIME","CLOSING_TIME")VALUES('Mon','20653961','11:00 am','10:00 pm');
INSERT INTO "OPENING_HOUR" ("DAY","RESTAURANT_ID","OPENING_TIME","CLOSING_TIME")VALUES('Tue','20653961','11:00 am','10:00 pm');
INSERT INTO "OPENING_HOUR" ("DAY","RESTAURANT_ID","OPENING_TIME","CLOSING_TIME")VALUES('Wed','20653961','11:00 am','10:00 pm');
INSERT INTO "OPENING_HOUR" ("DAY","RESTAURANT_ID","OPENING_TIME","CLOSING_TIME")VALUES('Thu','20653961','11:00 am','10:00 pm');
INSERT INTO "OPENING_HOUR" ("DAY","RESTAURANT_ID","OPENING_TIME","CLOSING_TIME")VALUES('Fri','20653961','11:00 am','10:00 pm');
INSERT INTO "OPENING_HOUR" ("DAY","RESTAURANT_ID","OPENING_TIME","CLOSING_TIME")VALUES('Sat','20653961','5:00 pm','10:00 pm');
INSERT INTO "OPENING_HOUR" ("DAY","RESTAURANT_ID","OPENING_TIME","CLOSING_TIME")VALUES('Sun','20653961','Open now','10:00 pm');
INSERT INTO "USER_REVIEW" ("RESTAURANT_ID","REVIEW_DATE","COMMENT","REVIEW_RATING")VALUES('20653961','2017-09-18 12:42:52','First dinner in Berlin...spectacular!! 
Service? Awesome... one gal took care of everyone perfectly well.  
Ambiance? Amazing... just like being in Italy!...','5');
INSERT INTO "PHOTO" ("RESTAURANT_ID","PICTURE_URL")VALUES('20653961','https://s3-media2.fl.yelpcdn.com/photo/Fl8SmLfpJXvwNVhmAseWkQ/o.jpg');
INSERT INTO "USER_REVIEW" ("RESTAURANT_ID","REVIEW_DATE","COMMENT","REVIEW_RATING")VALUES('20653961','2015-05-15 14:38:37','I may be a little picky with my pasta but I was NOT super satisfied with my meal here. The atmosphere is pretty good and the fact that it is family owned...','3');
INSERT INTO "PHOTO" ("RESTAURANT_ID","PICTURE_URL")VALUES('20653961','https://s3-media4.fl.yelpcdn.com/photo/xrspX0O4ILNl2at7ImlT1A/o.jpg');
INSERT INTO "USER_REVIEW" ("RESTAURANT_ID","REVIEW_DATE","COMMENT","REVIEW_RATING")VALUES('20653961','2015-12-10 04:10:02','This little Italian joint looks rather unassuming, but don''t be fooled. I''d been craving home-made ravioli for a few weeks and when my lovely suggested this...','5');
INSERT INTO "PHOTO" ("RESTAURANT_ID","PICTURE_URL")VALUES('20653961','https://s3-media1.fl.yelpcdn.com/photo/bEXm1lAj1CGe0G_JclT43A/o.jpg');
INSERT INTO "LOCATION" ("LOCATION_ID","LOCATION_TYPE","ADDRESS","LONGITUDE","LATITUDE")VALUES('218','R','Bochumer Str. 2610555 BerlinGermany','13.33803','52.5248599');
INSERT INTO "RESTAURANT" ("RESTAURANT_ID","PRICERANGE","PHONE_NUMBER","WEBSITE")VALUES('74209615','€€','+49 30 39749863','osteriadellarte.de');
INSERT INTO "CUISINE" ("RESTAURANT_ID","CUISINE_TYPE")VALUES('74209615','Italian');
INSERT INTO "RESTAURANT_RATING" ("RESTAURANT_ID","SCALE","OVERALL_RATING","SOURCE")VALUES('74209615','5','4.5','Yelp');
INSERT INTO "RESTAURANT_FEATURE" ("RESTAURANT_ID","FEATURE_NAME","DESCRIPTION")VALUES('74209615','Takes Reservations','Yes');
INSERT INTO "RESTAURANT_FEATURE" ("RESTAURANT_ID","FEATURE_NAME","DESCRIPTION")VALUES('74209615','Delivery','No');
INSERT INTO "RESTAURANT_FEATURE" ("RESTAURANT_ID","FEATURE_NAME","DESCRIPTION")VALUES('74209615','Take-out','Yes');
INSERT INTO "RESTAURANT_FEATURE" ("RESTAURANT_ID","FEATURE_NAME","DESCRIPTION")VALUES('74209615','Accepted Cards','Credit, Debit');
INSERT INTO "RESTAURANT_FEATURE" ("RESTAURANT_ID","FEATURE_NAME","DESCRIPTION")VALUES('74209615','Parking','Street');
INSERT INTO "RESTAURANT_FEATURE" ("RESTAURANT_ID","FEATURE_NAME","DESCRIPTION")VALUES('74209615','Good for Kids','Yes');
INSERT INTO "RESTAURANT_FEATURE" ("RESTAURANT_ID","FEATURE_NAME","DESCRIPTION")VALUES('74209615','Good for Groups','Yes');
INSERT INTO "RESTAURANT_FEATURE" ("RESTAURANT_ID","FEATURE_NAME","DESCRIPTION")VALUES('74209615','Attire','Casual');
INSERT INTO "RESTAURANT_FEATURE" ("RESTAURANT_ID","FEATURE_NAME","DESCRIPTION")VALUES('74209615','Ambience','Casual');
INSERT INTO "RESTAURANT_FEATURE" ("RESTAURANT_ID","FEATURE_NAME","DESCRIPTION")VALUES('74209615','Noise Level','Average');
INSERT INTO "RESTAURANT_FEATURE" ("RESTAURANT_ID","FEATURE_NAME","DESCRIPTION")VALUES('74209615','Alcohol','Full Bar');
INSERT INTO "RESTAURANT_FEATURE" ("RESTAURANT_ID","FEATURE_NAME","DESCRIPTION")VALUES('74209615','Outdoor Seating','Yes');
INSERT INTO "RESTAURANT_FEATURE" ("RESTAURANT_ID","FEATURE_NAME","DESCRIPTION")VALUES('74209615','Has TV','No');
INSERT INTO "RESTAURANT_FEATURE" ("RESTAURANT_ID","FEATURE_NAME","DESCRIPTION")VALUES('74209615','Waiter Service','Yes');
INSERT INTO "OPENING_HOUR" ("DAY","RESTAURANT_ID","OPENING_TIME","CLOSING_TIME")VALUES('Mon','74209615','5:00 pm','11:30 pm');
INSERT INTO "OPENING_HOUR" ("DAY","RESTAURANT_ID","OPENING_TIME","CLOSING_TIME")VALUES('Tue','74209615','5:00 pm','11:30 pm');
INSERT INTO "OPENING_HOUR" ("DAY","RESTAURANT_ID","OPENING_TIME","CLOSING_TIME")VALUES('Wed','74209615','5:00 pm','11:30 pm');
INSERT INTO "OPENING_HOUR" ("DAY","RESTAURANT_ID","OPENING_TIME","CLOSING_TIME")VALUES('Thu','74209615','5:00 pm','11:30 pm');
INSERT INTO "OPENING_HOUR" ("DAY","RESTAURANT_ID","OPENING_TIME","CLOSING_TIME")VALUES('Fri','74209615','5:00 pm','11:30 pm');
INSERT INTO "OPENING_HOUR" ("DAY","RESTAURANT_ID","OPENING_TIME","CLOSING_TIME")VALUES('Sat','74209615','5:00 pm','11:30 pm');
INSERT INTO "OPENING_HOUR" ("DAY","RESTAURANT_ID","OPENING_TIME","CLOSING_TIME")VALUES('Sun','74209615','Open now','11:30 pm');
INSERT INTO "USER_REVIEW" ("RESTAURANT_ID","REVIEW_DATE","COMMENT","REVIEW_RATING")VALUES('74209615','2014-09-18 13:01:55','Oh boy did yelp steer me in the wrong direction with this place! People gave this restaurant 4/5 stars so i thought It would be great italian food and It...','1');
INSERT INTO "PHOTO" ("RESTAURANT_ID","PICTURE_URL")VALUES('74209615','https://s3-media2.fl.yelpcdn.com/photo/l6DIS6LlhhzkBNiCbdJdrw/o.jpg');
INSERT INTO "USER_REVIEW" ("RESTAURANT_ID","REVIEW_DATE","COMMENT","REVIEW_RATING")VALUES('74209615','2017-07-22 09:47:59','Nice, authentic italian place. We came on a busy friday, but managed to get at table indoor. Had a lovely dish of tagliatelle and a beer, and everything was...','4');
INSERT INTO "USER_REVIEW" ("RESTAURANT_ID","REVIEW_DATE","COMMENT","REVIEW_RATING")VALUES('74209615','2015-10-17 14:58:45','Such a cute little place.

The food is amazing (and cheap too), the staff is lovely and accommodating and the atmosphere is amazing.

I''d go back anytime.','5');
INSERT INTO "PHOTO" ("RESTAURANT_ID","PICTURE_URL")VALUES('74209615','https://s3-media2.fl.yelpcdn.com/photo/iLF32vaPA1NgUOVMJnOJeA/o.jpg');
INSERT INTO "LOCATION" ("LOCATION_ID","LOCATION_TYPE","ADDRESS","LONGITUDE","LATITUDE")VALUES('219','R','Wühlischstr. 39a10247 BerlinGermany','13.4597084','52.50894');
INSERT INTO "RESTAURANT" ("RESTAURANT_ID","PRICERANGE","PHONE_NUMBER","WEBSITE")VALUES('61428051','€','+49 30 29047938','None');
INSERT INTO "CUISINE" ("RESTAURANT_ID","CUISINE_TYPE")VALUES('61428051','Italian');
INSERT INTO "RESTAURANT_RATING" ("RESTAURANT_ID","SCALE","OVERALL_RATING","SOURCE")VALUES('61428051','5','4.5','Yelp');
INSERT INTO "RESTAURANT_FEATURE" ("RESTAURANT_ID","FEATURE_NAME","DESCRIPTION")VALUES('61428051','Takes Reservations','Yes');
INSERT INTO "RESTAURANT_FEATURE" ("RESTAURANT_ID","FEATURE_NAME","DESCRIPTION")VALUES('61428051','Delivery','No');
INSERT INTO "RESTAURANT_FEATURE" ("RESTAURANT_ID","FEATURE_NAME","DESCRIPTION")VALUES('61428051','Take-out','Yes');
INSERT INTO "RESTAURANT_FEATURE" ("RESTAURANT_ID","FEATURE_NAME","DESCRIPTION")VALUES('61428051','Accepted Cards','None');
INSERT INTO "RESTAURANT_FEATURE" ("RESTAURANT_ID","FEATURE_NAME","DESCRIPTION")VALUES('61428051','Accepts Bitcoin','No');
INSERT INTO "RESTAURANT_FEATURE" ("RESTAURANT_ID","FEATURE_NAME","DESCRIPTION")VALUES('61428051','Good For','Lunch');
INSERT INTO "RESTAURANT_FEATURE" ("RESTAURANT_ID","FEATURE_NAME","DESCRIPTION")VALUES('61428051','Parking','Street');
INSERT INTO "RESTAURANT_FEATURE" ("RESTAURANT_ID","FEATURE_NAME","DESCRIPTION")VALUES('61428051','Good for Kids','Yes');
INSERT INTO "RESTAURANT_FEATURE" ("RESTAURANT_ID","FEATURE_NAME","DESCRIPTION")VALUES('61428051','Good for Groups','Yes');
INSERT INTO "RESTAURANT_FEATURE" ("RESTAURANT_ID","FEATURE_NAME","DESCRIPTION")VALUES('61428051','Attire','Casual');
INSERT INTO "RESTAURANT_FEATURE" ("RESTAURANT_ID","FEATURE_NAME","DESCRIPTION")VALUES('61428051','Ambience','Casual');
INSERT INTO "RESTAURANT_FEATURE" ("RESTAURANT_ID","FEATURE_NAME","DESCRIPTION")VALUES('61428051','Noise Level','Average');
INSERT INTO "RESTAURANT_FEATURE" ("RESTAURANT_ID","FEATURE_NAME","DESCRIPTION")VALUES('61428051','Alcohol','Beer & Wine Only');
INSERT INTO "RESTAURANT_FEATURE" ("RESTAURANT_ID","FEATURE_NAME","DESCRIPTION")VALUES('61428051','Outdoor Seating','Yes');
INSERT INTO "RESTAURANT_FEATURE" ("RESTAURANT_ID","FEATURE_NAME","DESCRIPTION")VALUES('61428051','Wi-Fi','Free');
INSERT INTO "RESTAURANT_FEATURE" ("RESTAURANT_ID","FEATURE_NAME","DESCRIPTION")VALUES('61428051','Has TV','No');
INSERT INTO "RESTAURANT_FEATURE" ("RESTAURANT_ID","FEATURE_NAME","DESCRIPTION")VALUES('61428051','Caters','Yes');
INSERT INTO "OPENING_HOUR" ("DAY","RESTAURANT_ID","OPENING_TIME","CLOSING_TIME")VALUES('Mon','61428051','11:00 am','8:00 pm');
INSERT INTO "OPENING_HOUR" ("DAY","RESTAURANT_ID","OPENING_TIME","CLOSING_TIME")VALUES('Tue','61428051','11:00 am','8:00 pm');
INSERT INTO "OPENING_HOUR" ("DAY","RESTAURANT_ID","OPENING_TIME","CLOSING_TIME")VALUES('Wed','61428051','11:00 am','8:00 pm');
INSERT INTO "OPENING_HOUR" ("DAY","RESTAURANT_ID","OPENING_TIME","CLOSING_TIME")VALUES('Thu','61428051','11:00 am','10:00 pm');
INSERT INTO "OPENING_HOUR" ("DAY","RESTAURANT_ID","OPENING_TIME","CLOSING_TIME")VALUES('Fri','61428051','11:00 am','10:00 pm');
INSERT INTO "OPENING_HOUR" ("DAY","RESTAURANT_ID","OPENING_TIME","CLOSING_TIME")VALUES('Sat','61428051','11:00 am','10:00 pm');
INSERT INTO "OPENING_HOUR" ("DAY","RESTAURANT_ID","OPENING_TIME","CLOSING_TIME")VALUES('Sun','61428051','Open now','6:00 pm');
INSERT INTO "USER_REVIEW" ("RESTAURANT_ID","REVIEW_DATE","COMMENT","REVIEW_RATING")VALUES('61428051','2017-11-15 13:20:50','Great pasta and great service amazing coffee and dessert, the only complaint I have is that they didn''t have better wine , but a great little italian cafè','4');
INSERT INTO "PHOTO" ("RESTAURANT_ID","PICTURE_URL")VALUES('61428051','https://s3-media3.fl.yelpcdn.com/photo/kpB9rPnBVJttVQSAsk1Grw/o.jpg');
INSERT INTO "USER_REVIEW" ("RESTAURANT_ID","REVIEW_DATE","COMMENT","REVIEW_RATING")VALUES('61428051','2016-07-11 04:13:37','Delicious pasta and sauce, great derived, just go!
A friend of mine went here for our lunch hour from work and we were very satisfied customers!! The pasta...','5');
INSERT INTO "PHOTO" ("RESTAURANT_ID","PICTURE_URL")VALUES('61428051','https://s3-media4.fl.yelpcdn.com/photo/-vFwyshGZ0P95wWlQR5maA/o.jpg');
INSERT INTO "USER_REVIEW" ("RESTAURANT_ID","REVIEW_DATE","COMMENT","REVIEW_RATING")VALUES('61428051','2017-01-31 20:23:16','Been coming here frequently ever since they opened. Homemade fresh organic pasta. Daily changing seasonal sauce options. Reasonably priced and always fresh....','5');
INSERT INTO "PHOTO" ("RESTAURANT_ID","PICTURE_URL")VALUES('61428051','https://s3-media2.fl.yelpcdn.com/photo/dboyqZBDKDxjVVMf-P4ZKA/o.jpg');
INSERT INTO "RESTAURANT_RATING" ("RESTAURANT_ID","SCALE","OVERALL_RATING","SOURCE")VALUES('61428051','5','4.6','Google Map');
INSERT INTO "USER_REVIEW" ("RESTAURANT_ID","REVIEW_DATE","COMMENT","REVIEW_RATING")VALUES('61428051','2017-12-17','Amazing little pasta place. Create your own combo.','5');
INSERT INTO "USER_REVIEW" ("RESTAURANT_ID","REVIEW_DATE","COMMENT","REVIEW_RATING")VALUES('61428051','2017-01-04','Pasta Presti is an incredible Pasta restaurant. Pasta is freshly made every day! Everything is homemade with organic products...
You pick your pasta and your sauce. Sit down and enjoy the very friendly  atmosphere while your pasta is being cooked :)
I also highly recommend all the different salads. After your meal you can enjoy a perfect Espresso served with a homemade Tiramisu!

One of Berlin greatest places!','5');
INSERT INTO "USER_REVIEW" ("RESTAURANT_ID","REVIEW_DATE","COMMENT","REVIEW_RATING")VALUES('61428051','2017-06-21','Great home made pasta. Excellent wine. Amazing owners. Definitely recommend ','5');
INSERT INTO "USER_REVIEW" ("RESTAURANT_ID","REVIEW_DATE","COMMENT","REVIEW_RATING")VALUES('61428051','2017-12-23','Fresh pasta in a laid-back place.','5');
INSERT INTO "USER_REVIEW" ("RESTAURANT_ID","REVIEW_DATE","COMMENT","REVIEW_RATING")VALUES('61428051','2017-11-19','Ordered a takeaway. The picture speaks for itself. Pretty sad.','2');
INSERT INTO "LOCATION" ("LOCATION_ID","LOCATION_TYPE","ADDRESS","LONGITUDE","LATITUDE")VALUES('220','R','Langenscheidtstr. 110827 BerlinGermany','13.36063','52.4900499');
INSERT INTO "RESTAURANT" ("RESTAURANT_ID","PRICERANGE","PHONE_NUMBER","WEBSITE")VALUES('30697793','€€','+49 30 7812964','None');
INSERT INTO "CUISINE" ("RESTAURANT_ID","CUISINE_TYPE")VALUES('30697793','Italian');
INSERT INTO "CUISINE" ("RESTAURANT_ID","CUISINE_TYPE")VALUES('30697793','Pizza');
INSERT INTO "RESTAURANT_RATING" ("RESTAURANT_ID","SCALE","OVERALL_RATING","SOURCE")VALUES('30697793','5','4.5','Yelp');
INSERT INTO "RESTAURANT_FEATURE" ("RESTAURANT_ID","FEATURE_NAME","DESCRIPTION")VALUES('30697793','Takes Reservations','Yes');
INSERT INTO "RESTAURANT_FEATURE" ("RESTAURANT_ID","FEATURE_NAME","DESCRIPTION")VALUES('30697793','Delivery','No');
INSERT INTO "RESTAURANT_FEATURE" ("RESTAURANT_ID","FEATURE_NAME","DESCRIPTION")VALUES('30697793','Take-out','Yes');
INSERT INTO "RESTAURANT_FEATURE" ("RESTAURANT_ID","FEATURE_NAME","DESCRIPTION")VALUES('30697793','Accepted Cards','Credit, Debit');
INSERT INTO "RESTAURANT_FEATURE" ("RESTAURANT_ID","FEATURE_NAME","DESCRIPTION")VALUES('30697793','Parking','Street');
INSERT INTO "RESTAURANT_FEATURE" ("RESTAURANT_ID","FEATURE_NAME","DESCRIPTION")VALUES('30697793','Good for Kids','Yes');
INSERT INTO "RESTAURANT_FEATURE" ("RESTAURANT_ID","FEATURE_NAME","DESCRIPTION")VALUES('30697793','Good for Groups','Yes');
INSERT INTO "RESTAURANT_FEATURE" ("RESTAURANT_ID","FEATURE_NAME","DESCRIPTION")VALUES('30697793','Attire','Casual');
INSERT INTO "RESTAURANT_FEATURE" ("RESTAURANT_ID","FEATURE_NAME","DESCRIPTION")VALUES('30697793','Ambience','Casual');
INSERT INTO "RESTAURANT_FEATURE" ("RESTAURANT_ID","FEATURE_NAME","DESCRIPTION")VALUES('30697793','Noise Level','Loud');
INSERT INTO "RESTAURANT_FEATURE" ("RESTAURANT_ID","FEATURE_NAME","DESCRIPTION")VALUES('30697793','Alcohol','Beer & Wine Only');
INSERT INTO "RESTAURANT_FEATURE" ("RESTAURANT_ID","FEATURE_NAME","DESCRIPTION")VALUES('30697793','Outdoor Seating','Yes');
INSERT INTO "RESTAURANT_FEATURE" ("RESTAURANT_ID","FEATURE_NAME","DESCRIPTION")VALUES('30697793','Wi-Fi','No');
INSERT INTO "RESTAURANT_FEATURE" ("RESTAURANT_ID","FEATURE_NAME","DESCRIPTION")VALUES('30697793','Has TV','No');
INSERT INTO "RESTAURANT_FEATURE" ("RESTAURANT_ID","FEATURE_NAME","DESCRIPTION")VALUES('30697793','Caters','No');
INSERT INTO "OPENING_HOUR" ("DAY","RESTAURANT_ID","OPENING_TIME","CLOSING_TIME")VALUES('Mon','30697793','5:00 pm','12:00 am');
INSERT INTO "OPENING_HOUR" ("DAY","RESTAURANT_ID","OPENING_TIME","CLOSING_TIME")VALUES('Tue','30697793','5:00 pm','12:00 am');
INSERT INTO "OPENING_HOUR" ("DAY","RESTAURANT_ID","OPENING_TIME","CLOSING_TIME")VALUES('Wed','30697793','5:00 pm','12:00 am');
INSERT INTO "OPENING_HOUR" ("DAY","RESTAURANT_ID","OPENING_TIME","CLOSING_TIME")VALUES('Thu','30697793','5:00 pm','12:00 am');
INSERT INTO "OPENING_HOUR" ("DAY","RESTAURANT_ID","OPENING_TIME","CLOSING_TIME")VALUES('Fri','30697793','5:00 pm','12:00 am');
INSERT INTO "OPENING_HOUR" ("DAY","RESTAURANT_ID","OPENING_TIME","CLOSING_TIME")VALUES('Sat','30697793','Open now','12:00 am');
INSERT INTO "USER_REVIEW" ("RESTAURANT_ID","REVIEW_DATE","COMMENT","REVIEW_RATING")VALUES('30697793','2016-07-20 14:41:57','Came here for dinner on a warm Wednesday night at 21:00, and was just able to squeeze into a table for 2. They had Jever on tap so instant points. Service...','3');
INSERT INTO "PHOTO" ("RESTAURANT_ID","PICTURE_URL")VALUES('30697793','https://s3-media2.fl.yelpcdn.com/photo/7sISzz33rae2VHfGFkvrQA/o.jpg');
INSERT INTO "USER_REVIEW" ("RESTAURANT_ID","REVIEW_DATE","COMMENT","REVIEW_RATING")VALUES('30697793','2013-02-07 10:56:46','Nothing special but ... Great place to eat. Italian -eat good, drink good nice atmosphere. Cannot comment on the service, all was ok. The hall looks good...','4');
INSERT INTO "PHOTO" ("RESTAURANT_ID","PICTURE_URL")VALUES('30697793','https://s3-media2.fl.yelpcdn.com/photo/_Tiy2jvLWIkY6UjsL7UsRQ/o.jpg');
INSERT INTO "USER_REVIEW" ("RESTAURANT_ID","REVIEW_DATE","COMMENT","REVIEW_RATING")VALUES('30697793','2009-05-26 06:12:15','I''ve been to Petite Europe twice. The first time, the pasta wasn''t very good at all; in fact, extremely disappointing. The second time I had pizza and that...','3');
INSERT INTO "PHOTO" ("RESTAURANT_ID","PICTURE_URL")VALUES('30697793','https://s3-media4.fl.yelpcdn.com/photo/OQPI9zAA6Va_uYYtb__Mfg/o.jpg');
INSERT INTO "RESTAURANT_RATING" ("RESTAURANT_ID","SCALE","OVERALL_RATING","SOURCE")VALUES('30697793','5','4.5','Google Map');
INSERT INTO "USER_REVIEW" ("RESTAURANT_ID","REVIEW_DATE","COMMENT","REVIEW_RATING")VALUES('30697793','2016-11-02','Pizza was ok but the customer service was terrible, probably the unfriendliest place I''ve ever been in. Spoilt the trip a bit on the last day, up until that point Berlin had seemed quite friendly.

The older guy seemed friendly to the locals though.','1');
INSERT INTO "USER_REVIEW" ("RESTAURANT_ID","REVIEW_DATE","COMMENT","REVIEW_RATING")VALUES('30697793','2015-06-23','Very nice pizza to takeaway and a free drink while waiting. ','3');
INSERT INTO "USER_REVIEW" ("RESTAURANT_ID","REVIEW_DATE","COMMENT","REVIEW_RATING")VALUES('30697793','2017-11-25','Echte Italiener!!!
Eine der wenigen echten italienischen Restaurants die es noch in Berlin gibt...
Seine Pizza ist der Hammer! Frisch, dünn, riesengroß und super lecker. 
Preis-& Leistungsverhältnis TOP!
Stimmung & Flair TOP!
Publikum -> Familien & Ü30 TOP!

Kleiner Tipp: Reserviert vorher, denn der Laden ist immer gut besucht.','5');
INSERT INTO "USER_REVIEW" ("RESTAURANT_ID","REVIEW_DATE","COMMENT","REVIEW_RATING")VALUES('30697793','2018-01-15','Ganz nett, aber dafür nicht billig. Wir hatten einen kleinen Raum hinten für 12. War sehr nett.','3');
INSERT INTO "USER_REVIEW" ("RESTAURANT_ID","REVIEW_DATE","COMMENT","REVIEW_RATING")VALUES('30697793','2018-01-17','Noch eine echte italienische Pizzeria. Gutes Preis-Leistungsverhältnis. Reservierung empfohlen, besonders am WE.','5');
INSERT INTO "LOCATION" ("LOCATION_ID","LOCATION_TYPE","ADDRESS","LONGITUDE","LATITUDE")VALUES('221','R','Krossener Str. 1710245 BerlinGermany','13.4575915','52.5106202');
INSERT INTO "RESTAURANT" ("RESTAURANT_ID","PRICERANGE","PHONE_NUMBER","WEBSITE")VALUES('44310075','€','+49 176 96330413','None');
INSERT INTO "CUISINE" ("RESTAURANT_ID","CUISINE_TYPE")VALUES('44310075','Lebanese');
INSERT INTO "RESTAURANT_RATING" ("RESTAURANT_ID","SCALE","OVERALL_RATING","SOURCE")VALUES('44310075','5','4.5','Yelp');
INSERT INTO "RESTAURANT_FEATURE" ("RESTAURANT_ID","FEATURE_NAME","DESCRIPTION")VALUES('44310075','Takes Reservations','No');
INSERT INTO "RESTAURANT_FEATURE" ("RESTAURANT_ID","FEATURE_NAME","DESCRIPTION")VALUES('44310075','Delivery','No');
INSERT INTO "RESTAURANT_FEATURE" ("RESTAURANT_ID","FEATURE_NAME","DESCRIPTION")VALUES('44310075','Take-out','Yes');
INSERT INTO "RESTAURANT_FEATURE" ("RESTAURANT_ID","FEATURE_NAME","DESCRIPTION")VALUES('44310075','Accepted Cards','None');
INSERT INTO "RESTAURANT_FEATURE" ("RESTAURANT_ID","FEATURE_NAME","DESCRIPTION")VALUES('44310075','Parking','Street');
INSERT INTO "RESTAURANT_FEATURE" ("RESTAURANT_ID","FEATURE_NAME","DESCRIPTION")VALUES('44310075','Good for Kids','Yes');
INSERT INTO "RESTAURANT_FEATURE" ("RESTAURANT_ID","FEATURE_NAME","DESCRIPTION")VALUES('44310075','Good for Groups','No');
INSERT INTO "RESTAURANT_FEATURE" ("RESTAURANT_ID","FEATURE_NAME","DESCRIPTION")VALUES('44310075','Attire','Casual');
INSERT INTO "RESTAURANT_FEATURE" ("RESTAURANT_ID","FEATURE_NAME","DESCRIPTION")VALUES('44310075','Ambience','Casual');
INSERT INTO "RESTAURANT_FEATURE" ("RESTAURANT_ID","FEATURE_NAME","DESCRIPTION")VALUES('44310075','Noise Level','Average');
INSERT INTO "RESTAURANT_FEATURE" ("RESTAURANT_ID","FEATURE_NAME","DESCRIPTION")VALUES('44310075','Alcohol','Beer & Wine Only');
INSERT INTO "RESTAURANT_FEATURE" ("RESTAURANT_ID","FEATURE_NAME","DESCRIPTION")VALUES('44310075','Outdoor Seating','Yes');
INSERT INTO "RESTAURANT_FEATURE" ("RESTAURANT_ID","FEATURE_NAME","DESCRIPTION")VALUES('44310075','Wi-Fi','No');
INSERT INTO "RESTAURANT_FEATURE" ("RESTAURANT_ID","FEATURE_NAME","DESCRIPTION")VALUES('44310075','Has TV','No');
INSERT INTO "RESTAURANT_FEATURE" ("RESTAURANT_ID","FEATURE_NAME","DESCRIPTION")VALUES('44310075','Caters','No');
INSERT INTO "OPENING_HOUR" ("DAY","RESTAURANT_ID","OPENING_TIME","CLOSING_TIME")VALUES('Mon','44310075','12:00 pm','12:00 am');
INSERT INTO "OPENING_HOUR" ("DAY","RESTAURANT_ID","OPENING_TIME","CLOSING_TIME")VALUES('Tue','44310075','12:00 pm','12:00 am');
INSERT INTO "OPENING_HOUR" ("DAY","RESTAURANT_ID","OPENING_TIME","CLOSING_TIME")VALUES('Wed','44310075','12:00 pm','12:00 am');
INSERT INTO "OPENING_HOUR" ("DAY","RESTAURANT_ID","OPENING_TIME","CLOSING_TIME")VALUES('Thu','44310075','12:00 pm','12:00 am');
INSERT INTO "OPENING_HOUR" ("DAY","RESTAURANT_ID","OPENING_TIME","CLOSING_TIME")VALUES('Fri','44310075','12:00 pm','1:00 am');
INSERT INTO "OPENING_HOUR" ("DAY","RESTAURANT_ID","OPENING_TIME","CLOSING_TIME")VALUES('Sat','44310075','12:00 pm','1:00 am');
INSERT INTO "OPENING_HOUR" ("DAY","RESTAURANT_ID","OPENING_TIME","CLOSING_TIME")VALUES('Sun','44310075','Open now','12:00 am');
INSERT INTO "USER_REVIEW" ("RESTAURANT_ID","REVIEW_DATE","COMMENT","REVIEW_RATING")VALUES('44310075','2017-09-27 07:16:22','The Ali Baba plate was perhaps one of the most memorable food I''ve tried. Fresh and delicious. Staff was friendly also.','5');
INSERT INTO "PHOTO" ("RESTAURANT_ID","PICTURE_URL")VALUES('44310075','https://s3-media3.fl.yelpcdn.com/photo/gLZkYI998d6QzoFtsqzBCg/o.jpg');
INSERT INTO "USER_REVIEW" ("RESTAURANT_ID","REVIEW_DATE","COMMENT","REVIEW_RATING")VALUES('44310075','2016-11-23 10:39:43','The "Ali Baba Platte" sampler platter was simply A-Meze-ing!   When the man said it was "a little bit of everything:" he certainly wasn''t kidding!  A bounty...','5');
INSERT INTO "PHOTO" ("RESTAURANT_ID","PICTURE_URL")VALUES('44310075','https://s3-media2.fl.yelpcdn.com/photo/BVPEtClmrt4VtwcbwUM7bw/o.jpg');
INSERT INTO "USER_REVIEW" ("RESTAURANT_ID","REVIEW_DATE","COMMENT","REVIEW_RATING")VALUES('44310075','2016-09-22 09:15:00','I love the feeling when you accidentally discover new pearls of Friedrichshain. For sure one of them is certainly Ali Baba.

Ali Baba is faster than Speedy...','4');
INSERT INTO "PHOTO" ("RESTAURANT_ID","PICTURE_URL")VALUES('44310075','https://s3-media2.fl.yelpcdn.com/photo/NtZPd_8sVDVp2m5yiuGlGQ/o.jpg');
INSERT INTO "LOCATION" ("LOCATION_ID","LOCATION_TYPE","ADDRESS","LONGITUDE","LATITUDE")VALUES('222','R','Lychener Str. 1810437 BerlinGermany','13.4161812347','52.5423217871');
INSERT INTO "RESTAURANT" ("RESTAURANT_ID","PRICERANGE","PHONE_NUMBER","WEBSITE")VALUES('7257848','€€€','+49 30 55242448','ushido-bbq.com');
INSERT INTO "CUISINE" ("RESTAURANT_ID","CUISINE_TYPE")VALUES('7257848','Japanese');
INSERT INTO "CUISINE" ("RESTAURANT_ID","CUISINE_TYPE")VALUES('7257848','Barbeque');
INSERT INTO "RESTAURANT_RATING" ("RESTAURANT_ID","SCALE","OVERALL_RATING","SOURCE")VALUES('7257848','5','4.5','Yelp');
INSERT INTO "RESTAURANT_FEATURE" ("RESTAURANT_ID","FEATURE_NAME","DESCRIPTION")VALUES('7257848','Takes Reservations','Yes');
INSERT INTO "RESTAURANT_FEATURE" ("RESTAURANT_ID","FEATURE_NAME","DESCRIPTION")VALUES('7257848','Delivery','Yes');
INSERT INTO "RESTAURANT_FEATURE" ("RESTAURANT_ID","FEATURE_NAME","DESCRIPTION")VALUES('7257848','Take-out','No');
INSERT INTO "RESTAURANT_FEATURE" ("RESTAURANT_ID","FEATURE_NAME","DESCRIPTION")VALUES('7257848','Accepted Cards','Credit, Debit');
INSERT INTO "RESTAURANT_FEATURE" ("RESTAURANT_ID","FEATURE_NAME","DESCRIPTION")VALUES('7257848','Good For','Dinner');
INSERT INTO "RESTAURANT_FEATURE" ("RESTAURANT_ID","FEATURE_NAME","DESCRIPTION")VALUES('7257848','Parking','Street');
INSERT INTO "RESTAURANT_FEATURE" ("RESTAURANT_ID","FEATURE_NAME","DESCRIPTION")VALUES('7257848','Good for Kids','No');
INSERT INTO "RESTAURANT_FEATURE" ("RESTAURANT_ID","FEATURE_NAME","DESCRIPTION")VALUES('7257848','Good for Groups','Yes');
INSERT INTO "RESTAURANT_FEATURE" ("RESTAURANT_ID","FEATURE_NAME","DESCRIPTION")VALUES('7257848','Attire','Casual');
INSERT INTO "RESTAURANT_FEATURE" ("RESTAURANT_ID","FEATURE_NAME","DESCRIPTION")VALUES('7257848','Ambience','Trendy');
INSERT INTO "RESTAURANT_FEATURE" ("RESTAURANT_ID","FEATURE_NAME","DESCRIPTION")VALUES('7257848','Noise Level','Average');
INSERT INTO "RESTAURANT_FEATURE" ("RESTAURANT_ID","FEATURE_NAME","DESCRIPTION")VALUES('7257848','Alcohol','Full Bar');
INSERT INTO "RESTAURANT_FEATURE" ("RESTAURANT_ID","FEATURE_NAME","DESCRIPTION")VALUES('7257848','Outdoor Seating','Yes');
INSERT INTO "RESTAURANT_FEATURE" ("RESTAURANT_ID","FEATURE_NAME","DESCRIPTION")VALUES('7257848','Wi-Fi','No');
INSERT INTO "RESTAURANT_FEATURE" ("RESTAURANT_ID","FEATURE_NAME","DESCRIPTION")VALUES('7257848','Has TV','No');
INSERT INTO "RESTAURANT_FEATURE" ("RESTAURANT_ID","FEATURE_NAME","DESCRIPTION")VALUES('7257848','Waiter Service','Yes');
INSERT INTO "RESTAURANT_FEATURE" ("RESTAURANT_ID","FEATURE_NAME","DESCRIPTION")VALUES('7257848','Caters','No');
INSERT INTO "OPENING_HOUR" ("DAY","RESTAURANT_ID","OPENING_TIME","CLOSING_TIME")VALUES('Mon','7257848','6:00 pm','11:00 pm');
INSERT INTO "OPENING_HOUR" ("DAY","RESTAURANT_ID","OPENING_TIME","CLOSING_TIME")VALUES('Tue','7257848','6:00 pm','11:00 pm');
INSERT INTO "OPENING_HOUR" ("DAY","RESTAURANT_ID","OPENING_TIME","CLOSING_TIME")VALUES('Wed','7257848','6:00 pm','11:00 pm');
INSERT INTO "OPENING_HOUR" ("DAY","RESTAURANT_ID","OPENING_TIME","CLOSING_TIME")VALUES('Thu','7257848','6:00 pm','11:00 pm');
INSERT INTO "OPENING_HOUR" ("DAY","RESTAURANT_ID","OPENING_TIME","CLOSING_TIME")VALUES('Fri','7257848','6:00 pm','12:00 am');
INSERT INTO "OPENING_HOUR" ("DAY","RESTAURANT_ID","OPENING_TIME","CLOSING_TIME")VALUES('Sat','7257848','5:00 pm','12:00 am');
INSERT INTO "OPENING_HOUR" ("DAY","RESTAURANT_ID","OPENING_TIME","CLOSING_TIME")VALUES('Sun','7257848','Open now','11:00 pm');
INSERT INTO "USER_REVIEW" ("RESTAURANT_ID","REVIEW_DATE","COMMENT","REVIEW_RATING")VALUES('7257848','2017-09-29 13:50:28','Such a wonderful restaurant with quality food and excellent service! Cozy interior as well. I highly recommend this restaurant if you''re in Berlin and...','5');
INSERT INTO "PHOTO" ("RESTAURANT_ID","PICTURE_URL")VALUES('7257848','https://s3-media1.fl.yelpcdn.com/photo/g59c_et2Kw98KXX_riFBbw/o.jpg');
INSERT INTO "USER_REVIEW" ("RESTAURANT_ID","REVIEW_DATE","COMMENT","REVIEW_RATING")VALUES('7257848','2017-06-20 07:04:23','Update of the review for our second visit: again, the food did not disappoint and the staff were very friendly. Only complaint was that the waiter made a...','4');
INSERT INTO "PHOTO" ("RESTAURANT_ID","PICTURE_URL")VALUES('7257848','https://s3-media3.fl.yelpcdn.com/photo/M_tM9vVXqBr0OrcFQgHJag/o.jpg');
INSERT INTO "USER_REVIEW" ("RESTAURANT_ID","REVIEW_DATE","COMMENT","REVIEW_RATING")VALUES('7257848','2017-02-07 12:55:30','Great place for a different experience! Discovery menu nice to meat you a bit pricey at 26 euros per person. U finish well but not full- big eaters might be...','4');
INSERT INTO "PHOTO" ("RESTAURANT_ID","PICTURE_URL")VALUES('7257848','https://s3-media1.fl.yelpcdn.com/photo/9MW_ydgUN12_6Z4MXgbHtw/o.jpg');
INSERT INTO "LOCATION" ("LOCATION_ID","LOCATION_TYPE","ADDRESS","LONGITUDE","LATITUDE")VALUES('223','R','Fuldastr. 3312045 BerlinGermany','13.43945','52.48666');
INSERT INTO "RESTAURANT" ("RESTAURANT_ID","PRICERANGE","PHONE_NUMBER","WEBSITE")VALUES('10261119','€€','+49 30 96600459','knoedelwirtschaft.de');
INSERT INTO "CUISINE" ("RESTAURANT_ID","CUISINE_TYPE")VALUES('10261119','German');
INSERT INTO "RESTAURANT_RATING" ("RESTAURANT_ID","SCALE","OVERALL_RATING","SOURCE")VALUES('10261119','5','5.0','Yelp');
INSERT INTO "RESTAURANT_FEATURE" ("RESTAURANT_ID","FEATURE_NAME","DESCRIPTION")VALUES('10261119','Takes Reservations','Yes');
INSERT INTO "RESTAURANT_FEATURE" ("RESTAURANT_ID","FEATURE_NAME","DESCRIPTION")VALUES('10261119','Delivery','No');
INSERT INTO "RESTAURANT_FEATURE" ("RESTAURANT_ID","FEATURE_NAME","DESCRIPTION")VALUES('10261119','Take-out','Yes');
INSERT INTO "RESTAURANT_FEATURE" ("RESTAURANT_ID","FEATURE_NAME","DESCRIPTION")VALUES('10261119','Good for Kids','Yes');
INSERT INTO "RESTAURANT_FEATURE" ("RESTAURANT_ID","FEATURE_NAME","DESCRIPTION")VALUES('10261119','Good for Groups','Yes');
INSERT INTO "RESTAURANT_FEATURE" ("RESTAURANT_ID","FEATURE_NAME","DESCRIPTION")VALUES('10261119','Attire','Casual');
INSERT INTO "RESTAURANT_FEATURE" ("RESTAURANT_ID","FEATURE_NAME","DESCRIPTION")VALUES('10261119','Ambience','Hipster');
INSERT INTO "RESTAURANT_FEATURE" ("RESTAURANT_ID","FEATURE_NAME","DESCRIPTION")VALUES('10261119','Noise Level','Average');
INSERT INTO "RESTAURANT_FEATURE" ("RESTAURANT_ID","FEATURE_NAME","DESCRIPTION")VALUES('10261119','Outdoor Seating','Yes');
INSERT INTO "RESTAURANT_FEATURE" ("RESTAURANT_ID","FEATURE_NAME","DESCRIPTION")VALUES('10261119','Wi-Fi','No');
INSERT INTO "RESTAURANT_FEATURE" ("RESTAURANT_ID","FEATURE_NAME","DESCRIPTION")VALUES('10261119','Has TV','No');
INSERT INTO "RESTAURANT_FEATURE" ("RESTAURANT_ID","FEATURE_NAME","DESCRIPTION")VALUES('10261119','Waiter Service','Yes');
INSERT INTO "RESTAURANT_FEATURE" ("RESTAURANT_ID","FEATURE_NAME","DESCRIPTION")VALUES('10261119','Caters','No');
INSERT INTO "OPENING_HOUR" ("DAY","RESTAURANT_ID","OPENING_TIME","CLOSING_TIME")VALUES('Mon','10261119','6:00 pm','12:00 am');
INSERT INTO "OPENING_HOUR" ("DAY","RESTAURANT_ID","OPENING_TIME","CLOSING_TIME")VALUES('Tue','10261119','6:00 pm','12:00 am');
INSERT INTO "OPENING_HOUR" ("DAY","RESTAURANT_ID","OPENING_TIME","CLOSING_TIME")VALUES('Wed','10261119','6:00 pm','12:00 am');
INSERT INTO "OPENING_HOUR" ("DAY","RESTAURANT_ID","OPENING_TIME","CLOSING_TIME")VALUES('Thu','10261119','6:00 pm','12:00 am');
INSERT INTO "OPENING_HOUR" ("DAY","RESTAURANT_ID","OPENING_TIME","CLOSING_TIME")VALUES('Fri','10261119','6:00 pm','12:00 am');
INSERT INTO "OPENING_HOUR" ("DAY","RESTAURANT_ID","OPENING_TIME","CLOSING_TIME")VALUES('Sat','10261119','4:00 pm','12:00 am');
INSERT INTO "OPENING_HOUR" ("DAY","RESTAURANT_ID","OPENING_TIME","CLOSING_TIME")VALUES('Sun','10261119','Open now','12:00 am');
INSERT INTO "USER_REVIEW" ("RESTAURANT_ID","REVIEW_DATE","COMMENT","REVIEW_RATING")VALUES('10261119','2017-11-19 11:58:46','Best Local German cuisine in a cozy place. Well worth the food and time. Good for vegetarians as well. All super local food - based off potato flour and...','5');
INSERT INTO "PHOTO" ("RESTAURANT_ID","PICTURE_URL")VALUES('10261119','https://s3-media4.fl.yelpcdn.com/photo/Ze8Sp7trpRdqXB7na48rPQ/o.jpg');
INSERT INTO "USER_REVIEW" ("RESTAURANT_ID","REVIEW_DATE","COMMENT","REVIEW_RATING")VALUES('10261119','2016-03-17 10:15:52','This place is an experience.

The restaurant is typical Berlin, and a homage to the creative spirt of kreuzberg/Neukolln district; rough, edgy interior but...','5');
INSERT INTO "PHOTO" ("RESTAURANT_ID","PICTURE_URL")VALUES('10261119','https://s3-media2.fl.yelpcdn.com/photo/slss8X-1SAmVPEA25U7bfw/o.jpg');
INSERT INTO "USER_REVIEW" ("RESTAURANT_ID","REVIEW_DATE","COMMENT","REVIEW_RATING")VALUES('10261119','2017-03-12 10:49:17','Best knodel ever!!!!!!!! It was really moist and flavorful. The salad served with the knodel had the perfect balance of acidity and since the food wasnt too...','5');
INSERT INTO "LOCATION" ("LOCATION_ID","LOCATION_TYPE","ADDRESS","LONGITUDE","LATITUDE")VALUES('224','R','Eberswalder Str. 3310437 BerlinGermany','13.40957','52.54142');
INSERT INTO "RESTAURANT" ("RESTAURANT_ID","PRICERANGE","PHONE_NUMBER","WEBSITE")VALUES('93101385','€€','+49 30 44037111','cottoecrudo.de');
INSERT INTO "CUISINE" ("RESTAURANT_ID","CUISINE_TYPE")VALUES('93101385','Italian');
INSERT INTO "RESTAURANT_RATING" ("RESTAURANT_ID","SCALE","OVERALL_RATING","SOURCE")VALUES('93101385','5','4.5','Yelp');
INSERT INTO "RESTAURANT_FEATURE" ("RESTAURANT_ID","FEATURE_NAME","DESCRIPTION")VALUES('93101385','Takes Reservations','Yes');
INSERT INTO "RESTAURANT_FEATURE" ("RESTAURANT_ID","FEATURE_NAME","DESCRIPTION")VALUES('93101385','Delivery','No');
INSERT INTO "RESTAURANT_FEATURE" ("RESTAURANT_ID","FEATURE_NAME","DESCRIPTION")VALUES('93101385','Take-out','Yes');
INSERT INTO "RESTAURANT_FEATURE" ("RESTAURANT_ID","FEATURE_NAME","DESCRIPTION")VALUES('93101385','Parking','Street');
INSERT INTO "RESTAURANT_FEATURE" ("RESTAURANT_ID","FEATURE_NAME","DESCRIPTION")VALUES('93101385','Good for Kids','Yes');
INSERT INTO "RESTAURANT_FEATURE" ("RESTAURANT_ID","FEATURE_NAME","DESCRIPTION")VALUES('93101385','Good for Groups','Yes');
INSERT INTO "RESTAURANT_FEATURE" ("RESTAURANT_ID","FEATURE_NAME","DESCRIPTION")VALUES('93101385','Attire','Casual');
INSERT INTO "RESTAURANT_FEATURE" ("RESTAURANT_ID","FEATURE_NAME","DESCRIPTION")VALUES('93101385','Ambience','Casual');
INSERT INTO "RESTAURANT_FEATURE" ("RESTAURANT_ID","FEATURE_NAME","DESCRIPTION")VALUES('93101385','Noise Level','Average');
INSERT INTO "RESTAURANT_FEATURE" ("RESTAURANT_ID","FEATURE_NAME","DESCRIPTION")VALUES('93101385','Alcohol','Full Bar');
INSERT INTO "RESTAURANT_FEATURE" ("RESTAURANT_ID","FEATURE_NAME","DESCRIPTION")VALUES('93101385','Outdoor Seating','Yes');
INSERT INTO "RESTAURANT_FEATURE" ("RESTAURANT_ID","FEATURE_NAME","DESCRIPTION")VALUES('93101385','Wi-Fi','No');
INSERT INTO "RESTAURANT_FEATURE" ("RESTAURANT_ID","FEATURE_NAME","DESCRIPTION")VALUES('93101385','Has TV','No');
INSERT INTO "RESTAURANT_FEATURE" ("RESTAURANT_ID","FEATURE_NAME","DESCRIPTION")VALUES('93101385','Caters','Yes');
INSERT INTO "OPENING_HOUR" ("DAY","RESTAURANT_ID","OPENING_TIME","CLOSING_TIME")VALUES('Mon','93101385','12:00 pm','12:00 am');
INSERT INTO "OPENING_HOUR" ("DAY","RESTAURANT_ID","OPENING_TIME","CLOSING_TIME")VALUES('Tue','93101385','12:00 pm','12:00 am');
INSERT INTO "OPENING_HOUR" ("DAY","RESTAURANT_ID","OPENING_TIME","CLOSING_TIME")VALUES('Wed','93101385','12:00 pm','12:00 am');
INSERT INTO "OPENING_HOUR" ("DAY","RESTAURANT_ID","OPENING_TIME","CLOSING_TIME")VALUES('Thu','93101385','12:00 pm','12:00 am');
INSERT INTO "OPENING_HOUR" ("DAY","RESTAURANT_ID","OPENING_TIME","CLOSING_TIME")VALUES('Fri','93101385','12:00 pm','12:00 am');
INSERT INTO "OPENING_HOUR" ("DAY","RESTAURANT_ID","OPENING_TIME","CLOSING_TIME")VALUES('Sat','93101385','Open now','10:00 pm');
INSERT INTO "USER_REVIEW" ("RESTAURANT_ID","REVIEW_DATE","COMMENT","REVIEW_RATING")VALUES('93101385','2015-09-06 01:21:09','Great and huge pizzas and other italian food.
Very cheap and kind service.
Nice place to sit in. :)','5');
INSERT INTO "PHOTO" ("RESTAURANT_ID","PICTURE_URL")VALUES('93101385','https://s3-media4.fl.yelpcdn.com/photo/wTR1dxswAwt-ruPqyDYhpA/o.jpg');
INSERT INTO "USER_REVIEW" ("RESTAURANT_ID","REVIEW_DATE","COMMENT","REVIEW_RATING")VALUES('93101385','2016-08-20 13:05:23','I was really hungry and not in the mood for Pasta or Pizza, so I actually ordered a Pollo a la Gorgonzola.
The dish was well prepared and tasted good and...','4');
INSERT INTO "PHOTO" ("RESTAURANT_ID","PICTURE_URL")VALUES('93101385','https://s3-media1.fl.yelpcdn.com/photo/QeIjla-35WIOz9op35iIEA/o.jpg');
INSERT INTO "USER_REVIEW" ("RESTAURANT_ID","REVIEW_DATE","COMMENT","REVIEW_RATING")VALUES('93101385','2016-12-31 14:12:44','We were here on new years eve - I was surprised, you hardly expect this on an evening like that - the food was excellent, we tested various dishes like...','5');
INSERT INTO "LOCATION" ("LOCATION_ID","LOCATION_TYPE","ADDRESS","LONGITUDE","LATITUDE")VALUES('225','R','Uhlandstr. 410623 BerlinGermany','13.3257','52.5074');
INSERT INTO "RESTAURANT" ("RESTAURANT_ID","PRICERANGE","PHONE_NUMBER","WEBSITE")VALUES('10949901','€€','+49 30 3124046','ristorante-latino.de');
INSERT INTO "CUISINE" ("RESTAURANT_ID","CUISINE_TYPE")VALUES('10949901','Italian');
INSERT INTO "RESTAURANT_RATING" ("RESTAURANT_ID","SCALE","OVERALL_RATING","SOURCE")VALUES('10949901','5','4.5','Yelp');
INSERT INTO "RESTAURANT_FEATURE" ("RESTAURANT_ID","FEATURE_NAME","DESCRIPTION")VALUES('10949901','Takes Reservations','Yes');
INSERT INTO "RESTAURANT_FEATURE" ("RESTAURANT_ID","FEATURE_NAME","DESCRIPTION")VALUES('10949901','Delivery','No');
INSERT INTO "RESTAURANT_FEATURE" ("RESTAURANT_ID","FEATURE_NAME","DESCRIPTION")VALUES('10949901','Take-out','Yes');
INSERT INTO "RESTAURANT_FEATURE" ("RESTAURANT_ID","FEATURE_NAME","DESCRIPTION")VALUES('10949901','Accepted Cards','Credit, Debit');
INSERT INTO "RESTAURANT_FEATURE" ("RESTAURANT_ID","FEATURE_NAME","DESCRIPTION")VALUES('10949901','Good for Kids','Yes');
INSERT INTO "RESTAURANT_FEATURE" ("RESTAURANT_ID","FEATURE_NAME","DESCRIPTION")VALUES('10949901','Good for Groups','Yes');
INSERT INTO "RESTAURANT_FEATURE" ("RESTAURANT_ID","FEATURE_NAME","DESCRIPTION")VALUES('10949901','Attire','Casual');
INSERT INTO "RESTAURANT_FEATURE" ("RESTAURANT_ID","FEATURE_NAME","DESCRIPTION")VALUES('10949901','Noise Level','Average');
INSERT INTO "RESTAURANT_FEATURE" ("RESTAURANT_ID","FEATURE_NAME","DESCRIPTION")VALUES('10949901','Alcohol','Beer & Wine Only');
INSERT INTO "RESTAURANT_FEATURE" ("RESTAURANT_ID","FEATURE_NAME","DESCRIPTION")VALUES('10949901','Outdoor Seating','Yes');
INSERT INTO "RESTAURANT_FEATURE" ("RESTAURANT_ID","FEATURE_NAME","DESCRIPTION")VALUES('10949901','Has TV','No');
INSERT INTO "OPENING_HOUR" ("DAY","RESTAURANT_ID","OPENING_TIME","CLOSING_TIME")VALUES('Mon','10949901','11:00 am','1:00 am');
INSERT INTO "OPENING_HOUR" ("DAY","RESTAURANT_ID","OPENING_TIME","CLOSING_TIME")VALUES('Tue','10949901','11:00 am','1:00 am');
INSERT INTO "OPENING_HOUR" ("DAY","RESTAURANT_ID","OPENING_TIME","CLOSING_TIME")VALUES('Wed','10949901','11:00 am','1:00 am');
INSERT INTO "OPENING_HOUR" ("DAY","RESTAURANT_ID","OPENING_TIME","CLOSING_TIME")VALUES('Thu','10949901','11:00 am','1:00 am');
INSERT INTO "OPENING_HOUR" ("DAY","RESTAURANT_ID","OPENING_TIME","CLOSING_TIME")VALUES('Fri','10949901','11:00 am','1:00 am');
INSERT INTO "OPENING_HOUR" ("DAY","RESTAURANT_ID","OPENING_TIME","CLOSING_TIME")VALUES('Sat','10949901','3:30 pm','1:00 am');
INSERT INTO "OPENING_HOUR" ("DAY","RESTAURANT_ID","OPENING_TIME","CLOSING_TIME")VALUES('Sun','10949901','Open now','1:00 am');
INSERT INTO "USER_REVIEW" ("RESTAURANT_ID","REVIEW_DATE","COMMENT","REVIEW_RATING")VALUES('10949901','2017-07-20 14:12:37','Delicious food, friendly staff, clean restaurant. 

I was on Kurfürstendamm when I decided to start looking for food. While this place is not extremely...','5');
INSERT INTO "PHOTO" ("RESTAURANT_ID","PICTURE_URL")VALUES('10949901','https://s3-media2.fl.yelpcdn.com/photo/vK1EFmjXI7gcA5BOfAk4Pw/o.jpg');
INSERT INTO "USER_REVIEW" ("RESTAURANT_ID","REVIEW_DATE","COMMENT","REVIEW_RATING")VALUES('10949901','2017-01-22 03:55:55','This place is way below average. The Vitello Tonato tasted too ''mayonnaise-y-like''; if you''ve had a good one before, this one tastes cheap. The Lasagña was...','2');
INSERT INTO "PHOTO" ("RESTAURANT_ID","PICTURE_URL")VALUES('10949901','https://s3-media2.fl.yelpcdn.com/photo/lCm9Y9C-XLvvjVuC4chu-w/o.jpg');
INSERT INTO "USER_REVIEW" ("RESTAURANT_ID","REVIEW_DATE","COMMENT","REVIEW_RATING")VALUES('10949901','2015-10-18 13:24:11','Very very very Tasty!!!
Not expensive
Cozy
Friendly
A bit smelly since the kitchen is open but that makes the ambient feel more home-y!
Was there for my...','5');
INSERT INTO "PHOTO" ("RESTAURANT_ID","PICTURE_URL")VALUES('10949901','https://s3-media2.fl.yelpcdn.com/photo/PhjEO6DMdn151cSS2Oz1Rw/o.jpg');
INSERT INTO "LOCATION" ("LOCATION_ID","LOCATION_TYPE","ADDRESS","LONGITUDE","LATITUDE")VALUES('226','R','Str. der Pariser Kommune 18 b10243 BerlinGermany','13.4381','52.5111');
INSERT INTO "RESTAURANT" ("RESTAURANT_ID","PRICERANGE","PHONE_NUMBER","WEBSITE")VALUES('25354774','€€','+49 30 20687549','volkskammer.de');
INSERT INTO "CUISINE" ("RESTAURANT_ID","CUISINE_TYPE")VALUES('25354774','German');
INSERT INTO "RESTAURANT_RATING" ("RESTAURANT_ID","SCALE","OVERALL_RATING","SOURCE")VALUES('25354774','5','4.0','Yelp');
INSERT INTO "RESTAURANT_FEATURE" ("RESTAURANT_ID","FEATURE_NAME","DESCRIPTION")VALUES('25354774','Takes Reservations','Yes');
INSERT INTO "RESTAURANT_FEATURE" ("RESTAURANT_ID","FEATURE_NAME","DESCRIPTION")VALUES('25354774','Delivery','No');
INSERT INTO "RESTAURANT_FEATURE" ("RESTAURANT_ID","FEATURE_NAME","DESCRIPTION")VALUES('25354774','Take-out','Yes');
INSERT INTO "RESTAURANT_FEATURE" ("RESTAURANT_ID","FEATURE_NAME","DESCRIPTION")VALUES('25354774','Accepted Cards','Credit, Debit');
INSERT INTO "RESTAURANT_FEATURE" ("RESTAURANT_ID","FEATURE_NAME","DESCRIPTION")VALUES('25354774','Accepts Bitcoin','No');
INSERT INTO "RESTAURANT_FEATURE" ("RESTAURANT_ID","FEATURE_NAME","DESCRIPTION")VALUES('25354774','Parking','Street');
INSERT INTO "RESTAURANT_FEATURE" ("RESTAURANT_ID","FEATURE_NAME","DESCRIPTION")VALUES('25354774','Good for Kids','Yes');
INSERT INTO "RESTAURANT_FEATURE" ("RESTAURANT_ID","FEATURE_NAME","DESCRIPTION")VALUES('25354774','Good for Groups','Yes');
INSERT INTO "RESTAURANT_FEATURE" ("RESTAURANT_ID","FEATURE_NAME","DESCRIPTION")VALUES('25354774','Attire','Casual');
INSERT INTO "RESTAURANT_FEATURE" ("RESTAURANT_ID","FEATURE_NAME","DESCRIPTION")VALUES('25354774','Ambience','Casual');
INSERT INTO "RESTAURANT_FEATURE" ("RESTAURANT_ID","FEATURE_NAME","DESCRIPTION")VALUES('25354774','Noise Level','Quiet');
INSERT INTO "RESTAURANT_FEATURE" ("RESTAURANT_ID","FEATURE_NAME","DESCRIPTION")VALUES('25354774','Alcohol','Full Bar');
INSERT INTO "RESTAURANT_FEATURE" ("RESTAURANT_ID","FEATURE_NAME","DESCRIPTION")VALUES('25354774','Outdoor Seating','Yes');
INSERT INTO "RESTAURANT_FEATURE" ("RESTAURANT_ID","FEATURE_NAME","DESCRIPTION")VALUES('25354774','Wi-Fi','Free');
INSERT INTO "RESTAURANT_FEATURE" ("RESTAURANT_ID","FEATURE_NAME","DESCRIPTION")VALUES('25354774','Has TV','No');
INSERT INTO "RESTAURANT_FEATURE" ("RESTAURANT_ID","FEATURE_NAME","DESCRIPTION")VALUES('25354774','Caters','Yes');
INSERT INTO "OPENING_HOUR" ("DAY","RESTAURANT_ID","OPENING_TIME","CLOSING_TIME")VALUES('Mon','25354774','11:00 am','10:00 pm');
INSERT INTO "OPENING_HOUR" ("DAY","RESTAURANT_ID","OPENING_TIME","CLOSING_TIME")VALUES('Tue','25354774','11:00 am','10:00 pm');
INSERT INTO "OPENING_HOUR" ("DAY","RESTAURANT_ID","OPENING_TIME","CLOSING_TIME")VALUES('Wed','25354774','11:00 am','10:00 pm');
INSERT INTO "OPENING_HOUR" ("DAY","RESTAURANT_ID","OPENING_TIME","CLOSING_TIME")VALUES('Thu','25354774','11:00 am','10:00 pm');
INSERT INTO "OPENING_HOUR" ("DAY","RESTAURANT_ID","OPENING_TIME","CLOSING_TIME")VALUES('Fri','25354774','11:00 am','10:00 pm');
INSERT INTO "OPENING_HOUR" ("DAY","RESTAURANT_ID","OPENING_TIME","CLOSING_TIME")VALUES('Sat','25354774','11:00 am','10:00 pm');
INSERT INTO "OPENING_HOUR" ("DAY","RESTAURANT_ID","OPENING_TIME","CLOSING_TIME")VALUES('Sun','25354774','Open now','6:00 pm');
INSERT INTO "USER_REVIEW" ("RESTAURANT_ID","REVIEW_DATE","COMMENT","REVIEW_RATING")VALUES('25354774','2017-07-14 05:37:59','Fantastic service and amazing food. We had the fried chicken, it''s was incredibly moist and tasty. We also had the hunters schnitzel and pork liver all...','5');
INSERT INTO "PHOTO" ("RESTAURANT_ID","PICTURE_URL")VALUES('25354774','https://s3-media1.fl.yelpcdn.com/photo/I0wcNx_Ir2Q0yoXgyRgnjw/o.jpg');
INSERT INTO "USER_REVIEW" ("RESTAURANT_ID","REVIEW_DATE","COMMENT","REVIEW_RATING")VALUES('25354774','2016-06-23 02:04:23','Most importantly the food is amazing. Every detail of the decor is from the days of the DDR without being gimmicky whatsoever. I go here a lot and have, in...','5');
INSERT INTO "LOCATION" ("LOCATION_ID","LOCATION_TYPE","ADDRESS","LONGITUDE","LATITUDE")VALUES('227','R','Danziger Str. 1310435 BerlinGermany','13.415258','52.540815');
INSERT INTO "RESTAURANT" ("RESTAURANT_ID","PRICERANGE","PHONE_NUMBER","WEBSITE")VALUES('61181471','€','+49 30 44045800','None');
INSERT INTO "CUISINE" ("RESTAURANT_ID","CUISINE_TYPE")VALUES('61181471','Chinese');
INSERT INTO "CUISINE" ("RESTAURANT_ID","CUISINE_TYPE")VALUES('61181471','Indonesian');
INSERT INTO "CUISINE" ("RESTAURANT_ID","CUISINE_TYPE")VALUES('61181471','Pan Asian');
INSERT INTO "RESTAURANT_RATING" ("RESTAURANT_ID","SCALE","OVERALL_RATING","SOURCE")VALUES('61181471','5','4.5','Yelp');
INSERT INTO "RESTAURANT_FEATURE" ("RESTAURANT_ID","FEATURE_NAME","DESCRIPTION")VALUES('61181471','Takes Reservations','Yes');
INSERT INTO "RESTAURANT_FEATURE" ("RESTAURANT_ID","FEATURE_NAME","DESCRIPTION")VALUES('61181471','Delivery','No');
INSERT INTO "RESTAURANT_FEATURE" ("RESTAURANT_ID","FEATURE_NAME","DESCRIPTION")VALUES('61181471','Take-out','Yes');
INSERT INTO "RESTAURANT_FEATURE" ("RESTAURANT_ID","FEATURE_NAME","DESCRIPTION")VALUES('61181471','Parking','Street');
INSERT INTO "RESTAURANT_FEATURE" ("RESTAURANT_ID","FEATURE_NAME","DESCRIPTION")VALUES('61181471','Good for Kids','Yes');
INSERT INTO "RESTAURANT_FEATURE" ("RESTAURANT_ID","FEATURE_NAME","DESCRIPTION")VALUES('61181471','Good for Groups','Yes');
INSERT INTO "RESTAURANT_FEATURE" ("RESTAURANT_ID","FEATURE_NAME","DESCRIPTION")VALUES('61181471','Attire','Casual');
INSERT INTO "RESTAURANT_FEATURE" ("RESTAURANT_ID","FEATURE_NAME","DESCRIPTION")VALUES('61181471','Ambience','Casual');
INSERT INTO "RESTAURANT_FEATURE" ("RESTAURANT_ID","FEATURE_NAME","DESCRIPTION")VALUES('61181471','Noise Level','Quiet');
INSERT INTO "RESTAURANT_FEATURE" ("RESTAURANT_ID","FEATURE_NAME","DESCRIPTION")VALUES('61181471','Alcohol','Full Bar');
INSERT INTO "RESTAURANT_FEATURE" ("RESTAURANT_ID","FEATURE_NAME","DESCRIPTION")VALUES('61181471','Outdoor Seating','Yes');
INSERT INTO "RESTAURANT_FEATURE" ("RESTAURANT_ID","FEATURE_NAME","DESCRIPTION")VALUES('61181471','Wi-Fi','No');
INSERT INTO "RESTAURANT_FEATURE" ("RESTAURANT_ID","FEATURE_NAME","DESCRIPTION")VALUES('61181471','Has TV','No');
INSERT INTO "RESTAURANT_FEATURE" ("RESTAURANT_ID","FEATURE_NAME","DESCRIPTION")VALUES('61181471','Caters','Yes');
INSERT INTO "OPENING_HOUR" ("DAY","RESTAURANT_ID","OPENING_TIME","CLOSING_TIME")VALUES('Mon','61181471','5:00 pm','11:00 pm');
INSERT INTO "OPENING_HOUR" ("DAY","RESTAURANT_ID","OPENING_TIME","CLOSING_TIME")VALUES('Tue','61181471','5:00 pm','11:00 pm');
INSERT INTO "OPENING_HOUR" ("DAY","RESTAURANT_ID","OPENING_TIME","CLOSING_TIME")VALUES('Wed','61181471','5:00 pm','11:00 pm');
INSERT INTO "OPENING_HOUR" ("DAY","RESTAURANT_ID","OPENING_TIME","CLOSING_TIME")VALUES('Thu','61181471','5:00 pm','11:00 pm');
INSERT INTO "OPENING_HOUR" ("DAY","RESTAURANT_ID","OPENING_TIME","CLOSING_TIME")VALUES('Fri','61181471','5:00 pm','11:00 pm');
INSERT INTO "OPENING_HOUR" ("DAY","RESTAURANT_ID","OPENING_TIME","CLOSING_TIME")VALUES('Sat','61181471','2:00 pm','11:00 pm');
INSERT INTO "OPENING_HOUR" ("DAY","RESTAURANT_ID","OPENING_TIME","CLOSING_TIME")VALUES('Sun','61181471','Open now','11:00 pm');
INSERT INTO "USER_REVIEW" ("RESTAURANT_ID","REVIEW_DATE","COMMENT","REVIEW_RATING")VALUES('61181471','2017-02-04 06:20:21','Nothing was tasty. The lime chicken was inedible; the meat felt like it''s been boiled dry. The gado gado wasn''t a gado gado; there was frozen boiled carrots...','2');
INSERT INTO "PHOTO" ("RESTAURANT_ID","PICTURE_URL")VALUES('61181471','https://s3-media3.fl.yelpcdn.com/photo/5v_xFBd0FVqyYWvpu5CuxQ/o.jpg');
INSERT INTO "USER_REVIEW" ("RESTAURANT_ID","REVIEW_DATE","COMMENT","REVIEW_RATING")VALUES('61181471','2015-07-30 22:23:30','Such a pleasant surprise last sunday dinner

I honestly didn''t have so many expectations looking at the price of the food which is relative cheap, but the...','4');
INSERT INTO "PHOTO" ("RESTAURANT_ID","PICTURE_URL")VALUES('61181471','https://s3-media4.fl.yelpcdn.com/photo/oIPsT4O_7ev0vIZLmeqtRw/o.jpg');
INSERT INTO "USER_REVIEW" ("RESTAURANT_ID","REVIEW_DATE","COMMENT","REVIEW_RATING")VALUES('61181471','2017-08-10 14:27:55','This place used to be so good. Now the service is very poor, and the dishes bad quality. I used to come here all the time, but now I find there are much...','2');
INSERT INTO "RESTAURANT_RATING" ("RESTAURANT_ID","SCALE","OVERALL_RATING","SOURCE")VALUES('61181471','5','4.4','Google Map');
INSERT INTO "USER_REVIEW" ("RESTAURANT_ID","REVIEW_DATE","COMMENT","REVIEW_RATING")VALUES('61181471','2018-01-04','Good food. Good prices, but smelled like wall colours the last time I''ve been there. Maybe they recently have renovated the restaurant.','4');
INSERT INTO "USER_REVIEW" ("RESTAURANT_ID","REVIEW_DATE","COMMENT","REVIEW_RATING")VALUES('61181471','2018-01-02','Lovely Indonesian food, cordial service and fair prices. Definitely worth going.','5');
INSERT INTO "USER_REVIEW" ("RESTAURANT_ID","REVIEW_DATE","COMMENT","REVIEW_RATING")VALUES('61181471','2017-12-19','Food was super good! Service was good overall good!','5');
INSERT INTO "USER_REVIEW" ("RESTAURANT_ID","REVIEW_DATE","COMMENT","REVIEW_RATING")VALUES('61181471','2018-01-08','Great Meals and all very cheap','5');
INSERT INTO "USER_REVIEW" ("RESTAURANT_ID","REVIEW_DATE","COMMENT","REVIEW_RATING")VALUES('61181471','2017-08-07','Probably one of the best asian food restaurants in Berlin! Very tasty food and the best service!','5');
INSERT INTO "LOCATION" ("LOCATION_ID","LOCATION_TYPE","ADDRESS","LONGITUDE","LATITUDE")VALUES('228','R','Köpenicker Landstr. 23812437 BerlinGermany','13.49013','52.46951');
INSERT INTO "RESTAURANT" ("RESTAURANT_ID","PRICERANGE","PHONE_NUMBER","WEBSITE")VALUES('22947458','€€','+49 30 5329866','None');
INSERT INTO "CUISINE" ("RESTAURANT_ID","CUISINE_TYPE")VALUES('22947458','Chinese');
INSERT INTO "RESTAURANT_RATING" ("RESTAURANT_ID","SCALE","OVERALL_RATING","SOURCE")VALUES('22947458','5','4.5','Yelp');
INSERT INTO "RESTAURANT_FEATURE" ("RESTAURANT_ID","FEATURE_NAME","DESCRIPTION")VALUES('22947458','Takes Reservations','Yes');
INSERT INTO "RESTAURANT_FEATURE" ("RESTAURANT_ID","FEATURE_NAME","DESCRIPTION")VALUES('22947458','Delivery','Yes');
INSERT INTO "RESTAURANT_FEATURE" ("RESTAURANT_ID","FEATURE_NAME","DESCRIPTION")VALUES('22947458','Take-out','Yes');
INSERT INTO "RESTAURANT_FEATURE" ("RESTAURANT_ID","FEATURE_NAME","DESCRIPTION")VALUES('22947458','Good for Kids','Yes');
INSERT INTO "RESTAURANT_FEATURE" ("RESTAURANT_ID","FEATURE_NAME","DESCRIPTION")VALUES('22947458','Good for Groups','Yes');
INSERT INTO "RESTAURANT_FEATURE" ("RESTAURANT_ID","FEATURE_NAME","DESCRIPTION")VALUES('22947458','Attire','Casual');
INSERT INTO "RESTAURANT_FEATURE" ("RESTAURANT_ID","FEATURE_NAME","DESCRIPTION")VALUES('22947458','Noise Level','Average');
INSERT INTO "RESTAURANT_FEATURE" ("RESTAURANT_ID","FEATURE_NAME","DESCRIPTION")VALUES('22947458','Alcohol','Beer & Wine Only');
INSERT INTO "RESTAURANT_FEATURE" ("RESTAURANT_ID","FEATURE_NAME","DESCRIPTION")VALUES('22947458','Outdoor Seating','Yes');
INSERT INTO "RESTAURANT_FEATURE" ("RESTAURANT_ID","FEATURE_NAME","DESCRIPTION")VALUES('22947458','Wi-Fi','No');
INSERT INTO "RESTAURANT_FEATURE" ("RESTAURANT_ID","FEATURE_NAME","DESCRIPTION")VALUES('22947458','Has TV','No');
INSERT INTO "OPENING_HOUR" ("DAY","RESTAURANT_ID","OPENING_TIME","CLOSING_TIME")VALUES('Mon','22947458','11:30 am','10:00 pm');
INSERT INTO "OPENING_HOUR" ("DAY","RESTAURANT_ID","OPENING_TIME","CLOSING_TIME")VALUES('Tue','22947458','11:30 am','10:00 pm');
INSERT INTO "OPENING_HOUR" ("DAY","RESTAURANT_ID","OPENING_TIME","CLOSING_TIME")VALUES('Wed','22947458','11:30 am','10:00 pm');
INSERT INTO "OPENING_HOUR" ("DAY","RESTAURANT_ID","OPENING_TIME","CLOSING_TIME")VALUES('Thu','22947458','11:30 am','11:00 pm');
INSERT INTO "OPENING_HOUR" ("DAY","RESTAURANT_ID","OPENING_TIME","CLOSING_TIME")VALUES('Fri','22947458','11:30 am','10:00 pm');
INSERT INTO "OPENING_HOUR" ("DAY","RESTAURANT_ID","OPENING_TIME","CLOSING_TIME")VALUES('Sat','22947458','Open now','10:00 pm');
INSERT INTO "LOCATION" ("LOCATION_ID","LOCATION_TYPE","ADDRESS","LONGITUDE","LATITUDE")VALUES('229','R','Rosa-Luxemburg-Str. 9 - 1110178 BerlinGermany','13.4095303','52.5241424');
INSERT INTO "RESTAURANT" ("RESTAURANT_ID","PRICERANGE","PHONE_NUMBER","WEBSITE")VALUES('34111371','€€','+49 30 70093967','prince-berlin.com');
INSERT INTO "CUISINE" ("RESTAURANT_ID","CUISINE_TYPE")VALUES('34111371','Cocktail Bars');
INSERT INTO "CUISINE" ("RESTAURANT_ID","CUISINE_TYPE")VALUES('34111371','Pan Asian');
INSERT INTO "RESTAURANT_RATING" ("RESTAURANT_ID","SCALE","OVERALL_RATING","SOURCE")VALUES('34111371','5','4.0','Yelp');
INSERT INTO "RESTAURANT_FEATURE" ("RESTAURANT_ID","FEATURE_NAME","DESCRIPTION")VALUES('34111371','Takes Reservations','Yes');
INSERT INTO "RESTAURANT_FEATURE" ("RESTAURANT_ID","FEATURE_NAME","DESCRIPTION")VALUES('34111371','Delivery','No');
INSERT INTO "RESTAURANT_FEATURE" ("RESTAURANT_ID","FEATURE_NAME","DESCRIPTION")VALUES('34111371','Take-out','Yes');
INSERT INTO "RESTAURANT_FEATURE" ("RESTAURANT_ID","FEATURE_NAME","DESCRIPTION")VALUES('34111371','Accepted Cards','Credit, Debit');
INSERT INTO "RESTAURANT_FEATURE" ("RESTAURANT_ID","FEATURE_NAME","DESCRIPTION")VALUES('34111371','Good for Kids','No');
INSERT INTO "RESTAURANT_FEATURE" ("RESTAURANT_ID","FEATURE_NAME","DESCRIPTION")VALUES('34111371','Good for Groups','Yes');
INSERT INTO "RESTAURANT_FEATURE" ("RESTAURANT_ID","FEATURE_NAME","DESCRIPTION")VALUES('34111371','Attire','Casual');
INSERT INTO "RESTAURANT_FEATURE" ("RESTAURANT_ID","FEATURE_NAME","DESCRIPTION")VALUES('34111371','Ambience','Hipster');
INSERT INTO "RESTAURANT_FEATURE" ("RESTAURANT_ID","FEATURE_NAME","DESCRIPTION")VALUES('34111371','Noise Level','Average');
INSERT INTO "RESTAURANT_FEATURE" ("RESTAURANT_ID","FEATURE_NAME","DESCRIPTION")VALUES('34111371','Good For Dancing','No');
INSERT INTO "RESTAURANT_FEATURE" ("RESTAURANT_ID","FEATURE_NAME","DESCRIPTION")VALUES('34111371','Alcohol','Full Bar');
INSERT INTO "RESTAURANT_FEATURE" ("RESTAURANT_ID","FEATURE_NAME","DESCRIPTION")VALUES('34111371','Happy Hour','Yes');
INSERT INTO "RESTAURANT_FEATURE" ("RESTAURANT_ID","FEATURE_NAME","DESCRIPTION")VALUES('34111371','Coat Check','Yes');
INSERT INTO "RESTAURANT_FEATURE" ("RESTAURANT_ID","FEATURE_NAME","DESCRIPTION")VALUES('34111371','Smoking','No');
INSERT INTO "RESTAURANT_FEATURE" ("RESTAURANT_ID","FEATURE_NAME","DESCRIPTION")VALUES('34111371','Outdoor Seating','Yes');
INSERT INTO "RESTAURANT_FEATURE" ("RESTAURANT_ID","FEATURE_NAME","DESCRIPTION")VALUES('34111371','Wi-Fi','No');
INSERT INTO "RESTAURANT_FEATURE" ("RESTAURANT_ID","FEATURE_NAME","DESCRIPTION")VALUES('34111371','Has TV','No');
INSERT INTO "RESTAURANT_FEATURE" ("RESTAURANT_ID","FEATURE_NAME","DESCRIPTION")VALUES('34111371','Waiter Service','Yes');
INSERT INTO "RESTAURANT_FEATURE" ("RESTAURANT_ID","FEATURE_NAME","DESCRIPTION")VALUES('34111371','Caters','No');
INSERT INTO "OPENING_HOUR" ("DAY","RESTAURANT_ID","OPENING_TIME","CLOSING_TIME")VALUES('Mon','34111371','7:00 am','12:00 am');
INSERT INTO "OPENING_HOUR" ("DAY","RESTAURANT_ID","OPENING_TIME","CLOSING_TIME")VALUES('Tue','34111371','7:00 am','12:00 am');
INSERT INTO "OPENING_HOUR" ("DAY","RESTAURANT_ID","OPENING_TIME","CLOSING_TIME")VALUES('Wed','34111371','7:00 am','12:00 am');
INSERT INTO "OPENING_HOUR" ("DAY","RESTAURANT_ID","OPENING_TIME","CLOSING_TIME")VALUES('Thu','34111371','7:00 am','12:00 am');
INSERT INTO "OPENING_HOUR" ("DAY","RESTAURANT_ID","OPENING_TIME","CLOSING_TIME")VALUES('Fri','34111371','7:00 am','12:00 am');
INSERT INTO "OPENING_HOUR" ("DAY","RESTAURANT_ID","OPENING_TIME","CLOSING_TIME")VALUES('Sat','34111371','7:00 am','12:00 am');
INSERT INTO "OPENING_HOUR" ("DAY","RESTAURANT_ID","OPENING_TIME","CLOSING_TIME")VALUES('Sun','34111371','Open now','12:00 am');
INSERT INTO "USER_REVIEW" ("RESTAURANT_ID","REVIEW_DATE","COMMENT","REVIEW_RATING")VALUES('34111371','2016-06-15 13:09:57','I walked past this place a few time before and it looked really tempting and finally I got a chance to check it out.

For people with little patience - here...','5');
INSERT INTO "PHOTO" ("RESTAURANT_ID","PICTURE_URL")VALUES('34111371','https://s3-media2.fl.yelpcdn.com/photo/0sz0PfgH1WWMqoPyQORlBQ/o.jpg');
INSERT INTO "USER_REVIEW" ("RESTAURANT_ID","REVIEW_DATE","COMMENT","REVIEW_RATING")VALUES('34111371','2018-01-13 07:26:44','Location is super nice and the stuff is friendly. The restaurant was quite crowed, therefore we had to wait for the waiters for some time. The food was...','3');
INSERT INTO "USER_REVIEW" ("RESTAURANT_ID","REVIEW_DATE","COMMENT","REVIEW_RATING")VALUES('34111371','2016-07-21 17:39:27','This place is NOT 24/7. Literally outside of it right now and it''s VERY MUCH CLOSED. Just walked all the way here after a 5h drive to Berlin and it''s...','1');
INSERT INTO "PHOTO" ("RESTAURANT_ID","PICTURE_URL")VALUES('34111371','https://s3-media3.fl.yelpcdn.com/photo/nvIg2PqiLP0u8AHp2vd98w/o.jpg');
INSERT INTO "LOCATION" ("LOCATION_ID","LOCATION_TYPE","ADDRESS","LONGITUDE","LATITUDE")VALUES('230','R','Genthiner Str. 2010785 BerlinGermany','13.35931','52.50399');
INSERT INTO "RESTAURANT" ("RESTAURANT_ID","PRICERANGE","PHONE_NUMBER","WEBSITE")VALUES('44271971','Unknown','+49 30 31518618','red-bar-restaurant.de');
INSERT INTO "CUISINE" ("RESTAURANT_ID","CUISINE_TYPE")VALUES('44271971','French');
INSERT INTO "CUISINE" ("RESTAURANT_ID","CUISINE_TYPE")VALUES('44271971','Modern European');
INSERT INTO "RESTAURANT_RATING" ("RESTAURANT_ID","SCALE","OVERALL_RATING","SOURCE")VALUES('44271971','5','4.0','Yelp');
INSERT INTO "OPENING_HOUR" ("DAY","RESTAURANT_ID","OPENING_TIME","CLOSING_TIME")VALUES('Mon','44271971','11:00 am','12:00 am');
INSERT INTO "OPENING_HOUR" ("DAY","RESTAURANT_ID","OPENING_TIME","CLOSING_TIME")VALUES('Tue','44271971','11:00 am','12:00 am');
INSERT INTO "OPENING_HOUR" ("DAY","RESTAURANT_ID","OPENING_TIME","CLOSING_TIME")VALUES('Wed','44271971','11:00 am','12:00 am');
INSERT INTO "OPENING_HOUR" ("DAY","RESTAURANT_ID","OPENING_TIME","CLOSING_TIME")VALUES('Thu','44271971','11:00 am','12:00 am');
INSERT INTO "OPENING_HOUR" ("DAY","RESTAURANT_ID","OPENING_TIME","CLOSING_TIME")VALUES('Fri','44271971','11:00 am','12:00 am');
INSERT INTO "OPENING_HOUR" ("DAY","RESTAURANT_ID","OPENING_TIME","CLOSING_TIME")VALUES('Sat','44271971','4:00 pm','12:00 am');
INSERT INTO "OPENING_HOUR" ("DAY","RESTAURANT_ID","OPENING_TIME","CLOSING_TIME")VALUES('Sun','44271971','Open now','12:00 am');
INSERT INTO "USER_REVIEW" ("RESTAURANT_ID","REVIEW_DATE","COMMENT","REVIEW_RATING")VALUES('44271971','2017-06-14 11:24:40','White asparagus is the seasonal vegetable and they used it perfectly in a cream of asparagus soup. We also shared a pork schnitzel with steamed white...','4');
INSERT INTO "USER_REVIEW" ("RESTAURANT_ID","REVIEW_DATE","COMMENT","REVIEW_RATING")VALUES('44271971','2015-08-12 05:37:46','Great find on this side of Berlin! There were lots of dishes to choose from and lots of beautiful vegetables. Also not that expensive and the waiters were...','5');
INSERT INTO "LOCATION" ("LOCATION_ID","LOCATION_TYPE","ADDRESS","LONGITUDE","LATITUDE")VALUES('231','R','Tucholskystr. 18/2010117 BerlinGermany','13.39319','52.525181');
INSERT INTO "RESTAURANT" ("RESTAURANT_ID","PRICERANGE","PHONE_NUMBER","WEBSITE")VALUES('86257490','€€','+49 30 27878885','vinoebasilico.com');
INSERT INTO "CUISINE" ("RESTAURANT_ID","CUISINE_TYPE")VALUES('86257490','Italian');
INSERT INTO "CUISINE" ("RESTAURANT_ID","CUISINE_TYPE")VALUES('86257490','Wine Bars');
INSERT INTO "CUISINE" ("RESTAURANT_ID","CUISINE_TYPE")VALUES('86257490','Cafes');
INSERT INTO "RESTAURANT_RATING" ("RESTAURANT_ID","SCALE","OVERALL_RATING","SOURCE")VALUES('86257490','5','4.0','Yelp');
INSERT INTO "RESTAURANT_FEATURE" ("RESTAURANT_ID","FEATURE_NAME","DESCRIPTION")VALUES('86257490','Takes Reservations','Yes');
INSERT INTO "RESTAURANT_FEATURE" ("RESTAURANT_ID","FEATURE_NAME","DESCRIPTION")VALUES('86257490','Delivery','No');
INSERT INTO "RESTAURANT_FEATURE" ("RESTAURANT_ID","FEATURE_NAME","DESCRIPTION")VALUES('86257490','Take-out','Yes');
INSERT INTO "RESTAURANT_FEATURE" ("RESTAURANT_ID","FEATURE_NAME","DESCRIPTION")VALUES('86257490','Accepted Cards','Credit, Debit');
INSERT INTO "RESTAURANT_FEATURE" ("RESTAURANT_ID","FEATURE_NAME","DESCRIPTION")VALUES('86257490','Accepts Bitcoin','No');
INSERT INTO "RESTAURANT_FEATURE" ("RESTAURANT_ID","FEATURE_NAME","DESCRIPTION")VALUES('86257490','Wheelchair Accessible','Yes');
INSERT INTO "RESTAURANT_FEATURE" ("RESTAURANT_ID","FEATURE_NAME","DESCRIPTION")VALUES('86257490','Good for Kids','No');
INSERT INTO "RESTAURANT_FEATURE" ("RESTAURANT_ID","FEATURE_NAME","DESCRIPTION")VALUES('86257490','Good for Groups','Yes');
INSERT INTO "RESTAURANT_FEATURE" ("RESTAURANT_ID","FEATURE_NAME","DESCRIPTION")VALUES('86257490','Attire','Casual');
INSERT INTO "RESTAURANT_FEATURE" ("RESTAURANT_ID","FEATURE_NAME","DESCRIPTION")VALUES('86257490','Noise Level','Average');
INSERT INTO "RESTAURANT_FEATURE" ("RESTAURANT_ID","FEATURE_NAME","DESCRIPTION")VALUES('86257490','Music','Background');
INSERT INTO "RESTAURANT_FEATURE" ("RESTAURANT_ID","FEATURE_NAME","DESCRIPTION")VALUES('86257490','Good For Dancing','No');
INSERT INTO "RESTAURANT_FEATURE" ("RESTAURANT_ID","FEATURE_NAME","DESCRIPTION")VALUES('86257490','Alcohol','Full Bar');
INSERT INTO "RESTAURANT_FEATURE" ("RESTAURANT_ID","FEATURE_NAME","DESCRIPTION")VALUES('86257490','Happy Hour','No');
INSERT INTO "RESTAURANT_FEATURE" ("RESTAURANT_ID","FEATURE_NAME","DESCRIPTION")VALUES('86257490','Coat Check','Yes');
INSERT INTO "RESTAURANT_FEATURE" ("RESTAURANT_ID","FEATURE_NAME","DESCRIPTION")VALUES('86257490','Smoking','No');
INSERT INTO "RESTAURANT_FEATURE" ("RESTAURANT_ID","FEATURE_NAME","DESCRIPTION")VALUES('86257490','Outdoor Seating','Yes');
INSERT INTO "RESTAURANT_FEATURE" ("RESTAURANT_ID","FEATURE_NAME","DESCRIPTION")VALUES('86257490','Wi-Fi','Free');
INSERT INTO "RESTAURANT_FEATURE" ("RESTAURANT_ID","FEATURE_NAME","DESCRIPTION")VALUES('86257490','Has TV','No');
INSERT INTO "RESTAURANT_FEATURE" ("RESTAURANT_ID","FEATURE_NAME","DESCRIPTION")VALUES('86257490','Dogs Allowed','Yes');
INSERT INTO "RESTAURANT_FEATURE" ("RESTAURANT_ID","FEATURE_NAME","DESCRIPTION")VALUES('86257490','Waiter Service','Yes');
INSERT INTO "RESTAURANT_FEATURE" ("RESTAURANT_ID","FEATURE_NAME","DESCRIPTION")VALUES('86257490','Caters','Yes');
INSERT INTO "OPENING_HOUR" ("DAY","RESTAURANT_ID","OPENING_TIME","CLOSING_TIME")VALUES('Mon','86257490','12:00 pm','12:00 am');
INSERT INTO "OPENING_HOUR" ("DAY","RESTAURANT_ID","OPENING_TIME","CLOSING_TIME")VALUES('Tue','86257490','12:00 pm','12:00 am');
INSERT INTO "OPENING_HOUR" ("DAY","RESTAURANT_ID","OPENING_TIME","CLOSING_TIME")VALUES('Wed','86257490','12:00 pm','12:00 am');
INSERT INTO "OPENING_HOUR" ("DAY","RESTAURANT_ID","OPENING_TIME","CLOSING_TIME")VALUES('Thu','86257490','12:00 pm','12:00 am');
INSERT INTO "OPENING_HOUR" ("DAY","RESTAURANT_ID","OPENING_TIME","CLOSING_TIME")VALUES('Fri','86257490','12:00 pm','12:00 am');
INSERT INTO "OPENING_HOUR" ("DAY","RESTAURANT_ID","OPENING_TIME","CLOSING_TIME")VALUES('Sat','86257490','6:00 pm','12:00 am');
INSERT INTO "OPENING_HOUR" ("DAY","RESTAURANT_ID","OPENING_TIME","CLOSING_TIME")VALUES('Sun','86257490','Open now','12:00 am');
INSERT INTO "USER_REVIEW" ("RESTAURANT_ID","REVIEW_DATE","COMMENT","REVIEW_RATING")VALUES('86257490','2017-10-16 13:40:43','This is an open kitchen restaurant and you can watch the cook making home-made ravioli! We had gnocchi - very tasty and authentic. Polite service and not...','5');
INSERT INTO "PHOTO" ("RESTAURANT_ID","PICTURE_URL")VALUES('86257490','https://s3-media3.fl.yelpcdn.com/photo/BrP02tznR_JaTA1u5ZEU4A/o.jpg');
INSERT INTO "USER_REVIEW" ("RESTAURANT_ID","REVIEW_DATE","COMMENT","REVIEW_RATING")VALUES('86257490','2015-12-09 02:19:10','Amazing place with a nice terrace and wonderful Ligurian food. We opted for one of their menu''s amplified with a nice wine (they also sell wine and other...','5');
INSERT INTO "PHOTO" ("RESTAURANT_ID","PICTURE_URL")VALUES('86257490','https://s3-media2.fl.yelpcdn.com/photo/TEUYk2JibeIlwAsMjpzJUQ/o.jpg');
INSERT INTO "USER_REVIEW" ("RESTAURANT_ID","REVIEW_DATE","COMMENT","REVIEW_RATING")VALUES('86257490','2016-10-23 11:15:36','Most amazing homemade pasta, seafood, and cheeses. So fun to watch the chef put all the meals together and then taste all the different combinations....','5');
INSERT INTO "PHOTO" ("RESTAURANT_ID","PICTURE_URL")VALUES('86257490','https://s3-media3.fl.yelpcdn.com/photo/dE-nerCjY32hYZuyD2yIGw/o.jpg');
INSERT INTO "RESTAURANT_RATING" ("RESTAURANT_ID","SCALE","OVERALL_RATING","SOURCE")VALUES('86257490','5','4.4','Google Map');
INSERT INTO "USER_REVIEW" ("RESTAURANT_ID","REVIEW_DATE","COMMENT","REVIEW_RATING")VALUES('86257490','2017-11-11','This place is ok. The guys try hard and it is full of Italians eating and drinking. The food is acceptable. Not the best Italian food I have eaten but certainly not the worst!!','3');
INSERT INTO "USER_REVIEW" ("RESTAURANT_ID","REVIEW_DATE","COMMENT","REVIEW_RATING")VALUES('86257490','2017-10-26','Lovely food. Fully Italians staffed. Very cosy ambience.','5');
INSERT INTO "USER_REVIEW" ("RESTAURANT_ID","REVIEW_DATE","COMMENT","REVIEW_RATING")VALUES('86257490','2017-09-16','Too expensive for food they serve, portions are small. There are much better Italian restaurants nearby','3');
INSERT INTO "USER_REVIEW" ("RESTAURANT_ID","REVIEW_DATE","COMMENT","REVIEW_RATING")VALUES('86257490','2017-09-27','Go there for dinner, nice atmosphere and good food quantity.','4');
INSERT INTO "USER_REVIEW" ("RESTAURANT_ID","REVIEW_DATE","COMMENT","REVIEW_RATING")VALUES('86257490','2017-04-21','I can''t recommend this restaurant highly enough! A fantastic menu with creative dishes full of surprising combos (I will return to try them all!). Friendly staff with a passion for their product. A relaxed atmosphere with great mediterranean vibes. You made our anniversary celebrations very special, a positive experience we shall cherish - well done to all at Vino & Basilico, impressionante!','5');
INSERT INTO "LOCATION" ("LOCATION_ID","LOCATION_TYPE","ADDRESS","LONGITUDE","LATITUDE")VALUES('232','R','Karl-Liebknecht-Str. 510178 BerlinGermany','13.40394','52.5199');
INSERT INTO "RESTAURANT" ("RESTAURANT_ID","PRICERANGE","PHONE_NUMBER","WEBSITE")VALUES('96345099','€€','+49 30 27908580','trattoria-peretti.de');
INSERT INTO "CUISINE" ("RESTAURANT_ID","CUISINE_TYPE")VALUES('96345099','Italian');
INSERT INTO "RESTAURANT_RATING" ("RESTAURANT_ID","SCALE","OVERALL_RATING","SOURCE")VALUES('96345099','5','4.0','Yelp');
INSERT INTO "RESTAURANT_FEATURE" ("RESTAURANT_ID","FEATURE_NAME","DESCRIPTION")VALUES('96345099','Takes Reservations','Yes');
INSERT INTO "RESTAURANT_FEATURE" ("RESTAURANT_ID","FEATURE_NAME","DESCRIPTION")VALUES('96345099','Delivery','Yes');
INSERT INTO "RESTAURANT_FEATURE" ("RESTAURANT_ID","FEATURE_NAME","DESCRIPTION")VALUES('96345099','Take-out','Yes');
INSERT INTO "RESTAURANT_FEATURE" ("RESTAURANT_ID","FEATURE_NAME","DESCRIPTION")VALUES('96345099','Accepted Cards','Credit, Debit');
INSERT INTO "RESTAURANT_FEATURE" ("RESTAURANT_ID","FEATURE_NAME","DESCRIPTION")VALUES('96345099','Good for Kids','Yes');
INSERT INTO "RESTAURANT_FEATURE" ("RESTAURANT_ID","FEATURE_NAME","DESCRIPTION")VALUES('96345099','Good for Groups','Yes');
INSERT INTO "RESTAURANT_FEATURE" ("RESTAURANT_ID","FEATURE_NAME","DESCRIPTION")VALUES('96345099','Attire','Casual');
INSERT INTO "RESTAURANT_FEATURE" ("RESTAURANT_ID","FEATURE_NAME","DESCRIPTION")VALUES('96345099','Ambience','Romantic');
INSERT INTO "RESTAURANT_FEATURE" ("RESTAURANT_ID","FEATURE_NAME","DESCRIPTION")VALUES('96345099','Alcohol','Beer & Wine Only');
INSERT INTO "RESTAURANT_FEATURE" ("RESTAURANT_ID","FEATURE_NAME","DESCRIPTION")VALUES('96345099','Outdoor Seating','Yes');
INSERT INTO "RESTAURANT_FEATURE" ("RESTAURANT_ID","FEATURE_NAME","DESCRIPTION")VALUES('96345099','Wi-Fi','No');
INSERT INTO "RESTAURANT_FEATURE" ("RESTAURANT_ID","FEATURE_NAME","DESCRIPTION")VALUES('96345099','Has TV','No');
INSERT INTO "OPENING_HOUR" ("DAY","RESTAURANT_ID","OPENING_TIME","CLOSING_TIME")VALUES('Mon','96345099','11:30 am','12:00 am');
INSERT INTO "OPENING_HOUR" ("DAY","RESTAURANT_ID","OPENING_TIME","CLOSING_TIME")VALUES('Tue','96345099','11:30 am','12:00 am');
INSERT INTO "OPENING_HOUR" ("DAY","RESTAURANT_ID","OPENING_TIME","CLOSING_TIME")VALUES('Wed','96345099','11:30 am','12:00 am');
INSERT INTO "OPENING_HOUR" ("DAY","RESTAURANT_ID","OPENING_TIME","CLOSING_TIME")VALUES('Thu','96345099','11:30 am','12:00 am');
INSERT INTO "OPENING_HOUR" ("DAY","RESTAURANT_ID","OPENING_TIME","CLOSING_TIME")VALUES('Fri','96345099','11:30 am','12:00 am');
INSERT INTO "OPENING_HOUR" ("DAY","RESTAURANT_ID","OPENING_TIME","CLOSING_TIME")VALUES('Sat','96345099','11:30 am','12:00 am');
INSERT INTO "OPENING_HOUR" ("DAY","RESTAURANT_ID","OPENING_TIME","CLOSING_TIME")VALUES('Sun','96345099','Open now','12:00 am');
INSERT INTO "USER_REVIEW" ("RESTAURANT_ID","REVIEW_DATE","COMMENT","REVIEW_RATING")VALUES('96345099','2016-08-03 15:21:12','These 4 stars I gave need to be considered from the "business point" of view. I think I have never been served two really tasty courses that quickly. Really...','4');
INSERT INTO "PHOTO" ("RESTAURANT_ID","PICTURE_URL")VALUES('96345099','https://s3-media2.fl.yelpcdn.com/photo/0sz0PfgH1WWMqoPyQORlBQ/o.jpg');
INSERT INTO "USER_REVIEW" ("RESTAURANT_ID","REVIEW_DATE","COMMENT","REVIEW_RATING")VALUES('96345099','2015-11-29 12:47:18','Fantastic service and great food! We were welcomed by a polite and pro-active staff that made us feel welcome the second we entered the restaurant. A home...','5');
INSERT INTO "LOCATION" ("LOCATION_ID","LOCATION_TYPE","ADDRESS","LONGITUDE","LATITUDE")VALUES('233','R','Fichtestr. 110967 BerlinGermany','13.412747','52.491215');
INSERT INTO "RESTAURANT" ("RESTAURANT_ID","PRICERANGE","PHONE_NUMBER","WEBSITE")VALUES('64915564','€€','+49 30 69566909','wirtshaus-zum-mitterhofer.de');
INSERT INTO "CUISINE" ("RESTAURANT_ID","CUISINE_TYPE")VALUES('64915564','Austrian');
INSERT INTO "RESTAURANT_RATING" ("RESTAURANT_ID","SCALE","OVERALL_RATING","SOURCE")VALUES('64915564','5','4.5','Yelp');
INSERT INTO "RESTAURANT_FEATURE" ("RESTAURANT_ID","FEATURE_NAME","DESCRIPTION")VALUES('64915564','Takes Reservations','Yes');
INSERT INTO "RESTAURANT_FEATURE" ("RESTAURANT_ID","FEATURE_NAME","DESCRIPTION")VALUES('64915564','Delivery','No');
INSERT INTO "RESTAURANT_FEATURE" ("RESTAURANT_ID","FEATURE_NAME","DESCRIPTION")VALUES('64915564','Take-out','No');
INSERT INTO "RESTAURANT_FEATURE" ("RESTAURANT_ID","FEATURE_NAME","DESCRIPTION")VALUES('64915564','Accepted Cards','Debit');
INSERT INTO "RESTAURANT_FEATURE" ("RESTAURANT_ID","FEATURE_NAME","DESCRIPTION")VALUES('64915564','Good For','Dinner');
INSERT INTO "RESTAURANT_FEATURE" ("RESTAURANT_ID","FEATURE_NAME","DESCRIPTION")VALUES('64915564','Parking','Street');
INSERT INTO "RESTAURANT_FEATURE" ("RESTAURANT_ID","FEATURE_NAME","DESCRIPTION")VALUES('64915564','Good for Kids','Yes');
INSERT INTO "RESTAURANT_FEATURE" ("RESTAURANT_ID","FEATURE_NAME","DESCRIPTION")VALUES('64915564','Good for Groups','Yes');
INSERT INTO "RESTAURANT_FEATURE" ("RESTAURANT_ID","FEATURE_NAME","DESCRIPTION")VALUES('64915564','Attire','Casual');
INSERT INTO "RESTAURANT_FEATURE" ("RESTAURANT_ID","FEATURE_NAME","DESCRIPTION")VALUES('64915564','Ambience','Casual');
INSERT INTO "RESTAURANT_FEATURE" ("RESTAURANT_ID","FEATURE_NAME","DESCRIPTION")VALUES('64915564','Noise Level','Loud');
INSERT INTO "RESTAURANT_FEATURE" ("RESTAURANT_ID","FEATURE_NAME","DESCRIPTION")VALUES('64915564','Alcohol','Full Bar');
INSERT INTO "RESTAURANT_FEATURE" ("RESTAURANT_ID","FEATURE_NAME","DESCRIPTION")VALUES('64915564','Outdoor Seating','Yes');
INSERT INTO "RESTAURANT_FEATURE" ("RESTAURANT_ID","FEATURE_NAME","DESCRIPTION")VALUES('64915564','Wi-Fi','No');
INSERT INTO "RESTAURANT_FEATURE" ("RESTAURANT_ID","FEATURE_NAME","DESCRIPTION")VALUES('64915564','Has TV','No');
INSERT INTO "RESTAURANT_FEATURE" ("RESTAURANT_ID","FEATURE_NAME","DESCRIPTION")VALUES('64915564','Caters','No');
INSERT INTO "OPENING_HOUR" ("DAY","RESTAURANT_ID","OPENING_TIME","CLOSING_TIME")VALUES('Mon','64915564','11:00 am','12:00 am');
INSERT INTO "OPENING_HOUR" ("DAY","RESTAURANT_ID","OPENING_TIME","CLOSING_TIME")VALUES('Tue','64915564','11:00 am','12:00 am');
INSERT INTO "OPENING_HOUR" ("DAY","RESTAURANT_ID","OPENING_TIME","CLOSING_TIME")VALUES('Wed','64915564','11:00 am','12:00 am');
INSERT INTO "OPENING_HOUR" ("DAY","RESTAURANT_ID","OPENING_TIME","CLOSING_TIME")VALUES('Thu','64915564','11:00 am','12:00 am');
INSERT INTO "OPENING_HOUR" ("DAY","RESTAURANT_ID","OPENING_TIME","CLOSING_TIME")VALUES('Fri','64915564','11:00 am','12:00 am');
INSERT INTO "OPENING_HOUR" ("DAY","RESTAURANT_ID","OPENING_TIME","CLOSING_TIME")VALUES('Sat','64915564','12:00 pm','12:00 am');
INSERT INTO "OPENING_HOUR" ("DAY","RESTAURANT_ID","OPENING_TIME","CLOSING_TIME")VALUES('Sun','64915564','Open now','12:00 am');
INSERT INTO "USER_REVIEW" ("RESTAURANT_ID","REVIEW_DATE","COMMENT","REVIEW_RATING")VALUES('64915564','2016-05-15 00:56:43','The waitress was amazing and extremely helpful and patient with us as we didn''t speak any German.

We got the most mouth watering Wiener schnitzels out of...','5');
INSERT INTO "PHOTO" ("RESTAURANT_ID","PICTURE_URL")VALUES('64915564','https://s3-media3.fl.yelpcdn.com/photo/qvPDnCFWsOEOEjFjAmUBGQ/o.jpg');
INSERT INTO "USER_REVIEW" ("RESTAURANT_ID","REVIEW_DATE","COMMENT","REVIEW_RATING")VALUES('64915564','2016-01-10 02:38:51','Es stimmt einfach alles.....Perfect , go there!!! Check out the new Place on the other side of the street,its getting better and better !','5');
INSERT INTO "PHOTO" ("RESTAURANT_ID","PICTURE_URL")VALUES('64915564','https://s3-media2.fl.yelpcdn.com/photo/rscS23o92QMxv1ZC_gpaaA/o.jpg');
INSERT INTO "USER_REVIEW" ("RESTAURANT_ID","REVIEW_DATE","COMMENT","REVIEW_RATING")VALUES('64915564','2014-10-20 15:28:11','As you enter you begin to wonder if this was a mistake, until the food comes out and you will be grateful. To start they bring out their own homemade bread...','5');
INSERT INTO "PHOTO" ("RESTAURANT_ID","PICTURE_URL")VALUES('64915564','https://s3-media1.fl.yelpcdn.com/photo/3FS-68LtdRLYeKqg-vr6eg/o.jpg');
INSERT INTO "RESTAURANT_RATING" ("RESTAURANT_ID","SCALE","OVERALL_RATING","SOURCE")VALUES('64915564','5','4.2','Google Map');
INSERT INTO "USER_REVIEW" ("RESTAURANT_ID","REVIEW_DATE","COMMENT","REVIEW_RATING")VALUES('64915564','2017-12-19','Definitely catches the spirit of hearty austrian food - it''s good to reserve beforehand!','5');
INSERT INTO "USER_REVIEW" ("RESTAURANT_ID","REVIEW_DATE","COMMENT","REVIEW_RATING")VALUES('64915564','2017-08-27','Good unfiltered beer and hearty German food. Friendly staff.','3');
INSERT INTO "USER_REVIEW" ("RESTAURANT_ID","REVIEW_DATE","COMMENT","REVIEW_RATING")VALUES('64915564','2016-10-24','Had a fantastic dinner here on our first night in Berlin. Great value. Brilliant service. Some of the best German food I''ve had.','5');
INSERT INTO "USER_REVIEW" ("RESTAURANT_ID","REVIEW_DATE","COMMENT","REVIEW_RATING")VALUES('64915564','2015-12-21','A great little restaurant serving delicious traditional food. Reasonably priced for great quality. They support local breweries so offer a beer of the week as well as some specials. Children welcome. I''m summer you can sit out side. Not far from local transport. ','5');
INSERT INTO "USER_REVIEW" ("RESTAURANT_ID","REVIEW_DATE","COMMENT","REVIEW_RATING")VALUES('64915564','2018-01-08','Verplanter Laden!
Hier gab es noch nie ein Abend an dem alle Gerichte wie gewünscht richtig serviert wurden.
Dennoch kommen wir sehr gerne zum Hannes und seinem Team.

Die Karte ist überschaubar ehrlich. Gefällt.','4');
INSERT INTO "LOCATION" ("LOCATION_ID","LOCATION_TYPE","ADDRESS","LONGITUDE","LATITUDE")VALUES('234','R','Carl-Herz-Ufer 910961 BerlinGermany','13.40553','52.49562');
INSERT INTO "RESTAURANT" ("RESTAURANT_ID","PRICERANGE","PHONE_NUMBER","WEBSITE")VALUES('66460519','€€','+49 30 60059888','kaffee-ahorn.de');
INSERT INTO "CUISINE" ("RESTAURANT_ID","CUISINE_TYPE")VALUES('66460519','Cafes');
INSERT INTO "CUISINE" ("RESTAURANT_ID","CUISINE_TYPE")VALUES('66460519','German');
INSERT INTO "CUISINE" ("RESTAURANT_ID","CUISINE_TYPE")VALUES('66460519','Cafeteria');
INSERT INTO "RESTAURANT_RATING" ("RESTAURANT_ID","SCALE","OVERALL_RATING","SOURCE")VALUES('66460519','5','4.0','Yelp');
INSERT INTO "RESTAURANT_FEATURE" ("RESTAURANT_ID","FEATURE_NAME","DESCRIPTION")VALUES('66460519','Takes Reservations','Yes');
INSERT INTO "RESTAURANT_FEATURE" ("RESTAURANT_ID","FEATURE_NAME","DESCRIPTION")VALUES('66460519','Delivery','Yes');
INSERT INTO "RESTAURANT_FEATURE" ("RESTAURANT_ID","FEATURE_NAME","DESCRIPTION")VALUES('66460519','Take-out','Yes');
INSERT INTO "RESTAURANT_FEATURE" ("RESTAURANT_ID","FEATURE_NAME","DESCRIPTION")VALUES('66460519','Parking','Street');
INSERT INTO "RESTAURANT_FEATURE" ("RESTAURANT_ID","FEATURE_NAME","DESCRIPTION")VALUES('66460519','Good for Kids','Yes');
INSERT INTO "RESTAURANT_FEATURE" ("RESTAURANT_ID","FEATURE_NAME","DESCRIPTION")VALUES('66460519','Good for Groups','Yes');
INSERT INTO "RESTAURANT_FEATURE" ("RESTAURANT_ID","FEATURE_NAME","DESCRIPTION")VALUES('66460519','Attire','Casual');
INSERT INTO "RESTAURANT_FEATURE" ("RESTAURANT_ID","FEATURE_NAME","DESCRIPTION")VALUES('66460519','Noise Level','Average');
INSERT INTO "RESTAURANT_FEATURE" ("RESTAURANT_ID","FEATURE_NAME","DESCRIPTION")VALUES('66460519','Alcohol','Full Bar');
INSERT INTO "RESTAURANT_FEATURE" ("RESTAURANT_ID","FEATURE_NAME","DESCRIPTION")VALUES('66460519','Outdoor Seating','Yes');
INSERT INTO "RESTAURANT_FEATURE" ("RESTAURANT_ID","FEATURE_NAME","DESCRIPTION")VALUES('66460519','Wi-Fi','Free');
INSERT INTO "RESTAURANT_FEATURE" ("RESTAURANT_ID","FEATURE_NAME","DESCRIPTION")VALUES('66460519','Has TV','No');
INSERT INTO "RESTAURANT_FEATURE" ("RESTAURANT_ID","FEATURE_NAME","DESCRIPTION")VALUES('66460519','Caters','Yes');
INSERT INTO "OPENING_HOUR" ("DAY","RESTAURANT_ID","OPENING_TIME","CLOSING_TIME")VALUES('Mon','66460519','9:00 am','1:00 am');
INSERT INTO "OPENING_HOUR" ("DAY","RESTAURANT_ID","OPENING_TIME","CLOSING_TIME")VALUES('Tue','66460519','9:00 am','1:00 am');
INSERT INTO "OPENING_HOUR" ("DAY","RESTAURANT_ID","OPENING_TIME","CLOSING_TIME")VALUES('Wed','66460519','9:00 am','1:00 am');
INSERT INTO "OPENING_HOUR" ("DAY","RESTAURANT_ID","OPENING_TIME","CLOSING_TIME")VALUES('Thu','66460519','9:00 am','1:00 am');
INSERT INTO "OPENING_HOUR" ("DAY","RESTAURANT_ID","OPENING_TIME","CLOSING_TIME")VALUES('Fri','66460519','9:00 am','1:00 am');
INSERT INTO "OPENING_HOUR" ("DAY","RESTAURANT_ID","OPENING_TIME","CLOSING_TIME")VALUES('Sat','66460519','9:00 am','1:00 am');
INSERT INTO "OPENING_HOUR" ("DAY","RESTAURANT_ID","OPENING_TIME","CLOSING_TIME")VALUES('Sun','66460519','Open now','1:00 am');
INSERT INTO "USER_REVIEW" ("RESTAURANT_ID","REVIEW_DATE","COMMENT","REVIEW_RATING")VALUES('66460519','2017-07-25 00:19:15','Only rating based on atmosphere and cheescake. 
We sat outside and the server dropped by right away! We ordered a couple of drinks and a mango cheesecake...','4');
INSERT INTO "PHOTO" ("RESTAURANT_ID","PICTURE_URL")VALUES('66460519','https://s3-media4.fl.yelpcdn.com/photo/5LErmrFbm2JqA71-IhLLFQ/o.jpg');
INSERT INTO "USER_REVIEW" ("RESTAURANT_ID","REVIEW_DATE","COMMENT","REVIEW_RATING")VALUES('66460519','2017-11-22 08:50:54','Food was just ok. Coming from the states - it''s not exactly what you expect from a brunch place. Ordered soft boiled eggs with feta and tomato in a glass....','3');
INSERT INTO "PHOTO" ("RESTAURANT_ID","PICTURE_URL")VALUES('66460519','https://s3-media2.fl.yelpcdn.com/photo/LKSYI78H5oqAq6IZT80_eQ/o.jpg');
INSERT INTO "USER_REVIEW" ("RESTAURANT_ID","REVIEW_DATE","COMMENT","REVIEW_RATING")VALUES('66460519','2016-09-02 08:46:39','A good restaurant and cafe that has the added benefit of being literally the only establishment within a few blocks of this beautiful location right on the...','4');
INSERT INTO "PHOTO" ("RESTAURANT_ID","PICTURE_URL")VALUES('66460519','https://s3-media1.fl.yelpcdn.com/photo/pmQ2nWRSkbr30hoUY0Qiig/o.jpg');
INSERT INTO "LOCATION" ("LOCATION_ID","LOCATION_TYPE","ADDRESS","LONGITUDE","LATITUDE")VALUES('235','R','Alexanderplatz 710178 BerlinGermany','13.4159','52.5226');
INSERT INTO "RESTAURANT" ("RESTAURANT_ID","PRICERANGE","PHONE_NUMBER","WEBSITE")VALUES('44441469','Unknown','+49 30 23890','None');
INSERT INTO "CUISINE" ("RESTAURANT_ID","CUISINE_TYPE")VALUES('44441469','Restaurants');
INSERT INTO "RESTAURANT_RATING" ("RESTAURANT_ID","SCALE","OVERALL_RATING","SOURCE")VALUES('44441469','5','4.0','Yelp');
INSERT INTO "RESTAURANT_FEATURE" ("RESTAURANT_ID","FEATURE_NAME","DESCRIPTION")VALUES('44441469','Takes Reservations','Yes');
INSERT INTO "RESTAURANT_FEATURE" ("RESTAURANT_ID","FEATURE_NAME","DESCRIPTION")VALUES('44441469','Delivery','No');
INSERT INTO "RESTAURANT_FEATURE" ("RESTAURANT_ID","FEATURE_NAME","DESCRIPTION")VALUES('44441469','Take-out','No');
INSERT INTO "RESTAURANT_FEATURE" ("RESTAURANT_ID","FEATURE_NAME","DESCRIPTION")VALUES('44441469','Accepted Cards','None');
INSERT INTO "RESTAURANT_FEATURE" ("RESTAURANT_ID","FEATURE_NAME","DESCRIPTION")VALUES('44441469','Good for Kids','Yes');
INSERT INTO "RESTAURANT_FEATURE" ("RESTAURANT_ID","FEATURE_NAME","DESCRIPTION")VALUES('44441469','Good for Groups','Yes');
INSERT INTO "RESTAURANT_FEATURE" ("RESTAURANT_ID","FEATURE_NAME","DESCRIPTION")VALUES('44441469','Outdoor Seating','No');
INSERT INTO "OPENING_HOUR" ("DAY","RESTAURANT_ID","OPENING_TIME","CLOSING_TIME")VALUES('Mon','44441469','6:00 am','10:30 am');
INSERT INTO "OPENING_HOUR" ("DAY","RESTAURANT_ID","OPENING_TIME","CLOSING_TIME")VALUES('Tue','44441469','6:00 am','10:30 am');
INSERT INTO "OPENING_HOUR" ("DAY","RESTAURANT_ID","OPENING_TIME","CLOSING_TIME")VALUES('Wed','44441469','6:00 am','10:30 am');
INSERT INTO "OPENING_HOUR" ("DAY","RESTAURANT_ID","OPENING_TIME","CLOSING_TIME")VALUES('Thu','44441469','6:00 am','10:30 am');
INSERT INTO "OPENING_HOUR" ("DAY","RESTAURANT_ID","OPENING_TIME","CLOSING_TIME")VALUES('Fri','44441469','6:00 am','10:30 am');
INSERT INTO "OPENING_HOUR" ("DAY","RESTAURANT_ID","OPENING_TIME","CLOSING_TIME")VALUES('Sat','44441469','6:00 am','10:30 am');
INSERT INTO "OPENING_HOUR" ("DAY","RESTAURANT_ID","OPENING_TIME","CLOSING_TIME")VALUES('Sun','44441469','Open now','10:30 am');
INSERT INTO "LOCATION" ("LOCATION_ID","LOCATION_TYPE","ADDRESS","LONGITUDE","LATITUDE")VALUES('236','R','Gerichtstr. 3013347 BerlinGermany','13.3689','52.54497');
INSERT INTO "RESTAURANT" ("RESTAURANT_ID","PRICERANGE","PHONE_NUMBER","WEBSITE")VALUES('53908612','€€','+49 30 41957118','misterhoang.de');
INSERT INTO "CUISINE" ("RESTAURANT_ID","CUISINE_TYPE")VALUES('53908612','Vietnamese');
INSERT INTO "RESTAURANT_RATING" ("RESTAURANT_ID","SCALE","OVERALL_RATING","SOURCE")VALUES('53908612','5','4.5','Yelp');
INSERT INTO "RESTAURANT_FEATURE" ("RESTAURANT_ID","FEATURE_NAME","DESCRIPTION")VALUES('53908612','Takes Reservations','Yes');
INSERT INTO "RESTAURANT_FEATURE" ("RESTAURANT_ID","FEATURE_NAME","DESCRIPTION")VALUES('53908612','Delivery','Yes');
INSERT INTO "RESTAURANT_FEATURE" ("RESTAURANT_ID","FEATURE_NAME","DESCRIPTION")VALUES('53908612','Take-out','Yes');
INSERT INTO "RESTAURANT_FEATURE" ("RESTAURANT_ID","FEATURE_NAME","DESCRIPTION")VALUES('53908612','Good for Kids','Yes');
INSERT INTO "RESTAURANT_FEATURE" ("RESTAURANT_ID","FEATURE_NAME","DESCRIPTION")VALUES('53908612','Good for Groups','Yes');
INSERT INTO "RESTAURANT_FEATURE" ("RESTAURANT_ID","FEATURE_NAME","DESCRIPTION")VALUES('53908612','Attire','Casual');
INSERT INTO "RESTAURANT_FEATURE" ("RESTAURANT_ID","FEATURE_NAME","DESCRIPTION")VALUES('53908612','Noise Level','Quiet');
INSERT INTO "RESTAURANT_FEATURE" ("RESTAURANT_ID","FEATURE_NAME","DESCRIPTION")VALUES('53908612','Outdoor Seating','Yes');
INSERT INTO "RESTAURANT_FEATURE" ("RESTAURANT_ID","FEATURE_NAME","DESCRIPTION")VALUES('53908612','Wi-Fi','No');
INSERT INTO "RESTAURANT_FEATURE" ("RESTAURANT_ID","FEATURE_NAME","DESCRIPTION")VALUES('53908612','Has TV','No');
INSERT INTO "RESTAURANT_FEATURE" ("RESTAURANT_ID","FEATURE_NAME","DESCRIPTION")VALUES('53908612','Waiter Service','Yes');
INSERT INTO "OPENING_HOUR" ("DAY","RESTAURANT_ID","OPENING_TIME","CLOSING_TIME")VALUES('Mon','53908612','11:00 am','10:30 pm');
INSERT INTO "OPENING_HOUR" ("DAY","RESTAURANT_ID","OPENING_TIME","CLOSING_TIME")VALUES('Tue','53908612','11:00 am','10:30 pm');
INSERT INTO "OPENING_HOUR" ("DAY","RESTAURANT_ID","OPENING_TIME","CLOSING_TIME")VALUES('Wed','53908612','11:00 am','10:30 pm');
INSERT INTO "OPENING_HOUR" ("DAY","RESTAURANT_ID","OPENING_TIME","CLOSING_TIME")VALUES('Thu','53908612','11:00 am','10:30 pm');
INSERT INTO "OPENING_HOUR" ("DAY","RESTAURANT_ID","OPENING_TIME","CLOSING_TIME")VALUES('Fri','53908612','11:00 am','10:30 pm');
INSERT INTO "OPENING_HOUR" ("DAY","RESTAURANT_ID","OPENING_TIME","CLOSING_TIME")VALUES('Sat','53908612','12:00 pm','11:00 pm');
INSERT INTO "OPENING_HOUR" ("DAY","RESTAURANT_ID","OPENING_TIME","CLOSING_TIME")VALUES('Sun','53908612','Open now','11:00 pm');
INSERT INTO "USER_REVIEW" ("RESTAURANT_ID","REVIEW_DATE","COMMENT","REVIEW_RATING")VALUES('53908612','2017-09-29 05:39:44','Good food. Good service. Will definitely come again!

I had the udon noodle dish and a ginger lemon cold tee; superb. The outside area is especially cosy.','4');
INSERT INTO "PHOTO" ("RESTAURANT_ID","PICTURE_URL")VALUES('53908612','https://s3-media2.fl.yelpcdn.com/photo/wOT1X-9V_xOSaLnk6aWPiA/o.jpg');
INSERT INTO "USER_REVIEW" ("RESTAURANT_ID","REVIEW_DATE","COMMENT","REVIEW_RATING")VALUES('53908612','2016-08-23 03:41:44','The Vietnamese spring role was ok..rather bland (not enough herbs), but the tofu yellow curry with taro was very good. The mix of tofu soaked with delicious...','4');
INSERT INTO "PHOTO" ("RESTAURANT_ID","PICTURE_URL")VALUES('53908612','https://s3-media3.fl.yelpcdn.com/photo/x41_TG0zwSSTRJL80ju8mA/o.jpg');
INSERT INTO "USER_REVIEW" ("RESTAURANT_ID","REVIEW_DATE","COMMENT","REVIEW_RATING")VALUES('53908612','2016-11-21 06:56:47','My first time visit last night will definitely not be my last. The vegetarian spring rolls were good and my  main dish super delicious. I had No. 56 and...','5');
INSERT INTO "PHOTO" ("RESTAURANT_ID","PICTURE_URL")VALUES('53908612','https://s3-media3.fl.yelpcdn.com/photo/_4gPWF9sNTY7FP_ALI5Cfw/o.jpg');
INSERT INTO "LOCATION" ("LOCATION_ID","LOCATION_TYPE","ADDRESS","LONGITUDE","LATITUDE")VALUES('237','R','Torstr. 17810115 BerlinGermany','13.39447','52.52848');
INSERT INTO "RESTAURANT" ("RESTAURANT_ID","PRICERANGE","PHONE_NUMBER","WEBSITE")VALUES('59168788','€€','+49 176 66112472','poveracci.de');
INSERT INTO "CUISINE" ("RESTAURANT_ID","CUISINE_TYPE")VALUES('59168788','Italian');
INSERT INTO "RESTAURANT_RATING" ("RESTAURANT_ID","SCALE","OVERALL_RATING","SOURCE")VALUES('59168788','5','4.5','Yelp');
INSERT INTO "RESTAURANT_FEATURE" ("RESTAURANT_ID","FEATURE_NAME","DESCRIPTION")VALUES('59168788','Takes Reservations','Yes');
INSERT INTO "RESTAURANT_FEATURE" ("RESTAURANT_ID","FEATURE_NAME","DESCRIPTION")VALUES('59168788','Delivery','No');
INSERT INTO "RESTAURANT_FEATURE" ("RESTAURANT_ID","FEATURE_NAME","DESCRIPTION")VALUES('59168788','Take-out','Yes');
INSERT INTO "RESTAURANT_FEATURE" ("RESTAURANT_ID","FEATURE_NAME","DESCRIPTION")VALUES('59168788','Parking','Street');
INSERT INTO "RESTAURANT_FEATURE" ("RESTAURANT_ID","FEATURE_NAME","DESCRIPTION")VALUES('59168788','Good for Kids','No');
INSERT INTO "RESTAURANT_FEATURE" ("RESTAURANT_ID","FEATURE_NAME","DESCRIPTION")VALUES('59168788','Good for Groups','Yes');
INSERT INTO "RESTAURANT_FEATURE" ("RESTAURANT_ID","FEATURE_NAME","DESCRIPTION")VALUES('59168788','Attire','Casual');
INSERT INTO "RESTAURANT_FEATURE" ("RESTAURANT_ID","FEATURE_NAME","DESCRIPTION")VALUES('59168788','Ambience','Casual');
INSERT INTO "RESTAURANT_FEATURE" ("RESTAURANT_ID","FEATURE_NAME","DESCRIPTION")VALUES('59168788','Noise Level','Average');
INSERT INTO "RESTAURANT_FEATURE" ("RESTAURANT_ID","FEATURE_NAME","DESCRIPTION")VALUES('59168788','Alcohol','Full Bar');
INSERT INTO "RESTAURANT_FEATURE" ("RESTAURANT_ID","FEATURE_NAME","DESCRIPTION")VALUES('59168788','Outdoor Seating','Yes');
INSERT INTO "RESTAURANT_FEATURE" ("RESTAURANT_ID","FEATURE_NAME","DESCRIPTION")VALUES('59168788','Has TV','No');
INSERT INTO "RESTAURANT_FEATURE" ("RESTAURANT_ID","FEATURE_NAME","DESCRIPTION")VALUES('59168788','Caters','No');
INSERT INTO "OPENING_HOUR" ("DAY","RESTAURANT_ID","OPENING_TIME","CLOSING_TIME")VALUES('Mon','59168788','4:00 pm','1:00 am');
INSERT INTO "OPENING_HOUR" ("DAY","RESTAURANT_ID","OPENING_TIME","CLOSING_TIME")VALUES('Tue','59168788','4:00 pm','1:00 am');
INSERT INTO "OPENING_HOUR" ("DAY","RESTAURANT_ID","OPENING_TIME","CLOSING_TIME")VALUES('Wed','59168788','4:00 pm','1:00 am');
INSERT INTO "OPENING_HOUR" ("DAY","RESTAURANT_ID","OPENING_TIME","CLOSING_TIME")VALUES('Thu','59168788','4:00 pm','1:00 am');
INSERT INTO "OPENING_HOUR" ("DAY","RESTAURANT_ID","OPENING_TIME","CLOSING_TIME")VALUES('Fri','59168788','4:00 pm','1:00 am');
INSERT INTO "OPENING_HOUR" ("DAY","RESTAURANT_ID","OPENING_TIME","CLOSING_TIME")VALUES('Sat','59168788','Open now','1:00 am');
INSERT INTO "USER_REVIEW" ("RESTAURANT_ID","REVIEW_DATE","COMMENT","REVIEW_RATING")VALUES('59168788','2017-11-23 13:54:13','If you''re prepared to settle in and have a few glasses of wine if the service is slow you''ll have an incredibly flavor filled meal. The black taglioni and...','5');
INSERT INTO "PHOTO" ("RESTAURANT_ID","PICTURE_URL")VALUES('59168788','https://s3-media1.fl.yelpcdn.com/photo/H66eeAKhJQWfpdycR2vj7w/o.jpg');
INSERT INTO "USER_REVIEW" ("RESTAURANT_ID","REVIEW_DATE","COMMENT","REVIEW_RATING")VALUES('59168788','2016-05-15 01:49:41','Super cozy, very friendly, yummy food

A small place, tightly packed with a dozen tables, candle light and reflection of light from the wine bottles on all...','4');
INSERT INTO "PHOTO" ("RESTAURANT_ID","PICTURE_URL")VALUES('59168788','https://s3-media2.fl.yelpcdn.com/photo/8cNhTMfxFYdreUp4JL6o6Q/o.jpg');
INSERT INTO "RESTAURANT_RATING" ("RESTAURANT_ID","SCALE","OVERALL_RATING","SOURCE")VALUES('59168788','5','4.2','Google Map');
INSERT INTO "USER_REVIEW" ("RESTAURANT_ID","REVIEW_DATE","COMMENT","REVIEW_RATING")VALUES('59168788','2017-11-21','Came here on a rainy Sunday to escape the wet and it was rather cozy. Had a more or less decent Irish Coffee. Seems some elderly locals come here to chat and eat some treats. Service was efficient.','3');
INSERT INTO "USER_REVIEW" ("RESTAURANT_ID","REVIEW_DATE","COMMENT","REVIEW_RATING")VALUES('59168788','2017-11-08','Never go to this cafe. They will profile you. I went in to buy a coffee but it was cold so first i asked for a napkin. A worker asked, “is that all you will get?” I said... “well, i wanted a coffe but i wanted to bloy my nose first.” After a few antious seconds i asked for a latte. Then i looked for the garbage. The same worker now says, “we dont have a garbage.” I said, “what! And said im outta here”. You decide.','1');
INSERT INTO "USER_REVIEW" ("RESTAURANT_ID","REVIEW_DATE","COMMENT","REVIEW_RATING")VALUES('59168788','2017-07-07','We went here for breakfast every morning when we stayed in Torstraße for a 4 day break. The food was excellent and the owners were super friendly and very helpful with tourist information for our party.','5');
INSERT INTO "USER_REVIEW" ("RESTAURANT_ID","REVIEW_DATE","COMMENT","REVIEW_RATING")VALUES('59168788','2017-05-25','Super nice cakes, the seller looked a bit on edge when we entered and didn''t give us a good feeling','4');
INSERT INTO "USER_REVIEW" ("RESTAURANT_ID","REVIEW_DATE","COMMENT","REVIEW_RATING")VALUES('59168788','2016-11-13','Everything was really tasty and great service !','5');
INSERT INTO "LOCATION" ("LOCATION_ID","LOCATION_TYPE","ADDRESS","LONGITUDE","LATITUDE")VALUES('238','R','Fuggerstr. 2110777 BerlinGermany','13.34539119','52.4988806607');
INSERT INTO "RESTAURANT" ("RESTAURANT_ID","PRICERANGE","PHONE_NUMBER","WEBSITE")VALUES('89656999','€€','+49 30 2138826','maharadscha2.de');
INSERT INTO "CUISINE" ("RESTAURANT_ID","CUISINE_TYPE")VALUES('89656999','Indian');
INSERT INTO "RESTAURANT_RATING" ("RESTAURANT_ID","SCALE","OVERALL_RATING","SOURCE")VALUES('89656999','5','4.5','Yelp');
INSERT INTO "RESTAURANT_FEATURE" ("RESTAURANT_ID","FEATURE_NAME","DESCRIPTION")VALUES('89656999','Takes Reservations','Yes');
INSERT INTO "RESTAURANT_FEATURE" ("RESTAURANT_ID","FEATURE_NAME","DESCRIPTION")VALUES('89656999','Delivery','No');
INSERT INTO "RESTAURANT_FEATURE" ("RESTAURANT_ID","FEATURE_NAME","DESCRIPTION")VALUES('89656999','Take-out','Yes');
INSERT INTO "RESTAURANT_FEATURE" ("RESTAURANT_ID","FEATURE_NAME","DESCRIPTION")VALUES('89656999','Accepted Cards','Credit, Debit');
INSERT INTO "RESTAURANT_FEATURE" ("RESTAURANT_ID","FEATURE_NAME","DESCRIPTION")VALUES('89656999','Accepts Bitcoin','No');
INSERT INTO "RESTAURANT_FEATURE" ("RESTAURANT_ID","FEATURE_NAME","DESCRIPTION")VALUES('89656999','Good For','Dinner');
INSERT INTO "RESTAURANT_FEATURE" ("RESTAURANT_ID","FEATURE_NAME","DESCRIPTION")VALUES('89656999','Parking','Street');
INSERT INTO "RESTAURANT_FEATURE" ("RESTAURANT_ID","FEATURE_NAME","DESCRIPTION")VALUES('89656999','Good for Kids','Yes');
INSERT INTO "RESTAURANT_FEATURE" ("RESTAURANT_ID","FEATURE_NAME","DESCRIPTION")VALUES('89656999','Good for Groups','Yes');
INSERT INTO "RESTAURANT_FEATURE" ("RESTAURANT_ID","FEATURE_NAME","DESCRIPTION")VALUES('89656999','Attire','Casual');
INSERT INTO "RESTAURANT_FEATURE" ("RESTAURANT_ID","FEATURE_NAME","DESCRIPTION")VALUES('89656999','Ambience','Casual');
INSERT INTO "RESTAURANT_FEATURE" ("RESTAURANT_ID","FEATURE_NAME","DESCRIPTION")VALUES('89656999','Noise Level','Average');
INSERT INTO "RESTAURANT_FEATURE" ("RESTAURANT_ID","FEATURE_NAME","DESCRIPTION")VALUES('89656999','Alcohol','Full Bar');
INSERT INTO "RESTAURANT_FEATURE" ("RESTAURANT_ID","FEATURE_NAME","DESCRIPTION")VALUES('89656999','Outdoor Seating','Yes');
INSERT INTO "RESTAURANT_FEATURE" ("RESTAURANT_ID","FEATURE_NAME","DESCRIPTION")VALUES('89656999','Wi-Fi','Free');
INSERT INTO "RESTAURANT_FEATURE" ("RESTAURANT_ID","FEATURE_NAME","DESCRIPTION")VALUES('89656999','Has TV','No');
INSERT INTO "RESTAURANT_FEATURE" ("RESTAURANT_ID","FEATURE_NAME","DESCRIPTION")VALUES('89656999','Caters','Yes');
INSERT INTO "OPENING_HOUR" ("DAY","RESTAURANT_ID","OPENING_TIME","CLOSING_TIME")VALUES('Mon','89656999','5:00 pm','11:00 pm');
INSERT INTO "OPENING_HOUR" ("DAY","RESTAURANT_ID","OPENING_TIME","CLOSING_TIME")VALUES('Tue','89656999','5:00 pm','11:00 pm');
INSERT INTO "OPENING_HOUR" ("DAY","RESTAURANT_ID","OPENING_TIME","CLOSING_TIME")VALUES('Wed','89656999','5:00 pm','11:00 pm');
INSERT INTO "OPENING_HOUR" ("DAY","RESTAURANT_ID","OPENING_TIME","CLOSING_TIME")VALUES('Thu','89656999','5:00 pm','11:00 pm');
INSERT INTO "OPENING_HOUR" ("DAY","RESTAURANT_ID","OPENING_TIME","CLOSING_TIME")VALUES('Fri','89656999','5:00 pm','11:00 pm');
INSERT INTO "OPENING_HOUR" ("DAY","RESTAURANT_ID","OPENING_TIME","CLOSING_TIME")VALUES('Sat','89656999','Open now','11:00 pm');
INSERT INTO "USER_REVIEW" ("RESTAURANT_ID","REVIEW_DATE","COMMENT","REVIEW_RATING")VALUES('89656999','2017-12-16 09:09:50','Berlin has such a great food scene I thought finding a great Indian spot would be the night''s adventure.  After yelping it up, I came across Maharadscha....','5');
INSERT INTO "PHOTO" ("RESTAURANT_ID","PICTURE_URL")VALUES('89656999','https://s3-media1.fl.yelpcdn.com/photo/mD5yp0h3qwoXwWt_QYE4Dg/o.jpg');
INSERT INTO "USER_REVIEW" ("RESTAURANT_ID","REVIEW_DATE","COMMENT","REVIEW_RATING")VALUES('89656999','2017-10-09 12:46:57','Nice indian food, i liked the interior. 
Wide selection of food, also vegetarian options :) 
Friendly people!

BEST MANGO LASSI','4');
INSERT INTO "PHOTO" ("RESTAURANT_ID","PICTURE_URL")VALUES('89656999','https://s3-media4.fl.yelpcdn.com/photo/eSg03FUn8CaTnLndQ7ZYNw/o.jpg');
INSERT INTO "USER_REVIEW" ("RESTAURANT_ID","REVIEW_DATE","COMMENT","REVIEW_RATING")VALUES('89656999','2017-12-24 16:31:07','A great restaurant with delicious Indian food in a nice part of Berlin. We were served by the waitress of the owners and she was formidable in her service....','5');
INSERT INTO "PHOTO" ("RESTAURANT_ID","PICTURE_URL")VALUES('89656999','https://s3-media2.fl.yelpcdn.com/photo/uR9OdbIYHGOKOlQOA-Ibkg/o.jpg');
INSERT INTO "LOCATION" ("LOCATION_ID","LOCATION_TYPE","ADDRESS","LONGITUDE","LATITUDE")VALUES('239','R','Albrechtstr. 1810117 BerlinGermany','13.38458','52.52226');
INSERT INTO "RESTAURANT" ("RESTAURANT_ID","PRICERANGE","PHONE_NUMBER","WEBSITE")VALUES('74690930','€€','+49 30 28493898','boccondivino.de');
INSERT INTO "CUISINE" ("RESTAURANT_ID","CUISINE_TYPE")VALUES('74690930','Italian');
INSERT INTO "RESTAURANT_RATING" ("RESTAURANT_ID","SCALE","OVERALL_RATING","SOURCE")VALUES('74690930','5','4.0','Yelp');
INSERT INTO "RESTAURANT_FEATURE" ("RESTAURANT_ID","FEATURE_NAME","DESCRIPTION")VALUES('74690930','Takes Reservations','Yes');
INSERT INTO "RESTAURANT_FEATURE" ("RESTAURANT_ID","FEATURE_NAME","DESCRIPTION")VALUES('74690930','Delivery','No');
INSERT INTO "RESTAURANT_FEATURE" ("RESTAURANT_ID","FEATURE_NAME","DESCRIPTION")VALUES('74690930','Take-out','No');
INSERT INTO "RESTAURANT_FEATURE" ("RESTAURANT_ID","FEATURE_NAME","DESCRIPTION")VALUES('74690930','Accepted Cards','Credit, Debit');
INSERT INTO "RESTAURANT_FEATURE" ("RESTAURANT_ID","FEATURE_NAME","DESCRIPTION")VALUES('74690930','Good for Kids','Yes');
INSERT INTO "RESTAURANT_FEATURE" ("RESTAURANT_ID","FEATURE_NAME","DESCRIPTION")VALUES('74690930','Good for Groups','Yes');
INSERT INTO "RESTAURANT_FEATURE" ("RESTAURANT_ID","FEATURE_NAME","DESCRIPTION")VALUES('74690930','Attire','Dressy');
INSERT INTO "RESTAURANT_FEATURE" ("RESTAURANT_ID","FEATURE_NAME","DESCRIPTION")VALUES('74690930','Ambience','Casual');
INSERT INTO "RESTAURANT_FEATURE" ("RESTAURANT_ID","FEATURE_NAME","DESCRIPTION")VALUES('74690930','Noise Level','Average');
INSERT INTO "RESTAURANT_FEATURE" ("RESTAURANT_ID","FEATURE_NAME","DESCRIPTION")VALUES('74690930','Alcohol','Beer & Wine Only');
INSERT INTO "RESTAURANT_FEATURE" ("RESTAURANT_ID","FEATURE_NAME","DESCRIPTION")VALUES('74690930','Outdoor Seating','Yes');
INSERT INTO "RESTAURANT_FEATURE" ("RESTAURANT_ID","FEATURE_NAME","DESCRIPTION")VALUES('74690930','Wi-Fi','No');
INSERT INTO "RESTAURANT_FEATURE" ("RESTAURANT_ID","FEATURE_NAME","DESCRIPTION")VALUES('74690930','Has TV','No');
INSERT INTO "OPENING_HOUR" ("DAY","RESTAURANT_ID","OPENING_TIME","CLOSING_TIME")VALUES('Mon','74690930','12:00 pm','12:00 am');
INSERT INTO "OPENING_HOUR" ("DAY","RESTAURANT_ID","OPENING_TIME","CLOSING_TIME")VALUES('Tue','74690930','12:00 pm','12:00 am');
INSERT INTO "OPENING_HOUR" ("DAY","RESTAURANT_ID","OPENING_TIME","CLOSING_TIME")VALUES('Wed','74690930','12:00 pm','12:00 am');
INSERT INTO "OPENING_HOUR" ("DAY","RESTAURANT_ID","OPENING_TIME","CLOSING_TIME")VALUES('Thu','74690930','12:00 pm','12:00 am');
INSERT INTO "OPENING_HOUR" ("DAY","RESTAURANT_ID","OPENING_TIME","CLOSING_TIME")VALUES('Fri','74690930','12:00 pm','12:00 am');
INSERT INTO "OPENING_HOUR" ("DAY","RESTAURANT_ID","OPENING_TIME","CLOSING_TIME")VALUES('Sat','74690930','4:00 pm','12:00 am');
INSERT INTO "OPENING_HOUR" ("DAY","RESTAURANT_ID","OPENING_TIME","CLOSING_TIME")VALUES('Sun','74690930','Open now','12:00 am');
INSERT INTO "USER_REVIEW" ("RESTAURANT_ID","REVIEW_DATE","COMMENT","REVIEW_RATING")VALUES('74690930','2016-04-07 09:58:20','Had a delightful meal here.  Authentic Italian staff prepared fresh homemade pasta dishes.  Decor was lovely.  Waiter was friendly and witty and provided...','5');
INSERT INTO "PHOTO" ("RESTAURANT_ID","PICTURE_URL")VALUES('74690930','https://s3-media2.fl.yelpcdn.com/photo/tMADaeQs4ijIkp4ICknT1w/o.jpg');
INSERT INTO "USER_REVIEW" ("RESTAURANT_ID","REVIEW_DATE","COMMENT","REVIEW_RATING")VALUES('74690930','2017-04-02 10:35:00','Amazing and unique variety of dishes in a very authentic Italian restaurant unlike others in the area','5');
INSERT INTO "USER_REVIEW" ("RESTAURANT_ID","REVIEW_DATE","COMMENT","REVIEW_RATING")VALUES('74690930','2016-01-07 22:09:02','Just saw a review "This is my favorite Sicilian restaurant in Berlin. They make a great pizza but the kitchen really shines with the seafood dishes." I am...','5');
INSERT INTO "PHOTO" ("RESTAURANT_ID","PICTURE_URL")VALUES('74690930','https://s3-media1.fl.yelpcdn.com/photo/ppIrhFzfgEnvl4BEG3b3kA/o.jpg');
INSERT INTO "LOCATION" ("LOCATION_ID","LOCATION_TYPE","ADDRESS","LONGITUDE","LATITUDE")VALUES('240','R','Friedrich Str. 1210969 BerlinGermany','13.39164','52.501634');
INSERT INTO "RESTAURANT" ("RESTAURANT_ID","PRICERANGE","PHONE_NUMBER","WEBSITE")VALUES('61666654','€€','+49 30 25294266','paracas.de');
INSERT INTO "CUISINE" ("RESTAURANT_ID","CUISINE_TYPE")VALUES('61666654','Latin American');
INSERT INTO "RESTAURANT_RATING" ("RESTAURANT_ID","SCALE","OVERALL_RATING","SOURCE")VALUES('61666654','5','4.0','Yelp');
INSERT INTO "RESTAURANT_FEATURE" ("RESTAURANT_ID","FEATURE_NAME","DESCRIPTION")VALUES('61666654','Takes Reservations','Yes');
INSERT INTO "RESTAURANT_FEATURE" ("RESTAURANT_ID","FEATURE_NAME","DESCRIPTION")VALUES('61666654','Delivery','No');
INSERT INTO "RESTAURANT_FEATURE" ("RESTAURANT_ID","FEATURE_NAME","DESCRIPTION")VALUES('61666654','Take-out','Yes');
INSERT INTO "RESTAURANT_FEATURE" ("RESTAURANT_ID","FEATURE_NAME","DESCRIPTION")VALUES('61666654','Accepted Cards','None');
INSERT INTO "RESTAURANT_FEATURE" ("RESTAURANT_ID","FEATURE_NAME","DESCRIPTION")VALUES('61666654','Good for Kids','Yes');
INSERT INTO "RESTAURANT_FEATURE" ("RESTAURANT_ID","FEATURE_NAME","DESCRIPTION")VALUES('61666654','Good for Groups','Yes');
INSERT INTO "RESTAURANT_FEATURE" ("RESTAURANT_ID","FEATURE_NAME","DESCRIPTION")VALUES('61666654','Attire','Casual');
INSERT INTO "RESTAURANT_FEATURE" ("RESTAURANT_ID","FEATURE_NAME","DESCRIPTION")VALUES('61666654','Outdoor Seating','Yes');
INSERT INTO "RESTAURANT_FEATURE" ("RESTAURANT_ID","FEATURE_NAME","DESCRIPTION")VALUES('61666654','Has TV','No');
INSERT INTO "OPENING_HOUR" ("DAY","RESTAURANT_ID","OPENING_TIME","CLOSING_TIME")VALUES('Mon','61666654','12:00 pm','12:00 am');
INSERT INTO "OPENING_HOUR" ("DAY","RESTAURANT_ID","OPENING_TIME","CLOSING_TIME")VALUES('Tue','61666654','12:00 pm','12:00 am');
INSERT INTO "OPENING_HOUR" ("DAY","RESTAURANT_ID","OPENING_TIME","CLOSING_TIME")VALUES('Wed','61666654','12:00 pm','12:00 am');
INSERT INTO "OPENING_HOUR" ("DAY","RESTAURANT_ID","OPENING_TIME","CLOSING_TIME")VALUES('Thu','61666654','12:00 pm','12:00 am');
INSERT INTO "OPENING_HOUR" ("DAY","RESTAURANT_ID","OPENING_TIME","CLOSING_TIME")VALUES('Fri','61666654','12:00 pm','12:00 am');
INSERT INTO "OPENING_HOUR" ("DAY","RESTAURANT_ID","OPENING_TIME","CLOSING_TIME")VALUES('Sat','61666654','12:00 pm','12:00 am');
INSERT INTO "OPENING_HOUR" ("DAY","RESTAURANT_ID","OPENING_TIME","CLOSING_TIME")VALUES('Sun','61666654','Open now','12:00 am');
INSERT INTO "USER_REVIEW" ("RESTAURANT_ID","REVIEW_DATE","COMMENT","REVIEW_RATING")VALUES('61666654','2015-12-01 13:19:09','I have to say that I didn''t have high expectations with this place. First of all, the menu had Mexican, Peruvian, and Argentinian sections. And somehow I...','4');
INSERT INTO "PHOTO" ("RESTAURANT_ID","PICTURE_URL")VALUES('61666654','https://s3-media1.fl.yelpcdn.com/photo/ToTju2zYCHa7hPAMdeK58w/o.jpg');
INSERT INTO "USER_REVIEW" ("RESTAURANT_ID","REVIEW_DATE","COMMENT","REVIEW_RATING")VALUES('61666654','2017-04-24 10:28:31','Good I loved the bloody mary with tequila and the totopos. I wished salsa were more spicy really hehe good background music.','4');
INSERT INTO "PHOTO" ("RESTAURANT_ID","PICTURE_URL")VALUES('61666654','https://s3-media2.fl.yelpcdn.com/photo/oom9-mm28vKYk8oe_u_1mQ/o.jpg');
INSERT INTO "USER_REVIEW" ("RESTAURANT_ID","REVIEW_DATE","COMMENT","REVIEW_RATING")VALUES('61666654','2015-12-12 11:02:12','Ordered the tapas sampler and everything was out of a can. Would have preferred a 3€ döner for food quality.','2');
INSERT INTO "PHOTO" ("RESTAURANT_ID","PICTURE_URL")VALUES('61666654','https://s3-media4.fl.yelpcdn.com/photo/xSyA-AVtjf63-zM_-5Mniw/o.jpg');
INSERT INTO "RESTAURANT_RATING" ("RESTAURANT_ID","SCALE","OVERALL_RATING","SOURCE")VALUES('61666654','5','4.2','Google Map');
INSERT INTO "USER_REVIEW" ("RESTAURANT_ID","REVIEW_DATE","COMMENT","REVIEW_RATING")VALUES('61666654','2017-11-09','Excellent South American food! Their food tastes like home','5');
INSERT INTO "USER_REVIEW" ("RESTAURANT_ID","REVIEW_DATE","COMMENT","REVIEW_RATING")VALUES('61666654','2017-03-21','On a Sunday night you travel from Berlin to Peru, simply by entering the restaurant. We went a little late on the evening, but we got seated, while most of the guest were dancing to the live music.
The food was simple and spectacular, the best ceviche ever tasted. Their drinks were colourful and strong, like the guest, we were all kind of people. You could tell it was a place to meet for the locals of South American descent, and you had to hide from not being invited to the dance floor.
Amazing atmosphere, we can not wait to visit Paracas again!','5');
INSERT INTO "USER_REVIEW" ("RESTAURANT_ID","REVIEW_DATE","COMMENT","REVIEW_RATING")VALUES('61666654','2017-10-16','Very nice Latin music, cocktails around 7 or 8€','3');
INSERT INTO "USER_REVIEW" ("RESTAURANT_ID","REVIEW_DATE","COMMENT","REVIEW_RATING")VALUES('61666654','2017-08-09','This is a great place in Berlin to taste Latin American flavors and hear Latin music. Service was a bit slow but the vibe was good for the waiting time. ','5');
INSERT INTO "USER_REVIEW" ("RESTAURANT_ID","REVIEW_DATE","COMMENT","REVIEW_RATING")VALUES('61666654','2017-08-21','Awesome place for classic Peruvian cuisine, antecuchos, secos, ceviche, ají de gallina, arroz con pollo.... highly recommended ... and I was there with Peruvians, they can vouch for it...:)','5');
INSERT INTO "LOCATION" ("LOCATION_ID","LOCATION_TYPE","ADDRESS","LONGITUDE","LATITUDE")VALUES('241','R','Lepsiusstr. 6312163 BerlinGermany','13.31734','52.46041');
INSERT INTO "RESTAURANT" ("RESTAURANT_ID","PRICERANGE","PHONE_NUMBER","WEBSITE")VALUES('84755745','€€€','+49 30 79789605','jungbluth-restaurant.de');
INSERT INTO "CUISINE" ("RESTAURANT_ID","CUISINE_TYPE")VALUES('84755745','Modern European');
INSERT INTO "RESTAURANT_RATING" ("RESTAURANT_ID","SCALE","OVERALL_RATING","SOURCE")VALUES('84755745','5','4.5','Yelp');
INSERT INTO "RESTAURANT_FEATURE" ("RESTAURANT_ID","FEATURE_NAME","DESCRIPTION")VALUES('84755745','Takes Reservations','Yes');
INSERT INTO "RESTAURANT_FEATURE" ("RESTAURANT_ID","FEATURE_NAME","DESCRIPTION")VALUES('84755745','Delivery','No');
INSERT INTO "RESTAURANT_FEATURE" ("RESTAURANT_ID","FEATURE_NAME","DESCRIPTION")VALUES('84755745','Take-out','No');
INSERT INTO "RESTAURANT_FEATURE" ("RESTAURANT_ID","FEATURE_NAME","DESCRIPTION")VALUES('84755745','Parking','Street');
INSERT INTO "RESTAURANT_FEATURE" ("RESTAURANT_ID","FEATURE_NAME","DESCRIPTION")VALUES('84755745','Good for Kids','Yes');
INSERT INTO "RESTAURANT_FEATURE" ("RESTAURANT_ID","FEATURE_NAME","DESCRIPTION")VALUES('84755745','Good for Groups','Yes');
INSERT INTO "RESTAURANT_FEATURE" ("RESTAURANT_ID","FEATURE_NAME","DESCRIPTION")VALUES('84755745','Attire','Casual');
INSERT INTO "RESTAURANT_FEATURE" ("RESTAURANT_ID","FEATURE_NAME","DESCRIPTION")VALUES('84755745','Noise Level','Average');
INSERT INTO "RESTAURANT_FEATURE" ("RESTAURANT_ID","FEATURE_NAME","DESCRIPTION")VALUES('84755745','Alcohol','Full Bar');
INSERT INTO "RESTAURANT_FEATURE" ("RESTAURANT_ID","FEATURE_NAME","DESCRIPTION")VALUES('84755745','Outdoor Seating','Yes');
INSERT INTO "RESTAURANT_FEATURE" ("RESTAURANT_ID","FEATURE_NAME","DESCRIPTION")VALUES('84755745','Has TV','No');
INSERT INTO "OPENING_HOUR" ("DAY","RESTAURANT_ID","OPENING_TIME","CLOSING_TIME")VALUES('Mon','84755745','12:00 pm','12:00 am');
INSERT INTO "OPENING_HOUR" ("DAY","RESTAURANT_ID","OPENING_TIME","CLOSING_TIME")VALUES('Tue','84755745','12:00 pm','12:00 am');
INSERT INTO "OPENING_HOUR" ("DAY","RESTAURANT_ID","OPENING_TIME","CLOSING_TIME")VALUES('Wed','84755745','12:00 pm','12:00 am');
INSERT INTO "OPENING_HOUR" ("DAY","RESTAURANT_ID","OPENING_TIME","CLOSING_TIME")VALUES('Thu','84755745','12:00 pm','12:00 am');
INSERT INTO "OPENING_HOUR" ("DAY","RESTAURANT_ID","OPENING_TIME","CLOSING_TIME")VALUES('Fri','84755745','12:00 pm','12:00 am');
INSERT INTO "OPENING_HOUR" ("DAY","RESTAURANT_ID","OPENING_TIME","CLOSING_TIME")VALUES('Sat','84755745','Open now','12:00 am');
INSERT INTO "USER_REVIEW" ("RESTAURANT_ID","REVIEW_DATE","COMMENT","REVIEW_RATING")VALUES('84755745','2016-08-28 01:04:19','Waitstaff was excellent, attentive, and knowledgeable. They have limited menu options but the food is excellent. Menu not available in English, but that''s...','5');
INSERT INTO "PHOTO" ("RESTAURANT_ID","PICTURE_URL")VALUES('84755745','https://s3-media4.fl.yelpcdn.com/photo/CoNDEY5S0drFnAw5D1JEiA/o.jpg');
INSERT INTO "USER_REVIEW" ("RESTAURANT_ID","REVIEW_DATE","COMMENT","REVIEW_RATING")VALUES('84755745','2014-09-26 00:34:09','Went there for a late dinner with my girlfriend and got a fancy restaurant service for simple restaurant prices. The waiter was super competent and...','5');
INSERT INTO "PHOTO" ("RESTAURANT_ID","PICTURE_URL")VALUES('84755745','https://s3-media3.fl.yelpcdn.com/photo/nGvigxHTw5Vj_ptoGJiHDg/o.jpg');
INSERT INTO "RESTAURANT_RATING" ("RESTAURANT_ID","SCALE","OVERALL_RATING","SOURCE")VALUES('84755745','5','0.0','Google Map');
INSERT INTO "LOCATION" ("LOCATION_ID","LOCATION_TYPE","ADDRESS","LONGITUDE","LATITUDE")VALUES('242','R','Panoramastr. 1 ABerliner Fernsehturm10178 BerlinGermany','13.4093969889','52.5208858536');
INSERT INTO "RESTAURANT" ("RESTAURANT_ID","PRICERANGE","PHONE_NUMBER","WEBSITE")VALUES('35869026','€€€','+49 30 247575875','tv-turm.de/de/restaurant.php');
INSERT INTO "CUISINE" ("RESTAURANT_ID","CUISINE_TYPE")VALUES('35869026','German');
INSERT INTO "CUISINE" ("RESTAURANT_ID","CUISINE_TYPE")VALUES('35869026','International');
INSERT INTO "RESTAURANT_RATING" ("RESTAURANT_ID","SCALE","OVERALL_RATING","SOURCE")VALUES('35869026','5','3.5','Yelp');
INSERT INTO "RESTAURANT_FEATURE" ("RESTAURANT_ID","FEATURE_NAME","DESCRIPTION")VALUES('35869026','Takes Reservations','Yes');
INSERT INTO "RESTAURANT_FEATURE" ("RESTAURANT_ID","FEATURE_NAME","DESCRIPTION")VALUES('35869026','Delivery','No');
INSERT INTO "RESTAURANT_FEATURE" ("RESTAURANT_ID","FEATURE_NAME","DESCRIPTION")VALUES('35869026','Take-out','No');
INSERT INTO "RESTAURANT_FEATURE" ("RESTAURANT_ID","FEATURE_NAME","DESCRIPTION")VALUES('35869026','Accepted Cards','Credit, Debit');
INSERT INTO "RESTAURANT_FEATURE" ("RESTAURANT_ID","FEATURE_NAME","DESCRIPTION")VALUES('35869026','Accepts Bitcoin','No');
INSERT INTO "RESTAURANT_FEATURE" ("RESTAURANT_ID","FEATURE_NAME","DESCRIPTION")VALUES('35869026','Parking','Street');
INSERT INTO "RESTAURANT_FEATURE" ("RESTAURANT_ID","FEATURE_NAME","DESCRIPTION")VALUES('35869026','Good for Kids','Yes');
INSERT INTO "RESTAURANT_FEATURE" ("RESTAURANT_ID","FEATURE_NAME","DESCRIPTION")VALUES('35869026','Good for Groups','Yes');
INSERT INTO "RESTAURANT_FEATURE" ("RESTAURANT_ID","FEATURE_NAME","DESCRIPTION")VALUES('35869026','Attire','Casual');
INSERT INTO "RESTAURANT_FEATURE" ("RESTAURANT_ID","FEATURE_NAME","DESCRIPTION")VALUES('35869026','Ambience','Touristy');
INSERT INTO "RESTAURANT_FEATURE" ("RESTAURANT_ID","FEATURE_NAME","DESCRIPTION")VALUES('35869026','Noise Level','Average');
INSERT INTO "RESTAURANT_FEATURE" ("RESTAURANT_ID","FEATURE_NAME","DESCRIPTION")VALUES('35869026','Alcohol','Beer & Wine Only');
INSERT INTO "RESTAURANT_FEATURE" ("RESTAURANT_ID","FEATURE_NAME","DESCRIPTION")VALUES('35869026','Outdoor Seating','No');
INSERT INTO "RESTAURANT_FEATURE" ("RESTAURANT_ID","FEATURE_NAME","DESCRIPTION")VALUES('35869026','Wi-Fi','Free');
INSERT INTO "RESTAURANT_FEATURE" ("RESTAURANT_ID","FEATURE_NAME","DESCRIPTION")VALUES('35869026','Has TV','No');
INSERT INTO "RESTAURANT_FEATURE" ("RESTAURANT_ID","FEATURE_NAME","DESCRIPTION")VALUES('35869026','Caters','No');
INSERT INTO "OPENING_HOUR" ("DAY","RESTAURANT_ID","OPENING_TIME","CLOSING_TIME")VALUES('Mon','35869026','9:00 am','12:00 am');
INSERT INTO "OPENING_HOUR" ("DAY","RESTAURANT_ID","OPENING_TIME","CLOSING_TIME")VALUES('Tue','35869026','9:00 am','12:00 am');
INSERT INTO "OPENING_HOUR" ("DAY","RESTAURANT_ID","OPENING_TIME","CLOSING_TIME")VALUES('Wed','35869026','9:00 am','12:00 am');
INSERT INTO "OPENING_HOUR" ("DAY","RESTAURANT_ID","OPENING_TIME","CLOSING_TIME")VALUES('Thu','35869026','9:00 am','12:00 am');
INSERT INTO "OPENING_HOUR" ("DAY","RESTAURANT_ID","OPENING_TIME","CLOSING_TIME")VALUES('Fri','35869026','9:00 am','12:00 am');
INSERT INTO "OPENING_HOUR" ("DAY","RESTAURANT_ID","OPENING_TIME","CLOSING_TIME")VALUES('Sat','35869026','9:00 am','12:00 am');
INSERT INTO "OPENING_HOUR" ("DAY","RESTAURANT_ID","OPENING_TIME","CLOSING_TIME")VALUES('Sun','35869026','Open now','12:00 am');
INSERT INTO "USER_REVIEW" ("RESTAURANT_ID","REVIEW_DATE","COMMENT","REVIEW_RATING")VALUES('35869026','2018-01-19 11:03:37','Along with a couple of friends I booked a VIP dinner in Sphere Restaurant at Berliner Fernsehturm on 24/10/2017. For the sum of 80 Euro each we obtained...','4');
INSERT INTO "PHOTO" ("RESTAURANT_ID","PICTURE_URL")VALUES('35869026','https://s3-media3.fl.yelpcdn.com/photo/OYVxzgUldT7-_Xqn0xWCqw/o.jpg');
INSERT INTO "USER_REVIEW" ("RESTAURANT_ID","REVIEW_DATE","COMMENT","REVIEW_RATING")VALUES('35869026','2018-01-18 18:25:39','The needle itself is a very cool object. The restaurant itself is also very entertaining us the outside circle where the tables are seated is spinning...','3');
INSERT INTO "PHOTO" ("RESTAURANT_ID","PICTURE_URL")VALUES('35869026','https://s3-media1.fl.yelpcdn.com/photo/rhP7KeS8JkfU9nF3uwvRPA/o.jpg');
INSERT INTO "USER_REVIEW" ("RESTAURANT_ID","REVIEW_DATE","COMMENT","REVIEW_RATING")VALUES('35869026','2017-10-10 08:15:27','Sooooo kinda lame, said the restaurant was booked a week in advanced. When we got up to the viewing area we asked the host if they had any tables available....','2');
INSERT INTO "PHOTO" ("RESTAURANT_ID","PICTURE_URL")VALUES('35869026','https://s3-media4.fl.yelpcdn.com/photo/bo1m02jkL2TTt7hO_1wN3A/o.jpg');
INSERT INTO "LOCATION" ("LOCATION_ID","LOCATION_TYPE","ADDRESS","LONGITUDE","LATITUDE")VALUES('243','R','Maybachufer 1412047 BerlinGermany','13.42555','52.49418');
INSERT INTO "RESTAURANT" ("RESTAURANT_ID","PRICERANGE","PHONE_NUMBER","WEBSITE")VALUES('61504500','€€','+49 30 6941048','None');
INSERT INTO "CUISINE" ("RESTAURANT_ID","CUISINE_TYPE")VALUES('61504500','French');
INSERT INTO "RESTAURANT_RATING" ("RESTAURANT_ID","SCALE","OVERALL_RATING","SOURCE")VALUES('61504500','5','4.0','Yelp');
INSERT INTO "RESTAURANT_FEATURE" ("RESTAURANT_ID","FEATURE_NAME","DESCRIPTION")VALUES('61504500','Takes Reservations','Yes');
INSERT INTO "RESTAURANT_FEATURE" ("RESTAURANT_ID","FEATURE_NAME","DESCRIPTION")VALUES('61504500','Delivery','No');
INSERT INTO "RESTAURANT_FEATURE" ("RESTAURANT_ID","FEATURE_NAME","DESCRIPTION")VALUES('61504500','Take-out','No');
INSERT INTO "RESTAURANT_FEATURE" ("RESTAURANT_ID","FEATURE_NAME","DESCRIPTION")VALUES('61504500','Accepted Cards','None');
INSERT INTO "RESTAURANT_FEATURE" ("RESTAURANT_ID","FEATURE_NAME","DESCRIPTION")VALUES('61504500','Parking','Street');
INSERT INTO "RESTAURANT_FEATURE" ("RESTAURANT_ID","FEATURE_NAME","DESCRIPTION")VALUES('61504500','Good for Kids','No');
INSERT INTO "RESTAURANT_FEATURE" ("RESTAURANT_ID","FEATURE_NAME","DESCRIPTION")VALUES('61504500','Good for Groups','Yes');
INSERT INTO "RESTAURANT_FEATURE" ("RESTAURANT_ID","FEATURE_NAME","DESCRIPTION")VALUES('61504500','Attire','Casual');
INSERT INTO "RESTAURANT_FEATURE" ("RESTAURANT_ID","FEATURE_NAME","DESCRIPTION")VALUES('61504500','Noise Level','Average');
INSERT INTO "RESTAURANT_FEATURE" ("RESTAURANT_ID","FEATURE_NAME","DESCRIPTION")VALUES('61504500','Alcohol','Beer & Wine Only');
INSERT INTO "RESTAURANT_FEATURE" ("RESTAURANT_ID","FEATURE_NAME","DESCRIPTION")VALUES('61504500','Outdoor Seating','Yes');
INSERT INTO "RESTAURANT_FEATURE" ("RESTAURANT_ID","FEATURE_NAME","DESCRIPTION")VALUES('61504500','Wi-Fi','No');
INSERT INTO "RESTAURANT_FEATURE" ("RESTAURANT_ID","FEATURE_NAME","DESCRIPTION")VALUES('61504500','Has TV','No');
INSERT INTO "OPENING_HOUR" ("DAY","RESTAURANT_ID","OPENING_TIME","CLOSING_TIME")VALUES('Mon','61504500','6:00 pm','12:00 am');
INSERT INTO "OPENING_HOUR" ("DAY","RESTAURANT_ID","OPENING_TIME","CLOSING_TIME")VALUES('Tue','61504500','6:00 pm','12:00 am');
INSERT INTO "OPENING_HOUR" ("DAY","RESTAURANT_ID","OPENING_TIME","CLOSING_TIME")VALUES('Wed','61504500','6:00 pm','12:00 am');
INSERT INTO "OPENING_HOUR" ("DAY","RESTAURANT_ID","OPENING_TIME","CLOSING_TIME")VALUES('Thu','61504500','6:00 pm','12:00 am');
INSERT INTO "OPENING_HOUR" ("DAY","RESTAURANT_ID","OPENING_TIME","CLOSING_TIME")VALUES('Fri','61504500','6:00 pm','12:00 am');
INSERT INTO "OPENING_HOUR" ("DAY","RESTAURANT_ID","OPENING_TIME","CLOSING_TIME")VALUES('Sat','61504500','6:00 pm','12:00 am');
INSERT INTO "OPENING_HOUR" ("DAY","RESTAURANT_ID","OPENING_TIME","CLOSING_TIME")VALUES('Sun','61504500','Open now','12:00 am');
INSERT INTO "USER_REVIEW" ("RESTAURANT_ID","REVIEW_DATE","COMMENT","REVIEW_RATING")VALUES('61504500','2016-09-10 00:07:40','Food is delicious, there''s no arguing in that. 
Came here with a group of 15 people to celebrate my birthday! We called in advance and booked the table, so...','4');
INSERT INTO "PHOTO" ("RESTAURANT_ID","PICTURE_URL")VALUES('61504500','https://s3-media4.fl.yelpcdn.com/photo/5LErmrFbm2JqA71-IhLLFQ/o.jpg');
INSERT INTO "USER_REVIEW" ("RESTAURANT_ID","REVIEW_DATE","COMMENT","REVIEW_RATING")VALUES('61504500','2016-05-17 04:05:15','Hidden gem. CASH ONLY. Great for dates.

North African/French cuisine, with nice wine assortment.  My bf & I are meat lovers & enjoy the mixed grill...','4');
INSERT INTO "PHOTO" ("RESTAURANT_ID","PICTURE_URL")VALUES('61504500','https://s3-media1.fl.yelpcdn.com/photo/EVh-NCKagD8NyKMjCf-lpA/o.jpg');
INSERT INTO "USER_REVIEW" ("RESTAURANT_ID","REVIEW_DATE","COMMENT","REVIEW_RATING")VALUES('61504500','2016-12-29 17:07:10','Wow... this place bomb. Dude with long hair was so nice and he even translated the menu in French but I don''t speak French so he reversed straight to...','5');
INSERT INTO "PHOTO" ("RESTAURANT_ID","PICTURE_URL")VALUES('61504500','https://s3-media1.fl.yelpcdn.com/photo/R4xuNzRNXv4GaX4p_ZSpQQ/o.jpg');
INSERT INTO "LOCATION" ("LOCATION_ID","LOCATION_TYPE","ADDRESS","LONGITUDE","LATITUDE")VALUES('244','R','Huttenstr. 510553 BerlinGermany','13.32718','52.52774');
INSERT INTO "RESTAURANT" ("RESTAURANT_ID","PRICERANGE","PHONE_NUMBER","WEBSITE")VALUES('58558420','€','+49 30 28459383','None');
INSERT INTO "CUISINE" ("RESTAURANT_ID","CUISINE_TYPE")VALUES('58558420','Lebanese');
INSERT INTO "RESTAURANT_RATING" ("RESTAURANT_ID","SCALE","OVERALL_RATING","SOURCE")VALUES('58558420','5','4.5','Yelp');
INSERT INTO "RESTAURANT_FEATURE" ("RESTAURANT_ID","FEATURE_NAME","DESCRIPTION")VALUES('58558420','Takes Reservations','No');
INSERT INTO "RESTAURANT_FEATURE" ("RESTAURANT_ID","FEATURE_NAME","DESCRIPTION")VALUES('58558420','Delivery','No');
INSERT INTO "RESTAURANT_FEATURE" ("RESTAURANT_ID","FEATURE_NAME","DESCRIPTION")VALUES('58558420','Take-out','Yes');
INSERT INTO "RESTAURANT_FEATURE" ("RESTAURANT_ID","FEATURE_NAME","DESCRIPTION")VALUES('58558420','Good for Kids','Yes');
INSERT INTO "RESTAURANT_FEATURE" ("RESTAURANT_ID","FEATURE_NAME","DESCRIPTION")VALUES('58558420','Good for Groups','Yes');
INSERT INTO "RESTAURANT_FEATURE" ("RESTAURANT_ID","FEATURE_NAME","DESCRIPTION")VALUES('58558420','Attire','Casual');
INSERT INTO "RESTAURANT_FEATURE" ("RESTAURANT_ID","FEATURE_NAME","DESCRIPTION")VALUES('58558420','Noise Level','Very Loud');
INSERT INTO "RESTAURANT_FEATURE" ("RESTAURANT_ID","FEATURE_NAME","DESCRIPTION")VALUES('58558420','Alcohol','No');
INSERT INTO "RESTAURANT_FEATURE" ("RESTAURANT_ID","FEATURE_NAME","DESCRIPTION")VALUES('58558420','Has TV','No');
INSERT INTO "USER_REVIEW" ("RESTAURANT_ID","REVIEW_DATE","COMMENT","REVIEW_RATING")VALUES('58558420','2015-04-08 05:03:11','My favorite place for arabic fast food in the Moabit area, The speciality here is: Manaqeesh! or arabic pizza, which is the best in Berlin without a...','5');
INSERT INTO "PHOTO" ("RESTAURANT_ID","PICTURE_URL")VALUES('58558420','https://s3-media4.fl.yelpcdn.com/photo/FTMK5VlZ3c_UEvWekL91sw/o.jpg');
INSERT INTO "USER_REVIEW" ("RESTAURANT_ID","REVIEW_DATE","COMMENT","REVIEW_RATING")VALUES('58558420','2016-05-01 14:21:53','Great Manaqish and a great selection of Lebanese dishes.','5');
INSERT INTO "PHOTO" ("RESTAURANT_ID","PICTURE_URL")VALUES('58558420','https://s3-media1.fl.yelpcdn.com/photo/QeIjla-35WIOz9op35iIEA/o.jpg');
INSERT INTO "USER_REVIEW" ("RESTAURANT_ID","REVIEW_DATE","COMMENT","REVIEW_RATING")VALUES('58558420','2015-04-01 05:38:00','It is of course fast food - but really fresh and FAST :) these guys are just amazing and always in good mood - your dish is ready before you even paid for...','5');
INSERT INTO "PHOTO" ("RESTAURANT_ID","PICTURE_URL")VALUES('58558420','https://s3-media1.fl.yelpcdn.com/photo/s0a9MWznYAHdrJEqG5Wv1A/o.jpg');
INSERT INTO "LOCATION" ("LOCATION_ID","LOCATION_TYPE","ADDRESS","LONGITUDE","LATITUDE")VALUES('245','R','Torstr. 13210119 BerlinGermany','13.40013','52.52935');
INSERT INTO "RESTAURANT" ("RESTAURANT_ID","PRICERANGE","PHONE_NUMBER","WEBSITE")VALUES('68660685','€€','+49 172 8538805','sucreetsel.de');
INSERT INTO "CUISINE" ("RESTAURANT_ID","CUISINE_TYPE")VALUES('68660685','Bistros');
INSERT INTO "CUISINE" ("RESTAURANT_ID","CUISINE_TYPE")VALUES('68660685','Cafes');
INSERT INTO "RESTAURANT_RATING" ("RESTAURANT_ID","SCALE","OVERALL_RATING","SOURCE")VALUES('68660685','5','4.0','Yelp');
INSERT INTO "RESTAURANT_FEATURE" ("RESTAURANT_ID","FEATURE_NAME","DESCRIPTION")VALUES('68660685','Takes Reservations','Yes');
INSERT INTO "RESTAURANT_FEATURE" ("RESTAURANT_ID","FEATURE_NAME","DESCRIPTION")VALUES('68660685','Delivery','No');
INSERT INTO "RESTAURANT_FEATURE" ("RESTAURANT_ID","FEATURE_NAME","DESCRIPTION")VALUES('68660685','Take-out','Yes');
INSERT INTO "RESTAURANT_FEATURE" ("RESTAURANT_ID","FEATURE_NAME","DESCRIPTION")VALUES('68660685','Accepts Bitcoin','No');
INSERT INTO "RESTAURANT_FEATURE" ("RESTAURANT_ID","FEATURE_NAME","DESCRIPTION")VALUES('68660685','Parking','Street');
INSERT INTO "RESTAURANT_FEATURE" ("RESTAURANT_ID","FEATURE_NAME","DESCRIPTION")VALUES('68660685','Good for Kids','Yes');
INSERT INTO "RESTAURANT_FEATURE" ("RESTAURANT_ID","FEATURE_NAME","DESCRIPTION")VALUES('68660685','Good for Groups','Yes');
INSERT INTO "RESTAURANT_FEATURE" ("RESTAURANT_ID","FEATURE_NAME","DESCRIPTION")VALUES('68660685','Attire','Casual');
INSERT INTO "RESTAURANT_FEATURE" ("RESTAURANT_ID","FEATURE_NAME","DESCRIPTION")VALUES('68660685','Ambience','Casual');
INSERT INTO "RESTAURANT_FEATURE" ("RESTAURANT_ID","FEATURE_NAME","DESCRIPTION")VALUES('68660685','Noise Level','Loud');
INSERT INTO "RESTAURANT_FEATURE" ("RESTAURANT_ID","FEATURE_NAME","DESCRIPTION")VALUES('68660685','Alcohol','Full Bar');
INSERT INTO "RESTAURANT_FEATURE" ("RESTAURANT_ID","FEATURE_NAME","DESCRIPTION")VALUES('68660685','Outdoor Seating','Yes');
INSERT INTO "RESTAURANT_FEATURE" ("RESTAURANT_ID","FEATURE_NAME","DESCRIPTION")VALUES('68660685','Wi-Fi','Free');
INSERT INTO "RESTAURANT_FEATURE" ("RESTAURANT_ID","FEATURE_NAME","DESCRIPTION")VALUES('68660685','Has TV','No');
INSERT INTO "RESTAURANT_FEATURE" ("RESTAURANT_ID","FEATURE_NAME","DESCRIPTION")VALUES('68660685','Caters','Yes');
INSERT INTO "OPENING_HOUR" ("DAY","RESTAURANT_ID","OPENING_TIME","CLOSING_TIME")VALUES('Mon','68660685','11:30 am','12:00 am');
INSERT INTO "OPENING_HOUR" ("DAY","RESTAURANT_ID","OPENING_TIME","CLOSING_TIME")VALUES('Tue','68660685','11:30 am','12:00 am');
INSERT INTO "OPENING_HOUR" ("DAY","RESTAURANT_ID","OPENING_TIME","CLOSING_TIME")VALUES('Wed','68660685','11:30 am','12:00 am');
INSERT INTO "OPENING_HOUR" ("DAY","RESTAURANT_ID","OPENING_TIME","CLOSING_TIME")VALUES('Thu','68660685','11:30 am','12:00 am');
INSERT INTO "OPENING_HOUR" ("DAY","RESTAURANT_ID","OPENING_TIME","CLOSING_TIME")VALUES('Fri','68660685','11:30 am','12:00 am');
INSERT INTO "OPENING_HOUR" ("DAY","RESTAURANT_ID","OPENING_TIME","CLOSING_TIME")VALUES('Sat','68660685','10:00 am','12:00 am');
INSERT INTO "OPENING_HOUR" ("DAY","RESTAURANT_ID","OPENING_TIME","CLOSING_TIME")VALUES('Sun','68660685','Open now','12:00 am');
INSERT INTO "USER_REVIEW" ("RESTAURANT_ID","REVIEW_DATE","COMMENT","REVIEW_RATING")VALUES('68660685','2017-08-10 03:28:01','I really like the bistro.  Foods and service are great.   It is cosy and have nice atmosphere.  
I would love to come back....','5');
INSERT INTO "PHOTO" ("RESTAURANT_ID","PICTURE_URL")VALUES('68660685','https://s3-media3.fl.yelpcdn.com/photo/RAGuUnZjpeeUQzARc2gzMg/o.jpg');
INSERT INTO "USER_REVIEW" ("RESTAURANT_ID","REVIEW_DATE","COMMENT","REVIEW_RATING")VALUES('68660685','2018-01-07 16:53:45','We came at 6 pm and service was very slow. We ordered the cheese plate and asked for the salmon. We were then told that they ran out of salmon but had...','2');
INSERT INTO "PHOTO" ("RESTAURANT_ID","PICTURE_URL")VALUES('68660685','https://s3-media1.fl.yelpcdn.com/photo/uqdqFZTG-5lKWoIIZGZvlA/o.jpg');
INSERT INTO "USER_REVIEW" ("RESTAURANT_ID","REVIEW_DATE","COMMENT","REVIEW_RATING")VALUES('68660685','2017-10-25 10:31:35','Great food and great service.  Very nice atmosphere.  Try their chicken dish and creme brulee for dessert.  Absolutely delicious food.','5');
INSERT INTO "PHOTO" ("RESTAURANT_ID","PICTURE_URL")VALUES('68660685','https://s3-media3.fl.yelpcdn.com/photo/9w0mFkxfQNsPNN_Eq9ym9Q/o.jpg');
INSERT INTO "LOCATION" ("LOCATION_ID","LOCATION_TYPE","ADDRESS","LONGITUDE","LATITUDE")VALUES('246','R','Alt-Moabit 9810559 BerlinGermany','13.34640134','52.5241825629');
INSERT INTO "RESTAURANT" ("RESTAURANT_ID","PRICERANGE","PHONE_NUMBER","WEBSITE")VALUES('27802435','€€','+49 30 39881426','paulaners-berlin.de');
INSERT INTO "CUISINE" ("RESTAURANT_ID","CUISINE_TYPE")VALUES('27802435','Bavarian');
INSERT INTO "CUISINE" ("RESTAURANT_ID","CUISINE_TYPE")VALUES('27802435','Gastropubs');
INSERT INTO "RESTAURANT_RATING" ("RESTAURANT_ID","SCALE","OVERALL_RATING","SOURCE")VALUES('27802435','5','4.0','Yelp');
INSERT INTO "RESTAURANT_FEATURE" ("RESTAURANT_ID","FEATURE_NAME","DESCRIPTION")VALUES('27802435','Takes Reservations','Yes');
INSERT INTO "RESTAURANT_FEATURE" ("RESTAURANT_ID","FEATURE_NAME","DESCRIPTION")VALUES('27802435','Delivery','No');
INSERT INTO "RESTAURANT_FEATURE" ("RESTAURANT_ID","FEATURE_NAME","DESCRIPTION")VALUES('27802435','Take-out','No');
INSERT INTO "RESTAURANT_FEATURE" ("RESTAURANT_ID","FEATURE_NAME","DESCRIPTION")VALUES('27802435','Accepted Cards','Credit, Debit');
INSERT INTO "RESTAURANT_FEATURE" ("RESTAURANT_ID","FEATURE_NAME","DESCRIPTION")VALUES('27802435','Good For','Lunch, Dinner');
INSERT INTO "RESTAURANT_FEATURE" ("RESTAURANT_ID","FEATURE_NAME","DESCRIPTION")VALUES('27802435','Parking','Street');
INSERT INTO "RESTAURANT_FEATURE" ("RESTAURANT_ID","FEATURE_NAME","DESCRIPTION")VALUES('27802435','Good for Kids','Yes');
INSERT INTO "RESTAURANT_FEATURE" ("RESTAURANT_ID","FEATURE_NAME","DESCRIPTION")VALUES('27802435','Good for Groups','Yes');
INSERT INTO "RESTAURANT_FEATURE" ("RESTAURANT_ID","FEATURE_NAME","DESCRIPTION")VALUES('27802435','Attire','Casual');
INSERT INTO "RESTAURANT_FEATURE" ("RESTAURANT_ID","FEATURE_NAME","DESCRIPTION")VALUES('27802435','Noise Level','Average');
INSERT INTO "RESTAURANT_FEATURE" ("RESTAURANT_ID","FEATURE_NAME","DESCRIPTION")VALUES('27802435','Alcohol','Full Bar');
INSERT INTO "RESTAURANT_FEATURE" ("RESTAURANT_ID","FEATURE_NAME","DESCRIPTION")VALUES('27802435','Outdoor Seating','Yes');
INSERT INTO "RESTAURANT_FEATURE" ("RESTAURANT_ID","FEATURE_NAME","DESCRIPTION")VALUES('27802435','Wi-Fi','No');
INSERT INTO "RESTAURANT_FEATURE" ("RESTAURANT_ID","FEATURE_NAME","DESCRIPTION")VALUES('27802435','Has TV','Yes');
INSERT INTO "OPENING_HOUR" ("DAY","RESTAURANT_ID","OPENING_TIME","CLOSING_TIME")VALUES('Mon','27802435','11:00 am','1:00 am');
INSERT INTO "OPENING_HOUR" ("DAY","RESTAURANT_ID","OPENING_TIME","CLOSING_TIME")VALUES('Tue','27802435','11:00 am','1:00 am');
INSERT INTO "OPENING_HOUR" ("DAY","RESTAURANT_ID","OPENING_TIME","CLOSING_TIME")VALUES('Wed','27802435','11:00 am','1:00 am');
INSERT INTO "OPENING_HOUR" ("DAY","RESTAURANT_ID","OPENING_TIME","CLOSING_TIME")VALUES('Thu','27802435','11:00 am','1:00 am');
INSERT INTO "OPENING_HOUR" ("DAY","RESTAURANT_ID","OPENING_TIME","CLOSING_TIME")VALUES('Fri','27802435','11:00 am','1:00 am');
INSERT INTO "OPENING_HOUR" ("DAY","RESTAURANT_ID","OPENING_TIME","CLOSING_TIME")VALUES('Sat','27802435','11:00 am','1:00 am');
INSERT INTO "OPENING_HOUR" ("DAY","RESTAURANT_ID","OPENING_TIME","CLOSING_TIME")VALUES('Sun','27802435','Open now','12:00 am');
INSERT INTO "USER_REVIEW" ("RESTAURANT_ID","REVIEW_DATE","COMMENT","REVIEW_RATING")VALUES('27802435','2017-01-06 12:21:54','We had a great experience at this place. The staff was very welcoming to us Americans, there was a lovely vibe to the restaurant, and the food was fast and...','5');
INSERT INTO "PHOTO" ("RESTAURANT_ID","PICTURE_URL")VALUES('27802435','https://s3-media4.fl.yelpcdn.com/photo/xPKLooulrlFO2IsjEmqN_Q/o.jpg');
INSERT INTO "USER_REVIEW" ("RESTAURANT_ID","REVIEW_DATE","COMMENT","REVIEW_RATING")VALUES('27802435','2013-08-14 13:06:41','If you are in Berlin and wan"t to enjoy solid German food against a reasonable price and friendly service, Paulaners is a good place to go.
Situated in a...','3');
INSERT INTO "PHOTO" ("RESTAURANT_ID","PICTURE_URL")VALUES('27802435','https://s3-media4.fl.yelpcdn.com/photo/JiWVwUyIhxhcJtBwZq7E6g/o.jpg');
INSERT INTO "LOCATION" ("LOCATION_ID","LOCATION_TYPE","ADDRESS","LONGITUDE","LATITUDE")VALUES('247','R','Charlottenstr. 1310969 BerlinGermany','13.39259','52.50707');
INSERT INTO "RESTAURANT" ("RESTAURANT_ID","PRICERANGE","PHONE_NUMBER","WEBSITE")VALUES('15217030','€','+49 30 23396708','kirsons.de');
INSERT INTO "CUISINE" ("RESTAURANT_ID","CUISINE_TYPE")VALUES('15217030','German');
INSERT INTO "RESTAURANT_RATING" ("RESTAURANT_ID","SCALE","OVERALL_RATING","SOURCE")VALUES('15217030','5','4.0','Yelp');
INSERT INTO "RESTAURANT_FEATURE" ("RESTAURANT_ID","FEATURE_NAME","DESCRIPTION")VALUES('15217030','Takes Reservations','Yes');
INSERT INTO "RESTAURANT_FEATURE" ("RESTAURANT_ID","FEATURE_NAME","DESCRIPTION")VALUES('15217030','Delivery','No');
INSERT INTO "RESTAURANT_FEATURE" ("RESTAURANT_ID","FEATURE_NAME","DESCRIPTION")VALUES('15217030','Take-out','Yes');
INSERT INTO "RESTAURANT_FEATURE" ("RESTAURANT_ID","FEATURE_NAME","DESCRIPTION")VALUES('15217030','Accepted Cards','Credit, Debit');
INSERT INTO "RESTAURANT_FEATURE" ("RESTAURANT_ID","FEATURE_NAME","DESCRIPTION")VALUES('15217030','Good For','Lunch');
INSERT INTO "RESTAURANT_FEATURE" ("RESTAURANT_ID","FEATURE_NAME","DESCRIPTION")VALUES('15217030','Wheelchair Accessible','Yes');
INSERT INTO "RESTAURANT_FEATURE" ("RESTAURANT_ID","FEATURE_NAME","DESCRIPTION")VALUES('15217030','Good for Kids','Yes');
INSERT INTO "RESTAURANT_FEATURE" ("RESTAURANT_ID","FEATURE_NAME","DESCRIPTION")VALUES('15217030','Good for Groups','Yes');
INSERT INTO "RESTAURANT_FEATURE" ("RESTAURANT_ID","FEATURE_NAME","DESCRIPTION")VALUES('15217030','Attire','Casual');
INSERT INTO "RESTAURANT_FEATURE" ("RESTAURANT_ID","FEATURE_NAME","DESCRIPTION")VALUES('15217030','Noise Level','Average');
INSERT INTO "RESTAURANT_FEATURE" ("RESTAURANT_ID","FEATURE_NAME","DESCRIPTION")VALUES('15217030','Alcohol','Full Bar');
INSERT INTO "RESTAURANT_FEATURE" ("RESTAURANT_ID","FEATURE_NAME","DESCRIPTION")VALUES('15217030','Outdoor Seating','Yes');
INSERT INTO "RESTAURANT_FEATURE" ("RESTAURANT_ID","FEATURE_NAME","DESCRIPTION")VALUES('15217030','Wi-Fi','Free');
INSERT INTO "RESTAURANT_FEATURE" ("RESTAURANT_ID","FEATURE_NAME","DESCRIPTION")VALUES('15217030','Has TV','No');
INSERT INTO "RESTAURANT_FEATURE" ("RESTAURANT_ID","FEATURE_NAME","DESCRIPTION")VALUES('15217030','Dogs Allowed','No');
INSERT INTO "RESTAURANT_FEATURE" ("RESTAURANT_ID","FEATURE_NAME","DESCRIPTION")VALUES('15217030','Waiter Service','No');
INSERT INTO "RESTAURANT_FEATURE" ("RESTAURANT_ID","FEATURE_NAME","DESCRIPTION")VALUES('15217030','Caters','No');
INSERT INTO "OPENING_HOUR" ("DAY","RESTAURANT_ID","OPENING_TIME","CLOSING_TIME")VALUES('Mon','15217030','11:00 am','7:00 pm');
INSERT INTO "OPENING_HOUR" ("DAY","RESTAURANT_ID","OPENING_TIME","CLOSING_TIME")VALUES('Tue','15217030','11:00 am','7:00 pm');
INSERT INTO "OPENING_HOUR" ("DAY","RESTAURANT_ID","OPENING_TIME","CLOSING_TIME")VALUES('Wed','15217030','11:00 am','7:00 pm');
INSERT INTO "OPENING_HOUR" ("DAY","RESTAURANT_ID","OPENING_TIME","CLOSING_TIME")VALUES('Thu','15217030','11:00 am','7:00 pm');
INSERT INTO "OPENING_HOUR" ("DAY","RESTAURANT_ID","OPENING_TIME","CLOSING_TIME")VALUES('Fri','15217030','11:00 am','7:00 pm');
INSERT INTO "OPENING_HOUR" ("DAY","RESTAURANT_ID","OPENING_TIME","CLOSING_TIME")VALUES('Sat','15217030','1:00 pm','7:00 pm');
INSERT INTO "USER_REVIEW" ("RESTAURANT_ID","REVIEW_DATE","COMMENT","REVIEW_RATING")VALUES('15217030','2017-11-11 05:32:02','I was hungry but wanted a light lunch and was very happy to come across kirsons. It is a cozy restaurant with lots of tables and room to spread out, with...','5');
INSERT INTO "PHOTO" ("RESTAURANT_ID","PICTURE_URL")VALUES('15217030','https://s3-media2.fl.yelpcdn.com/photo/IJ7sgtfEEzT_KLdvkz9Y1g/o.jpg');
INSERT INTO "USER_REVIEW" ("RESTAURANT_ID","REVIEW_DATE","COMMENT","REVIEW_RATING")VALUES('15217030','2016-06-11 04:23:18','For the time being this is a pale imitation of Lido in Latvia. It seems that all the ingredients are sourced in Germany, so the food tastes very different...','2');
INSERT INTO "PHOTO" ("RESTAURANT_ID","PICTURE_URL")VALUES('15217030','https://s3-media3.fl.yelpcdn.com/photo/HP3dh7W7_lFqtPC-lb8ITg/o.jpg');
INSERT INTO "LOCATION" ("LOCATION_ID","LOCATION_TYPE","ADDRESS","LONGITUDE","LATITUDE")VALUES('248','R','Berliner Str. 12410713 BerlinGermany','13.31901','52.4863799');
INSERT INTO "RESTAURANT" ("RESTAURANT_ID","PRICERANGE","PHONE_NUMBER","WEBSITE")VALUES('56066046','€','+49 30 8221178','ristoranteischia.de');
INSERT INTO "CUISINE" ("RESTAURANT_ID","CUISINE_TYPE")VALUES('56066046','Pizza');
INSERT INTO "CUISINE" ("RESTAURANT_ID","CUISINE_TYPE")VALUES('56066046','Italian');
INSERT INTO "RESTAURANT_RATING" ("RESTAURANT_ID","SCALE","OVERALL_RATING","SOURCE")VALUES('56066046','5','4.5','Yelp');
INSERT INTO "RESTAURANT_FEATURE" ("RESTAURANT_ID","FEATURE_NAME","DESCRIPTION")VALUES('56066046','Takes Reservations','Yes');
INSERT INTO "RESTAURANT_FEATURE" ("RESTAURANT_ID","FEATURE_NAME","DESCRIPTION")VALUES('56066046','Delivery','Yes');
INSERT INTO "RESTAURANT_FEATURE" ("RESTAURANT_ID","FEATURE_NAME","DESCRIPTION")VALUES('56066046','Take-out','Yes');
INSERT INTO "RESTAURANT_FEATURE" ("RESTAURANT_ID","FEATURE_NAME","DESCRIPTION")VALUES('56066046','Accepted Cards','Credit, Debit');
INSERT INTO "RESTAURANT_FEATURE" ("RESTAURANT_ID","FEATURE_NAME","DESCRIPTION")VALUES('56066046','Good for Kids','Yes');
INSERT INTO "RESTAURANT_FEATURE" ("RESTAURANT_ID","FEATURE_NAME","DESCRIPTION")VALUES('56066046','Good for Groups','Yes');
INSERT INTO "RESTAURANT_FEATURE" ("RESTAURANT_ID","FEATURE_NAME","DESCRIPTION")VALUES('56066046','Attire','Casual');
INSERT INTO "RESTAURANT_FEATURE" ("RESTAURANT_ID","FEATURE_NAME","DESCRIPTION")VALUES('56066046','Noise Level','Average');
INSERT INTO "RESTAURANT_FEATURE" ("RESTAURANT_ID","FEATURE_NAME","DESCRIPTION")VALUES('56066046','Alcohol','Full Bar');
INSERT INTO "RESTAURANT_FEATURE" ("RESTAURANT_ID","FEATURE_NAME","DESCRIPTION")VALUES('56066046','Outdoor Seating','Yes');
INSERT INTO "RESTAURANT_FEATURE" ("RESTAURANT_ID","FEATURE_NAME","DESCRIPTION")VALUES('56066046','Wi-Fi','No');
INSERT INTO "RESTAURANT_FEATURE" ("RESTAURANT_ID","FEATURE_NAME","DESCRIPTION")VALUES('56066046','Has TV','No');
INSERT INTO "RESTAURANT_FEATURE" ("RESTAURANT_ID","FEATURE_NAME","DESCRIPTION")VALUES('56066046','Caters','Yes');
INSERT INTO "OPENING_HOUR" ("DAY","RESTAURANT_ID","OPENING_TIME","CLOSING_TIME")VALUES('Mon','56066046','11:30 am','12:00 am');
INSERT INTO "OPENING_HOUR" ("DAY","RESTAURANT_ID","OPENING_TIME","CLOSING_TIME")VALUES('Tue','56066046','11:30 am','12:00 am');
INSERT INTO "OPENING_HOUR" ("DAY","RESTAURANT_ID","OPENING_TIME","CLOSING_TIME")VALUES('Wed','56066046','11:30 am','12:00 am');
INSERT INTO "OPENING_HOUR" ("DAY","RESTAURANT_ID","OPENING_TIME","CLOSING_TIME")VALUES('Thu','56066046','11:30 am','12:00 am');
INSERT INTO "OPENING_HOUR" ("DAY","RESTAURANT_ID","OPENING_TIME","CLOSING_TIME")VALUES('Fri','56066046','11:30 am','12:00 am');
INSERT INTO "OPENING_HOUR" ("DAY","RESTAURANT_ID","OPENING_TIME","CLOSING_TIME")VALUES('Sat','56066046','5:00 pm','12:00 am');
INSERT INTO "USER_REVIEW" ("RESTAURANT_ID","REVIEW_DATE","COMMENT","REVIEW_RATING")VALUES('56066046','2015-05-25 23:51:32','Little secret in the neighbourhood Wilmersdorf - Giovanni is always there with a smile waiting for guests to arrive and take a seat.

The menu offers kind...','5');
INSERT INTO "PHOTO" ("RESTAURANT_ID","PICTURE_URL")VALUES('56066046','https://s3-media3.fl.yelpcdn.com/photo/jp2tAYa9VQuBFlVyTllmGw/o.jpg');
INSERT INTO "LOCATION" ("LOCATION_ID","LOCATION_TYPE","ADDRESS","LONGITUDE","LATITUDE")VALUES('249','R','Zossener Str. 1910961 BerlinGermany','13.39399','52.49068');
INSERT INTO "RESTAURANT" ("RESTAURANT_ID","PRICERANGE","PHONE_NUMBER","WEBSITE")VALUES('28842227','€','+49 30 6948948','None');
INSERT INTO "CUISINE" ("RESTAURANT_ID","CUISINE_TYPE")VALUES('28842227','Himalayan/Nepalese');
INSERT INTO "RESTAURANT_RATING" ("RESTAURANT_ID","SCALE","OVERALL_RATING","SOURCE")VALUES('28842227','5','4.0','Yelp');
INSERT INTO "RESTAURANT_FEATURE" ("RESTAURANT_ID","FEATURE_NAME","DESCRIPTION")VALUES('28842227','Takes Reservations','Yes');
INSERT INTO "RESTAURANT_FEATURE" ("RESTAURANT_ID","FEATURE_NAME","DESCRIPTION")VALUES('28842227','Delivery','No');
INSERT INTO "RESTAURANT_FEATURE" ("RESTAURANT_ID","FEATURE_NAME","DESCRIPTION")VALUES('28842227','Take-out','Yes');
INSERT INTO "RESTAURANT_FEATURE" ("RESTAURANT_ID","FEATURE_NAME","DESCRIPTION")VALUES('28842227','Parking','Street');
INSERT INTO "RESTAURANT_FEATURE" ("RESTAURANT_ID","FEATURE_NAME","DESCRIPTION")VALUES('28842227','Good for Kids','Yes');
INSERT INTO "RESTAURANT_FEATURE" ("RESTAURANT_ID","FEATURE_NAME","DESCRIPTION")VALUES('28842227','Good for Groups','Yes');
INSERT INTO "RESTAURANT_FEATURE" ("RESTAURANT_ID","FEATURE_NAME","DESCRIPTION")VALUES('28842227','Attire','Casual');
INSERT INTO "RESTAURANT_FEATURE" ("RESTAURANT_ID","FEATURE_NAME","DESCRIPTION")VALUES('28842227','Ambience','Casual');
INSERT INTO "RESTAURANT_FEATURE" ("RESTAURANT_ID","FEATURE_NAME","DESCRIPTION")VALUES('28842227','Noise Level','Average');
INSERT INTO "RESTAURANT_FEATURE" ("RESTAURANT_ID","FEATURE_NAME","DESCRIPTION")VALUES('28842227','Alcohol','Beer & Wine Only');
INSERT INTO "RESTAURANT_FEATURE" ("RESTAURANT_ID","FEATURE_NAME","DESCRIPTION")VALUES('28842227','Outdoor Seating','Yes');
INSERT INTO "RESTAURANT_FEATURE" ("RESTAURANT_ID","FEATURE_NAME","DESCRIPTION")VALUES('28842227','Wi-Fi','No');
INSERT INTO "RESTAURANT_FEATURE" ("RESTAURANT_ID","FEATURE_NAME","DESCRIPTION")VALUES('28842227','Has TV','No');
INSERT INTO "RESTAURANT_FEATURE" ("RESTAURANT_ID","FEATURE_NAME","DESCRIPTION")VALUES('28842227','Caters','No');
INSERT INTO "OPENING_HOUR" ("DAY","RESTAURANT_ID","OPENING_TIME","CLOSING_TIME")VALUES('Mon','28842227','12:00 pm','12:00 am');
INSERT INTO "OPENING_HOUR" ("DAY","RESTAURANT_ID","OPENING_TIME","CLOSING_TIME")VALUES('Tue','28842227','12:00 pm','12:00 am');
INSERT INTO "OPENING_HOUR" ("DAY","RESTAURANT_ID","OPENING_TIME","CLOSING_TIME")VALUES('Wed','28842227','12:00 pm','12:00 am');
INSERT INTO "OPENING_HOUR" ("DAY","RESTAURANT_ID","OPENING_TIME","CLOSING_TIME")VALUES('Thu','28842227','12:00 pm','12:00 am');
INSERT INTO "OPENING_HOUR" ("DAY","RESTAURANT_ID","OPENING_TIME","CLOSING_TIME")VALUES('Fri','28842227','12:00 pm','12:00 am');
INSERT INTO "OPENING_HOUR" ("DAY","RESTAURANT_ID","OPENING_TIME","CLOSING_TIME")VALUES('Sat','28842227','12:00 pm','12:00 am');
INSERT INTO "OPENING_HOUR" ("DAY","RESTAURANT_ID","OPENING_TIME","CLOSING_TIME")VALUES('Sun','28842227','Open now','12:00 am');
INSERT INTO "USER_REVIEW" ("RESTAURANT_ID","REVIEW_DATE","COMMENT","REVIEW_RATING")VALUES('28842227','2017-02-27 01:02:34','I have been coming here regularly for 8 months now, and there are several reasons for this. I will keep it simple: the food is delicious, the prices are...','5');
INSERT INTO "PHOTO" ("RESTAURANT_ID","PICTURE_URL")VALUES('28842227','https://s3-media4.fl.yelpcdn.com/photo/lOtZ5r8096ggzBx-cFNTsQ/o.jpg');
INSERT INTO "USER_REVIEW" ("RESTAURANT_ID","REVIEW_DATE","COMMENT","REVIEW_RATING")VALUES('28842227','2017-10-29 14:41:07','I''m bummed out myself that I can only give 2 stars for my dining experience here. I spotted this place on my very first day in Berlin and always thought it...','2');
INSERT INTO "PHOTO" ("RESTAURANT_ID","PICTURE_URL")VALUES('28842227','https://s3-media3.fl.yelpcdn.com/photo/_4gPWF9sNTY7FP_ALI5Cfw/o.jpg');
INSERT INTO "USER_REVIEW" ("RESTAURANT_ID","REVIEW_DATE","COMMENT","REVIEW_RATING")VALUES('28842227','2017-09-03 12:45:52','This is the best food I''ve ever had anywhere in my life. Everything we ate was perfect. I''ve had Tibetan food before but it was nothing compared to this...','5');
INSERT INTO "PHOTO" ("RESTAURANT_ID","PICTURE_URL")VALUES('28842227','https://s3-media1.fl.yelpcdn.com/photo/uQnGMJ90-ejS1_xdzBkVyw/o.jpg');
INSERT INTO "LOCATION" ("LOCATION_ID","LOCATION_TYPE","ADDRESS","LONGITUDE","LATITUDE")VALUES('250','R','Carl-Herz-Ufer 3010961 BerlinGermany','13.40123','52.49672');
INSERT INTO "RESTAURANT" ("RESTAURANT_ID","PRICERANGE","PHONE_NUMBER","WEBSITE")VALUES('79673811','€€€','+49 30 6923300','altes-zollhaus.com');
INSERT INTO "CUISINE" ("RESTAURANT_ID","CUISINE_TYPE")VALUES('79673811','German');
INSERT INTO "RESTAURANT_RATING" ("RESTAURANT_ID","SCALE","OVERALL_RATING","SOURCE")VALUES('79673811','5','4.0','Yelp');
INSERT INTO "RESTAURANT_FEATURE" ("RESTAURANT_ID","FEATURE_NAME","DESCRIPTION")VALUES('79673811','Takes Reservations','Yes');
INSERT INTO "RESTAURANT_FEATURE" ("RESTAURANT_ID","FEATURE_NAME","DESCRIPTION")VALUES('79673811','Delivery','No');
INSERT INTO "RESTAURANT_FEATURE" ("RESTAURANT_ID","FEATURE_NAME","DESCRIPTION")VALUES('79673811','Take-out','No');
INSERT INTO "RESTAURANT_FEATURE" ("RESTAURANT_ID","FEATURE_NAME","DESCRIPTION")VALUES('79673811','Accepted Cards','Credit, Debit');
INSERT INTO "RESTAURANT_FEATURE" ("RESTAURANT_ID","FEATURE_NAME","DESCRIPTION")VALUES('79673811','Accepts Bitcoin','No');
INSERT INTO "RESTAURANT_FEATURE" ("RESTAURANT_ID","FEATURE_NAME","DESCRIPTION")VALUES('79673811','Parking','Street');
INSERT INTO "RESTAURANT_FEATURE" ("RESTAURANT_ID","FEATURE_NAME","DESCRIPTION")VALUES('79673811','Good for Kids','Yes');
INSERT INTO "RESTAURANT_FEATURE" ("RESTAURANT_ID","FEATURE_NAME","DESCRIPTION")VALUES('79673811','Good for Groups','Yes');
INSERT INTO "RESTAURANT_FEATURE" ("RESTAURANT_ID","FEATURE_NAME","DESCRIPTION")VALUES('79673811','Attire','Dressy');
INSERT INTO "RESTAURANT_FEATURE" ("RESTAURANT_ID","FEATURE_NAME","DESCRIPTION")VALUES('79673811','Noise Level','Quiet');
INSERT INTO "RESTAURANT_FEATURE" ("RESTAURANT_ID","FEATURE_NAME","DESCRIPTION")VALUES('79673811','Alcohol','Full Bar');
INSERT INTO "RESTAURANT_FEATURE" ("RESTAURANT_ID","FEATURE_NAME","DESCRIPTION")VALUES('79673811','Outdoor Seating','Yes');
INSERT INTO "RESTAURANT_FEATURE" ("RESTAURANT_ID","FEATURE_NAME","DESCRIPTION")VALUES('79673811','Wi-Fi','Free');
INSERT INTO "RESTAURANT_FEATURE" ("RESTAURANT_ID","FEATURE_NAME","DESCRIPTION")VALUES('79673811','Has TV','No');
INSERT INTO "RESTAURANT_FEATURE" ("RESTAURANT_ID","FEATURE_NAME","DESCRIPTION")VALUES('79673811','Caters','Yes');
INSERT INTO "OPENING_HOUR" ("DAY","RESTAURANT_ID","OPENING_TIME","CLOSING_TIME")VALUES('Mon','79673811','6:00 pm','12:00 am');
INSERT INTO "OPENING_HOUR" ("DAY","RESTAURANT_ID","OPENING_TIME","CLOSING_TIME")VALUES('Tue','79673811','6:00 pm','12:00 am');
INSERT INTO "OPENING_HOUR" ("DAY","RESTAURANT_ID","OPENING_TIME","CLOSING_TIME")VALUES('Wed','79673811','6:00 pm','12:00 am');
INSERT INTO "OPENING_HOUR" ("DAY","RESTAURANT_ID","OPENING_TIME","CLOSING_TIME")VALUES('Thu','79673811','6:00 pm','12:00 am');
INSERT INTO "OPENING_HOUR" ("DAY","RESTAURANT_ID","OPENING_TIME","CLOSING_TIME")VALUES('Fri','79673811','6:00 pm','12:00 am');
INSERT INTO "USER_REVIEW" ("RESTAURANT_ID","REVIEW_DATE","COMMENT","REVIEW_RATING")VALUES('79673811','2017-09-15 18:56:47','Had a wedding party there this year, about 80people. We did the course menu not the buffet. The food and house wine was outstanding!!! The prices are beyond...','5');
INSERT INTO "PHOTO" ("RESTAURANT_ID","PICTURE_URL")VALUES('79673811','https://s3-media4.fl.yelpcdn.com/photo/JL1tRzTwQLyZFd_f-ozgJQ/o.jpg');
INSERT INTO "USER_REVIEW" ("RESTAURANT_ID","REVIEW_DATE","COMMENT","REVIEW_RATING")VALUES('79673811','2017-07-13 21:23:10','Very cool location and building is really picturesque. Great food, super fresh. They have two sister restaurants that are also very good and with trying....','5');
INSERT INTO "PHOTO" ("RESTAURANT_ID","PICTURE_URL")VALUES('79673811','https://s3-media4.fl.yelpcdn.com/photo/bFZ65lX0QKlNevb7pqJVPQ/o.jpg');
INSERT INTO "USER_REVIEW" ("RESTAURANT_ID","REVIEW_DATE","COMMENT","REVIEW_RATING")VALUES('79673811','2013-06-28 09:42:43','This is a super place to celebrate a special occasion or just to be whisked a thousand miles and a hundred years away to a quiet elegant haven.  We sat...','5');
INSERT INTO "PHOTO" ("RESTAURANT_ID","PICTURE_URL")VALUES('79673811','https://s3-media2.fl.yelpcdn.com/photo/zoCY74JWCCkVMWsUjdFUlQ/o.jpg');
INSERT INTO "LOCATION" ("LOCATION_ID","LOCATION_TYPE","ADDRESS","LONGITUDE","LATITUDE")VALUES('251','R','Mehringdamm 3210961 BerlinGermany','13.387869','52.493825');
INSERT INTO "RESTAURANT" ("RESTAURANT_ID","PRICERANGE","PHONE_NUMBER","WEBSITE")VALUES('47452742','€','None','mustafas.de');
INSERT INTO "CUISINE" ("RESTAURANT_ID","CUISINE_TYPE")VALUES('47452742','Food Stands');
INSERT INTO "CUISINE" ("RESTAURANT_ID","CUISINE_TYPE")VALUES('47452742','Kebab');
INSERT INTO "RESTAURANT_RATING" ("RESTAURANT_ID","SCALE","OVERALL_RATING","SOURCE")VALUES('47452742','5','4.5','Yelp');
INSERT INTO "RESTAURANT_FEATURE" ("RESTAURANT_ID","FEATURE_NAME","DESCRIPTION")VALUES('47452742','Takes Reservations','No');
INSERT INTO "RESTAURANT_FEATURE" ("RESTAURANT_ID","FEATURE_NAME","DESCRIPTION")VALUES('47452742','Delivery','No');
INSERT INTO "RESTAURANT_FEATURE" ("RESTAURANT_ID","FEATURE_NAME","DESCRIPTION")VALUES('47452742','Take-out','Yes');
INSERT INTO "RESTAURANT_FEATURE" ("RESTAURANT_ID","FEATURE_NAME","DESCRIPTION")VALUES('47452742','Accepted Cards','None');
INSERT INTO "RESTAURANT_FEATURE" ("RESTAURANT_ID","FEATURE_NAME","DESCRIPTION")VALUES('47452742','Good For','Lunch');
INSERT INTO "RESTAURANT_FEATURE" ("RESTAURANT_ID","FEATURE_NAME","DESCRIPTION")VALUES('47452742','Parking','Street');
INSERT INTO "RESTAURANT_FEATURE" ("RESTAURANT_ID","FEATURE_NAME","DESCRIPTION")VALUES('47452742','Good for Kids','Yes');
INSERT INTO "RESTAURANT_FEATURE" ("RESTAURANT_ID","FEATURE_NAME","DESCRIPTION")VALUES('47452742','Good for Groups','Yes');
INSERT INTO "RESTAURANT_FEATURE" ("RESTAURANT_ID","FEATURE_NAME","DESCRIPTION")VALUES('47452742','Attire','Casual');
INSERT INTO "RESTAURANT_FEATURE" ("RESTAURANT_ID","FEATURE_NAME","DESCRIPTION")VALUES('47452742','Ambience','Touristy');
INSERT INTO "RESTAURANT_FEATURE" ("RESTAURANT_ID","FEATURE_NAME","DESCRIPTION")VALUES('47452742','Noise Level','Average');
INSERT INTO "RESTAURANT_FEATURE" ("RESTAURANT_ID","FEATURE_NAME","DESCRIPTION")VALUES('47452742','Alcohol','No');
INSERT INTO "RESTAURANT_FEATURE" ("RESTAURANT_ID","FEATURE_NAME","DESCRIPTION")VALUES('47452742','Outdoor Seating','No');
INSERT INTO "RESTAURANT_FEATURE" ("RESTAURANT_ID","FEATURE_NAME","DESCRIPTION")VALUES('47452742','Wi-Fi','No');
INSERT INTO "RESTAURANT_FEATURE" ("RESTAURANT_ID","FEATURE_NAME","DESCRIPTION")VALUES('47452742','Has TV','No');
INSERT INTO "RESTAURANT_FEATURE" ("RESTAURANT_ID","FEATURE_NAME","DESCRIPTION")VALUES('47452742','Waiter Service','No');
INSERT INTO "RESTAURANT_FEATURE" ("RESTAURANT_ID","FEATURE_NAME","DESCRIPTION")VALUES('47452742','Caters','No');
INSERT INTO "OPENING_HOUR" ("DAY","RESTAURANT_ID","OPENING_TIME","CLOSING_TIME")VALUES('Mon','47452742','10:30 am','2:00 am');
INSERT INTO "OPENING_HOUR" ("DAY","RESTAURANT_ID","OPENING_TIME","CLOSING_TIME")VALUES('Tue','47452742','10:30 am','2:00 am');
INSERT INTO "OPENING_HOUR" ("DAY","RESTAURANT_ID","OPENING_TIME","CLOSING_TIME")VALUES('Wed','47452742','10:30 am','2:00 am');
INSERT INTO "OPENING_HOUR" ("DAY","RESTAURANT_ID","OPENING_TIME","CLOSING_TIME")VALUES('Thu','47452742','10:30 am','2:00 am');
INSERT INTO "OPENING_HOUR" ("DAY","RESTAURANT_ID","OPENING_TIME","CLOSING_TIME")VALUES('Fri','47452742','10:30 am','2:00 am');
INSERT INTO "OPENING_HOUR" ("DAY","RESTAURANT_ID","OPENING_TIME","CLOSING_TIME")VALUES('Sat','47452742','10:30 am','2:00 am');
INSERT INTO "OPENING_HOUR" ("DAY","RESTAURANT_ID","OPENING_TIME","CLOSING_TIME")VALUES('Sun','47452742','Open now','2:00 am');
INSERT INTO "USER_REVIEW" ("RESTAURANT_ID","REVIEW_DATE","COMMENT","REVIEW_RATING")VALUES('47452742','2017-12-01 14:36:39','if Berlin is known for one food, it would be doner kebabs, and this would be the place to get them. I thought this place would be overhyped, but it''s just...','5');
INSERT INTO "PHOTO" ("RESTAURANT_ID","PICTURE_URL")VALUES('47452742','https://s3-media3.fl.yelpcdn.com/photo/BAoWMY_RDKUgUFmYun1X-g/o.jpg');
INSERT INTO "USER_REVIEW" ("RESTAURANT_ID","REVIEW_DATE","COMMENT","REVIEW_RATING")VALUES('47452742','2018-01-10 13:48:16','These guys know how to whip up some really solid kebabs. Not to detract from the other components in the dish, but the veggies they serve here are...','4');
INSERT INTO "PHOTO" ("RESTAURANT_ID","PICTURE_URL")VALUES('47452742','https://s3-media1.fl.yelpcdn.com/photo/LHnJwrH6NxbJ076fJZ0D8g/o.jpg');
INSERT INTO "USER_REVIEW" ("RESTAURANT_ID","REVIEW_DATE","COMMENT","REVIEW_RATING")VALUES('47452742','2018-01-03 15:10:53','I was in Berlin for 4 months. Out of all the doner kebaps I''ve tried in Berlin, I wanna say this is the my favourite doner kebap. I was skeptical at first...','4');
INSERT INTO "PHOTO" ("RESTAURANT_ID","PICTURE_URL")VALUES('47452742','https://s3-media3.fl.yelpcdn.com/photo/e3rvTCd1C1ptJVTNj75Ciw/o.jpg');
INSERT INTO "LOCATION" ("LOCATION_ID","LOCATION_TYPE","ADDRESS","LONGITUDE","LATITUDE")VALUES('252','R','Marlene-Dietrich-Platz 210785 BerlinGermany','13.37253','52.50792');
INSERT INTO "RESTAURANT" ("RESTAURANT_ID","PRICERANGE","PHONE_NUMBER","WEBSITE")VALUES('69298740','€€€€','+49 30 25531772','vox-restaurant.de');
INSERT INTO "CUISINE" ("RESTAURANT_ID","CUISINE_TYPE")VALUES('69298740','Sushi Bars');
INSERT INTO "CUISINE" ("RESTAURANT_ID","CUISINE_TYPE")VALUES('69298740','International');
INSERT INTO "CUISINE" ("RESTAURANT_ID","CUISINE_TYPE")VALUES('69298740','Breakfast & Brunch');
INSERT INTO "RESTAURANT_RATING" ("RESTAURANT_ID","SCALE","OVERALL_RATING","SOURCE")VALUES('69298740','5','4.5','Yelp');
INSERT INTO "RESTAURANT_FEATURE" ("RESTAURANT_ID","FEATURE_NAME","DESCRIPTION")VALUES('69298740','Takes Reservations','Yes');
INSERT INTO "RESTAURANT_FEATURE" ("RESTAURANT_ID","FEATURE_NAME","DESCRIPTION")VALUES('69298740','Delivery','Yes');
INSERT INTO "RESTAURANT_FEATURE" ("RESTAURANT_ID","FEATURE_NAME","DESCRIPTION")VALUES('69298740','Take-out','No');
INSERT INTO "RESTAURANT_FEATURE" ("RESTAURANT_ID","FEATURE_NAME","DESCRIPTION")VALUES('69298740','Accepted Cards','Credit, Debit');
INSERT INTO "RESTAURANT_FEATURE" ("RESTAURANT_ID","FEATURE_NAME","DESCRIPTION")VALUES('69298740','Good For','Dinner');
INSERT INTO "RESTAURANT_FEATURE" ("RESTAURANT_ID","FEATURE_NAME","DESCRIPTION")VALUES('69298740','Parking','Valet, Garage, Street');
INSERT INTO "RESTAURANT_FEATURE" ("RESTAURANT_ID","FEATURE_NAME","DESCRIPTION")VALUES('69298740','Wheelchair Accessible','Yes');
INSERT INTO "RESTAURANT_FEATURE" ("RESTAURANT_ID","FEATURE_NAME","DESCRIPTION")VALUES('69298740','Good for Kids','No');
INSERT INTO "RESTAURANT_FEATURE" ("RESTAURANT_ID","FEATURE_NAME","DESCRIPTION")VALUES('69298740','Good for Groups','Yes');
INSERT INTO "RESTAURANT_FEATURE" ("RESTAURANT_ID","FEATURE_NAME","DESCRIPTION")VALUES('69298740','Attire','Dressy');
INSERT INTO "RESTAURANT_FEATURE" ("RESTAURANT_ID","FEATURE_NAME","DESCRIPTION")VALUES('69298740','Noise Level','Quiet');
INSERT INTO "RESTAURANT_FEATURE" ("RESTAURANT_ID","FEATURE_NAME","DESCRIPTION")VALUES('69298740','Alcohol','Full Bar');
INSERT INTO "RESTAURANT_FEATURE" ("RESTAURANT_ID","FEATURE_NAME","DESCRIPTION")VALUES('69298740','Outdoor Seating','Yes');
INSERT INTO "RESTAURANT_FEATURE" ("RESTAURANT_ID","FEATURE_NAME","DESCRIPTION")VALUES('69298740','Wi-Fi','Free');
INSERT INTO "RESTAURANT_FEATURE" ("RESTAURANT_ID","FEATURE_NAME","DESCRIPTION")VALUES('69298740','Has TV','No');
INSERT INTO "RESTAURANT_FEATURE" ("RESTAURANT_ID","FEATURE_NAME","DESCRIPTION")VALUES('69298740','Dogs Allowed','Yes');
INSERT INTO "RESTAURANT_FEATURE" ("RESTAURANT_ID","FEATURE_NAME","DESCRIPTION")VALUES('69298740','Waiter Service','Yes');
INSERT INTO "RESTAURANT_FEATURE" ("RESTAURANT_ID","FEATURE_NAME","DESCRIPTION")VALUES('69298740','Caters','No');
INSERT INTO "OPENING_HOUR" ("DAY","RESTAURANT_ID","OPENING_TIME","CLOSING_TIME")VALUES('Mon','69298740','6:30 am','10:30 am');
INSERT INTO "OPENING_HOUR" ("DAY","RESTAURANT_ID","OPENING_TIME","CLOSING_TIME")VALUES('Tue','69298740','6:30 am','10:30 am');
INSERT INTO "OPENING_HOUR" ("DAY","RESTAURANT_ID","OPENING_TIME","CLOSING_TIME")VALUES('Wed','69298740','6:30 am','10:30 am');
INSERT INTO "OPENING_HOUR" ("DAY","RESTAURANT_ID","OPENING_TIME","CLOSING_TIME")VALUES('Thu','69298740','6:30 am','10:30 am');
INSERT INTO "OPENING_HOUR" ("DAY","RESTAURANT_ID","OPENING_TIME","CLOSING_TIME")VALUES('Fri','69298740','6:30 am','10:30 am');
INSERT INTO "OPENING_HOUR" ("DAY","RESTAURANT_ID","OPENING_TIME","CLOSING_TIME")VALUES('Sat','69298740','6:30 am','12:00 pm');
INSERT INTO "OPENING_HOUR" ("DAY","RESTAURANT_ID","OPENING_TIME","CLOSING_TIME")VALUES('Sun','69298740','Open now','12:00 pm');
INSERT INTO "USER_REVIEW" ("RESTAURANT_ID","REVIEW_DATE","COMMENT","REVIEW_RATING")VALUES('69298740','2015-07-03 12:19:36','I absolutely love this restaurant! The atmosphere is lovely, and it''s beautifully decorated with lots of peony. The food is delicious and delicate. There''s...','5');
INSERT INTO "PHOTO" ("RESTAURANT_ID","PICTURE_URL")VALUES('69298740','https://s3-media3.fl.yelpcdn.com/photo/CIaCN6dZjtu0hVde0sx5Qg/o.jpg');
INSERT INTO "USER_REVIEW" ("RESTAURANT_ID","REVIEW_DATE","COMMENT","REVIEW_RATING")VALUES('69298740','2016-12-03 04:47:47','NB-- I''ve only visited this restaurant as a hotel guest, using rates where breakfast was included. We have once paid for an additional guest, and the...','4');
INSERT INTO "PHOTO" ("RESTAURANT_ID","PICTURE_URL")VALUES('69298740','https://s3-media4.fl.yelpcdn.com/photo/90QF-S96Jvq0PJ37wNAxRw/o.jpg');
INSERT INTO "USER_REVIEW" ("RESTAURANT_ID","REVIEW_DATE","COMMENT","REVIEW_RATING")VALUES('69298740','2016-10-27 17:00:59','The food is atrocious. I''ll give you, I''m an American, the German cuisine is tough on my palate, but this wasn''t even German food. Everything is some...','1');
INSERT INTO "PHOTO" ("RESTAURANT_ID","PICTURE_URL")VALUES('69298740','https://s3-media2.fl.yelpcdn.com/photo/oabYn-9FbUh7q-CWVDQ_aQ/o.jpg');
INSERT INTO "LOCATION" ("LOCATION_ID","LOCATION_TYPE","ADDRESS","LONGITUDE","LATITUDE")VALUES('253','R','Kollwitzstr. 210405 BerlinGermany','13.41269','52.53131');
INSERT INTO "RESTAURANT" ("RESTAURANT_ID","PRICERANGE","PHONE_NUMBER","WEBSITE")VALUES('715519','€€','+49 176 65047975','cafe-chagall.com');
INSERT INTO "CUISINE" ("RESTAURANT_ID","CUISINE_TYPE")VALUES('715519','Gastropubs');
INSERT INTO "CUISINE" ("RESTAURANT_ID","CUISINE_TYPE")VALUES('715519','Cafes');
INSERT INTO "RESTAURANT_RATING" ("RESTAURANT_ID","SCALE","OVERALL_RATING","SOURCE")VALUES('715519','5','4.0','Yelp');
INSERT INTO "RESTAURANT_FEATURE" ("RESTAURANT_ID","FEATURE_NAME","DESCRIPTION")VALUES('715519','Takes Reservations','Yes');
INSERT INTO "RESTAURANT_FEATURE" ("RESTAURANT_ID","FEATURE_NAME","DESCRIPTION")VALUES('715519','Delivery','No');
INSERT INTO "RESTAURANT_FEATURE" ("RESTAURANT_ID","FEATURE_NAME","DESCRIPTION")VALUES('715519','Take-out','Yes');
INSERT INTO "RESTAURANT_FEATURE" ("RESTAURANT_ID","FEATURE_NAME","DESCRIPTION")VALUES('715519','Parking','Street');
INSERT INTO "RESTAURANT_FEATURE" ("RESTAURANT_ID","FEATURE_NAME","DESCRIPTION")VALUES('715519','Good for Kids','Yes');
INSERT INTO "RESTAURANT_FEATURE" ("RESTAURANT_ID","FEATURE_NAME","DESCRIPTION")VALUES('715519','Good for Groups','Yes');
INSERT INTO "RESTAURANT_FEATURE" ("RESTAURANT_ID","FEATURE_NAME","DESCRIPTION")VALUES('715519','Attire','Casual');
INSERT INTO "RESTAURANT_FEATURE" ("RESTAURANT_ID","FEATURE_NAME","DESCRIPTION")VALUES('715519','Ambience','Casual');
INSERT INTO "RESTAURANT_FEATURE" ("RESTAURANT_ID","FEATURE_NAME","DESCRIPTION")VALUES('715519','Noise Level','Average');
INSERT INTO "RESTAURANT_FEATURE" ("RESTAURANT_ID","FEATURE_NAME","DESCRIPTION")VALUES('715519','Alcohol','Full Bar');
INSERT INTO "RESTAURANT_FEATURE" ("RESTAURANT_ID","FEATURE_NAME","DESCRIPTION")VALUES('715519','Outdoor Seating','Yes');
INSERT INTO "RESTAURANT_FEATURE" ("RESTAURANT_ID","FEATURE_NAME","DESCRIPTION")VALUES('715519','Wi-Fi','Free');
INSERT INTO "RESTAURANT_FEATURE" ("RESTAURANT_ID","FEATURE_NAME","DESCRIPTION")VALUES('715519','Has TV','No');
INSERT INTO "RESTAURANT_FEATURE" ("RESTAURANT_ID","FEATURE_NAME","DESCRIPTION")VALUES('715519','Caters','No');
INSERT INTO "OPENING_HOUR" ("DAY","RESTAURANT_ID","OPENING_TIME","CLOSING_TIME")VALUES('Mon','715519','10:00 am','3:00 am');
INSERT INTO "OPENING_HOUR" ("DAY","RESTAURANT_ID","OPENING_TIME","CLOSING_TIME")VALUES('Tue','715519','10:00 am','3:00 am');
INSERT INTO "OPENING_HOUR" ("DAY","RESTAURANT_ID","OPENING_TIME","CLOSING_TIME")VALUES('Wed','715519','10:00 am','3:00 am');
INSERT INTO "OPENING_HOUR" ("DAY","RESTAURANT_ID","OPENING_TIME","CLOSING_TIME")VALUES('Thu','715519','10:00 am','3:00 am');
INSERT INTO "OPENING_HOUR" ("DAY","RESTAURANT_ID","OPENING_TIME","CLOSING_TIME")VALUES('Fri','715519','10:00 am','3:00 am');
INSERT INTO "OPENING_HOUR" ("DAY","RESTAURANT_ID","OPENING_TIME","CLOSING_TIME")VALUES('Sat','715519','10:00 am','3:00 am');
INSERT INTO "OPENING_HOUR" ("DAY","RESTAURANT_ID","OPENING_TIME","CLOSING_TIME")VALUES('Sun','715519','Open now','3:00 am');
INSERT INTO "USER_REVIEW" ("RESTAURANT_ID","REVIEW_DATE","COMMENT","REVIEW_RATING")VALUES('715519','2011-07-20 13:49:58','here everybody are very very nice and smiling!!!

the amazing moment is when I try to speak german and the owner answers to me in italianweird moments!...','5');
INSERT INTO "PHOTO" ("RESTAURANT_ID","PICTURE_URL")VALUES('715519','https://s3-media3.fl.yelpcdn.com/photo/PiQH86vVba1nDGhivJjv2w/o.jpg');
INSERT INTO "USER_REVIEW" ("RESTAURANT_ID","REVIEW_DATE","COMMENT","REVIEW_RATING")VALUES('715519','2016-04-27 06:28:23','We came here 2 times in 5 days so we enjoyed it a lot. After a long day of walk we came here for a "beer break" at 6 or 7 PM a friday. Young people drinking...','4');
INSERT INTO "PHOTO" ("RESTAURANT_ID","PICTURE_URL")VALUES('715519','https://s3-media2.fl.yelpcdn.com/photo/y03VpOL2WJqdEmfadY2_FA/o.jpg');
INSERT INTO "USER_REVIEW" ("RESTAURANT_ID","REVIEW_DATE","COMMENT","REVIEW_RATING")VALUES('715519','2016-12-29 11:45:56','Nice atmosphere. Blini was good. Service is friendly','3');
INSERT INTO "PHOTO" ("RESTAURANT_ID","PICTURE_URL")VALUES('715519','https://s3-media1.fl.yelpcdn.com/photo/QeIjla-35WIOz9op35iIEA/o.jpg');
INSERT INTO "LOCATION" ("LOCATION_ID","LOCATION_TYPE","ADDRESS","LONGITUDE","LATITUDE")VALUES('254','R','Wilhelmshavener Str. 1410551 BerlinGermany','13.341611','52.529866');
INSERT INTO "RESTAURANT" ("RESTAURANT_ID","PRICERANGE","PHONE_NUMBER","WEBSITE")VALUES('90877635','€','+49 30 12028129','None');
INSERT INTO "CUISINE" ("RESTAURANT_ID","CUISINE_TYPE")VALUES('90877635','Cocktail Bars');
INSERT INTO "CUISINE" ("RESTAURANT_ID","CUISINE_TYPE")VALUES('90877635','Tapas Bars');
INSERT INTO "RESTAURANT_RATING" ("RESTAURANT_ID","SCALE","OVERALL_RATING","SOURCE")VALUES('90877635','5','4.5','Yelp');
INSERT INTO "RESTAURANT_FEATURE" ("RESTAURANT_ID","FEATURE_NAME","DESCRIPTION")VALUES('90877635','Takes Reservations','Yes');
INSERT INTO "RESTAURANT_FEATURE" ("RESTAURANT_ID","FEATURE_NAME","DESCRIPTION")VALUES('90877635','Delivery','No');
INSERT INTO "RESTAURANT_FEATURE" ("RESTAURANT_ID","FEATURE_NAME","DESCRIPTION")VALUES('90877635','Take-out','No');
INSERT INTO "RESTAURANT_FEATURE" ("RESTAURANT_ID","FEATURE_NAME","DESCRIPTION")VALUES('90877635','Good for Kids','No');
INSERT INTO "RESTAURANT_FEATURE" ("RESTAURANT_ID","FEATURE_NAME","DESCRIPTION")VALUES('90877635','Good for Groups','Yes');
INSERT INTO "RESTAURANT_FEATURE" ("RESTAURANT_ID","FEATURE_NAME","DESCRIPTION")VALUES('90877635','Attire','Casual');
INSERT INTO "RESTAURANT_FEATURE" ("RESTAURANT_ID","FEATURE_NAME","DESCRIPTION")VALUES('90877635','Ambience','Hipster');
INSERT INTO "RESTAURANT_FEATURE" ("RESTAURANT_ID","FEATURE_NAME","DESCRIPTION")VALUES('90877635','Noise Level','Loud');
INSERT INTO "RESTAURANT_FEATURE" ("RESTAURANT_ID","FEATURE_NAME","DESCRIPTION")VALUES('90877635','Alcohol','Full Bar');
INSERT INTO "RESTAURANT_FEATURE" ("RESTAURANT_ID","FEATURE_NAME","DESCRIPTION")VALUES('90877635','Outdoor Seating','Yes');
INSERT INTO "RESTAURANT_FEATURE" ("RESTAURANT_ID","FEATURE_NAME","DESCRIPTION")VALUES('90877635','Wi-Fi','Free');
INSERT INTO "RESTAURANT_FEATURE" ("RESTAURANT_ID","FEATURE_NAME","DESCRIPTION")VALUES('90877635','Has TV','Yes');
INSERT INTO "RESTAURANT_FEATURE" ("RESTAURANT_ID","FEATURE_NAME","DESCRIPTION")VALUES('90877635','Caters','No');
INSERT INTO "RESTAURANT_FEATURE" ("RESTAURANT_ID","FEATURE_NAME","DESCRIPTION")VALUES('90877635','Has Pool Table','No');
INSERT INTO "OPENING_HOUR" ("DAY","RESTAURANT_ID","OPENING_TIME","CLOSING_TIME")VALUES('Mon','90877635','6:00 pm','12:00 am');
INSERT INTO "OPENING_HOUR" ("DAY","RESTAURANT_ID","OPENING_TIME","CLOSING_TIME")VALUES('Tue','90877635','6:00 pm','12:00 am');
INSERT INTO "OPENING_HOUR" ("DAY","RESTAURANT_ID","OPENING_TIME","CLOSING_TIME")VALUES('Wed','90877635','6:00 pm','12:00 am');
INSERT INTO "OPENING_HOUR" ("DAY","RESTAURANT_ID","OPENING_TIME","CLOSING_TIME")VALUES('Thu','90877635','6:00 pm','12:00 am');
INSERT INTO "OPENING_HOUR" ("DAY","RESTAURANT_ID","OPENING_TIME","CLOSING_TIME")VALUES('Fri','90877635','6:00 pm','2:00 am');
INSERT INTO "OPENING_HOUR" ("DAY","RESTAURANT_ID","OPENING_TIME","CLOSING_TIME")VALUES('Sat','90877635','6:00 pm','2:00 am');
INSERT INTO "OPENING_HOUR" ("DAY","RESTAURANT_ID","OPENING_TIME","CLOSING_TIME")VALUES('Sun','90877635','Open now','12:00 am');
INSERT INTO "USER_REVIEW" ("RESTAURANT_ID","REVIEW_DATE","COMMENT","REVIEW_RATING")VALUES('90877635','2016-03-16 03:43:51','Humungo gin cocktails in a goblet. Delicious and cheeeeeap. We tried a few of the tapas and they were ok. Not really a place to eat but nice to have...','5');
INSERT INTO "RESTAURANT_RATING" ("RESTAURANT_ID","SCALE","OVERALL_RATING","SOURCE")VALUES('90877635','5','4.5','Google Map');
INSERT INTO "USER_REVIEW" ("RESTAURANT_ID","REVIEW_DATE","COMMENT","REVIEW_RATING")VALUES('90877635','2017-12-30','Nice atmosphere. Nice staff. :)','5');
INSERT INTO "USER_REVIEW" ("RESTAURANT_ID","REVIEW_DATE","COMMENT","REVIEW_RATING")VALUES('90877635','2017-08-08','Lovely place with terrace in the summer where you can eat typical spanish Tapas and drink great cocktails. You find a pretty good choice of rum and gin based cocktails. The owners are really likeable.','5');
INSERT INTO "USER_REVIEW" ("RESTAURANT_ID","REVIEW_DATE","COMMENT","REVIEW_RATING")VALUES('90877635','2017-06-19','The Sugar Bar has a friendly staff and a cosy atmosphere. They have a good selection of cocktails and tapas...just like their name already implies. Larger groups are usually welcome, just ask the staff and they see what''s possible. If it''s too crowded, come back later. It''s worth it! ','5');
INSERT INTO "USER_REVIEW" ("RESTAURANT_ID","REVIEW_DATE","COMMENT","REVIEW_RATING")VALUES('90877635','2017-07-03','Great drinks at a very fair price and super friendly staff','5');
INSERT INTO "USER_REVIEW" ("RESTAURANT_ID","REVIEW_DATE","COMMENT","REVIEW_RATING")VALUES('90877635','2016-08-08','You want great authentic service, some good-tasting drinks and jummy tapas then this place will not disappoint you. ','5');
INSERT INTO "LOCATION" ("LOCATION_ID","LOCATION_TYPE","ADDRESS","LONGITUDE","LATITUDE")VALUES('255','R','Motzstr. 9110779 BerlinGermany','13.33443','52.49336');
INSERT INTO "RESTAURANT" ("RESTAURANT_ID","PRICERANGE","PHONE_NUMBER","WEBSITE")VALUES('6652881','€€','+49 30 21966922','None');
INSERT INTO "CUISINE" ("RESTAURANT_ID","CUISINE_TYPE")VALUES('6652881','German');
INSERT INTO "CUISINE" ("RESTAURANT_ID","CUISINE_TYPE")VALUES('6652881','Gastropubs');
INSERT INTO "RESTAURANT_RATING" ("RESTAURANT_ID","SCALE","OVERALL_RATING","SOURCE")VALUES('6652881','5','4.5','Yelp');
INSERT INTO "RESTAURANT_FEATURE" ("RESTAURANT_ID","FEATURE_NAME","DESCRIPTION")VALUES('6652881','Takes Reservations','Yes');
INSERT INTO "RESTAURANT_FEATURE" ("RESTAURANT_ID","FEATURE_NAME","DESCRIPTION")VALUES('6652881','Delivery','No');
INSERT INTO "RESTAURANT_FEATURE" ("RESTAURANT_ID","FEATURE_NAME","DESCRIPTION")VALUES('6652881','Take-out','No');
INSERT INTO "RESTAURANT_FEATURE" ("RESTAURANT_ID","FEATURE_NAME","DESCRIPTION")VALUES('6652881','Accepted Cards','None');
INSERT INTO "RESTAURANT_FEATURE" ("RESTAURANT_ID","FEATURE_NAME","DESCRIPTION")VALUES('6652881','Good for Kids','Yes');
INSERT INTO "RESTAURANT_FEATURE" ("RESTAURANT_ID","FEATURE_NAME","DESCRIPTION")VALUES('6652881','Good for Groups','Yes');
INSERT INTO "RESTAURANT_FEATURE" ("RESTAURANT_ID","FEATURE_NAME","DESCRIPTION")VALUES('6652881','Attire','Casual');
INSERT INTO "RESTAURANT_FEATURE" ("RESTAURANT_ID","FEATURE_NAME","DESCRIPTION")VALUES('6652881','Alcohol','Beer & Wine Only');
INSERT INTO "RESTAURANT_FEATURE" ("RESTAURANT_ID","FEATURE_NAME","DESCRIPTION")VALUES('6652881','Outdoor Seating','No');
INSERT INTO "OPENING_HOUR" ("DAY","RESTAURANT_ID","OPENING_TIME","CLOSING_TIME")VALUES('Mon','6652881','5:00 pm','12:00 am');
INSERT INTO "OPENING_HOUR" ("DAY","RESTAURANT_ID","OPENING_TIME","CLOSING_TIME")VALUES('Tue','6652881','5:00 pm','12:00 am');
INSERT INTO "OPENING_HOUR" ("DAY","RESTAURANT_ID","OPENING_TIME","CLOSING_TIME")VALUES('Wed','6652881','5:00 pm','12:00 am');
INSERT INTO "OPENING_HOUR" ("DAY","RESTAURANT_ID","OPENING_TIME","CLOSING_TIME")VALUES('Thu','6652881','5:00 pm','12:00 am');
INSERT INTO "OPENING_HOUR" ("DAY","RESTAURANT_ID","OPENING_TIME","CLOSING_TIME")VALUES('Fri','6652881','5:00 pm','12:00 am');
INSERT INTO "OPENING_HOUR" ("DAY","RESTAURANT_ID","OPENING_TIME","CLOSING_TIME")VALUES('Sat','6652881','Open now','12:00 am');
INSERT INTO "USER_REVIEW" ("RESTAURANT_ID","REVIEW_DATE","COMMENT","REVIEW_RATING")VALUES('6652881','2017-08-26 12:41:02','This place is sure authentic, straight from 1930''s. Was visiting Berlin alone, decided to go there for dinner based on reviews. Around 8:30pm on Saturday...','1');
INSERT INTO "USER_REVIEW" ("RESTAURANT_ID","REVIEW_DATE","COMMENT","REVIEW_RATING")VALUES('6652881','2015-07-12 13:46:45','I was warned of a limited menu but instead took the wise choice of following the waiters advice and I was more than pleased with the outcome. What we got...','5');
INSERT INTO "PHOTO" ("RESTAURANT_ID","PICTURE_URL")VALUES('6652881','https://s3-media4.fl.yelpcdn.com/photo/dZ7kYaSy8XY7uvtfTyzIGQ/o.jpg');
INSERT INTO "USER_REVIEW" ("RESTAURANT_ID","REVIEW_DATE","COMMENT","REVIEW_RATING")VALUES('6652881','2015-07-01 10:31:34','Fantastic food, friendly staff. Don''t go here if you''re in a hurry. But if you want authentic Berlin food, eat what the server recommends and enjoy!','5');
INSERT INTO "PHOTO" ("RESTAURANT_ID","PICTURE_URL")VALUES('6652881','https://s3-media2.fl.yelpcdn.com/photo/X-fq9XGudtYw3o9Egfi9bw/o.jpg');
INSERT INTO "LOCATION" ("LOCATION_ID","LOCATION_TYPE","ADDRESS","LONGITUDE","LATITUDE")VALUES('256','R','Eiswerderstr. 2213585 BerlinGermany','13.2218','52.5487899');
INSERT INTO "RESTAURANT" ("RESTAURANT_ID","PRICERANGE","PHONE_NUMBER","WEBSITE")VALUES('26303701','€€€','+49 30 33505580','stilbruch-restaurant.de');
INSERT INTO "CUISINE" ("RESTAURANT_ID","CUISINE_TYPE")VALUES('26303701','German');
INSERT INTO "CUISINE" ("RESTAURANT_ID","CUISINE_TYPE")VALUES('26303701','Mediterranean');
INSERT INTO "RESTAURANT_RATING" ("RESTAURANT_ID","SCALE","OVERALL_RATING","SOURCE")VALUES('26303701','5','5.0','Yelp');
INSERT INTO "RESTAURANT_FEATURE" ("RESTAURANT_ID","FEATURE_NAME","DESCRIPTION")VALUES('26303701','Takes Reservations','Yes');
INSERT INTO "RESTAURANT_FEATURE" ("RESTAURANT_ID","FEATURE_NAME","DESCRIPTION")VALUES('26303701','Delivery','No');
INSERT INTO "RESTAURANT_FEATURE" ("RESTAURANT_ID","FEATURE_NAME","DESCRIPTION")VALUES('26303701','Take-out','No');
INSERT INTO "RESTAURANT_FEATURE" ("RESTAURANT_ID","FEATURE_NAME","DESCRIPTION")VALUES('26303701','Good For','Dinner');
INSERT INTO "RESTAURANT_FEATURE" ("RESTAURANT_ID","FEATURE_NAME","DESCRIPTION")VALUES('26303701','Good for Kids','Yes');
INSERT INTO "RESTAURANT_FEATURE" ("RESTAURANT_ID","FEATURE_NAME","DESCRIPTION")VALUES('26303701','Good for Groups','Yes');
INSERT INTO "RESTAURANT_FEATURE" ("RESTAURANT_ID","FEATURE_NAME","DESCRIPTION")VALUES('26303701','Attire','Casual');
INSERT INTO "RESTAURANT_FEATURE" ("RESTAURANT_ID","FEATURE_NAME","DESCRIPTION")VALUES('26303701','Noise Level','Average');
INSERT INTO "RESTAURANT_FEATURE" ("RESTAURANT_ID","FEATURE_NAME","DESCRIPTION")VALUES('26303701','Alcohol','Full Bar');
INSERT INTO "RESTAURANT_FEATURE" ("RESTAURANT_ID","FEATURE_NAME","DESCRIPTION")VALUES('26303701','Outdoor Seating','Yes');
INSERT INTO "RESTAURANT_FEATURE" ("RESTAURANT_ID","FEATURE_NAME","DESCRIPTION")VALUES('26303701','Has TV','No');
INSERT INTO "RESTAURANT_FEATURE" ("RESTAURANT_ID","FEATURE_NAME","DESCRIPTION")VALUES('26303701','Caters','Yes');
INSERT INTO "OPENING_HOUR" ("DAY","RESTAURANT_ID","OPENING_TIME","CLOSING_TIME")VALUES('Mon','26303701','12:00 pm','9:00 pm');
INSERT INTO "OPENING_HOUR" ("DAY","RESTAURANT_ID","OPENING_TIME","CLOSING_TIME")VALUES('Tue','26303701','12:00 pm','9:00 pm');
INSERT INTO "OPENING_HOUR" ("DAY","RESTAURANT_ID","OPENING_TIME","CLOSING_TIME")VALUES('Wed','26303701','12:00 pm','9:00 pm');
INSERT INTO "OPENING_HOUR" ("DAY","RESTAURANT_ID","OPENING_TIME","CLOSING_TIME")VALUES('Thu','26303701','12:00 pm','9:00 pm');
INSERT INTO "OPENING_HOUR" ("DAY","RESTAURANT_ID","OPENING_TIME","CLOSING_TIME")VALUES('Fri','26303701','12:00 pm','9:00 pm');
INSERT INTO "OPENING_HOUR" ("DAY","RESTAURANT_ID","OPENING_TIME","CLOSING_TIME")VALUES('Sat','26303701','Open now','9:00 pm');
INSERT INTO "USER_REVIEW" ("RESTAURANT_ID","REVIEW_DATE","COMMENT","REVIEW_RATING")VALUES('26303701','2016-05-18 08:39:03','Very cute small place on this island in an industrial area. 
Since it was Spargel season I had just that. Server was delighted to tell me how the Spargel is...','5');
INSERT INTO "RESTAURANT_RATING" ("RESTAURANT_ID","SCALE","OVERALL_RATING","SOURCE")VALUES('26303701','5','4.4','Google Map');
INSERT INTO "USER_REVIEW" ("RESTAURANT_ID","REVIEW_DATE","COMMENT","REVIEW_RATING")VALUES('26303701','2017-03-26','Fantastic. Staff is extremely attentive, experienced, and friendly. Entire restaurant only seats 25-30 ppl. Make reservations early. We ordered a 3 piece menu. For a table for 2 (with wine) expect to pay around €100; was worth every penny.','5');
INSERT INTO "USER_REVIEW" ("RESTAURANT_ID","REVIEW_DATE","COMMENT","REVIEW_RATING")VALUES('26303701','2016-07-29','We decided to visit the restaurant for a small bite to eat on a Thursday morning, and we were all very glad we did. The restaurant was just opening for lunch and we (the four of us) sat on a table outside by the Havel lake area. 

The waiter arrived after a short time and provided us with the menus and left us to decide. He shortly returned and took our order after describing (in English as well as German) the details of some of the desserts we had ordered. He was smart enough to inform one diner, me, that my order would take approximately 10 minutes more to arrive than the other diners, so I changed my mind so as that we could all eat together.

We ordered 3 kaiserschmarrns and one apple tarte with caramel and cassis foam. 

The kaiserschmarrns were absolutely fantastic! Light, textured on the outside, but soft in the middle and beautifully cooked. The plums were fresh and flavourful and melted in your mouth.

The apple tart was slightly overwhelmed by the sheer amount of cassis foam and could have done well with some ice cream to provide some balance of flavours, but don''t let that stop you having one yourself. Overall a great dish and nothing went to waste.

We will certainly be visiting this restaurant again to sample the lunch and evening dishes, but if you want to try a little sampler first, then head over there for some dessert and coffee as you WILL NOT be disappointed.

5 stars all the way. Excellent service and even better food!

Visited July 2016','5');
INSERT INTO "USER_REVIEW" ("RESTAURANT_ID","REVIEW_DATE","COMMENT","REVIEW_RATING")VALUES('26303701','2017-11-09','Im Sommer eine äußerst schöne Location direkt am Wasser.
Das Essen im gehobenen Standard ist sein Geld definitiv wert. Der Service war sehr zuvorkommend.

Ein Restaurant für den besonderen Abend.','5');
INSERT INTO "USER_REVIEW" ("RESTAURANT_ID","REVIEW_DATE","COMMENT","REVIEW_RATING")VALUES('26303701','2017-09-19','Die Gerichte mit durchaus gehobenen Preisen erfüllen die entsprechenden Erwartungen. Das Wiener Schnitzel mit seinem exzellenten Kartoffelsalat ist eine Empfehlung. Toll ist die kleine Terrasse am Wasser mit dem Blick, den das Foto zeigt.','5');
INSERT INTO "USER_REVIEW" ("RESTAURANT_ID","REVIEW_DATE","COMMENT","REVIEW_RATING")VALUES('26303701','2017-07-28','Vermutlich das beste Restaurant in Spandau. Seit vielen Jahren für uns DER Anlaufpunkt, wenn man sich oder Gästen etwas Besonderes bieten will. im Sommer ein Pfund - oder gleich ein Kilo? - auf dem Steg mit Blick über die Havel... Herz, was willst du mehr. Reservieren wird stets empfohlen.','5');
INSERT INTO "LOCATION" ("LOCATION_ID","LOCATION_TYPE","ADDRESS","LONGITUDE","LATITUDE")VALUES('257','R','Gabriel-Max-Str. 110245 BerlinGermany','13.458043','52.509282');
INSERT INTO "RESTAURANT" ("RESTAURANT_ID","PRICERANGE","PHONE_NUMBER","WEBSITE")VALUES('29241591','€€','+49 30 70086735','cafe-datscha.de');
INSERT INTO "CUISINE" ("RESTAURANT_ID","CUISINE_TYPE")VALUES('29241591','Russian');
INSERT INTO "CUISINE" ("RESTAURANT_ID","CUISINE_TYPE")VALUES('29241591','Bars');
INSERT INTO "RESTAURANT_RATING" ("RESTAURANT_ID","SCALE","OVERALL_RATING","SOURCE")VALUES('29241591','5','4.0','Yelp');
INSERT INTO "RESTAURANT_FEATURE" ("RESTAURANT_ID","FEATURE_NAME","DESCRIPTION")VALUES('29241591','Takes Reservations','Yes');
INSERT INTO "RESTAURANT_FEATURE" ("RESTAURANT_ID","FEATURE_NAME","DESCRIPTION")VALUES('29241591','Delivery','Yes');
INSERT INTO "RESTAURANT_FEATURE" ("RESTAURANT_ID","FEATURE_NAME","DESCRIPTION")VALUES('29241591','Take-out','Yes');
INSERT INTO "RESTAURANT_FEATURE" ("RESTAURANT_ID","FEATURE_NAME","DESCRIPTION")VALUES('29241591','Accepted Cards','Debit');
INSERT INTO "RESTAURANT_FEATURE" ("RESTAURANT_ID","FEATURE_NAME","DESCRIPTION")VALUES('29241591','Good For','Brunch, Lunch, Dinner');
INSERT INTO "RESTAURANT_FEATURE" ("RESTAURANT_ID","FEATURE_NAME","DESCRIPTION")VALUES('29241591','Parking','Street');
INSERT INTO "RESTAURANT_FEATURE" ("RESTAURANT_ID","FEATURE_NAME","DESCRIPTION")VALUES('29241591','Good for Kids','Yes');
INSERT INTO "RESTAURANT_FEATURE" ("RESTAURANT_ID","FEATURE_NAME","DESCRIPTION")VALUES('29241591','Good for Groups','Yes');
INSERT INTO "RESTAURANT_FEATURE" ("RESTAURANT_ID","FEATURE_NAME","DESCRIPTION")VALUES('29241591','Attire','Casual');
INSERT INTO "RESTAURANT_FEATURE" ("RESTAURANT_ID","FEATURE_NAME","DESCRIPTION")VALUES('29241591','Ambience','Intimate');
INSERT INTO "RESTAURANT_FEATURE" ("RESTAURANT_ID","FEATURE_NAME","DESCRIPTION")VALUES('29241591','Noise Level','Loud');
INSERT INTO "RESTAURANT_FEATURE" ("RESTAURANT_ID","FEATURE_NAME","DESCRIPTION")VALUES('29241591','Alcohol','Full Bar');
INSERT INTO "RESTAURANT_FEATURE" ("RESTAURANT_ID","FEATURE_NAME","DESCRIPTION")VALUES('29241591','Happy Hour','No');
INSERT INTO "RESTAURANT_FEATURE" ("RESTAURANT_ID","FEATURE_NAME","DESCRIPTION")VALUES('29241591','Outdoor Seating','Yes');
INSERT INTO "RESTAURANT_FEATURE" ("RESTAURANT_ID","FEATURE_NAME","DESCRIPTION")VALUES('29241591','Wi-Fi','Free');
INSERT INTO "RESTAURANT_FEATURE" ("RESTAURANT_ID","FEATURE_NAME","DESCRIPTION")VALUES('29241591','Has TV','No');
INSERT INTO "RESTAURANT_FEATURE" ("RESTAURANT_ID","FEATURE_NAME","DESCRIPTION")VALUES('29241591','Caters','No');
INSERT INTO "RESTAURANT_FEATURE" ("RESTAURANT_ID","FEATURE_NAME","DESCRIPTION")VALUES('29241591','Has Pool Table','No');
INSERT INTO "OPENING_HOUR" ("DAY","RESTAURANT_ID","OPENING_TIME","CLOSING_TIME")VALUES('Mon','29241591','10:00 am','1:00 am');
INSERT INTO "OPENING_HOUR" ("DAY","RESTAURANT_ID","OPENING_TIME","CLOSING_TIME")VALUES('Tue','29241591','10:00 am','1:00 am');
INSERT INTO "OPENING_HOUR" ("DAY","RESTAURANT_ID","OPENING_TIME","CLOSING_TIME")VALUES('Wed','29241591','10:00 am','1:00 am');
INSERT INTO "OPENING_HOUR" ("DAY","RESTAURANT_ID","OPENING_TIME","CLOSING_TIME")VALUES('Thu','29241591','10:00 am','1:00 am');
INSERT INTO "OPENING_HOUR" ("DAY","RESTAURANT_ID","OPENING_TIME","CLOSING_TIME")VALUES('Fri','29241591','10:00 am','1:00 am');
INSERT INTO "OPENING_HOUR" ("DAY","RESTAURANT_ID","OPENING_TIME","CLOSING_TIME")VALUES('Sat','29241591','10:00 am','1:00 am');
INSERT INTO "OPENING_HOUR" ("DAY","RESTAURANT_ID","OPENING_TIME","CLOSING_TIME")VALUES('Sun','29241591','Open now','1:00 am');
INSERT INTO "USER_REVIEW" ("RESTAURANT_ID","REVIEW_DATE","COMMENT","REVIEW_RATING")VALUES('29241591','2017-06-21 05:06:22','I should start by saying this food was so delicious that my friend started to cry when she began to eat. This is a meal that definitely leads to...','5');
INSERT INTO "PHOTO" ("RESTAURANT_ID","PICTURE_URL")VALUES('29241591','https://s3-media1.fl.yelpcdn.com/photo/Z17BE9qcXHSDU2xuLiQB0Q/o.jpg');
INSERT INTO "USER_REVIEW" ("RESTAURANT_ID","REVIEW_DATE","COMMENT","REVIEW_RATING")VALUES('29241591','2017-08-13 06:54:56','We just passed this restaurant on a Sunday afternoon, still remembered the nice warm main dish (guess some salmon asparagus , quite tasty as we remembered)...','2');
INSERT INTO "PHOTO" ("RESTAURANT_ID","PICTURE_URL")VALUES('29241591','https://s3-media3.fl.yelpcdn.com/photo/-F4xq28kLK4Baqco3eYNsA/o.jpg');
INSERT INTO "USER_REVIEW" ("RESTAURANT_ID","REVIEW_DATE","COMMENT","REVIEW_RATING")VALUES('29241591','2016-11-03 13:39:48','Very nice place to eat late breakfast during the week (brunch is only on Sunday). 
We took freshly squeezed orange juices. Really minute maid!
We shared two...','5');
INSERT INTO "PHOTO" ("RESTAURANT_ID","PICTURE_URL")VALUES('29241591','https://s3-media2.fl.yelpcdn.com/photo/bsdEQv9Ui82D77NDcAw1_g/o.jpg');
INSERT INTO "LOCATION" ("LOCATION_ID","LOCATION_TYPE","ADDRESS","LONGITUDE","LATITUDE")VALUES('258','R','Pappelallee 2910437 BerlinGermany','13.41727','52.5453199');
INSERT INTO "RESTAURANT" ("RESTAURANT_ID","PRICERANGE","PHONE_NUMBER","WEBSITE")VALUES('79755694','€€€','+49 30 54622839','mrsrobinsons.de');
INSERT INTO "CUISINE" ("RESTAURANT_ID","CUISINE_TYPE")VALUES('79755694','Asian Fusion');
INSERT INTO "RESTAURANT_RATING" ("RESTAURANT_ID","SCALE","OVERALL_RATING","SOURCE")VALUES('79755694','5','5.0','Yelp');
INSERT INTO "RESTAURANT_FEATURE" ("RESTAURANT_ID","FEATURE_NAME","DESCRIPTION")VALUES('79755694','Takes Reservations','Yes');
INSERT INTO "RESTAURANT_FEATURE" ("RESTAURANT_ID","FEATURE_NAME","DESCRIPTION")VALUES('79755694','Delivery','No');
INSERT INTO "RESTAURANT_FEATURE" ("RESTAURANT_ID","FEATURE_NAME","DESCRIPTION")VALUES('79755694','Take-out','No');
INSERT INTO "RESTAURANT_FEATURE" ("RESTAURANT_ID","FEATURE_NAME","DESCRIPTION")VALUES('79755694','Good for Kids','No');
INSERT INTO "RESTAURANT_FEATURE" ("RESTAURANT_ID","FEATURE_NAME","DESCRIPTION")VALUES('79755694','Good for Groups','Yes');
INSERT INTO "RESTAURANT_FEATURE" ("RESTAURANT_ID","FEATURE_NAME","DESCRIPTION")VALUES('79755694','Attire','Casual');
INSERT INTO "RESTAURANT_FEATURE" ("RESTAURANT_ID","FEATURE_NAME","DESCRIPTION")VALUES('79755694','Noise Level','Average');
INSERT INTO "OPENING_HOUR" ("DAY","RESTAURANT_ID","OPENING_TIME","CLOSING_TIME")VALUES('Mon','79755694','6:00 pm','12:00 am');
INSERT INTO "OPENING_HOUR" ("DAY","RESTAURANT_ID","OPENING_TIME","CLOSING_TIME")VALUES('Tue','79755694','6:00 pm','12:00 am');
INSERT INTO "OPENING_HOUR" ("DAY","RESTAURANT_ID","OPENING_TIME","CLOSING_TIME")VALUES('Wed','79755694','6:00 pm','12:00 am');
INSERT INTO "OPENING_HOUR" ("DAY","RESTAURANT_ID","OPENING_TIME","CLOSING_TIME")VALUES('Thu','79755694','6:00 pm','12:00 am');
INSERT INTO "OPENING_HOUR" ("DAY","RESTAURANT_ID","OPENING_TIME","CLOSING_TIME")VALUES('Fri','79755694','6:00 pm','12:00 am');
INSERT INTO "USER_REVIEW" ("RESTAURANT_ID","REVIEW_DATE","COMMENT","REVIEW_RATING")VALUES('79755694','2016-12-09 04:16:15','Everything about this Asian fusion place is just terrific. Lovely straff, creative food. The silken tofu dish and the kale salad are absolutely AMAZING.','5');
INSERT INTO "PHOTO" ("RESTAURANT_ID","PICTURE_URL")VALUES('79755694','https://s3-media1.fl.yelpcdn.com/photo/y5eNX7_rsiZkmRFW8XdlXA/o.jpg');
INSERT INTO "USER_REVIEW" ("RESTAURANT_ID","REVIEW_DATE","COMMENT","REVIEW_RATING")VALUES('79755694','2016-12-11 16:06:06','One of the best dining experiences I''ve had this year, worldwide, period. The staff is as sweet and friendly as it gets and the food is absolutely divine....','5');
INSERT INTO "USER_REVIEW" ("RESTAURANT_ID","REVIEW_DATE","COMMENT","REVIEW_RATING")VALUES('79755694','2016-12-10 14:00:21','One of the best dining experiences I''ve had this year, worldwide, period. The staff is as sweet and friendly as it gets and the food is absolutely divine....','5');
INSERT INTO "LOCATION" ("LOCATION_ID","LOCATION_TYPE","ADDRESS","LONGITUDE","LATITUDE")VALUES('259','R','Parkstr.  3113086 BerlinGermany','13.4583819512','52.5548368989');
INSERT INTO "RESTAURANT" ("RESTAURANT_ID","PRICERANGE","PHONE_NUMBER","WEBSITE")VALUES('11657115','€€','None','parkstern.de');
INSERT INTO "CUISINE" ("RESTAURANT_ID","CUISINE_TYPE")VALUES('11657115','Modern European');
INSERT INTO "CUISINE" ("RESTAURANT_ID","CUISINE_TYPE")VALUES('11657115','International');
INSERT INTO "RESTAURANT_RATING" ("RESTAURANT_ID","SCALE","OVERALL_RATING","SOURCE")VALUES('11657115','5','4.5','Yelp');
INSERT INTO "RESTAURANT_FEATURE" ("RESTAURANT_ID","FEATURE_NAME","DESCRIPTION")VALUES('11657115','Takes Reservations','Yes');
INSERT INTO "RESTAURANT_FEATURE" ("RESTAURANT_ID","FEATURE_NAME","DESCRIPTION")VALUES('11657115','Delivery','No');
INSERT INTO "RESTAURANT_FEATURE" ("RESTAURANT_ID","FEATURE_NAME","DESCRIPTION")VALUES('11657115','Take-out','Yes');
INSERT INTO "RESTAURANT_FEATURE" ("RESTAURANT_ID","FEATURE_NAME","DESCRIPTION")VALUES('11657115','Good For','Dinner');
INSERT INTO "RESTAURANT_FEATURE" ("RESTAURANT_ID","FEATURE_NAME","DESCRIPTION")VALUES('11657115','Parking','Street');
INSERT INTO "RESTAURANT_FEATURE" ("RESTAURANT_ID","FEATURE_NAME","DESCRIPTION")VALUES('11657115','Good for Kids','Yes');
INSERT INTO "RESTAURANT_FEATURE" ("RESTAURANT_ID","FEATURE_NAME","DESCRIPTION")VALUES('11657115','Good for Groups','Yes');
INSERT INTO "RESTAURANT_FEATURE" ("RESTAURANT_ID","FEATURE_NAME","DESCRIPTION")VALUES('11657115','Attire','Casual');
INSERT INTO "RESTAURANT_FEATURE" ("RESTAURANT_ID","FEATURE_NAME","DESCRIPTION")VALUES('11657115','Noise Level','Average');
INSERT INTO "RESTAURANT_FEATURE" ("RESTAURANT_ID","FEATURE_NAME","DESCRIPTION")VALUES('11657115','Alcohol','Full Bar');
INSERT INTO "RESTAURANT_FEATURE" ("RESTAURANT_ID","FEATURE_NAME","DESCRIPTION")VALUES('11657115','Outdoor Seating','Yes');
INSERT INTO "RESTAURANT_FEATURE" ("RESTAURANT_ID","FEATURE_NAME","DESCRIPTION")VALUES('11657115','Wi-Fi','No');
INSERT INTO "RESTAURANT_FEATURE" ("RESTAURANT_ID","FEATURE_NAME","DESCRIPTION")VALUES('11657115','Has TV','No');
INSERT INTO "RESTAURANT_FEATURE" ("RESTAURANT_ID","FEATURE_NAME","DESCRIPTION")VALUES('11657115','Caters','Yes');
INSERT INTO "OPENING_HOUR" ("DAY","RESTAURANT_ID","OPENING_TIME","CLOSING_TIME")VALUES('Mon','11657115','5:00 pm','12:00 am');
INSERT INTO "OPENING_HOUR" ("DAY","RESTAURANT_ID","OPENING_TIME","CLOSING_TIME")VALUES('Tue','11657115','5:00 pm','12:00 am');
INSERT INTO "OPENING_HOUR" ("DAY","RESTAURANT_ID","OPENING_TIME","CLOSING_TIME")VALUES('Wed','11657115','5:00 pm','12:00 am');
INSERT INTO "OPENING_HOUR" ("DAY","RESTAURANT_ID","OPENING_TIME","CLOSING_TIME")VALUES('Thu','11657115','5:00 pm','12:00 am');
INSERT INTO "OPENING_HOUR" ("DAY","RESTAURANT_ID","OPENING_TIME","CLOSING_TIME")VALUES('Fri','11657115','5:00 pm','12:00 am');
INSERT INTO "OPENING_HOUR" ("DAY","RESTAURANT_ID","OPENING_TIME","CLOSING_TIME")VALUES('Sat','11657115','5:00 pm','12:00 am');
INSERT INTO "OPENING_HOUR" ("DAY","RESTAURANT_ID","OPENING_TIME","CLOSING_TIME")VALUES('Sun','11657115','Open now','11:00 pm');
INSERT INTO "LOCATION" ("LOCATION_ID","LOCATION_TYPE","ADDRESS","LONGITUDE","LATITUDE")VALUES('260','R','Weserstr. 20312047 BerlinGermany','13.4310346207','52.4876701594');
INSERT INTO "RESTAURANT" ("RESTAURANT_ID","PRICERANGE","PHONE_NUMBER","WEBSITE")VALUES('45824013','Unknown','None','None');
INSERT INTO "CUISINE" ("RESTAURANT_ID","CUISINE_TYPE")VALUES('45824013','Pan Asian');
INSERT INTO "RESTAURANT_RATING" ("RESTAURANT_ID","SCALE","OVERALL_RATING","SOURCE")VALUES('45824013','5','4.0','Yelp');
INSERT INTO "RESTAURANT_FEATURE" ("RESTAURANT_ID","FEATURE_NAME","DESCRIPTION")VALUES('45824013','Takes Reservations','Yes');
INSERT INTO "RESTAURANT_FEATURE" ("RESTAURANT_ID","FEATURE_NAME","DESCRIPTION")VALUES('45824013','Delivery','Yes');
INSERT INTO "RESTAURANT_FEATURE" ("RESTAURANT_ID","FEATURE_NAME","DESCRIPTION")VALUES('45824013','Good for Kids','Yes');
INSERT INTO "RESTAURANT_FEATURE" ("RESTAURANT_ID","FEATURE_NAME","DESCRIPTION")VALUES('45824013','Good for Groups','Yes');
INSERT INTO "RESTAURANT_FEATURE" ("RESTAURANT_ID","FEATURE_NAME","DESCRIPTION")VALUES('45824013','Noise Level','Quiet');
INSERT INTO "RESTAURANT_FEATURE" ("RESTAURANT_ID","FEATURE_NAME","DESCRIPTION")VALUES('45824013','Outdoor Seating','Yes');
INSERT INTO "RESTAURANT_FEATURE" ("RESTAURANT_ID","FEATURE_NAME","DESCRIPTION")VALUES('45824013','Has TV','No');
INSERT INTO "OPENING_HOUR" ("DAY","RESTAURANT_ID","OPENING_TIME","CLOSING_TIME")VALUES('Mon','45824013','11:00 am','12:00 am');
INSERT INTO "OPENING_HOUR" ("DAY","RESTAURANT_ID","OPENING_TIME","CLOSING_TIME")VALUES('Tue','45824013','11:00 am','12:00 am');
INSERT INTO "OPENING_HOUR" ("DAY","RESTAURANT_ID","OPENING_TIME","CLOSING_TIME")VALUES('Wed','45824013','11:00 am','12:00 am');
INSERT INTO "OPENING_HOUR" ("DAY","RESTAURANT_ID","OPENING_TIME","CLOSING_TIME")VALUES('Thu','45824013','11:00 am','12:00 am');
INSERT INTO "OPENING_HOUR" ("DAY","RESTAURANT_ID","OPENING_TIME","CLOSING_TIME")VALUES('Fri','45824013','11:00 am','12:00 am');
INSERT INTO "OPENING_HOUR" ("DAY","RESTAURANT_ID","OPENING_TIME","CLOSING_TIME")VALUES('Sat','45824013','11:00 am','12:00 am');
INSERT INTO "OPENING_HOUR" ("DAY","RESTAURANT_ID","OPENING_TIME","CLOSING_TIME")VALUES('Sun','45824013','Open now','12:00 am');
INSERT INTO "USER_REVIEW" ("RESTAURANT_ID","REVIEW_DATE","COMMENT","REVIEW_RATING")VALUES('45824013','2016-09-26 07:15:19','Super service and nice atmosphere. Very large portions!! 
Red curry with chicken and rice was good, but i prefer a more coconut milk flavour over spiciness....','3');
INSERT INTO "PHOTO" ("RESTAURANT_ID","PICTURE_URL")VALUES('45824013','https://s3-media4.fl.yelpcdn.com/photo/RYr9-VCjXKSU4S20NGwM1g/o.jpg');
INSERT INTO "USER_REVIEW" ("RESTAURANT_ID","REVIEW_DATE","COMMENT","REVIEW_RATING")VALUES('45824013','2016-10-16 11:18:02','There are so many mediocre "Asia Imbiss" style places in Berlin, it sometimes takes courage to try a new place, but we really appreciated the fresh...','5');
INSERT INTO "PHOTO" ("RESTAURANT_ID","PICTURE_URL")VALUES('45824013','https://s3-media1.fl.yelpcdn.com/photo/QlZoSTv122XHHdpkZyopJQ/o.jpg');
INSERT INTO "USER_REVIEW" ("RESTAURANT_ID","REVIEW_DATE","COMMENT","REVIEW_RATING")VALUES('45824013','2017-04-14 02:18:46','this place is the fire, good service, good price, and delicious food.. i get the crispy duck with noodles','4');
INSERT INTO "PHOTO" ("RESTAURANT_ID","PICTURE_URL")VALUES('45824013','https://s3-media2.fl.yelpcdn.com/photo/gpjscpFhxNlD6Tq1kRey0A/o.jpg');
INSERT INTO "LOCATION" ("LOCATION_ID","LOCATION_TYPE","ADDRESS","LONGITUDE","LATITUDE")VALUES('261','R','Leibnizstr. 5510629 BerlinGermany','13.31252','52.50146');
INSERT INTO "RESTAURANT" ("RESTAURANT_ID","PRICERANGE","PHONE_NUMBER","WEBSITE")VALUES('66009251','€€','+49 30 50178033','nussbaumerin.de');
INSERT INTO "CUISINE" ("RESTAURANT_ID","CUISINE_TYPE")VALUES('66009251','Austrian');
INSERT INTO "RESTAURANT_RATING" ("RESTAURANT_ID","SCALE","OVERALL_RATING","SOURCE")VALUES('66009251','5','4.5','Yelp');
INSERT INTO "RESTAURANT_FEATURE" ("RESTAURANT_ID","FEATURE_NAME","DESCRIPTION")VALUES('66009251','Takes Reservations','Yes');
INSERT INTO "RESTAURANT_FEATURE" ("RESTAURANT_ID","FEATURE_NAME","DESCRIPTION")VALUES('66009251','Delivery','No');
INSERT INTO "RESTAURANT_FEATURE" ("RESTAURANT_ID","FEATURE_NAME","DESCRIPTION")VALUES('66009251','Take-out','No');
INSERT INTO "RESTAURANT_FEATURE" ("RESTAURANT_ID","FEATURE_NAME","DESCRIPTION")VALUES('66009251','Accepted Cards','Debit');
INSERT INTO "RESTAURANT_FEATURE" ("RESTAURANT_ID","FEATURE_NAME","DESCRIPTION")VALUES('66009251','Accepts Bitcoin','No');
INSERT INTO "RESTAURANT_FEATURE" ("RESTAURANT_ID","FEATURE_NAME","DESCRIPTION")VALUES('66009251','Parking','Street');
INSERT INTO "RESTAURANT_FEATURE" ("RESTAURANT_ID","FEATURE_NAME","DESCRIPTION")VALUES('66009251','Good for Kids','Yes');
INSERT INTO "RESTAURANT_FEATURE" ("RESTAURANT_ID","FEATURE_NAME","DESCRIPTION")VALUES('66009251','Good for Groups','Yes');
INSERT INTO "RESTAURANT_FEATURE" ("RESTAURANT_ID","FEATURE_NAME","DESCRIPTION")VALUES('66009251','Attire','Dressy');
INSERT INTO "RESTAURANT_FEATURE" ("RESTAURANT_ID","FEATURE_NAME","DESCRIPTION")VALUES('66009251','Ambience','Upscale');
INSERT INTO "RESTAURANT_FEATURE" ("RESTAURANT_ID","FEATURE_NAME","DESCRIPTION")VALUES('66009251','Noise Level','Average');
INSERT INTO "RESTAURANT_FEATURE" ("RESTAURANT_ID","FEATURE_NAME","DESCRIPTION")VALUES('66009251','Alcohol','Full Bar');
INSERT INTO "RESTAURANT_FEATURE" ("RESTAURANT_ID","FEATURE_NAME","DESCRIPTION")VALUES('66009251','Outdoor Seating','Yes');
INSERT INTO "RESTAURANT_FEATURE" ("RESTAURANT_ID","FEATURE_NAME","DESCRIPTION")VALUES('66009251','Wi-Fi','No');
INSERT INTO "RESTAURANT_FEATURE" ("RESTAURANT_ID","FEATURE_NAME","DESCRIPTION")VALUES('66009251','Has TV','No');
INSERT INTO "RESTAURANT_FEATURE" ("RESTAURANT_ID","FEATURE_NAME","DESCRIPTION")VALUES('66009251','Caters','No');
INSERT INTO "OPENING_HOUR" ("DAY","RESTAURANT_ID","OPENING_TIME","CLOSING_TIME")VALUES('Mon','66009251','5:00 pm','12:00 am');
INSERT INTO "OPENING_HOUR" ("DAY","RESTAURANT_ID","OPENING_TIME","CLOSING_TIME")VALUES('Tue','66009251','5:00 pm','12:00 am');
INSERT INTO "OPENING_HOUR" ("DAY","RESTAURANT_ID","OPENING_TIME","CLOSING_TIME")VALUES('Wed','66009251','5:00 pm','12:00 am');
INSERT INTO "OPENING_HOUR" ("DAY","RESTAURANT_ID","OPENING_TIME","CLOSING_TIME")VALUES('Thu','66009251','5:00 pm','12:00 am');
INSERT INTO "OPENING_HOUR" ("DAY","RESTAURANT_ID","OPENING_TIME","CLOSING_TIME")VALUES('Fri','66009251','5:00 pm','12:00 am');
INSERT INTO "OPENING_HOUR" ("DAY","RESTAURANT_ID","OPENING_TIME","CLOSING_TIME")VALUES('Sat','66009251','5:00 pm','12:00 am');
INSERT INTO "USER_REVIEW" ("RESTAURANT_ID","REVIEW_DATE","COMMENT","REVIEW_RATING")VALUES('66009251','2016-10-06 11:52:27','If only the meat had been good.  Great taste,  very nice place and prople,  and  location,  good service,  not cheap but classy restaurant   but...  The...','4');
INSERT INTO "PHOTO" ("RESTAURANT_ID","PICTURE_URL")VALUES('66009251','https://s3-media2.fl.yelpcdn.com/photo/PaocyHBB4HLGNRwNpE2etg/o.jpg');
INSERT INTO "USER_REVIEW" ("RESTAURANT_ID","REVIEW_DATE","COMMENT","REVIEW_RATING")VALUES('66009251','2016-02-22 09:50:15','Maybe this is a good place. It was empty and they would not take a reservation or accept a walk in. After trying to schedule a later reservation and and...','1');
INSERT INTO "PHOTO" ("RESTAURANT_ID","PICTURE_URL")VALUES('66009251','https://s3-media3.fl.yelpcdn.com/photo/RGR1UIroOBbWHnf3gAK5Jw/o.jpg');
INSERT INTO "USER_REVIEW" ("RESTAURANT_ID","REVIEW_DATE","COMMENT","REVIEW_RATING")VALUES('66009251','2014-11-11 15:08:53','Amazing meal here this past weekend! We started with red sparkling wine while we looked through the menu. It was so refreshing. We ordered a variety of...','4');
INSERT INTO "PHOTO" ("RESTAURANT_ID","PICTURE_URL")VALUES('66009251','https://s3-media2.fl.yelpcdn.com/photo/bNMg8bxM1GuWzuQqNVwS6Q/o.jpg');
INSERT INTO "LOCATION" ("LOCATION_ID","LOCATION_TYPE","ADDRESS","LONGITUDE","LATITUDE")VALUES('262','R','Katzbachstr. 910965 BerlinGermany','13.3765','52.4898');
INSERT INTO "RESTAURANT" ("RESTAURANT_ID","PRICERANGE","PHONE_NUMBER","WEBSITE")VALUES('5053286','€','+49 30 31955554','caminito-berlin.de');
INSERT INTO "CUISINE" ("RESTAURANT_ID","CUISINE_TYPE")VALUES('5053286','Restaurants');
INSERT INTO "RESTAURANT_RATING" ("RESTAURANT_ID","SCALE","OVERALL_RATING","SOURCE")VALUES('5053286','5','4.5','Yelp');
INSERT INTO "RESTAURANT_RATING" ("RESTAURANT_ID","SCALE","OVERALL_RATING","SOURCE")VALUES('5053286','5','4.5','Google Map');
INSERT INTO "USER_REVIEW" ("RESTAURANT_ID","REVIEW_DATE","COMMENT","REVIEW_RATING")VALUES('5053286','2017-08-02','The food was really really delicious everything was freshly made. The owner is very nice and always has a friendly chat with you as well. ','5');
INSERT INTO "USER_REVIEW" ("RESTAURANT_ID","REVIEW_DATE","COMMENT","REVIEW_RATING")VALUES('5053286','2017-12-16','Sehr nettes, gemütliches und kleines Restaurant mit einem sehr netten und zuvorkommenden Inhaber. Auch die Bedienung war sehr nett. Das Essen frisch zubereitet und wirklich zu empfehlen. Die Karte ist übersichtlich, aber es ist sicherlich für jeden etwas dabei. Wir waren nicht das letzte Mal hier. Christian und Christian','5');
INSERT INTO "USER_REVIEW" ("RESTAURANT_ID","REVIEW_DATE","COMMENT","REVIEW_RATING")VALUES('5053286','2018-01-06','Sehr leckeres Essen, leckerer Rum und vor allem sehr herzliche Bewirtung. Wenn der Chef dann spanische Gitarre spielt, könnt ich stundenlang zuhören. Alles in allem ein wunderbarer Ort, um schöne Stunden zu verbringen.','5');
INSERT INTO "USER_REVIEW" ("RESTAURANT_ID","REVIEW_DATE","COMMENT","REVIEW_RATING")VALUES('5053286','2017-10-29','Espectacular restaurante, la comida fue exquisita pero lo mejor de todo fue la atención, de verdad que lo recomiendo, soy Colombiana y busco siempre sitios latinos, pero como este ninguno en Berlin, nos pusieron hasta música Colombiana, fue una noche genial.

GRACIAS','5');
INSERT INTO "USER_REVIEW" ("RESTAURANT_ID","REVIEW_DATE","COMMENT","REVIEW_RATING")VALUES('5053286','2017-06-03','Super leckeres, authentisches Essen, nettes Personal und leckerer Rum. Wenn man Glück hat, packt der Besitzer die Gitarre aus und zeigt dass er in Nicaragua ein bekannter Musiker war. Das Immer wieder gerne!','5');
INSERT INTO "LOCATION" ("LOCATION_ID","LOCATION_TYPE","ADDRESS","LONGITUDE","LATITUDE")VALUES('263','R','Motzstr. 6110777 BerlinGermany','13.33971','52.49486');
INSERT INTO "RESTAURANT" ("RESTAURANT_ID","PRICERANGE","PHONE_NUMBER","WEBSITE")VALUES('60991995','€€','+49 30 21969861','schoeneberger-weltlaterne.de');
INSERT INTO "CUISINE" ("RESTAURANT_ID","CUISINE_TYPE")VALUES('60991995','Bavarian');
INSERT INTO "RESTAURANT_RATING" ("RESTAURANT_ID","SCALE","OVERALL_RATING","SOURCE")VALUES('60991995','5','4.0','Yelp');
INSERT INTO "RESTAURANT_FEATURE" ("RESTAURANT_ID","FEATURE_NAME","DESCRIPTION")VALUES('60991995','Takes Reservations','Yes');
INSERT INTO "RESTAURANT_FEATURE" ("RESTAURANT_ID","FEATURE_NAME","DESCRIPTION")VALUES('60991995','Delivery','No');
INSERT INTO "RESTAURANT_FEATURE" ("RESTAURANT_ID","FEATURE_NAME","DESCRIPTION")VALUES('60991995','Take-out','No');
INSERT INTO "RESTAURANT_FEATURE" ("RESTAURANT_ID","FEATURE_NAME","DESCRIPTION")VALUES('60991995','Good for Kids','Yes');
INSERT INTO "RESTAURANT_FEATURE" ("RESTAURANT_ID","FEATURE_NAME","DESCRIPTION")VALUES('60991995','Good for Groups','Yes');
INSERT INTO "RESTAURANT_FEATURE" ("RESTAURANT_ID","FEATURE_NAME","DESCRIPTION")VALUES('60991995','Attire','Casual');
INSERT INTO "RESTAURANT_FEATURE" ("RESTAURANT_ID","FEATURE_NAME","DESCRIPTION")VALUES('60991995','Noise Level','Quiet');
INSERT INTO "RESTAURANT_FEATURE" ("RESTAURANT_ID","FEATURE_NAME","DESCRIPTION")VALUES('60991995','Alcohol','Full Bar');
INSERT INTO "RESTAURANT_FEATURE" ("RESTAURANT_ID","FEATURE_NAME","DESCRIPTION")VALUES('60991995','Outdoor Seating','Yes');
INSERT INTO "RESTAURANT_FEATURE" ("RESTAURANT_ID","FEATURE_NAME","DESCRIPTION")VALUES('60991995','Wi-Fi','No');
INSERT INTO "OPENING_HOUR" ("DAY","RESTAURANT_ID","OPENING_TIME","CLOSING_TIME")VALUES('Mon','60991995','5:00 pm','12:00 am');
INSERT INTO "OPENING_HOUR" ("DAY","RESTAURANT_ID","OPENING_TIME","CLOSING_TIME")VALUES('Tue','60991995','5:00 pm','12:00 am');
INSERT INTO "OPENING_HOUR" ("DAY","RESTAURANT_ID","OPENING_TIME","CLOSING_TIME")VALUES('Wed','60991995','5:00 pm','12:00 am');
INSERT INTO "OPENING_HOUR" ("DAY","RESTAURANT_ID","OPENING_TIME","CLOSING_TIME")VALUES('Thu','60991995','5:00 pm','12:00 am');
INSERT INTO "OPENING_HOUR" ("DAY","RESTAURANT_ID","OPENING_TIME","CLOSING_TIME")VALUES('Fri','60991995','5:00 pm','2:00 am');
INSERT INTO "OPENING_HOUR" ("DAY","RESTAURANT_ID","OPENING_TIME","CLOSING_TIME")VALUES('Sat','60991995','5:00 pm','2:00 am');
INSERT INTO "OPENING_HOUR" ("DAY","RESTAURANT_ID","OPENING_TIME","CLOSING_TIME")VALUES('Sun','60991995','Open now','12:00 am');
INSERT INTO "USER_REVIEW" ("RESTAURANT_ID","REVIEW_DATE","COMMENT","REVIEW_RATING")VALUES('60991995','2016-05-23 14:55:15','OMG. My dinner at this German kitchen was delicious. I don''t eat meat, and I was worried about finding fish and vegetarian dishes in Berlin. Schoeneberger...','5');
INSERT INTO "PHOTO" ("RESTAURANT_ID","PICTURE_URL")VALUES('60991995','https://s3-media1.fl.yelpcdn.com/photo/VNxJRdzJpIaxzi5VPbGrCg/o.jpg');
INSERT INTO "USER_REVIEW" ("RESTAURANT_ID","REVIEW_DATE","COMMENT","REVIEW_RATING")VALUES('60991995','2011-09-30 12:54:50','Average food. Delightful surroundings. Waiting staff a little bit on the slow side but a decent stab at an authentic and atmospheric Bavarian...','3');
INSERT INTO "PHOTO" ("RESTAURANT_ID","PICTURE_URL")VALUES('60991995','https://s3-media4.fl.yelpcdn.com/photo/woLS31BERA7I42oYRQMO7g/o.jpg');
INSERT INTO "RESTAURANT_RATING" ("RESTAURANT_ID","SCALE","OVERALL_RATING","SOURCE")VALUES('60991995','5','4.2','Google Map');
INSERT INTO "USER_REVIEW" ("RESTAURANT_ID","REVIEW_DATE","COMMENT","REVIEW_RATING")VALUES('60991995','2017-11-22','Huge portions a nice level of kitsch','5');
INSERT INTO "USER_REVIEW" ("RESTAURANT_ID","REVIEW_DATE","COMMENT","REVIEW_RATING")VALUES('60991995','2017-04-27','This is one of my favourite restaurants! Excellent service and the food is amazing. I can really recommend it! ','5');
INSERT INTO "USER_REVIEW" ("RESTAURANT_ID","REVIEW_DATE","COMMENT","REVIEW_RATING")VALUES('60991995','2017-04-25','Loved this place! Great german food, excellent staff, wonderful atmosphere and great beer!','5');
INSERT INTO "USER_REVIEW" ("RESTAURANT_ID","REVIEW_DATE","COMMENT","REVIEW_RATING")VALUES('60991995','2016-12-12','Very good neighborly German restaurant. Service is nice and food very good and traditional. I need my monthly fix there!','5');
INSERT INTO "USER_REVIEW" ("RESTAURANT_ID","REVIEW_DATE","COMMENT","REVIEW_RATING")VALUES('60991995','2013-11-19','We turned up (5 of us) without a reservation and the restaurant was packed.  The staff were great and found us a place without too much of a wait.  The food was delicious and the staff were so helpful and friendly and you can tell that they genuinely love their job.  I would recommend this venue to anyone who wants a taste of traditional German cuisine in a great setting.  A real local feel with no attitude.

I also recommended this restaurant to a group of English friends and they had a similar experience a few days later.  They raved about it.  
','5');
INSERT INTO "LOCATION" ("LOCATION_ID","LOCATION_TYPE","ADDRESS","LONGITUDE","LATITUDE")VALUES('264','R','Eisenacher Str. 4010781 BerlinGermany','13.3488','52.4899');
INSERT INTO "RESTAURANT" ("RESTAURANT_ID","PRICERANGE","PHONE_NUMBER","WEBSITE")VALUES('86160140','€','+49 30 89204554','chayvillage.de');
INSERT INTO "CUISINE" ("RESTAURANT_ID","CUISINE_TYPE")VALUES('86160140','Vietnamese');
INSERT INTO "RESTAURANT_RATING" ("RESTAURANT_ID","SCALE","OVERALL_RATING","SOURCE")VALUES('86160140','5','4.0','Yelp');
INSERT INTO "RESTAURANT_FEATURE" ("RESTAURANT_ID","FEATURE_NAME","DESCRIPTION")VALUES('86160140','Takes Reservations','Yes');
INSERT INTO "RESTAURANT_FEATURE" ("RESTAURANT_ID","FEATURE_NAME","DESCRIPTION")VALUES('86160140','Delivery','Yes');
INSERT INTO "RESTAURANT_FEATURE" ("RESTAURANT_ID","FEATURE_NAME","DESCRIPTION")VALUES('86160140','Take-out','Yes');
INSERT INTO "RESTAURANT_FEATURE" ("RESTAURANT_ID","FEATURE_NAME","DESCRIPTION")VALUES('86160140','Accepted Cards','Debit');
INSERT INTO "RESTAURANT_FEATURE" ("RESTAURANT_ID","FEATURE_NAME","DESCRIPTION")VALUES('86160140','Good For','Lunch');
INSERT INTO "RESTAURANT_FEATURE" ("RESTAURANT_ID","FEATURE_NAME","DESCRIPTION")VALUES('86160140','Parking','Street');
INSERT INTO "RESTAURANT_FEATURE" ("RESTAURANT_ID","FEATURE_NAME","DESCRIPTION")VALUES('86160140','Good for Kids','Yes');
INSERT INTO "RESTAURANT_FEATURE" ("RESTAURANT_ID","FEATURE_NAME","DESCRIPTION")VALUES('86160140','Good for Groups','Yes');
INSERT INTO "RESTAURANT_FEATURE" ("RESTAURANT_ID","FEATURE_NAME","DESCRIPTION")VALUES('86160140','Attire','Casual');
INSERT INTO "RESTAURANT_FEATURE" ("RESTAURANT_ID","FEATURE_NAME","DESCRIPTION")VALUES('86160140','Noise Level','Average');
INSERT INTO "RESTAURANT_FEATURE" ("RESTAURANT_ID","FEATURE_NAME","DESCRIPTION")VALUES('86160140','Alcohol','Beer & Wine Only');
INSERT INTO "RESTAURANT_FEATURE" ("RESTAURANT_ID","FEATURE_NAME","DESCRIPTION")VALUES('86160140','Outdoor Seating','Yes');
INSERT INTO "RESTAURANT_FEATURE" ("RESTAURANT_ID","FEATURE_NAME","DESCRIPTION")VALUES('86160140','Wi-Fi','No');
INSERT INTO "RESTAURANT_FEATURE" ("RESTAURANT_ID","FEATURE_NAME","DESCRIPTION")VALUES('86160140','Has TV','No');
INSERT INTO "RESTAURANT_FEATURE" ("RESTAURANT_ID","FEATURE_NAME","DESCRIPTION")VALUES('86160140','Waiter Service','Yes');
INSERT INTO "RESTAURANT_FEATURE" ("RESTAURANT_ID","FEATURE_NAME","DESCRIPTION")VALUES('86160140','Caters','No');
INSERT INTO "OPENING_HOUR" ("DAY","RESTAURANT_ID","OPENING_TIME","CLOSING_TIME")VALUES('Mon','86160140','11:30 am','11:00 pm');
INSERT INTO "OPENING_HOUR" ("DAY","RESTAURANT_ID","OPENING_TIME","CLOSING_TIME")VALUES('Tue','86160140','11:30 am','11:00 pm');
INSERT INTO "OPENING_HOUR" ("DAY","RESTAURANT_ID","OPENING_TIME","CLOSING_TIME")VALUES('Wed','86160140','11:30 am','11:00 pm');
INSERT INTO "OPENING_HOUR" ("DAY","RESTAURANT_ID","OPENING_TIME","CLOSING_TIME")VALUES('Thu','86160140','11:30 am','11:00 pm');
INSERT INTO "OPENING_HOUR" ("DAY","RESTAURANT_ID","OPENING_TIME","CLOSING_TIME")VALUES('Fri','86160140','11:30 am','11:00 pm');
INSERT INTO "OPENING_HOUR" ("DAY","RESTAURANT_ID","OPENING_TIME","CLOSING_TIME")VALUES('Sat','86160140','3:00 pm','11:00 pm');
INSERT INTO "OPENING_HOUR" ("DAY","RESTAURANT_ID","OPENING_TIME","CLOSING_TIME")VALUES('Sun','86160140','Open now','10:00 pm');
INSERT INTO "USER_REVIEW" ("RESTAURANT_ID","REVIEW_DATE","COMMENT","REVIEW_RATING")VALUES('86160140','2017-02-28 03:51:49','My current favorite Viet place in Berlin! This vegetarian restaurant loacted directly at Eisenacher Str. U-Bahn Station is definitely worth checking out!...','5');
INSERT INTO "PHOTO" ("RESTAURANT_ID","PICTURE_URL")VALUES('86160140','https://s3-media2.fl.yelpcdn.com/photo/XoP1dUqfYDsbyFaZ0k6BTw/o.jpg');
INSERT INTO "USER_REVIEW" ("RESTAURANT_ID","REVIEW_DATE","COMMENT","REVIEW_RATING")VALUES('86160140','2016-12-01 17:19:15','My all time favorite Vitetnamese restaurant in town! All veggie but everything can also be prepared vegan upon requst. Although everything I''ve tried here...','5');
INSERT INTO "PHOTO" ("RESTAURANT_ID","PICTURE_URL")VALUES('86160140','https://s3-media3.fl.yelpcdn.com/photo/_4gPWF9sNTY7FP_ALI5Cfw/o.jpg');
INSERT INTO "USER_REVIEW" ("RESTAURANT_ID","REVIEW_DATE","COMMENT","REVIEW_RATING")VALUES('86160140','2016-08-09 00:18:49','When Service expectation are not high then this is a place you can try. 

It has the widest variety of vegan Asian food that I have seen so far. 

But it...','2');
INSERT INTO "PHOTO" ("RESTAURANT_ID","PICTURE_URL")VALUES('86160140','https://s3-media3.fl.yelpcdn.com/photo/iBe6705P_krxvQUBHe9keA/o.jpg');
INSERT INTO "RESTAURANT_RATING" ("RESTAURANT_ID","SCALE","OVERALL_RATING","SOURCE")VALUES('86160140','5','0.0','Google Map');
INSERT INTO "LOCATION" ("LOCATION_ID","LOCATION_TYPE","ADDRESS","LONGITUDE","LATITUDE")VALUES('265','R','Vorbergstr. 210823 BerlinGermany','13.35772','52.48888');
INSERT INTO "RESTAURANT" ("RESTAURANT_ID","PRICERANGE","PHONE_NUMBER","WEBSITE")VALUES('80951486','€€','+49 30 81494240','feinbaeck.de');
INSERT INTO "CUISINE" ("RESTAURANT_ID","CUISINE_TYPE")VALUES('80951486','Swabian');
INSERT INTO "CUISINE" ("RESTAURANT_ID","CUISINE_TYPE")VALUES('80951486','German');
INSERT INTO "RESTAURANT_RATING" ("RESTAURANT_ID","SCALE","OVERALL_RATING","SOURCE")VALUES('80951486','5','4.0','Yelp');
INSERT INTO "RESTAURANT_FEATURE" ("RESTAURANT_ID","FEATURE_NAME","DESCRIPTION")VALUES('80951486','Takes Reservations','Yes');
INSERT INTO "RESTAURANT_FEATURE" ("RESTAURANT_ID","FEATURE_NAME","DESCRIPTION")VALUES('80951486','Delivery','No');
INSERT INTO "RESTAURANT_FEATURE" ("RESTAURANT_ID","FEATURE_NAME","DESCRIPTION")VALUES('80951486','Take-out','Yes');
INSERT INTO "RESTAURANT_FEATURE" ("RESTAURANT_ID","FEATURE_NAME","DESCRIPTION")VALUES('80951486','Parking','Street');
INSERT INTO "RESTAURANT_FEATURE" ("RESTAURANT_ID","FEATURE_NAME","DESCRIPTION")VALUES('80951486','Good for Kids','Yes');
INSERT INTO "RESTAURANT_FEATURE" ("RESTAURANT_ID","FEATURE_NAME","DESCRIPTION")VALUES('80951486','Good for Groups','Yes');
INSERT INTO "RESTAURANT_FEATURE" ("RESTAURANT_ID","FEATURE_NAME","DESCRIPTION")VALUES('80951486','Attire','Casual');
INSERT INTO "RESTAURANT_FEATURE" ("RESTAURANT_ID","FEATURE_NAME","DESCRIPTION")VALUES('80951486','Ambience','Casual');
INSERT INTO "RESTAURANT_FEATURE" ("RESTAURANT_ID","FEATURE_NAME","DESCRIPTION")VALUES('80951486','Noise Level','Average');
INSERT INTO "RESTAURANT_FEATURE" ("RESTAURANT_ID","FEATURE_NAME","DESCRIPTION")VALUES('80951486','Alcohol','Beer & Wine Only');
INSERT INTO "RESTAURANT_FEATURE" ("RESTAURANT_ID","FEATURE_NAME","DESCRIPTION")VALUES('80951486','Outdoor Seating','Yes');
INSERT INTO "RESTAURANT_FEATURE" ("RESTAURANT_ID","FEATURE_NAME","DESCRIPTION")VALUES('80951486','Wi-Fi','No');
INSERT INTO "RESTAURANT_FEATURE" ("RESTAURANT_ID","FEATURE_NAME","DESCRIPTION")VALUES('80951486','Has TV','No');
INSERT INTO "RESTAURANT_FEATURE" ("RESTAURANT_ID","FEATURE_NAME","DESCRIPTION")VALUES('80951486','Caters','No');
INSERT INTO "OPENING_HOUR" ("DAY","RESTAURANT_ID","OPENING_TIME","CLOSING_TIME")VALUES('Mon','80951486','12:00 pm','1:00 am');
INSERT INTO "OPENING_HOUR" ("DAY","RESTAURANT_ID","OPENING_TIME","CLOSING_TIME")VALUES('Tue','80951486','12:00 pm','1:00 am');
INSERT INTO "OPENING_HOUR" ("DAY","RESTAURANT_ID","OPENING_TIME","CLOSING_TIME")VALUES('Wed','80951486','12:00 pm','1:00 am');
INSERT INTO "OPENING_HOUR" ("DAY","RESTAURANT_ID","OPENING_TIME","CLOSING_TIME")VALUES('Thu','80951486','12:00 pm','1:00 am');
INSERT INTO "OPENING_HOUR" ("DAY","RESTAURANT_ID","OPENING_TIME","CLOSING_TIME")VALUES('Fri','80951486','12:00 pm','1:00 am');
INSERT INTO "OPENING_HOUR" ("DAY","RESTAURANT_ID","OPENING_TIME","CLOSING_TIME")VALUES('Sat','80951486','12:00 pm','1:00 am');
INSERT INTO "OPENING_HOUR" ("DAY","RESTAURANT_ID","OPENING_TIME","CLOSING_TIME")VALUES('Sun','80951486','Open now','1:00 am');
INSERT INTO "USER_REVIEW" ("RESTAURANT_ID","REVIEW_DATE","COMMENT","REVIEW_RATING")VALUES('80951486','2017-10-16 06:07:21','I''m so happy we found this place. It''s near the David Bowie plaque near his Berlin apartment building. 

We ordered the special for two since we wanted to...','4');
INSERT INTO "PHOTO" ("RESTAURANT_ID","PICTURE_URL")VALUES('80951486','https://s3-media1.fl.yelpcdn.com/photo/wSAipJWmwXjpxeobFdywzg/o.jpg');
INSERT INTO "USER_REVIEW" ("RESTAURANT_ID","REVIEW_DATE","COMMENT","REVIEW_RATING")VALUES('80951486','2014-08-05 00:54:43','Very good, traditional German cuisine at affordable, reasonable prices. 
The interior of the restaurant is pleasant and very climatic. Tiled walls remind...','5');
INSERT INTO "PHOTO" ("RESTAURANT_ID","PICTURE_URL")VALUES('80951486','https://s3-media1.fl.yelpcdn.com/photo/iMNJFw72ONsK2tA9N3vQig/o.jpg');
INSERT INTO "USER_REVIEW" ("RESTAURANT_ID","REVIEW_DATE","COMMENT","REVIEW_RATING")VALUES('80951486','2013-03-21 10:05:17','I tried a Maultaschen omelette with a mushroom sauce and a salad. It was a lot of food and really, really nice!

It does feel like a nice bar with food....','4');
INSERT INTO "PHOTO" ("RESTAURANT_ID","PICTURE_URL")VALUES('80951486','https://s3-media2.fl.yelpcdn.com/photo/TJGmZRrf_FW3IHzpGYhA-g/o.jpg');
INSERT INTO "LOCATION" ("LOCATION_ID","LOCATION_TYPE","ADDRESS","LONGITUDE","LATITUDE")VALUES('266','R','Böhmische Str. 1312055 BerlinGermany','13.4497','52.47372');
INSERT INTO "RESTAURANT" ("RESTAURANT_ID","PRICERANGE","PHONE_NUMBER","WEBSITE")VALUES('66095655','€€','+49 30 23938186','hallmann-klee.de');
INSERT INTO "CUISINE" ("RESTAURANT_ID","CUISINE_TYPE")VALUES('66095655','Diners');
INSERT INTO "RESTAURANT_RATING" ("RESTAURANT_ID","SCALE","OVERALL_RATING","SOURCE")VALUES('66095655','5','4.5','Yelp');
INSERT INTO "RESTAURANT_FEATURE" ("RESTAURANT_ID","FEATURE_NAME","DESCRIPTION")VALUES('66095655','Takes Reservations','Yes');
INSERT INTO "RESTAURANT_FEATURE" ("RESTAURANT_ID","FEATURE_NAME","DESCRIPTION")VALUES('66095655','Delivery','No');
INSERT INTO "RESTAURANT_FEATURE" ("RESTAURANT_ID","FEATURE_NAME","DESCRIPTION")VALUES('66095655','Take-out','No');
INSERT INTO "RESTAURANT_FEATURE" ("RESTAURANT_ID","FEATURE_NAME","DESCRIPTION")VALUES('66095655','Good for Kids','Yes');
INSERT INTO "RESTAURANT_FEATURE" ("RESTAURANT_ID","FEATURE_NAME","DESCRIPTION")VALUES('66095655','Good for Groups','Yes');
INSERT INTO "RESTAURANT_FEATURE" ("RESTAURANT_ID","FEATURE_NAME","DESCRIPTION")VALUES('66095655','Attire','Casual');
INSERT INTO "RESTAURANT_FEATURE" ("RESTAURANT_ID","FEATURE_NAME","DESCRIPTION")VALUES('66095655','Noise Level','Average');
INSERT INTO "RESTAURANT_FEATURE" ("RESTAURANT_ID","FEATURE_NAME","DESCRIPTION")VALUES('66095655','Alcohol','Beer & Wine Only');
INSERT INTO "RESTAURANT_FEATURE" ("RESTAURANT_ID","FEATURE_NAME","DESCRIPTION")VALUES('66095655','Outdoor Seating','Yes');
INSERT INTO "RESTAURANT_FEATURE" ("RESTAURANT_ID","FEATURE_NAME","DESCRIPTION")VALUES('66095655','Has TV','No');
INSERT INTO "OPENING_HOUR" ("DAY","RESTAURANT_ID","OPENING_TIME","CLOSING_TIME")VALUES('Mon','66095655','9:30 am','10:00 pm');
INSERT INTO "OPENING_HOUR" ("DAY","RESTAURANT_ID","OPENING_TIME","CLOSING_TIME")VALUES('Tue','66095655','9:30 am','10:00 pm');
INSERT INTO "OPENING_HOUR" ("DAY","RESTAURANT_ID","OPENING_TIME","CLOSING_TIME")VALUES('Wed','66095655','9:30 am','10:00 pm');
INSERT INTO "OPENING_HOUR" ("DAY","RESTAURANT_ID","OPENING_TIME","CLOSING_TIME")VALUES('Thu','66095655','9:30 am','10:00 pm');
INSERT INTO "OPENING_HOUR" ("DAY","RESTAURANT_ID","OPENING_TIME","CLOSING_TIME")VALUES('Fri','66095655','Open now','6:00 pm');
INSERT INTO "USER_REVIEW" ("RESTAURANT_ID","REVIEW_DATE","COMMENT","REVIEW_RATING")VALUES('66095655','2017-08-27 01:32:12','This is, hands down, my favourite restaurant in Berlin.
I''ve been here three times, once on a date, once with friends, and once with visiting parents, and...','5');
INSERT INTO "PHOTO" ("RESTAURANT_ID","PICTURE_URL")VALUES('66095655','https://s3-media4.fl.yelpcdn.com/photo/f0rXOqu4mkBeyPnqFSWGtA/o.jpg');
INSERT INTO "USER_REVIEW" ("RESTAURANT_ID","REVIEW_DATE","COMMENT","REVIEW_RATING")VALUES('66095655','2017-03-04 12:10:14','This is a little bit of Chez Panisse in an unlikely corner of Neukölln. The ingredients are fresh and the flavors are subtle yet adventurous. The menu...','5');
INSERT INTO "PHOTO" ("RESTAURANT_ID","PICTURE_URL")VALUES('66095655','https://s3-media1.fl.yelpcdn.com/photo/JtTuvFAAFc96dmPagBzSWA/o.jpg');
INSERT INTO "USER_REVIEW" ("RESTAURANT_ID","REVIEW_DATE","COMMENT","REVIEW_RATING")VALUES('66095655','2016-10-02 12:28:15','Happened upon this cafe en-route to a park and I''m so glad I stopped in. Even though we just had breakfast, I couldn''t resist ordering a slice of their...','5');
INSERT INTO "PHOTO" ("RESTAURANT_ID","PICTURE_URL")VALUES('66095655','https://s3-media2.fl.yelpcdn.com/photo/uBMfdmDiKakz_WAcvzqSdQ/o.jpg');
INSERT INTO "LOCATION" ("LOCATION_ID","LOCATION_TYPE","ADDRESS","LONGITUDE","LATITUDE")VALUES('267','R','Alt-Moabit 5110555 BerlinGermany','13.3307','52.5241');
INSERT INTO "RESTAURANT" ("RESTAURANT_ID","PRICERANGE","PHONE_NUMBER","WEBSITE")VALUES('65709351','€','+49 176 26123823','None');
INSERT INTO "CUISINE" ("RESTAURANT_ID","CUISINE_TYPE")VALUES('65709351','Italian');
INSERT INTO "CUISINE" ("RESTAURANT_ID","CUISINE_TYPE")VALUES('65709351','Pizza');
INSERT INTO "RESTAURANT_RATING" ("RESTAURANT_ID","SCALE","OVERALL_RATING","SOURCE")VALUES('65709351','5','5.0','Yelp');
INSERT INTO "RESTAURANT_FEATURE" ("RESTAURANT_ID","FEATURE_NAME","DESCRIPTION")VALUES('65709351','Takes Reservations','No');
INSERT INTO "RESTAURANT_FEATURE" ("RESTAURANT_ID","FEATURE_NAME","DESCRIPTION")VALUES('65709351','Delivery','No');
INSERT INTO "RESTAURANT_FEATURE" ("RESTAURANT_ID","FEATURE_NAME","DESCRIPTION")VALUES('65709351','Take-out','Yes');
INSERT INTO "RESTAURANT_FEATURE" ("RESTAURANT_ID","FEATURE_NAME","DESCRIPTION")VALUES('65709351','Accepted Cards','None');
INSERT INTO "RESTAURANT_FEATURE" ("RESTAURANT_ID","FEATURE_NAME","DESCRIPTION")VALUES('65709351','Parking','Street');
INSERT INTO "RESTAURANT_FEATURE" ("RESTAURANT_ID","FEATURE_NAME","DESCRIPTION")VALUES('65709351','Good for Kids','No');
INSERT INTO "RESTAURANT_FEATURE" ("RESTAURANT_ID","FEATURE_NAME","DESCRIPTION")VALUES('65709351','Good for Groups','Yes');
INSERT INTO "RESTAURANT_FEATURE" ("RESTAURANT_ID","FEATURE_NAME","DESCRIPTION")VALUES('65709351','Attire','Casual');
INSERT INTO "RESTAURANT_FEATURE" ("RESTAURANT_ID","FEATURE_NAME","DESCRIPTION")VALUES('65709351','Noise Level','Average');
INSERT INTO "RESTAURANT_FEATURE" ("RESTAURANT_ID","FEATURE_NAME","DESCRIPTION")VALUES('65709351','Alcohol','Full Bar');
INSERT INTO "RESTAURANT_FEATURE" ("RESTAURANT_ID","FEATURE_NAME","DESCRIPTION")VALUES('65709351','Outdoor Seating','Yes');
INSERT INTO "RESTAURANT_FEATURE" ("RESTAURANT_ID","FEATURE_NAME","DESCRIPTION")VALUES('65709351','Wi-Fi','No');
INSERT INTO "RESTAURANT_FEATURE" ("RESTAURANT_ID","FEATURE_NAME","DESCRIPTION")VALUES('65709351','Has TV','No');
INSERT INTO "OPENING_HOUR" ("DAY","RESTAURANT_ID","OPENING_TIME","CLOSING_TIME")VALUES('Mon','65709351','12:00 pm','6:00 pm');
INSERT INTO "OPENING_HOUR" ("DAY","RESTAURANT_ID","OPENING_TIME","CLOSING_TIME")VALUES('Tue','65709351','12:00 pm','6:00 pm');
INSERT INTO "OPENING_HOUR" ("DAY","RESTAURANT_ID","OPENING_TIME","CLOSING_TIME")VALUES('Wed','65709351','12:00 pm','6:00 pm');
INSERT INTO "OPENING_HOUR" ("DAY","RESTAURANT_ID","OPENING_TIME","CLOSING_TIME")VALUES('Thu','65709351','12:00 pm','6:00 pm');
INSERT INTO "OPENING_HOUR" ("DAY","RESTAURANT_ID","OPENING_TIME","CLOSING_TIME")VALUES('Fri','65709351','12:00 pm','6:00 pm');
INSERT INTO "USER_REVIEW" ("RESTAURANT_ID","REVIEW_DATE","COMMENT","REVIEW_RATING")VALUES('65709351','2015-08-20 00:14:22','Fucking wow pizza. Extremely cheap, and one of the bests in Berlin.

Pity that it''s not that near to the city centre or where I work.... I''d go there...','5');
INSERT INTO "PHOTO" ("RESTAURANT_ID","PICTURE_URL")VALUES('65709351','https://s3-media2.fl.yelpcdn.com/photo/I-fSTBAkRBO04vRMst5zRA/o.jpg');
INSERT INTO "USER_REVIEW" ("RESTAURANT_ID","REVIEW_DATE","COMMENT","REVIEW_RATING")VALUES('65709351','2017-05-07 10:25:50','It''s tragic this place is no more. Phenomenal pizza and pasta and out the door for EUR 7-10. I''m gonna miss it.','5');
INSERT INTO "LOCATION" ("LOCATION_ID","LOCATION_TYPE","ADDRESS","LONGITUDE","LATITUDE")VALUES('268','R','Linienstr. 13410115 BerlinGermany','13.387894192','52.5265005025');
INSERT INTO "RESTAURANT" ("RESTAURANT_ID","PRICERANGE","PHONE_NUMBER","WEBSITE")VALUES('17048498','€','+49 30 28437288','pho.berlin');
INSERT INTO "CUISINE" ("RESTAURANT_ID","CUISINE_TYPE")VALUES('17048498','Vietnamese');
INSERT INTO "CUISINE" ("RESTAURANT_ID","CUISINE_TYPE")VALUES('17048498','Soup');
INSERT INTO "RESTAURANT_RATING" ("RESTAURANT_ID","SCALE","OVERALL_RATING","SOURCE")VALUES('17048498','5','4.0','Yelp');
INSERT INTO "RESTAURANT_FEATURE" ("RESTAURANT_ID","FEATURE_NAME","DESCRIPTION")VALUES('17048498','Takes Reservations','No');
INSERT INTO "RESTAURANT_FEATURE" ("RESTAURANT_ID","FEATURE_NAME","DESCRIPTION")VALUES('17048498','Delivery','No');
INSERT INTO "RESTAURANT_FEATURE" ("RESTAURANT_ID","FEATURE_NAME","DESCRIPTION")VALUES('17048498','Take-out','Yes');
INSERT INTO "RESTAURANT_FEATURE" ("RESTAURANT_ID","FEATURE_NAME","DESCRIPTION")VALUES('17048498','Accepted Cards','None');
INSERT INTO "RESTAURANT_FEATURE" ("RESTAURANT_ID","FEATURE_NAME","DESCRIPTION")VALUES('17048498','Accepts Bitcoin','No');
INSERT INTO "RESTAURANT_FEATURE" ("RESTAURANT_ID","FEATURE_NAME","DESCRIPTION")VALUES('17048498','Good For','Lunch, Dinner');
INSERT INTO "RESTAURANT_FEATURE" ("RESTAURANT_ID","FEATURE_NAME","DESCRIPTION")VALUES('17048498','Parking','Street');
INSERT INTO "RESTAURANT_FEATURE" ("RESTAURANT_ID","FEATURE_NAME","DESCRIPTION")VALUES('17048498','Wheelchair Accessible','No');
INSERT INTO "RESTAURANT_FEATURE" ("RESTAURANT_ID","FEATURE_NAME","DESCRIPTION")VALUES('17048498','Good for Kids','Yes');
INSERT INTO "RESTAURANT_FEATURE" ("RESTAURANT_ID","FEATURE_NAME","DESCRIPTION")VALUES('17048498','Good for Groups','Yes');
INSERT INTO "RESTAURANT_FEATURE" ("RESTAURANT_ID","FEATURE_NAME","DESCRIPTION")VALUES('17048498','Attire','Casual');
INSERT INTO "RESTAURANT_FEATURE" ("RESTAURANT_ID","FEATURE_NAME","DESCRIPTION")VALUES('17048498','Noise Level','Average');
INSERT INTO "RESTAURANT_FEATURE" ("RESTAURANT_ID","FEATURE_NAME","DESCRIPTION")VALUES('17048498','Alcohol','Full Bar');
INSERT INTO "RESTAURANT_FEATURE" ("RESTAURANT_ID","FEATURE_NAME","DESCRIPTION")VALUES('17048498','Outdoor Seating','Yes');
INSERT INTO "RESTAURANT_FEATURE" ("RESTAURANT_ID","FEATURE_NAME","DESCRIPTION")VALUES('17048498','Wi-Fi','Free');
INSERT INTO "RESTAURANT_FEATURE" ("RESTAURANT_ID","FEATURE_NAME","DESCRIPTION")VALUES('17048498','Has TV','No');
INSERT INTO "RESTAURANT_FEATURE" ("RESTAURANT_ID","FEATURE_NAME","DESCRIPTION")VALUES('17048498','Dogs Allowed','Yes');
INSERT INTO "RESTAURANT_FEATURE" ("RESTAURANT_ID","FEATURE_NAME","DESCRIPTION")VALUES('17048498','Waiter Service','Yes');
INSERT INTO "RESTAURANT_FEATURE" ("RESTAURANT_ID","FEATURE_NAME","DESCRIPTION")VALUES('17048498','Caters','Yes');
INSERT INTO "OPENING_HOUR" ("DAY","RESTAURANT_ID","OPENING_TIME","CLOSING_TIME")VALUES('Mon','17048498','12:00 pm','12:00 am');
INSERT INTO "OPENING_HOUR" ("DAY","RESTAURANT_ID","OPENING_TIME","CLOSING_TIME")VALUES('Tue','17048498','12:00 pm','12:00 am');
INSERT INTO "OPENING_HOUR" ("DAY","RESTAURANT_ID","OPENING_TIME","CLOSING_TIME")VALUES('Wed','17048498','12:00 pm','12:00 am');
INSERT INTO "OPENING_HOUR" ("DAY","RESTAURANT_ID","OPENING_TIME","CLOSING_TIME")VALUES('Thu','17048498','12:00 pm','12:00 am');
INSERT INTO "OPENING_HOUR" ("DAY","RESTAURANT_ID","OPENING_TIME","CLOSING_TIME")VALUES('Fri','17048498','12:00 pm','12:00 am');
INSERT INTO "OPENING_HOUR" ("DAY","RESTAURANT_ID","OPENING_TIME","CLOSING_TIME")VALUES('Sat','17048498','12:00 pm','12:00 am');
INSERT INTO "OPENING_HOUR" ("DAY","RESTAURANT_ID","OPENING_TIME","CLOSING_TIME")VALUES('Sun','17048498','Open now','12:00 am');
INSERT INTO "USER_REVIEW" ("RESTAURANT_ID","REVIEW_DATE","COMMENT","REVIEW_RATING")VALUES('17048498','2017-07-28 15:13:44','The Pho - Noodlebar is a very cozy and warmhearted Vietnamese restaurant with a young in Mitte, located close to the Ubahn station ''Oranienburger Tor''. It...','5');
INSERT INTO "PHOTO" ("RESTAURANT_ID","PICTURE_URL")VALUES('17048498','https://s3-media3.fl.yelpcdn.com/photo/zBv6Pq3v_SqPDX1Tz5m1RQ/o.jpg');
INSERT INTO "USER_REVIEW" ("RESTAURANT_ID","REVIEW_DATE","COMMENT","REVIEW_RATING")VALUES('17048498','2017-12-21 04:11:54','I haven''t written a review in years but felt compelled to write about this place. I must''ve eaten at a different restaurant considering all the rave...','2');
INSERT INTO "PHOTO" ("RESTAURANT_ID","PICTURE_URL")VALUES('17048498','https://s3-media1.fl.yelpcdn.com/photo/3ZbRpSmyu1mqkGjCbJQDQQ/o.jpg');
INSERT INTO "USER_REVIEW" ("RESTAURANT_ID","REVIEW_DATE","COMMENT","REVIEW_RATING")VALUES('17048498','2017-12-27 10:05:46','Quite horrible service. Consistently missed the orders on our table and the tables around us. Overheard a customer arguing over overcharged bill. 

Food was...','2');
INSERT INTO "RESTAURANT_RATING" ("RESTAURANT_ID","SCALE","OVERALL_RATING","SOURCE")VALUES('17048498','5','0.0','Google Map');
INSERT INTO "LOCATION" ("LOCATION_ID","LOCATION_TYPE","ADDRESS","LONGITUDE","LATITUDE")VALUES('269','R','Erkstr. 112043 BerlinGermany','13.43611','52.48088');
INSERT INTO "RESTAURANT" ("RESTAURANT_ID","PRICERANGE","PHONE_NUMBER","WEBSITE")VALUES('5800182','€','+49 30 61396361','awo-scultur.de');
INSERT INTO "CUISINE" ("RESTAURANT_ID","CUISINE_TYPE")VALUES('5800182','German');
INSERT INTO "RESTAURANT_RATING" ("RESTAURANT_ID","SCALE","OVERALL_RATING","SOURCE")VALUES('5800182','5','4.0','Yelp');
INSERT INTO "RESTAURANT_FEATURE" ("RESTAURANT_ID","FEATURE_NAME","DESCRIPTION")VALUES('5800182','Takes Reservations','Yes');
INSERT INTO "RESTAURANT_FEATURE" ("RESTAURANT_ID","FEATURE_NAME","DESCRIPTION")VALUES('5800182','Delivery','Yes');
INSERT INTO "RESTAURANT_FEATURE" ("RESTAURANT_ID","FEATURE_NAME","DESCRIPTION")VALUES('5800182','Take-out','Yes');
INSERT INTO "RESTAURANT_FEATURE" ("RESTAURANT_ID","FEATURE_NAME","DESCRIPTION")VALUES('5800182','Accepted Cards','Credit, Debit');
INSERT INTO "RESTAURANT_FEATURE" ("RESTAURANT_ID","FEATURE_NAME","DESCRIPTION")VALUES('5800182','Parking','Garage');
INSERT INTO "RESTAURANT_FEATURE" ("RESTAURANT_ID","FEATURE_NAME","DESCRIPTION")VALUES('5800182','Good for Kids','Yes');
INSERT INTO "RESTAURANT_FEATURE" ("RESTAURANT_ID","FEATURE_NAME","DESCRIPTION")VALUES('5800182','Good for Groups','Yes');
INSERT INTO "RESTAURANT_FEATURE" ("RESTAURANT_ID","FEATURE_NAME","DESCRIPTION")VALUES('5800182','Attire','Casual');
INSERT INTO "RESTAURANT_FEATURE" ("RESTAURANT_ID","FEATURE_NAME","DESCRIPTION")VALUES('5800182','Noise Level','Quiet');
INSERT INTO "RESTAURANT_FEATURE" ("RESTAURANT_ID","FEATURE_NAME","DESCRIPTION")VALUES('5800182','Alcohol','Full Bar');
INSERT INTO "RESTAURANT_FEATURE" ("RESTAURANT_ID","FEATURE_NAME","DESCRIPTION")VALUES('5800182','Outdoor Seating','Yes');
INSERT INTO "RESTAURANT_FEATURE" ("RESTAURANT_ID","FEATURE_NAME","DESCRIPTION")VALUES('5800182','Wi-Fi','Free');
INSERT INTO "RESTAURANT_FEATURE" ("RESTAURANT_ID","FEATURE_NAME","DESCRIPTION")VALUES('5800182','Has TV','No');
INSERT INTO "RESTAURANT_FEATURE" ("RESTAURANT_ID","FEATURE_NAME","DESCRIPTION")VALUES('5800182','Caters','Yes');
INSERT INTO "OPENING_HOUR" ("DAY","RESTAURANT_ID","OPENING_TIME","CLOSING_TIME")VALUES('Mon','5800182','12:00 pm','11:00 pm');
INSERT INTO "OPENING_HOUR" ("DAY","RESTAURANT_ID","OPENING_TIME","CLOSING_TIME")VALUES('Tue','5800182','12:00 pm','11:00 pm');
INSERT INTO "OPENING_HOUR" ("DAY","RESTAURANT_ID","OPENING_TIME","CLOSING_TIME")VALUES('Wed','5800182','12:00 pm','11:00 pm');
INSERT INTO "OPENING_HOUR" ("DAY","RESTAURANT_ID","OPENING_TIME","CLOSING_TIME")VALUES('Thu','5800182','12:00 pm','11:00 pm');
INSERT INTO "OPENING_HOUR" ("DAY","RESTAURANT_ID","OPENING_TIME","CLOSING_TIME")VALUES('Fri','5800182','12:00 pm','11:00 pm');
INSERT INTO "OPENING_HOUR" ("DAY","RESTAURANT_ID","OPENING_TIME","CLOSING_TIME")VALUES('Sat','5800182','12:00 pm','11:00 pm');
INSERT INTO "USER_REVIEW" ("RESTAURANT_ID","REVIEW_DATE","COMMENT","REVIEW_RATING")VALUES('5800182','2016-10-25 00:31:30','This place is a bit of a mystery - let me explain.

On the one hand, the quality of the food is very good, and the prices are very affordable. We had the...','5');
INSERT INTO "PHOTO" ("RESTAURANT_ID","PICTURE_URL")VALUES('5800182','https://s3-media1.fl.yelpcdn.com/photo/QlZoSTv122XHHdpkZyopJQ/o.jpg');
INSERT INTO "USER_REVIEW" ("RESTAURANT_ID","REVIEW_DATE","COMMENT","REVIEW_RATING")VALUES('5800182','2011-11-15 00:22:36','ganz leckeres Essen und eine nicht ewige Karte! nette Bedienung, empfohlenswert.','5');
INSERT INTO "PHOTO" ("RESTAURANT_ID","PICTURE_URL")VALUES('5800182','https://s3-media1.fl.yelpcdn.com/photo/GiF1r_IMu8wOo74Gp9tFPg/o.jpg');
INSERT INTO "RESTAURANT_RATING" ("RESTAURANT_ID","SCALE","OVERALL_RATING","SOURCE")VALUES('5800182','5','3.5','Google Map');
INSERT INTO "USER_REVIEW" ("RESTAURANT_ID","REVIEW_DATE","COMMENT","REVIEW_RATING")VALUES('5800182','2017-10-28','Wir waren gestern erstmals beim Gourmetabend. Thema: Wild 
Das Essen war sehr lecker und toll angerichtet und die Mitarbeiter aufmerksam, flink und super freundlich. 
Es war ein richtig schöner Abend. Vielen Dank.
Final Countdown....sehr schade.','5');
INSERT INTO "USER_REVIEW" ("RESTAURANT_ID","REVIEW_DATE","COMMENT","REVIEW_RATING")VALUES('5800182','2017-07-11','War heute zum ersten und bestimmt nicht zum letzten Mal mit Freunden zum speisen dort. Hatte einen sehr schön angerichteten und leckeren Zander. Das Restaurant ist sehr sauber und die Angestellten freundlich. Bin schon gespannt auf den Themen Abend den ich auf jeden Fall nicht verpassen möchte','4');
INSERT INTO "USER_REVIEW" ("RESTAURANT_ID","REVIEW_DATE","COMMENT","REVIEW_RATING")VALUES('5800182','2017-07-31','Ein schönes Restaurant mit einer Terrasse in einem ruhigen Innenhof. Das Personal ist freundlich und die Preise angemessen.','5');
INSERT INTO "USER_REVIEW" ("RESTAURANT_ID","REVIEW_DATE","COMMENT","REVIEW_RATING")VALUES('5800182','2016-10-15','Lecker deutsche Küche zu einem fairen Preis.
Waren abends als Gruppe da, und keiner war unzufrieden. Interessant sind auch die Sonderveranstaltungen.','4');
INSERT INTO "USER_REVIEW" ("RESTAURANT_ID","REVIEW_DATE","COMMENT","REVIEW_RATING")VALUES('5800182','2016-10-19','Solide deutsche Küche zu fairen Preisen, günstiger Mittagstisch. Leichtes Kantinenflair, aber hinten im Garten sitzt man unerwartet idyllisch.','3');
INSERT INTO "LOCATION" ("LOCATION_ID","LOCATION_TYPE","ADDRESS","LONGITUDE","LATITUDE")VALUES('270','R','Brunnenstr. 16710119 BerlinGermany','13.39814','52.5338');
INSERT INTO "RESTAURANT" ("RESTAURANT_ID","PRICERANGE","PHONE_NUMBER","WEBSITE")VALUES('67236207','€€','+49 30 67961848','None');
INSERT INTO "CUISINE" ("RESTAURANT_ID","CUISINE_TYPE")VALUES('67236207','Chinese');
INSERT INTO "RESTAURANT_RATING" ("RESTAURANT_ID","SCALE","OVERALL_RATING","SOURCE")VALUES('67236207','5','4.5','Yelp');
INSERT INTO "RESTAURANT_FEATURE" ("RESTAURANT_ID","FEATURE_NAME","DESCRIPTION")VALUES('67236207','Takes Reservations','Yes');
INSERT INTO "RESTAURANT_FEATURE" ("RESTAURANT_ID","FEATURE_NAME","DESCRIPTION")VALUES('67236207','Take-out','Yes');
INSERT INTO "RESTAURANT_FEATURE" ("RESTAURANT_ID","FEATURE_NAME","DESCRIPTION")VALUES('67236207','Parking','Street');
INSERT INTO "RESTAURANT_FEATURE" ("RESTAURANT_ID","FEATURE_NAME","DESCRIPTION")VALUES('67236207','Good for Kids','No');
INSERT INTO "RESTAURANT_FEATURE" ("RESTAURANT_ID","FEATURE_NAME","DESCRIPTION")VALUES('67236207','Good for Groups','Yes');
INSERT INTO "RESTAURANT_FEATURE" ("RESTAURANT_ID","FEATURE_NAME","DESCRIPTION")VALUES('67236207','Attire','Dressy');
INSERT INTO "RESTAURANT_FEATURE" ("RESTAURANT_ID","FEATURE_NAME","DESCRIPTION")VALUES('67236207','Outdoor Seating','Yes');
INSERT INTO "RESTAURANT_FEATURE" ("RESTAURANT_ID","FEATURE_NAME","DESCRIPTION")VALUES('67236207','Wi-Fi','Free');
INSERT INTO "RESTAURANT_FEATURE" ("RESTAURANT_ID","FEATURE_NAME","DESCRIPTION")VALUES('67236207','Has TV','No');
INSERT INTO "RESTAURANT_FEATURE" ("RESTAURANT_ID","FEATURE_NAME","DESCRIPTION")VALUES('67236207','Caters','No');
INSERT INTO "OPENING_HOUR" ("DAY","RESTAURANT_ID","OPENING_TIME","CLOSING_TIME")VALUES('Mon','67236207','12:00 pm','3:00 pm');
INSERT INTO "OPENING_HOUR" ("DAY","RESTAURANT_ID","OPENING_TIME","CLOSING_TIME")VALUES('Tue','67236207','12:00 pm','3:00 pm');
INSERT INTO "OPENING_HOUR" ("DAY","RESTAURANT_ID","OPENING_TIME","CLOSING_TIME")VALUES('Wed','67236207','12:00 pm','3:00 pm');
INSERT INTO "OPENING_HOUR" ("DAY","RESTAURANT_ID","OPENING_TIME","CLOSING_TIME")VALUES('Thu','67236207','12:00 pm','3:00 pm');
INSERT INTO "OPENING_HOUR" ("DAY","RESTAURANT_ID","OPENING_TIME","CLOSING_TIME")VALUES('Fri','67236207','12:00 pm','3:00 pm');
INSERT INTO "OPENING_HOUR" ("DAY","RESTAURANT_ID","OPENING_TIME","CLOSING_TIME")VALUES('Sat','67236207','1:00 pm','10:00 pm');
INSERT INTO "OPENING_HOUR" ("DAY","RESTAURANT_ID","OPENING_TIME","CLOSING_TIME")VALUES('Sun','67236207','Open now','10:00 pm');
INSERT INTO "USER_REVIEW" ("RESTAURANT_ID","REVIEW_DATE","COMMENT","REVIEW_RATING")VALUES('67236207','2017-03-10 08:10:45','This is an amazing place for fans of genuine Chinese (Sichuan) food. Taste and authenticity is the focal point here, and the staff''s love for food shines...','5');
INSERT INTO "PHOTO" ("RESTAURANT_ID","PICTURE_URL")VALUES('67236207','https://s3-media2.fl.yelpcdn.com/photo/BpxkvF_HpU4y6Ef6unQTiA/o.jpg');
INSERT INTO "USER_REVIEW" ("RESTAURANT_ID","REVIEW_DATE","COMMENT","REVIEW_RATING")VALUES('67236207','2017-06-15 09:10:10','Probably the best food all along the Brunnenstr. Had tried soups and noodles dishes, and they are all great. It''s possible to discover up to 10 different...','5');
INSERT INTO "PHOTO" ("RESTAURANT_ID","PICTURE_URL")VALUES('67236207','https://s3-media4.fl.yelpcdn.com/photo/_8XdPY86VTGrGXw8NIb2zQ/o.jpg');
INSERT INTO "USER_REVIEW" ("RESTAURANT_ID","REVIEW_DATE","COMMENT","REVIEW_RATING")VALUES('67236207','2017-08-11 12:51:13','Their noodles are honestly one of the best things I have ever eaten. The flavors are earthy and sophisticated and the food is super fresh and a lot is made...','5');
INSERT INTO "PHOTO" ("RESTAURANT_ID","PICTURE_URL")VALUES('67236207','https://s3-media1.fl.yelpcdn.com/photo/MiIiZt_b-O_fH70NesUGxw/o.jpg');
INSERT INTO "RESTAURANT_RATING" ("RESTAURANT_ID","SCALE","OVERALL_RATING","SOURCE")VALUES('67236207','5','4.7','Google Map');
INSERT INTO "USER_REVIEW" ("RESTAURANT_ID","REVIEW_DATE","COMMENT","REVIEW_RATING")VALUES('67236207','2018-01-10','Already when you enter you see that the food here will be partially an artistic experience. Bathtub in the middle of the room and rest of the decoration. The tastes are really strong (I had Ahorn), but in some way all similar. Portions are not too huge, so you might feel eating here after coming from spa. Service is very fast and attentive.','4');
INSERT INTO "USER_REVIEW" ("RESTAURANT_ID","REVIEW_DATE","COMMENT","REVIEW_RATING")VALUES('67236207','2017-11-07','To eat here is like therapy! Every dish is very unique and taste absolutely delicious. I recommended you to order a couple of the starters - and definitely try one of their homemade lemonades (I found the white and the pink drink to be fantastic).
The staff is super friendly, the music (atmospheric, nature sounds) has a huge impact on the relaxation you''ll feel here. Also, love the interior!','5');
INSERT INTO "USER_REVIEW" ("RESTAURANT_ID","REVIEW_DATE","COMMENT","REVIEW_RATING")VALUES('67236207','2017-12-21','Pretty tasty and ingredients were nice and fresh... just something was lacking. Portion was maybe a tad small or something.','4');
INSERT INTO "USER_REVIEW" ("RESTAURANT_ID","REVIEW_DATE","COMMENT","REVIEW_RATING")VALUES('67236207','2017-11-13','Loved this small little restaurant; the food has unique flavors, great quality and very good portions. The noodles are just fantastic, consistency, bite and flavor. Great ambient music, friendly staff and beautiful decoration.','5');
INSERT INTO "USER_REVIEW" ("RESTAURANT_ID","REVIEW_DATE","COMMENT","REVIEW_RATING")VALUES('67236207','2017-12-07','Beautiful restaurant with great noodle dishes, starters and dessert. Lots of vegan options (especially for lunch Mon - Fri). 
Interior is beautifully decorated, staff is very friendly and food quality very very good.','5');
INSERT INTO "LOCATION" ("LOCATION_ID","LOCATION_TYPE","ADDRESS","LONGITUDE","LATITUDE")VALUES('271','R','Lychener Str. 4110437 BerlinGermany','13.4175646183','52.5439440903');
INSERT INTO "RESTAURANT" ("RESTAURANT_ID","PRICERANGE","PHONE_NUMBER","WEBSITE")VALUES('10057745','€€','+49 30 40041927','trattoria-felice.de');
INSERT INTO "CUISINE" ("RESTAURANT_ID","CUISINE_TYPE")VALUES('10057745','Modern European');
INSERT INTO "CUISINE" ("RESTAURANT_ID","CUISINE_TYPE")VALUES('10057745','Italian');
INSERT INTO "RESTAURANT_RATING" ("RESTAURANT_ID","SCALE","OVERALL_RATING","SOURCE")VALUES('10057745','5','4.0','Yelp');
INSERT INTO "RESTAURANT_FEATURE" ("RESTAURANT_ID","FEATURE_NAME","DESCRIPTION")VALUES('10057745','Takes Reservations','Yes');
INSERT INTO "RESTAURANT_FEATURE" ("RESTAURANT_ID","FEATURE_NAME","DESCRIPTION")VALUES('10057745','Delivery','No');
INSERT INTO "RESTAURANT_FEATURE" ("RESTAURANT_ID","FEATURE_NAME","DESCRIPTION")VALUES('10057745','Take-out','Yes');
INSERT INTO "RESTAURANT_FEATURE" ("RESTAURANT_ID","FEATURE_NAME","DESCRIPTION")VALUES('10057745','Accepts Bitcoin','No');
INSERT INTO "RESTAURANT_FEATURE" ("RESTAURANT_ID","FEATURE_NAME","DESCRIPTION")VALUES('10057745','Parking','Street');
INSERT INTO "RESTAURANT_FEATURE" ("RESTAURANT_ID","FEATURE_NAME","DESCRIPTION")VALUES('10057745','Good for Kids','Yes');
INSERT INTO "RESTAURANT_FEATURE" ("RESTAURANT_ID","FEATURE_NAME","DESCRIPTION")VALUES('10057745','Good for Groups','Yes');
INSERT INTO "RESTAURANT_FEATURE" ("RESTAURANT_ID","FEATURE_NAME","DESCRIPTION")VALUES('10057745','Attire','Casual');
INSERT INTO "RESTAURANT_FEATURE" ("RESTAURANT_ID","FEATURE_NAME","DESCRIPTION")VALUES('10057745','Noise Level','Average');
INSERT INTO "RESTAURANT_FEATURE" ("RESTAURANT_ID","FEATURE_NAME","DESCRIPTION")VALUES('10057745','Alcohol','Full Bar');
INSERT INTO "RESTAURANT_FEATURE" ("RESTAURANT_ID","FEATURE_NAME","DESCRIPTION")VALUES('10057745','Outdoor Seating','Yes');
INSERT INTO "RESTAURANT_FEATURE" ("RESTAURANT_ID","FEATURE_NAME","DESCRIPTION")VALUES('10057745','Wi-Fi','Free');
INSERT INTO "RESTAURANT_FEATURE" ("RESTAURANT_ID","FEATURE_NAME","DESCRIPTION")VALUES('10057745','Has TV','Yes');
INSERT INTO "RESTAURANT_FEATURE" ("RESTAURANT_ID","FEATURE_NAME","DESCRIPTION")VALUES('10057745','Caters','Yes');
INSERT INTO "OPENING_HOUR" ("DAY","RESTAURANT_ID","OPENING_TIME","CLOSING_TIME")VALUES('Mon','10057745','12:00 pm','12:00 am');
INSERT INTO "OPENING_HOUR" ("DAY","RESTAURANT_ID","OPENING_TIME","CLOSING_TIME")VALUES('Tue','10057745','12:00 pm','12:00 am');
INSERT INTO "OPENING_HOUR" ("DAY","RESTAURANT_ID","OPENING_TIME","CLOSING_TIME")VALUES('Wed','10057745','12:00 pm','12:00 am');
INSERT INTO "OPENING_HOUR" ("DAY","RESTAURANT_ID","OPENING_TIME","CLOSING_TIME")VALUES('Thu','10057745','12:00 pm','12:00 am');
INSERT INTO "OPENING_HOUR" ("DAY","RESTAURANT_ID","OPENING_TIME","CLOSING_TIME")VALUES('Fri','10057745','12:00 pm','12:00 am');
INSERT INTO "OPENING_HOUR" ("DAY","RESTAURANT_ID","OPENING_TIME","CLOSING_TIME")VALUES('Sat','10057745','12:00 pm','12:00 am');
INSERT INTO "OPENING_HOUR" ("DAY","RESTAURANT_ID","OPENING_TIME","CLOSING_TIME")VALUES('Sun','10057745','Open now','12:00 am');
INSERT INTO "USER_REVIEW" ("RESTAURANT_ID","REVIEW_DATE","COMMENT","REVIEW_RATING")VALUES('10057745','2011-09-25 13:13:45','The best thing about an Italian restaurant is always the atmosphere 

In this restaurant run by Salvatore and Felix this is sure to receive. The food is...','5');
INSERT INTO "PHOTO" ("RESTAURANT_ID","PICTURE_URL")VALUES('10057745','https://s3-media1.fl.yelpcdn.com/photo/RaFa4m75n0sTm8caWD_vtQ/o.jpg');
INSERT INTO "USER_REVIEW" ("RESTAURANT_ID","REVIEW_DATE","COMMENT","REVIEW_RATING")VALUES('10057745','2015-12-02 04:12:13','Wandering around Berlin I came just to Trattoria Felice.

With a pure heart I can say that for the first time in Berlin I found a great waitress who likes...','2');
INSERT INTO "PHOTO" ("RESTAURANT_ID","PICTURE_URL")VALUES('10057745','https://s3-media2.fl.yelpcdn.com/photo/NtZPd_8sVDVp2m5yiuGlGQ/o.jpg');
INSERT INTO "USER_REVIEW" ("RESTAURANT_ID","REVIEW_DATE","COMMENT","REVIEW_RATING")VALUES('10057745','2017-01-18 09:53:32','I love this place. Beautiful interior design, great service and morst importantly: wonderful food and drinks. Had a vegetarian pizza, a salad and white...','5');
INSERT INTO "LOCATION" ("LOCATION_ID","LOCATION_TYPE","ADDRESS","LONGITUDE","LATITUDE")VALUES('272','R','Niederbarnimstr. 2510247 BerlinGermany','13.4597419534','52.5144883677');
INSERT INTO "RESTAURANT" ("RESTAURANT_ID","PRICERANGE","PHONE_NUMBER","WEBSITE")VALUES('62429330','€€','+49 30 29008828','newday.berlin');
INSERT INTO "CUISINE" ("RESTAURANT_ID","CUISINE_TYPE")VALUES('62429330','Vietnamese');
INSERT INTO "RESTAURANT_RATING" ("RESTAURANT_ID","SCALE","OVERALL_RATING","SOURCE")VALUES('62429330','5','4.5','Yelp');
INSERT INTO "RESTAURANT_FEATURE" ("RESTAURANT_ID","FEATURE_NAME","DESCRIPTION")VALUES('62429330','Takes Reservations','Yes');
INSERT INTO "RESTAURANT_FEATURE" ("RESTAURANT_ID","FEATURE_NAME","DESCRIPTION")VALUES('62429330','Delivery','No');
INSERT INTO "RESTAURANT_FEATURE" ("RESTAURANT_ID","FEATURE_NAME","DESCRIPTION")VALUES('62429330','Take-out','Yes');
INSERT INTO "RESTAURANT_FEATURE" ("RESTAURANT_ID","FEATURE_NAME","DESCRIPTION")VALUES('62429330','Accepted Cards','Credit, Debit');
INSERT INTO "RESTAURANT_FEATURE" ("RESTAURANT_ID","FEATURE_NAME","DESCRIPTION")VALUES('62429330','Good For','Dinner');
INSERT INTO "RESTAURANT_FEATURE" ("RESTAURANT_ID","FEATURE_NAME","DESCRIPTION")VALUES('62429330','Parking','Street');
INSERT INTO "RESTAURANT_FEATURE" ("RESTAURANT_ID","FEATURE_NAME","DESCRIPTION")VALUES('62429330','Good for Kids','Yes');
INSERT INTO "RESTAURANT_FEATURE" ("RESTAURANT_ID","FEATURE_NAME","DESCRIPTION")VALUES('62429330','Good for Groups','Yes');
INSERT INTO "RESTAURANT_FEATURE" ("RESTAURANT_ID","FEATURE_NAME","DESCRIPTION")VALUES('62429330','Attire','Casual');
INSERT INTO "RESTAURANT_FEATURE" ("RESTAURANT_ID","FEATURE_NAME","DESCRIPTION")VALUES('62429330','Ambience','Casual');
INSERT INTO "RESTAURANT_FEATURE" ("RESTAURANT_ID","FEATURE_NAME","DESCRIPTION")VALUES('62429330','Noise Level','Average');
INSERT INTO "RESTAURANT_FEATURE" ("RESTAURANT_ID","FEATURE_NAME","DESCRIPTION")VALUES('62429330','Alcohol','Beer & Wine Only');
INSERT INTO "RESTAURANT_FEATURE" ("RESTAURANT_ID","FEATURE_NAME","DESCRIPTION")VALUES('62429330','Outdoor Seating','Yes');
INSERT INTO "RESTAURANT_FEATURE" ("RESTAURANT_ID","FEATURE_NAME","DESCRIPTION")VALUES('62429330','Wi-Fi','No');
INSERT INTO "RESTAURANT_FEATURE" ("RESTAURANT_ID","FEATURE_NAME","DESCRIPTION")VALUES('62429330','Has TV','No');
INSERT INTO "RESTAURANT_FEATURE" ("RESTAURANT_ID","FEATURE_NAME","DESCRIPTION")VALUES('62429330','Caters','Yes');
INSERT INTO "OPENING_HOUR" ("DAY","RESTAURANT_ID","OPENING_TIME","CLOSING_TIME")VALUES('Mon','62429330','11:30 am','11:00 pm');
INSERT INTO "OPENING_HOUR" ("DAY","RESTAURANT_ID","OPENING_TIME","CLOSING_TIME")VALUES('Tue','62429330','11:30 am','11:00 pm');
INSERT INTO "OPENING_HOUR" ("DAY","RESTAURANT_ID","OPENING_TIME","CLOSING_TIME")VALUES('Wed','62429330','11:30 am','11:00 pm');
INSERT INTO "OPENING_HOUR" ("DAY","RESTAURANT_ID","OPENING_TIME","CLOSING_TIME")VALUES('Thu','62429330','11:30 am','11:00 pm');
INSERT INTO "OPENING_HOUR" ("DAY","RESTAURANT_ID","OPENING_TIME","CLOSING_TIME")VALUES('Fri','62429330','11:30 am','11:00 pm');
INSERT INTO "OPENING_HOUR" ("DAY","RESTAURANT_ID","OPENING_TIME","CLOSING_TIME")VALUES('Sat','62429330','11:30 am','11:00 pm');
INSERT INTO "OPENING_HOUR" ("DAY","RESTAURANT_ID","OPENING_TIME","CLOSING_TIME")VALUES('Sun','62429330','Open now','11:00 pm');
INSERT INTO "USER_REVIEW" ("RESTAURANT_ID","REVIEW_DATE","COMMENT","REVIEW_RATING")VALUES('62429330','2017-09-09 13:01:50','This is my new favourite vietnamese restaurant, the food was well priced and delicious, the atmosphere is nice with both tables and floor seating, as well...','5');
INSERT INTO "PHOTO" ("RESTAURANT_ID","PICTURE_URL")VALUES('62429330','https://s3-media1.fl.yelpcdn.com/photo/YCgk4O9A375c2T1P5hCCOw/o.jpg');
INSERT INTO "USER_REVIEW" ("RESTAURANT_ID","REVIEW_DATE","COMMENT","REVIEW_RATING")VALUES('62429330','2018-01-07 05:36:20','The food is okay, service is not very good, ambiance is nice. 

I ordered "grilled fish" which was absolutely NOT grilled. It was pan fried smothered in...','2');
INSERT INTO "PHOTO" ("RESTAURANT_ID","PICTURE_URL")VALUES('62429330','https://s3-media2.fl.yelpcdn.com/photo/RViGTOGw54hAp-m8BesA_A/o.jpg');
INSERT INTO "USER_REVIEW" ("RESTAURANT_ID","REVIEW_DATE","COMMENT","REVIEW_RATING")VALUES('62429330','2016-08-03 08:54:20','We always wanted to try this place and finally did. So happy! Great service. Food came out fast and it was delicious. Nice, big portions for great value....','5');
INSERT INTO "PHOTO" ("RESTAURANT_ID","PICTURE_URL")VALUES('62429330','https://s3-media1.fl.yelpcdn.com/photo/LwZx-V9fzJOB1pwGhfcG4Q/o.jpg');
INSERT INTO "LOCATION" ("LOCATION_ID","LOCATION_TYPE","ADDRESS","LONGITUDE","LATITUDE")VALUES('273','R','Friedrichstr. 9810117 BerlinGermany','13.3885','52.52');
INSERT INTO "RESTAURANT" ("RESTAURANT_ID","PRICERANGE","PHONE_NUMBER","WEBSITE")VALUES('15335238','€','+49 30 22667543','None');
INSERT INTO "CUISINE" ("RESTAURANT_ID","CUISINE_TYPE")VALUES('15335238','Fast Food');
INSERT INTO "RESTAURANT_RATING" ("RESTAURANT_ID","SCALE","OVERALL_RATING","SOURCE")VALUES('15335238','5','4.5','Yelp');
INSERT INTO "RESTAURANT_FEATURE" ("RESTAURANT_ID","FEATURE_NAME","DESCRIPTION")VALUES('15335238','Takes Reservations','No');
INSERT INTO "RESTAURANT_FEATURE" ("RESTAURANT_ID","FEATURE_NAME","DESCRIPTION")VALUES('15335238','Delivery','No');
INSERT INTO "RESTAURANT_FEATURE" ("RESTAURANT_ID","FEATURE_NAME","DESCRIPTION")VALUES('15335238','Take-out','Yes');
INSERT INTO "RESTAURANT_FEATURE" ("RESTAURANT_ID","FEATURE_NAME","DESCRIPTION")VALUES('15335238','Accepted Cards','None');
INSERT INTO "RESTAURANT_FEATURE" ("RESTAURANT_ID","FEATURE_NAME","DESCRIPTION")VALUES('15335238','Good for Kids','No');
INSERT INTO "RESTAURANT_FEATURE" ("RESTAURANT_ID","FEATURE_NAME","DESCRIPTION")VALUES('15335238','Good for Groups','Yes');
INSERT INTO "RESTAURANT_FEATURE" ("RESTAURANT_ID","FEATURE_NAME","DESCRIPTION")VALUES('15335238','Attire','Casual');
INSERT INTO "RESTAURANT_FEATURE" ("RESTAURANT_ID","FEATURE_NAME","DESCRIPTION")VALUES('15335238','Noise Level','Loud');
INSERT INTO "RESTAURANT_FEATURE" ("RESTAURANT_ID","FEATURE_NAME","DESCRIPTION")VALUES('15335238','Outdoor Seating','Yes');
INSERT INTO "RESTAURANT_FEATURE" ("RESTAURANT_ID","FEATURE_NAME","DESCRIPTION")VALUES('15335238','Wi-Fi','No');
INSERT INTO "RESTAURANT_FEATURE" ("RESTAURANT_ID","FEATURE_NAME","DESCRIPTION")VALUES('15335238','Has TV','No');
INSERT INTO "RESTAURANT_FEATURE" ("RESTAURANT_ID","FEATURE_NAME","DESCRIPTION")VALUES('15335238','Caters','Yes');
INSERT INTO "USER_REVIEW" ("RESTAURANT_ID","REVIEW_DATE","COMMENT","REVIEW_RATING")VALUES('15335238','2016-01-14 06:11:24','Leave kumpir aside, burritos those guys make are tasty and really good.

It is one of 2-3 places around Friederichstr. that you can eat something good for a...','5');
INSERT INTO "PHOTO" ("RESTAURANT_ID","PICTURE_URL")VALUES('15335238','https://s3-media2.fl.yelpcdn.com/photo/2kk-hET9UcE5yt6X92BSbQ/o.jpg');
INSERT INTO "USER_REVIEW" ("RESTAURANT_ID","REVIEW_DATE","COMMENT","REVIEW_RATING")VALUES('15335238','2016-10-05 09:48:15','Again some food stand where I do not understand why they have almost 5 stars. 
I was hungry as hell and it didn''t taste good. Not enough salt and beside of...','3');
INSERT INTO "PHOTO" ("RESTAURANT_ID","PICTURE_URL")VALUES('15335238','https://s3-media2.fl.yelpcdn.com/photo/lbi38La3UICfXZdtY6bj6Q/o.jpg');
INSERT INTO "USER_REVIEW" ("RESTAURANT_ID","REVIEW_DATE","COMMENT","REVIEW_RATING")VALUES('15335238','2014-04-03 04:06:23','No wonder that these guys are doing pretty well. I work in the region of Friedrichstr, which is a street full of big companies with a paradoxically low...','5');
INSERT INTO "PHOTO" ("RESTAURANT_ID","PICTURE_URL")VALUES('15335238','https://s3-media3.fl.yelpcdn.com/photo/MLa0rcF0kW1uE2hTH3enjg/o.jpg');
INSERT INTO "LOCATION" ("LOCATION_ID","LOCATION_TYPE","ADDRESS","LONGITUDE","LATITUDE")VALUES('274','R','Voxstr. 110785 BerlinGermany','13.37367','52.5084');
INSERT INTO "RESTAURANT" ("RESTAURANT_ID","PRICERANGE","PHONE_NUMBER","WEBSITE")VALUES('20758564','€€','+49 30 25292792','None');
INSERT INTO "CUISINE" ("RESTAURANT_ID","CUISINE_TYPE")VALUES('20758564','German');
INSERT INTO "CUISINE" ("RESTAURANT_ID","CUISINE_TYPE")VALUES('20758564','Beer Garden');
INSERT INTO "RESTAURANT_RATING" ("RESTAURANT_ID","SCALE","OVERALL_RATING","SOURCE")VALUES('20758564','5','4.0','Yelp');
INSERT INTO "RESTAURANT_FEATURE" ("RESTAURANT_ID","FEATURE_NAME","DESCRIPTION")VALUES('20758564','Takes Reservations','Yes');
INSERT INTO "RESTAURANT_FEATURE" ("RESTAURANT_ID","FEATURE_NAME","DESCRIPTION")VALUES('20758564','Delivery','No');
INSERT INTO "RESTAURANT_FEATURE" ("RESTAURANT_ID","FEATURE_NAME","DESCRIPTION")VALUES('20758564','Take-out','No');
INSERT INTO "RESTAURANT_FEATURE" ("RESTAURANT_ID","FEATURE_NAME","DESCRIPTION")VALUES('20758564','Accepted Cards','Credit');
INSERT INTO "RESTAURANT_FEATURE" ("RESTAURANT_ID","FEATURE_NAME","DESCRIPTION")VALUES('20758564','Good for Kids','Yes');
INSERT INTO "RESTAURANT_FEATURE" ("RESTAURANT_ID","FEATURE_NAME","DESCRIPTION")VALUES('20758564','Good for Groups','Yes');
INSERT INTO "RESTAURANT_FEATURE" ("RESTAURANT_ID","FEATURE_NAME","DESCRIPTION")VALUES('20758564','Attire','Casual');
INSERT INTO "RESTAURANT_FEATURE" ("RESTAURANT_ID","FEATURE_NAME","DESCRIPTION")VALUES('20758564','Noise Level','Loud');
INSERT INTO "RESTAURANT_FEATURE" ("RESTAURANT_ID","FEATURE_NAME","DESCRIPTION")VALUES('20758564','Alcohol','Beer & Wine Only');
INSERT INTO "RESTAURANT_FEATURE" ("RESTAURANT_ID","FEATURE_NAME","DESCRIPTION")VALUES('20758564','Outdoor Seating','Yes');
INSERT INTO "RESTAURANT_FEATURE" ("RESTAURANT_ID","FEATURE_NAME","DESCRIPTION")VALUES('20758564','Wi-Fi','No');
INSERT INTO "RESTAURANT_FEATURE" ("RESTAURANT_ID","FEATURE_NAME","DESCRIPTION")VALUES('20758564','Has TV','No');
INSERT INTO "RESTAURANT_FEATURE" ("RESTAURANT_ID","FEATURE_NAME","DESCRIPTION")VALUES('20758564','Waiter Service','Yes');
INSERT INTO "RESTAURANT_FEATURE" ("RESTAURANT_ID","FEATURE_NAME","DESCRIPTION")VALUES('20758564','Caters','No');
INSERT INTO "OPENING_HOUR" ("DAY","RESTAURANT_ID","OPENING_TIME","CLOSING_TIME")VALUES('Mon','20758564','11:00 am','12:00 am');
INSERT INTO "OPENING_HOUR" ("DAY","RESTAURANT_ID","OPENING_TIME","CLOSING_TIME")VALUES('Tue','20758564','11:00 am','12:00 am');
INSERT INTO "OPENING_HOUR" ("DAY","RESTAURANT_ID","OPENING_TIME","CLOSING_TIME")VALUES('Wed','20758564','11:00 am','12:00 am');
INSERT INTO "OPENING_HOUR" ("DAY","RESTAURANT_ID","OPENING_TIME","CLOSING_TIME")VALUES('Thu','20758564','11:00 am','12:00 am');
INSERT INTO "OPENING_HOUR" ("DAY","RESTAURANT_ID","OPENING_TIME","CLOSING_TIME")VALUES('Fri','20758564','11:00 am','12:00 am');
INSERT INTO "OPENING_HOUR" ("DAY","RESTAURANT_ID","OPENING_TIME","CLOSING_TIME")VALUES('Sat','20758564','11:00 am','12:00 am');
INSERT INTO "OPENING_HOUR" ("DAY","RESTAURANT_ID","OPENING_TIME","CLOSING_TIME")VALUES('Sun','20758564','Open now','12:00 am');
INSERT INTO "USER_REVIEW" ("RESTAURANT_ID","REVIEW_DATE","COMMENT","REVIEW_RATING")VALUES('20758564','2017-09-23 04:32:07','Very cozy place to hang and eat. Food was good. Locations is near the Sony center. Definitely recommended!','4');
INSERT INTO "PHOTO" ("RESTAURANT_ID","PICTURE_URL")VALUES('20758564','https://s3-media3.fl.yelpcdn.com/photo/5JYBb5c2ynWg4wfNV8zGkA/o.jpg');
INSERT INTO "USER_REVIEW" ("RESTAURANT_ID","REVIEW_DATE","COMMENT","REVIEW_RATING")VALUES('20758564','2016-12-27 14:28:31','I came here for dinner and had a very nice meal. 

They have Bavarian style dishes here and I got one of my favorites, Schweinebraten. It was very well...','4');
INSERT INTO "PHOTO" ("RESTAURANT_ID","PICTURE_URL")VALUES('20758564','https://s3-media1.fl.yelpcdn.com/photo/tPfUzBRcK4yN8lOul1F7Ew/o.jpg');
INSERT INTO "USER_REVIEW" ("RESTAURANT_ID","REVIEW_DATE","COMMENT","REVIEW_RATING")VALUES('20758564','2017-08-28 11:50:10','Extremely rude service. Its almost unbelievable how rude the server. I wanted to walk up and leave before finishing my dinner, but I was part of a larger group.','1');
INSERT INTO "PHOTO" ("RESTAURANT_ID","PICTURE_URL")VALUES('20758564','https://s3-media2.fl.yelpcdn.com/photo/i-JvQAokFY9ln-s8Y-aiRw/o.jpg');
INSERT INTO "LOCATION" ("LOCATION_ID","LOCATION_TYPE","ADDRESS","LONGITUDE","LATITUDE")VALUES('275','R','Skalitzer Str. 6010997 BerlinGermany','13.4369915','52.4998771');
INSERT INTO "RESTAURANT" ("RESTAURANT_ID","PRICERANGE","PHONE_NUMBER","WEBSITE")VALUES('75511245','€','+49 30 32662439','tacabron.de');
INSERT INTO "CUISINE" ("RESTAURANT_ID","CUISINE_TYPE")VALUES('75511245','Mexican');
INSERT INTO "CUISINE" ("RESTAURANT_ID","CUISINE_TYPE")VALUES('75511245','Dive Bars');
INSERT INTO "RESTAURANT_RATING" ("RESTAURANT_ID","SCALE","OVERALL_RATING","SOURCE")VALUES('75511245','5','4.0','Yelp');
INSERT INTO "RESTAURANT_FEATURE" ("RESTAURANT_ID","FEATURE_NAME","DESCRIPTION")VALUES('75511245','Takes Reservations','Yes');
INSERT INTO "RESTAURANT_FEATURE" ("RESTAURANT_ID","FEATURE_NAME","DESCRIPTION")VALUES('75511245','Delivery','No');
INSERT INTO "RESTAURANT_FEATURE" ("RESTAURANT_ID","FEATURE_NAME","DESCRIPTION")VALUES('75511245','Take-out','Yes');
INSERT INTO "RESTAURANT_FEATURE" ("RESTAURANT_ID","FEATURE_NAME","DESCRIPTION")VALUES('75511245','Accepted Cards','None');
INSERT INTO "RESTAURANT_FEATURE" ("RESTAURANT_ID","FEATURE_NAME","DESCRIPTION")VALUES('75511245','Accepts Bitcoin','No');
INSERT INTO "RESTAURANT_FEATURE" ("RESTAURANT_ID","FEATURE_NAME","DESCRIPTION")VALUES('75511245','Parking','Street');
INSERT INTO "RESTAURANT_FEATURE" ("RESTAURANT_ID","FEATURE_NAME","DESCRIPTION")VALUES('75511245','Good for Kids','Yes');
INSERT INTO "RESTAURANT_FEATURE" ("RESTAURANT_ID","FEATURE_NAME","DESCRIPTION")VALUES('75511245','Good for Groups','Yes');
INSERT INTO "RESTAURANT_FEATURE" ("RESTAURANT_ID","FEATURE_NAME","DESCRIPTION")VALUES('75511245','Attire','Casual');
INSERT INTO "RESTAURANT_FEATURE" ("RESTAURANT_ID","FEATURE_NAME","DESCRIPTION")VALUES('75511245','Ambience','Casual');
INSERT INTO "RESTAURANT_FEATURE" ("RESTAURANT_ID","FEATURE_NAME","DESCRIPTION")VALUES('75511245','Noise Level','Average');
INSERT INTO "RESTAURANT_FEATURE" ("RESTAURANT_ID","FEATURE_NAME","DESCRIPTION")VALUES('75511245','Music','Background');
INSERT INTO "RESTAURANT_FEATURE" ("RESTAURANT_ID","FEATURE_NAME","DESCRIPTION")VALUES('75511245','Good For Dancing','No');
INSERT INTO "RESTAURANT_FEATURE" ("RESTAURANT_ID","FEATURE_NAME","DESCRIPTION")VALUES('75511245','Alcohol','Beer & Wine Only');
INSERT INTO "RESTAURANT_FEATURE" ("RESTAURANT_ID","FEATURE_NAME","DESCRIPTION")VALUES('75511245','Outdoor Seating','Yes');
INSERT INTO "RESTAURANT_FEATURE" ("RESTAURANT_ID","FEATURE_NAME","DESCRIPTION")VALUES('75511245','Wi-Fi','Free');
INSERT INTO "RESTAURANT_FEATURE" ("RESTAURANT_ID","FEATURE_NAME","DESCRIPTION")VALUES('75511245','Has TV','Yes');
INSERT INTO "RESTAURANT_FEATURE" ("RESTAURANT_ID","FEATURE_NAME","DESCRIPTION")VALUES('75511245','Caters','Yes');
INSERT INTO "RESTAURANT_FEATURE" ("RESTAURANT_ID","FEATURE_NAME","DESCRIPTION")VALUES('75511245','Has Pool Table','No');
INSERT INTO "OPENING_HOUR" ("DAY","RESTAURANT_ID","OPENING_TIME","CLOSING_TIME")VALUES('Mon','75511245','1:00 pm','11:00 pm');
INSERT INTO "OPENING_HOUR" ("DAY","RESTAURANT_ID","OPENING_TIME","CLOSING_TIME")VALUES('Tue','75511245','1:00 pm','11:00 pm');
INSERT INTO "OPENING_HOUR" ("DAY","RESTAURANT_ID","OPENING_TIME","CLOSING_TIME")VALUES('Wed','75511245','1:00 pm','11:00 pm');
INSERT INTO "OPENING_HOUR" ("DAY","RESTAURANT_ID","OPENING_TIME","CLOSING_TIME")VALUES('Thu','75511245','1:00 pm','11:00 pm');
INSERT INTO "OPENING_HOUR" ("DAY","RESTAURANT_ID","OPENING_TIME","CLOSING_TIME")VALUES('Fri','75511245','1:00 pm','12:00 am');
INSERT INTO "OPENING_HOUR" ("DAY","RESTAURANT_ID","OPENING_TIME","CLOSING_TIME")VALUES('Sat','75511245','1:00 pm','12:00 am');
INSERT INTO "OPENING_HOUR" ("DAY","RESTAURANT_ID","OPENING_TIME","CLOSING_TIME")VALUES('Sun','75511245','Open now','11:00 pm');
INSERT INTO "USER_REVIEW" ("RESTAURANT_ID","REVIEW_DATE","COMMENT","REVIEW_RATING")VALUES('75511245','2018-01-20 10:21:42','It''s tough to find real, good Mexican food in Berlin, but this place has it. The restaurant is small, and food didn''t come out super quickly, but we didn''t...','5');
INSERT INTO "USER_REVIEW" ("RESTAURANT_ID","REVIEW_DATE","COMMENT","REVIEW_RATING")VALUES('75511245','2018-01-09 09:17:07','Really now, Germany? I should''ve probably known better than to get a burrito in this country without doing extensive Yelp research beforehand, because döner...','2');
INSERT INTO "PHOTO" ("RESTAURANT_ID","PICTURE_URL")VALUES('75511245','https://s3-media4.fl.yelpcdn.com/photo/cAMq7gbdVCak_rpENr7Ssw/o.jpg');
INSERT INTO "USER_REVIEW" ("RESTAURANT_ID","REVIEW_DATE","COMMENT","REVIEW_RATING")VALUES('75511245','2017-11-10 02:29:32','It was good mexican food for Berlin. I''m starting to think that I won''t find anyplace that really could hold its own if it were in Texas, but that''s jut the...','3');
INSERT INTO "PHOTO" ("RESTAURANT_ID","PICTURE_URL")VALUES('75511245','https://s3-media1.fl.yelpcdn.com/photo/YCgk4O9A375c2T1P5hCCOw/o.jpg');
INSERT INTO "RESTAURANT_RATING" ("RESTAURANT_ID","SCALE","OVERALL_RATING","SOURCE")VALUES('75511245','5','4.2','Google Map');
INSERT INTO "USER_REVIEW" ("RESTAURANT_ID","REVIEW_DATE","COMMENT","REVIEW_RATING")VALUES('75511245','2018-01-20','One of the best Mexican restaurants in town: authentic Mexican food cooked by Mexican or South/Central American cooks, nice atmosphere and really good cocktails. No 5 stars because the second time I ate there (vegan Chimichuri) it was quite tasteless.','4');
INSERT INTO "USER_REVIEW" ("RESTAURANT_ID","REVIEW_DATE","COMMENT","REVIEW_RATING")VALUES('75511245','2017-10-06','I think this is really good, but the service could be better. I find the people working there to be tired and not excited, I don''t know why. They are doing a great thing with their food and drinks and should be proud and happy of what they do. I really think they deserve some pad on their backs for what they do, cause if they would be excited to serve their guests, I would give it a five. And I would give them a high five.','4');
INSERT INTO "USER_REVIEW" ("RESTAURANT_ID","REVIEW_DATE","COMMENT","REVIEW_RATING")VALUES('75511245','2018-01-10','Authentic Mexican food for a honest price. The good thing is you can still drink weissen beer with it.','5');
INSERT INTO "USER_REVIEW" ("RESTAURANT_ID","REVIEW_DATE","COMMENT","REVIEW_RATING")VALUES('75511245','2017-07-16','After reading reviews about the place, I was expecting to get something really delicious. "True home-taste dishes", "nice atmosphere" etc. In reality I had to wait for quesadilla for like 20 min, which tasted very far from what you call "delicious". It was almost tasteless. Add to this  administrator yelling at your face and not listening to what you question, and you never ever want to come back to this place again. In some places you can compromise with service because of great food, but not in this case. I do not recommend this place, cause there are plenty of Mexican restaurants in this area with much better food and attitude to guests','1');
INSERT INTO "USER_REVIEW" ("RESTAURANT_ID","REVIEW_DATE","COMMENT","REVIEW_RATING")VALUES('75511245','2017-11-04','I loved the Pozole here and the Sopa Azteca! 

The place was a bit small, but the size was good enough for all the people who were there at that time. 

I wish I had more stomach to try everything else, but maybe some other time :)','4');
INSERT INTO "LOCATION" ("LOCATION_ID","LOCATION_TYPE","ADDRESS","LONGITUDE","LATITUDE")VALUES('276','R','Libauerstr. 1110245 BerlinGermany','13.4527424037','52.5085302502');
INSERT INTO "RESTAURANT" ("RESTAURANT_ID","PRICERANGE","PHONE_NUMBER","WEBSITE")VALUES('11275038','€€','+49 30 95616788','mutzenbacher-berlin.de');
INSERT INTO "CUISINE" ("RESTAURANT_ID","CUISINE_TYPE")VALUES('11275038','Austrian');
INSERT INTO "RESTAURANT_RATING" ("RESTAURANT_ID","SCALE","OVERALL_RATING","SOURCE")VALUES('11275038','5','4.0','Yelp');
INSERT INTO "RESTAURANT_FEATURE" ("RESTAURANT_ID","FEATURE_NAME","DESCRIPTION")VALUES('11275038','Takes Reservations','Yes');
INSERT INTO "RESTAURANT_FEATURE" ("RESTAURANT_ID","FEATURE_NAME","DESCRIPTION")VALUES('11275038','Delivery','Yes');
INSERT INTO "RESTAURANT_FEATURE" ("RESTAURANT_ID","FEATURE_NAME","DESCRIPTION")VALUES('11275038','Take-out','Yes');
INSERT INTO "RESTAURANT_FEATURE" ("RESTAURANT_ID","FEATURE_NAME","DESCRIPTION")VALUES('11275038','Accepted Cards','Credit');
INSERT INTO "RESTAURANT_FEATURE" ("RESTAURANT_ID","FEATURE_NAME","DESCRIPTION")VALUES('11275038','Accepts Bitcoin','No');
INSERT INTO "RESTAURANT_FEATURE" ("RESTAURANT_ID","FEATURE_NAME","DESCRIPTION")VALUES('11275038','Good For','Dinner');
INSERT INTO "RESTAURANT_FEATURE" ("RESTAURANT_ID","FEATURE_NAME","DESCRIPTION")VALUES('11275038','Parking','Street');
INSERT INTO "RESTAURANT_FEATURE" ("RESTAURANT_ID","FEATURE_NAME","DESCRIPTION")VALUES('11275038','Good for Kids','Yes');
INSERT INTO "RESTAURANT_FEATURE" ("RESTAURANT_ID","FEATURE_NAME","DESCRIPTION")VALUES('11275038','Good for Groups','Yes');
INSERT INTO "RESTAURANT_FEATURE" ("RESTAURANT_ID","FEATURE_NAME","DESCRIPTION")VALUES('11275038','Attire','Casual');
INSERT INTO "RESTAURANT_FEATURE" ("RESTAURANT_ID","FEATURE_NAME","DESCRIPTION")VALUES('11275038','Ambience','Hipster');
INSERT INTO "RESTAURANT_FEATURE" ("RESTAURANT_ID","FEATURE_NAME","DESCRIPTION")VALUES('11275038','Noise Level','Average');
INSERT INTO "RESTAURANT_FEATURE" ("RESTAURANT_ID","FEATURE_NAME","DESCRIPTION")VALUES('11275038','Alcohol','Full Bar');
INSERT INTO "RESTAURANT_FEATURE" ("RESTAURANT_ID","FEATURE_NAME","DESCRIPTION")VALUES('11275038','Outdoor Seating','Yes');
INSERT INTO "RESTAURANT_FEATURE" ("RESTAURANT_ID","FEATURE_NAME","DESCRIPTION")VALUES('11275038','Wi-Fi','No');
INSERT INTO "RESTAURANT_FEATURE" ("RESTAURANT_ID","FEATURE_NAME","DESCRIPTION")VALUES('11275038','Has TV','No');
INSERT INTO "RESTAURANT_FEATURE" ("RESTAURANT_ID","FEATURE_NAME","DESCRIPTION")VALUES('11275038','Caters','Yes');
INSERT INTO "OPENING_HOUR" ("DAY","RESTAURANT_ID","OPENING_TIME","CLOSING_TIME")VALUES('Mon','11275038','12:00 pm','12:00 am');
INSERT INTO "OPENING_HOUR" ("DAY","RESTAURANT_ID","OPENING_TIME","CLOSING_TIME")VALUES('Tue','11275038','12:00 pm','12:00 am');
INSERT INTO "OPENING_HOUR" ("DAY","RESTAURANT_ID","OPENING_TIME","CLOSING_TIME")VALUES('Wed','11275038','12:00 pm','12:00 am');
INSERT INTO "OPENING_HOUR" ("DAY","RESTAURANT_ID","OPENING_TIME","CLOSING_TIME")VALUES('Thu','11275038','12:00 pm','12:00 am');
INSERT INTO "OPENING_HOUR" ("DAY","RESTAURANT_ID","OPENING_TIME","CLOSING_TIME")VALUES('Fri','11275038','12:00 pm','12:00 am');
INSERT INTO "OPENING_HOUR" ("DAY","RESTAURANT_ID","OPENING_TIME","CLOSING_TIME")VALUES('Sat','11275038','12:00 pm','12:00 am');
INSERT INTO "OPENING_HOUR" ("DAY","RESTAURANT_ID","OPENING_TIME","CLOSING_TIME")VALUES('Sun','11275038','Open now','12:00 am');
INSERT INTO "USER_REVIEW" ("RESTAURANT_ID","REVIEW_DATE","COMMENT","REVIEW_RATING")VALUES('11275038','2017-12-23 09:24:55','I don''t care how great their food is! I''m concerned by the fact that no one (in English or Deutsch) has mentioned there''s a skinhead-nazi working...','1');
INSERT INTO "PHOTO" ("RESTAURANT_ID","PICTURE_URL")VALUES('11275038','https://s3-media2.fl.yelpcdn.com/photo/VhFzGh1rwpU17noaBJG7ng/o.jpg');
INSERT INTO "USER_REVIEW" ("RESTAURANT_ID","REVIEW_DATE","COMMENT","REVIEW_RATING")VALUES('11275038','2017-04-30 11:48:50','We got the goulash and the pork schnitzel and both were very solid but not as great as I''ve had elsewhere in Berlin for the same price and cheaper. I would...','3');
INSERT INTO "PHOTO" ("RESTAURANT_ID","PICTURE_URL")VALUES('11275038','https://s3-media3.fl.yelpcdn.com/photo/3jnDuRcp8HJ5RoVI2EYIfw/o.jpg');
INSERT INTO "USER_REVIEW" ("RESTAURANT_ID","REVIEW_DATE","COMMENT","REVIEW_RATING")VALUES('11275038','2016-03-05 03:16:41','A very cosy, little Austrian restaurant with a hipster style deco. The menu offers some Austrian staples like Wiener Schnitzel, Kaiserschmarrn, Käsespätzle...','4');
INSERT INTO "PHOTO" ("RESTAURANT_ID","PICTURE_URL")VALUES('11275038','https://s3-media3.fl.yelpcdn.com/photo/yY2Snv5_X-_obmMYdLsHvw/o.jpg');
INSERT INTO "RESTAURANT_RATING" ("RESTAURANT_ID","SCALE","OVERALL_RATING","SOURCE")VALUES('11275038','5','4.1','Google Map');
INSERT INTO "USER_REVIEW" ("RESTAURANT_ID","REVIEW_DATE","COMMENT","REVIEW_RATING")VALUES('11275038','2018-01-05','Best place for original Austrian food in Berlin for me! 
Gorgeous Schnitzel. 
Best Kaiserschmarn with seasonal fruit compote take a big one and share right from the pan.','5');
INSERT INTO "USER_REVIEW" ("RESTAURANT_ID","REVIEW_DATE","COMMENT","REVIEW_RATING")VALUES('11275038','2018-01-14','Great Wiener Schnitzel and other Austrian dishes if you want to try something new. As dessert there is only Kaiserschmarrn (some kind of ripped pancake) and Apfelstrudel available. Some vegetarian dishes but not vegan. You can also taste Austrian wine and beer, or, special Schnaps from the region.','4');
INSERT INTO "USER_REVIEW" ("RESTAURANT_ID","REVIEW_DATE","COMMENT","REVIEW_RATING")VALUES('11275038','2018-01-05','Hum... very basic food for a high price, we expected way better. I would not go back even for the atmosphere which was sort of cosy. Very disappointed by our choice.','2');
INSERT INTO "USER_REVIEW" ("RESTAURANT_ID","REVIEW_DATE","COMMENT","REVIEW_RATING")VALUES('11275038','2018-01-12','Very tasty, even a vegan dish. Veggie schnitzel made from celery was delicious.','5');
INSERT INTO "USER_REVIEW" ("RESTAURANT_ID","REVIEW_DATE","COMMENT","REVIEW_RATING")VALUES('11275038','2017-05-23','Bad choice! I paid an abnormal price for a schnitzel that was not even that great. I asked if it would be served with any side dish. They said yes, but they charged for that too. The wine was quite good, but not cheap either, of course. At the end of the day, I paid more than 20 euro for a dinner that I could have even better for half of that...and do not tell me it''s for the atmosphere. ','2');
INSERT INTO "LOCATION" ("LOCATION_ID","LOCATION_TYPE","ADDRESS","LONGITUDE","LATITUDE")VALUES('277','R','Kantstr. 3310625 BerlinGermany','13.3165','52.5062');
INSERT INTO "RESTAURANT" ("RESTAURANT_ID","PRICERANGE","PHONE_NUMBER","WEBSITE")VALUES('67953836','€','+49 30 31519678','None');
INSERT INTO "CUISINE" ("RESTAURANT_ID","CUISINE_TYPE")VALUES('67953836','Chinese');
INSERT INTO "CUISINE" ("RESTAURANT_ID","CUISINE_TYPE")VALUES('67953836','Fast Food');
INSERT INTO "CUISINE" ("RESTAURANT_ID","CUISINE_TYPE")VALUES('67953836','Taiwanese');
INSERT INTO "RESTAURANT_RATING" ("RESTAURANT_ID","SCALE","OVERALL_RATING","SOURCE")VALUES('67953836','5','4.0','Yelp');
INSERT INTO "RESTAURANT_FEATURE" ("RESTAURANT_ID","FEATURE_NAME","DESCRIPTION")VALUES('67953836','Takes Reservations','No');
INSERT INTO "RESTAURANT_FEATURE" ("RESTAURANT_ID","FEATURE_NAME","DESCRIPTION")VALUES('67953836','Delivery','No');
INSERT INTO "RESTAURANT_FEATURE" ("RESTAURANT_ID","FEATURE_NAME","DESCRIPTION")VALUES('67953836','Take-out','Yes');
INSERT INTO "RESTAURANT_FEATURE" ("RESTAURANT_ID","FEATURE_NAME","DESCRIPTION")VALUES('67953836','Accepted Cards','None');
INSERT INTO "RESTAURANT_FEATURE" ("RESTAURANT_ID","FEATURE_NAME","DESCRIPTION")VALUES('67953836','Good For','Lunch, Dinner');
INSERT INTO "RESTAURANT_FEATURE" ("RESTAURANT_ID","FEATURE_NAME","DESCRIPTION")VALUES('67953836','Parking','Street');
INSERT INTO "RESTAURANT_FEATURE" ("RESTAURANT_ID","FEATURE_NAME","DESCRIPTION")VALUES('67953836','Good for Kids','Yes');
INSERT INTO "RESTAURANT_FEATURE" ("RESTAURANT_ID","FEATURE_NAME","DESCRIPTION")VALUES('67953836','Good for Groups','No');
INSERT INTO "RESTAURANT_FEATURE" ("RESTAURANT_ID","FEATURE_NAME","DESCRIPTION")VALUES('67953836','Attire','Casual');
INSERT INTO "RESTAURANT_FEATURE" ("RESTAURANT_ID","FEATURE_NAME","DESCRIPTION")VALUES('67953836','Ambience','Casual');
INSERT INTO "RESTAURANT_FEATURE" ("RESTAURANT_ID","FEATURE_NAME","DESCRIPTION")VALUES('67953836','Noise Level','Average');
INSERT INTO "RESTAURANT_FEATURE" ("RESTAURANT_ID","FEATURE_NAME","DESCRIPTION")VALUES('67953836','Alcohol','Beer & Wine Only');
INSERT INTO "RESTAURANT_FEATURE" ("RESTAURANT_ID","FEATURE_NAME","DESCRIPTION")VALUES('67953836','Outdoor Seating','Yes');
INSERT INTO "RESTAURANT_FEATURE" ("RESTAURANT_ID","FEATURE_NAME","DESCRIPTION")VALUES('67953836','Wi-Fi','No');
INSERT INTO "RESTAURANT_FEATURE" ("RESTAURANT_ID","FEATURE_NAME","DESCRIPTION")VALUES('67953836','Has TV','No');
INSERT INTO "RESTAURANT_FEATURE" ("RESTAURANT_ID","FEATURE_NAME","DESCRIPTION")VALUES('67953836','Waiter Service','Yes');
INSERT INTO "RESTAURANT_FEATURE" ("RESTAURANT_ID","FEATURE_NAME","DESCRIPTION")VALUES('67953836','Caters','No');
INSERT INTO "OPENING_HOUR" ("DAY","RESTAURANT_ID","OPENING_TIME","CLOSING_TIME")VALUES('Mon','67953836','12:00 pm','11:00 pm');
INSERT INTO "OPENING_HOUR" ("DAY","RESTAURANT_ID","OPENING_TIME","CLOSING_TIME")VALUES('Tue','67953836','12:00 pm','11:00 pm');
INSERT INTO "OPENING_HOUR" ("DAY","RESTAURANT_ID","OPENING_TIME","CLOSING_TIME")VALUES('Wed','67953836','12:00 pm','11:00 pm');
INSERT INTO "OPENING_HOUR" ("DAY","RESTAURANT_ID","OPENING_TIME","CLOSING_TIME")VALUES('Thu','67953836','12:00 pm','11:00 pm');
INSERT INTO "OPENING_HOUR" ("DAY","RESTAURANT_ID","OPENING_TIME","CLOSING_TIME")VALUES('Fri','67953836','12:00 pm','11:00 pm');
INSERT INTO "OPENING_HOUR" ("DAY","RESTAURANT_ID","OPENING_TIME","CLOSING_TIME")VALUES('Sat','67953836','12:00 pm','11:00 pm');
INSERT INTO "OPENING_HOUR" ("DAY","RESTAURANT_ID","OPENING_TIME","CLOSING_TIME")VALUES('Sun','67953836','Open now','11:00 pm');
INSERT INTO "USER_REVIEW" ("RESTAURANT_ID","REVIEW_DATE","COMMENT","REVIEW_RATING")VALUES('67953836','2015-10-24 06:50:31','After living in Taiwan for a while a few years ago, I always missed it''s food and especially beef noodle soups. This is as close as it gets, in a very...','5');
INSERT INTO "PHOTO" ("RESTAURANT_ID","PICTURE_URL")VALUES('67953836','https://s3-media4.fl.yelpcdn.com/photo/NKrH9dr0kXpa4-YliLStaw/o.jpg');
INSERT INTO "USER_REVIEW" ("RESTAURANT_ID","REVIEW_DATE","COMMENT","REVIEW_RATING")VALUES('67953836','2017-11-05 02:21:05','Listen up people. Shits about to get real. This place, Lon Mens, is a temple. A temple of flavour. 

Chilli wan tans, is what you need to order. 

Trust me....','4');
INSERT INTO "PHOTO" ("RESTAURANT_ID","PICTURE_URL")VALUES('67953836','https://s3-media2.fl.yelpcdn.com/photo/P9R9c-SurteA2KodtaxJaQ/o.jpg');
INSERT INTO "USER_REVIEW" ("RESTAURANT_ID","REVIEW_DATE","COMMENT","REVIEW_RATING")VALUES('67953836','2017-10-11 12:13:30','I was here earlier for dinner, and I must say I wasn''t too impressed.

We were early enough to not stand up and wait for a table. We ordered noodle soups...','3');
INSERT INTO "PHOTO" ("RESTAURANT_ID","PICTURE_URL")VALUES('67953836','https://s3-media1.fl.yelpcdn.com/photo/ToTju2zYCHa7hPAMdeK58w/o.jpg');
INSERT INTO "LOCATION" ("LOCATION_ID","LOCATION_TYPE","ADDRESS","LONGITUDE","LATITUDE")VALUES('278','R','Elisabeth-Abegg-Str. 110557 BerlinGermany','13.366557','52.521183');
INSERT INTO "RESTAURANT" ("RESTAURANT_ID","PRICERANGE","PHONE_NUMBER","WEBSITE")VALUES('32195647','€€','+49 30 33099720','zollpackhof.de');
INSERT INTO "CUISINE" ("RESTAURANT_ID","CUISINE_TYPE")VALUES('32195647','German');
INSERT INTO "CUISINE" ("RESTAURANT_ID","CUISINE_TYPE")VALUES('32195647','Beer Garden');
INSERT INTO "RESTAURANT_RATING" ("RESTAURANT_ID","SCALE","OVERALL_RATING","SOURCE")VALUES('32195647','5','3.5','Yelp');
INSERT INTO "RESTAURANT_FEATURE" ("RESTAURANT_ID","FEATURE_NAME","DESCRIPTION")VALUES('32195647','Takes Reservations','Yes');
INSERT INTO "RESTAURANT_FEATURE" ("RESTAURANT_ID","FEATURE_NAME","DESCRIPTION")VALUES('32195647','Delivery','No');
INSERT INTO "RESTAURANT_FEATURE" ("RESTAURANT_ID","FEATURE_NAME","DESCRIPTION")VALUES('32195647','Take-out','No');
INSERT INTO "RESTAURANT_FEATURE" ("RESTAURANT_ID","FEATURE_NAME","DESCRIPTION")VALUES('32195647','Accepted Cards','Credit, Debit');
INSERT INTO "RESTAURANT_FEATURE" ("RESTAURANT_ID","FEATURE_NAME","DESCRIPTION")VALUES('32195647','Accepts Bitcoin','No');
INSERT INTO "RESTAURANT_FEATURE" ("RESTAURANT_ID","FEATURE_NAME","DESCRIPTION")VALUES('32195647','Good For','Lunch, Dinner');
INSERT INTO "RESTAURANT_FEATURE" ("RESTAURANT_ID","FEATURE_NAME","DESCRIPTION")VALUES('32195647','Parking','Street, Private Lot');
INSERT INTO "RESTAURANT_FEATURE" ("RESTAURANT_ID","FEATURE_NAME","DESCRIPTION")VALUES('32195647','Wheelchair Accessible','Yes');
INSERT INTO "RESTAURANT_FEATURE" ("RESTAURANT_ID","FEATURE_NAME","DESCRIPTION")VALUES('32195647','Good for Kids','Yes');
INSERT INTO "RESTAURANT_FEATURE" ("RESTAURANT_ID","FEATURE_NAME","DESCRIPTION")VALUES('32195647','Good for Groups','Yes');
INSERT INTO "RESTAURANT_FEATURE" ("RESTAURANT_ID","FEATURE_NAME","DESCRIPTION")VALUES('32195647','Attire','Casual');
INSERT INTO "RESTAURANT_FEATURE" ("RESTAURANT_ID","FEATURE_NAME","DESCRIPTION")VALUES('32195647','Ambience','Casual');
INSERT INTO "RESTAURANT_FEATURE" ("RESTAURANT_ID","FEATURE_NAME","DESCRIPTION")VALUES('32195647','Noise Level','Very Loud');
INSERT INTO "RESTAURANT_FEATURE" ("RESTAURANT_ID","FEATURE_NAME","DESCRIPTION")VALUES('32195647','Alcohol','Full Bar');
INSERT INTO "RESTAURANT_FEATURE" ("RESTAURANT_ID","FEATURE_NAME","DESCRIPTION")VALUES('32195647','Outdoor Seating','Yes');
INSERT INTO "RESTAURANT_FEATURE" ("RESTAURANT_ID","FEATURE_NAME","DESCRIPTION")VALUES('32195647','Wi-Fi','No');
INSERT INTO "RESTAURANT_FEATURE" ("RESTAURANT_ID","FEATURE_NAME","DESCRIPTION")VALUES('32195647','Has TV','Yes');
INSERT INTO "RESTAURANT_FEATURE" ("RESTAURANT_ID","FEATURE_NAME","DESCRIPTION")VALUES('32195647','Dogs Allowed','Yes');
INSERT INTO "RESTAURANT_FEATURE" ("RESTAURANT_ID","FEATURE_NAME","DESCRIPTION")VALUES('32195647','Waiter Service','Yes');
INSERT INTO "RESTAURANT_FEATURE" ("RESTAURANT_ID","FEATURE_NAME","DESCRIPTION")VALUES('32195647','Caters','No');
INSERT INTO "OPENING_HOUR" ("DAY","RESTAURANT_ID","OPENING_TIME","CLOSING_TIME")VALUES('Mon','32195647','10:00 am','12:00 am');
INSERT INTO "OPENING_HOUR" ("DAY","RESTAURANT_ID","OPENING_TIME","CLOSING_TIME")VALUES('Tue','32195647','10:00 am','12:00 am');
INSERT INTO "OPENING_HOUR" ("DAY","RESTAURANT_ID","OPENING_TIME","CLOSING_TIME")VALUES('Wed','32195647','10:00 am','12:00 am');
INSERT INTO "OPENING_HOUR" ("DAY","RESTAURANT_ID","OPENING_TIME","CLOSING_TIME")VALUES('Thu','32195647','10:00 am','12:00 am');
INSERT INTO "OPENING_HOUR" ("DAY","RESTAURANT_ID","OPENING_TIME","CLOSING_TIME")VALUES('Fri','32195647','10:00 am','12:00 am');
INSERT INTO "OPENING_HOUR" ("DAY","RESTAURANT_ID","OPENING_TIME","CLOSING_TIME")VALUES('Sat','32195647','10:00 am','12:00 am');
INSERT INTO "OPENING_HOUR" ("DAY","RESTAURANT_ID","OPENING_TIME","CLOSING_TIME")VALUES('Sun','32195647','Open now','12:00 am');
INSERT INTO "USER_REVIEW" ("RESTAURANT_ID","REVIEW_DATE","COMMENT","REVIEW_RATING")VALUES('32195647','2016-08-15 03:35:41','I got here with my partner and our friends, we have been this area couple times, but somehow we didn''t noticed this Biergarten till recently, my partner...','3');
INSERT INTO "PHOTO" ("RESTAURANT_ID","PICTURE_URL")VALUES('32195647','https://s3-media3.fl.yelpcdn.com/photo/IdlBt1_4j25nOKLWw0f-dw/o.jpg');
INSERT INTO "USER_REVIEW" ("RESTAURANT_ID","REVIEW_DATE","COMMENT","REVIEW_RATING")VALUES('32195647','2016-09-25 19:22:55','Nice biergarten right next to the central station and overlooking the kanal. Very friendly staff serving the best Bavarian beer and tasty food. The indoor...','5');
INSERT INTO "PHOTO" ("RESTAURANT_ID","PICTURE_URL")VALUES('32195647','https://s3-media1.fl.yelpcdn.com/photo/t4HMHOAYlH_ohXQrs8X5gw/o.jpg');
INSERT INTO "USER_REVIEW" ("RESTAURANT_ID","REVIEW_DATE","COMMENT","REVIEW_RATING")VALUES('32195647','2016-06-23 09:12:11','I''ve been to Berlin many times, but haven''t made it here. I am surprised by this, I had an event here before a conference. They did a whole BBQ and beer...','4');
INSERT INTO "PHOTO" ("RESTAURANT_ID","PICTURE_URL")VALUES('32195647','https://s3-media2.fl.yelpcdn.com/photo/1dSpKQEx8zbeCY1bQiGx1A/o.jpg');
INSERT INTO "LOCATION" ("LOCATION_ID","LOCATION_TYPE","ADDRESS","LONGITUDE","LATITUDE")VALUES('279','R','Richard-Sorge-Str. 2110249 BerlinGermany','13.44783','52.52002');
INSERT INTO "RESTAURANT" ("RESTAURANT_ID","PRICERANGE","PHONE_NUMBER","WEBSITE")VALUES('5644554','€€','+49 30 89997296','rembrandt-burger.de');
INSERT INTO "CUISINE" ("RESTAURANT_ID","CUISINE_TYPE")VALUES('5644554','Burgers');
INSERT INTO "RESTAURANT_RATING" ("RESTAURANT_ID","SCALE","OVERALL_RATING","SOURCE")VALUES('5644554','5','4.5','Yelp');
INSERT INTO "RESTAURANT_FEATURE" ("RESTAURANT_ID","FEATURE_NAME","DESCRIPTION")VALUES('5644554','Takes Reservations','Yes');
INSERT INTO "RESTAURANT_FEATURE" ("RESTAURANT_ID","FEATURE_NAME","DESCRIPTION")VALUES('5644554','Delivery','No');
INSERT INTO "RESTAURANT_FEATURE" ("RESTAURANT_ID","FEATURE_NAME","DESCRIPTION")VALUES('5644554','Take-out','Yes');
INSERT INTO "RESTAURANT_FEATURE" ("RESTAURANT_ID","FEATURE_NAME","DESCRIPTION")VALUES('5644554','Good For','Lunch, Dinner');
INSERT INTO "RESTAURANT_FEATURE" ("RESTAURANT_ID","FEATURE_NAME","DESCRIPTION")VALUES('5644554','Parking','Street');
INSERT INTO "RESTAURANT_FEATURE" ("RESTAURANT_ID","FEATURE_NAME","DESCRIPTION")VALUES('5644554','Good for Kids','Yes');
INSERT INTO "RESTAURANT_FEATURE" ("RESTAURANT_ID","FEATURE_NAME","DESCRIPTION")VALUES('5644554','Good for Groups','Yes');
INSERT INTO "RESTAURANT_FEATURE" ("RESTAURANT_ID","FEATURE_NAME","DESCRIPTION")VALUES('5644554','Attire','Casual');
INSERT INTO "RESTAURANT_FEATURE" ("RESTAURANT_ID","FEATURE_NAME","DESCRIPTION")VALUES('5644554','Ambience','Casual');
INSERT INTO "RESTAURANT_FEATURE" ("RESTAURANT_ID","FEATURE_NAME","DESCRIPTION")VALUES('5644554','Noise Level','Average');
INSERT INTO "RESTAURANT_FEATURE" ("RESTAURANT_ID","FEATURE_NAME","DESCRIPTION")VALUES('5644554','Alcohol','Beer & Wine Only');
INSERT INTO "RESTAURANT_FEATURE" ("RESTAURANT_ID","FEATURE_NAME","DESCRIPTION")VALUES('5644554','Outdoor Seating','Yes');
INSERT INTO "RESTAURANT_FEATURE" ("RESTAURANT_ID","FEATURE_NAME","DESCRIPTION")VALUES('5644554','Wi-Fi','No');
INSERT INTO "RESTAURANT_FEATURE" ("RESTAURANT_ID","FEATURE_NAME","DESCRIPTION")VALUES('5644554','Has TV','No');
INSERT INTO "RESTAURANT_FEATURE" ("RESTAURANT_ID","FEATURE_NAME","DESCRIPTION")VALUES('5644554','Drive-Thru','No');
INSERT INTO "RESTAURANT_FEATURE" ("RESTAURANT_ID","FEATURE_NAME","DESCRIPTION")VALUES('5644554','Caters','No');
INSERT INTO "OPENING_HOUR" ("DAY","RESTAURANT_ID","OPENING_TIME","CLOSING_TIME")VALUES('Mon','5644554','12:00 pm','10:00 pm');
INSERT INTO "OPENING_HOUR" ("DAY","RESTAURANT_ID","OPENING_TIME","CLOSING_TIME")VALUES('Tue','5644554','12:00 pm','10:00 pm');
INSERT INTO "OPENING_HOUR" ("DAY","RESTAURANT_ID","OPENING_TIME","CLOSING_TIME")VALUES('Wed','5644554','12:00 pm','10:00 pm');
INSERT INTO "OPENING_HOUR" ("DAY","RESTAURANT_ID","OPENING_TIME","CLOSING_TIME")VALUES('Thu','5644554','12:00 pm','10:00 pm');
INSERT INTO "OPENING_HOUR" ("DAY","RESTAURANT_ID","OPENING_TIME","CLOSING_TIME")VALUES('Fri','5644554','12:00 pm','10:00 pm');
INSERT INTO "OPENING_HOUR" ("DAY","RESTAURANT_ID","OPENING_TIME","CLOSING_TIME")VALUES('Sat','5644554','12:00 pm','10:00 pm');
INSERT INTO "OPENING_HOUR" ("DAY","RESTAURANT_ID","OPENING_TIME","CLOSING_TIME")VALUES('Sun','5644554','Open now','10:00 pm');
INSERT INTO "USER_REVIEW" ("RESTAURANT_ID","REVIEW_DATE","COMMENT","REVIEW_RATING")VALUES('5644554','2017-11-23 01:30:47','best burger in berlin

i had the special truffle burger week of 23rd november 2017 

totally amazing

also i recommend the mix fries + north sea ipa','5');
INSERT INTO "PHOTO" ("RESTAURANT_ID","PICTURE_URL")VALUES('5644554','https://s3-media2.fl.yelpcdn.com/photo/gpjscpFhxNlD6Tq1kRey0A/o.jpg');
INSERT INTO "USER_REVIEW" ("RESTAURANT_ID","REVIEW_DATE","COMMENT","REVIEW_RATING")VALUES('5644554','2017-07-07 05:40:57','One of the best burgers I''ve ever tasted!
The waiters were friendly, kind, and very efficient. 
They serve the best sweet potato fries, and you were offered...','5');
INSERT INTO "PHOTO" ("RESTAURANT_ID","PICTURE_URL")VALUES('5644554','https://s3-media3.fl.yelpcdn.com/photo/kYQADz8HvHBg1yRDnztRsQ/o.jpg');
INSERT INTO "USER_REVIEW" ("RESTAURANT_ID","REVIEW_DATE","COMMENT","REVIEW_RATING")VALUES('5644554','2017-10-26 13:49:55','Really good burgers, nice variations 
Try the special burger that changes every week, the mango dip is AMAZING and you can order mixed fries- sweet potatoe...','5');
INSERT INTO "PHOTO" ("RESTAURANT_ID","PICTURE_URL")VALUES('5644554','https://s3-media4.fl.yelpcdn.com/photo/eSg03FUn8CaTnLndQ7ZYNw/o.jpg');
INSERT INTO "RESTAURANT_RATING" ("RESTAURANT_ID","SCALE","OVERALL_RATING","SOURCE")VALUES('5644554','5','4.6','Google Map');
INSERT INTO "USER_REVIEW" ("RESTAURANT_ID","REVIEW_DATE","COMMENT","REVIEW_RATING")VALUES('5644554','2017-09-14','Burgers are delicious. As good if not better than Burgermeister. You can get a mix of regular and sweet potato fries. Beer selection is nice. You should probably call and make a reservation as it packs out, or you can order and pick up (I think). Really friendly staff.','5');
INSERT INTO "USER_REVIEW" ("RESTAURANT_ID","REVIEW_DATE","COMMENT","REVIEW_RATING")VALUES('5644554','2018-01-06','Very tasty veggie burger and sweet potato fries!  But service is pretty bad.  Took 45 minutes to get our food','4');
INSERT INTO "USER_REVIEW" ("RESTAURANT_ID","REVIEW_DATE","COMMENT","REVIEW_RATING")VALUES('5644554','2018-01-09','I''ve been there many times during the last years and it''s by far one of the best burger places in berlin!','5');
INSERT INTO "USER_REVIEW" ("RESTAURANT_ID","REVIEW_DATE","COMMENT","REVIEW_RATING")VALUES('5644554','2017-09-26','We were told it''s a must, so we had to go try the hamburgers. It was amazing. One of the top 3 burgers I''ve had, and totally worth the price.','5');
INSERT INTO "USER_REVIEW" ("RESTAURANT_ID","REVIEW_DATE","COMMENT","REVIEW_RATING")VALUES('5644554','2017-06-16','The return of the forgotten burger! The wheat or dark bun closely hugs the perfectly medium fried patty. In between lies a sensation of fresh cheese, honey, chili and barbecue along ripe tomato and crunchy salami. The probably crunchiest sweet potato fries of Berlin perfectly harmonize with their homemade sauces. But in contrast to buying a real Rembrandt you will not end up poor when you eat a burger here. Make sure to book a table in advance!','5');
INSERT INTO "LOCATION" ("LOCATION_ID","LOCATION_TYPE","ADDRESS","LONGITUDE","LATITUDE")VALUES('280','R','Schöneberger Str. 1012163 BerlinGermany','13.33113','52.46407');
INSERT INTO "RESTAURANT" ("RESTAURANT_ID","PRICERANGE","PHONE_NUMBER","WEBSITE")VALUES('68829205','€','+49 30 54771133','None');
INSERT INTO "CUISINE" ("RESTAURANT_ID","CUISINE_TYPE")VALUES('68829205','Korean');
INSERT INTO "RESTAURANT_RATING" ("RESTAURANT_ID","SCALE","OVERALL_RATING","SOURCE")VALUES('68829205','5','4.5','Yelp');
INSERT INTO "RESTAURANT_FEATURE" ("RESTAURANT_ID","FEATURE_NAME","DESCRIPTION")VALUES('68829205','Takes Reservations','Yes');
INSERT INTO "RESTAURANT_FEATURE" ("RESTAURANT_ID","FEATURE_NAME","DESCRIPTION")VALUES('68829205','Delivery','Yes');
INSERT INTO "RESTAURANT_FEATURE" ("RESTAURANT_ID","FEATURE_NAME","DESCRIPTION")VALUES('68829205','Take-out','Yes');
INSERT INTO "RESTAURANT_FEATURE" ("RESTAURANT_ID","FEATURE_NAME","DESCRIPTION")VALUES('68829205','Good for Kids','Yes');
INSERT INTO "RESTAURANT_FEATURE" ("RESTAURANT_ID","FEATURE_NAME","DESCRIPTION")VALUES('68829205','Good for Groups','No');
INSERT INTO "RESTAURANT_FEATURE" ("RESTAURANT_ID","FEATURE_NAME","DESCRIPTION")VALUES('68829205','Attire','Casual');
INSERT INTO "RESTAURANT_FEATURE" ("RESTAURANT_ID","FEATURE_NAME","DESCRIPTION")VALUES('68829205','Ambience','Trendy');
INSERT INTO "RESTAURANT_FEATURE" ("RESTAURANT_ID","FEATURE_NAME","DESCRIPTION")VALUES('68829205','Noise Level','Quiet');
INSERT INTO "RESTAURANT_FEATURE" ("RESTAURANT_ID","FEATURE_NAME","DESCRIPTION")VALUES('68829205','Alcohol','Full Bar');
INSERT INTO "RESTAURANT_FEATURE" ("RESTAURANT_ID","FEATURE_NAME","DESCRIPTION")VALUES('68829205','Outdoor Seating','Yes');
INSERT INTO "RESTAURANT_FEATURE" ("RESTAURANT_ID","FEATURE_NAME","DESCRIPTION")VALUES('68829205','Wi-Fi','No');
INSERT INTO "RESTAURANT_FEATURE" ("RESTAURANT_ID","FEATURE_NAME","DESCRIPTION")VALUES('68829205','Has TV','No');
INSERT INTO "RESTAURANT_FEATURE" ("RESTAURANT_ID","FEATURE_NAME","DESCRIPTION")VALUES('68829205','Waiter Service','Yes');
INSERT INTO "RESTAURANT_FEATURE" ("RESTAURANT_ID","FEATURE_NAME","DESCRIPTION")VALUES('68829205','Caters','No');
INSERT INTO "OPENING_HOUR" ("DAY","RESTAURANT_ID","OPENING_TIME","CLOSING_TIME")VALUES('Mon','68829205','12:00 pm','10:00 pm');
INSERT INTO "OPENING_HOUR" ("DAY","RESTAURANT_ID","OPENING_TIME","CLOSING_TIME")VALUES('Tue','68829205','12:00 pm','10:00 pm');
INSERT INTO "OPENING_HOUR" ("DAY","RESTAURANT_ID","OPENING_TIME","CLOSING_TIME")VALUES('Wed','68829205','12:00 pm','10:00 pm');
INSERT INTO "OPENING_HOUR" ("DAY","RESTAURANT_ID","OPENING_TIME","CLOSING_TIME")VALUES('Thu','68829205','12:00 pm','10:00 pm');
INSERT INTO "OPENING_HOUR" ("DAY","RESTAURANT_ID","OPENING_TIME","CLOSING_TIME")VALUES('Fri','68829205','12:00 pm','10:00 pm');
INSERT INTO "OPENING_HOUR" ("DAY","RESTAURANT_ID","OPENING_TIME","CLOSING_TIME")VALUES('Sat','68829205','Open now','10:00 pm');
INSERT INTO "USER_REVIEW" ("RESTAURANT_ID","REVIEW_DATE","COMMENT","REVIEW_RATING")VALUES('68829205','2017-09-01 12:35:15','One of the best bibimbap we had ! This cozy and heartwarming Korean restaurant worths dropping by And the cherry on top is the bill, super cheap !','5');
INSERT INTO "PHOTO" ("RESTAURANT_ID","PICTURE_URL")VALUES('68829205','https://s3-media2.fl.yelpcdn.com/photo/4wAaFmm7QjDh4uyYxyrwRw/o.jpg');
INSERT INTO "USER_REVIEW" ("RESTAURANT_ID","REVIEW_DATE","COMMENT","REVIEW_RATING")VALUES('68829205','2017-04-14 03:30:47','Bab and Kimchi is a small and adorable venue in the south of Berlin, located next to S Feuerbachstr. For those who still don''t know: It''s kind of close to...','4');
INSERT INTO "PHOTO" ("RESTAURANT_ID","PICTURE_URL")VALUES('68829205','https://s3-media3.fl.yelpcdn.com/photo/9vzac5tVbEM3gkqiT0n4gw/o.jpg');
INSERT INTO "USER_REVIEW" ("RESTAURANT_ID","REVIEW_DATE","COMMENT","REVIEW_RATING")VALUES('68829205','2016-02-16 12:12:53','Food was great. Reasonably priced and taste good. Portion was generous. Was going to give 4 stars

The place was clean and the menu offered is just a basic...','3');
INSERT INTO "PHOTO" ("RESTAURANT_ID","PICTURE_URL")VALUES('68829205','https://s3-media4.fl.yelpcdn.com/photo/eLmr4Vz1nLQkuKXVkd8EQQ/o.jpg');
INSERT INTO "LOCATION" ("LOCATION_ID","LOCATION_TYPE","ADDRESS","LONGITUDE","LATITUDE")VALUES('281','R','Pappelallee 7710437 BerlinGermany','13.41457','52.54337');
INSERT INTO "RESTAURANT" ("RESTAURANT_ID","PRICERANGE","PHONE_NUMBER","WEBSITE")VALUES('48983353','€€','+49 30 26349330','restaurantlorbeer.de');
INSERT INTO "CUISINE" ("RESTAURANT_ID","CUISINE_TYPE")VALUES('48983353','Modern European');
INSERT INTO "CUISINE" ("RESTAURANT_ID","CUISINE_TYPE")VALUES('48983353','Breakfast & Brunch');
INSERT INTO "RESTAURANT_RATING" ("RESTAURANT_ID","SCALE","OVERALL_RATING","SOURCE")VALUES('48983353','5','4.0','Yelp');
INSERT INTO "RESTAURANT_FEATURE" ("RESTAURANT_ID","FEATURE_NAME","DESCRIPTION")VALUES('48983353','Takes Reservations','Yes');
INSERT INTO "RESTAURANT_FEATURE" ("RESTAURANT_ID","FEATURE_NAME","DESCRIPTION")VALUES('48983353','Delivery','No');
INSERT INTO "RESTAURANT_FEATURE" ("RESTAURANT_ID","FEATURE_NAME","DESCRIPTION")VALUES('48983353','Take-out','No');
INSERT INTO "RESTAURANT_FEATURE" ("RESTAURANT_ID","FEATURE_NAME","DESCRIPTION")VALUES('48983353','Accepted Cards','None');
INSERT INTO "RESTAURANT_FEATURE" ("RESTAURANT_ID","FEATURE_NAME","DESCRIPTION")VALUES('48983353','Accepts Bitcoin','No');
INSERT INTO "RESTAURANT_FEATURE" ("RESTAURANT_ID","FEATURE_NAME","DESCRIPTION")VALUES('48983353','Parking','Street');
INSERT INTO "RESTAURANT_FEATURE" ("RESTAURANT_ID","FEATURE_NAME","DESCRIPTION")VALUES('48983353','Good for Kids','Yes');
INSERT INTO "RESTAURANT_FEATURE" ("RESTAURANT_ID","FEATURE_NAME","DESCRIPTION")VALUES('48983353','Good for Groups','Yes');
INSERT INTO "RESTAURANT_FEATURE" ("RESTAURANT_ID","FEATURE_NAME","DESCRIPTION")VALUES('48983353','Attire','Casual');
INSERT INTO "RESTAURANT_FEATURE" ("RESTAURANT_ID","FEATURE_NAME","DESCRIPTION")VALUES('48983353','Ambience','Casual');
INSERT INTO "RESTAURANT_FEATURE" ("RESTAURANT_ID","FEATURE_NAME","DESCRIPTION")VALUES('48983353','Noise Level','Average');
INSERT INTO "RESTAURANT_FEATURE" ("RESTAURANT_ID","FEATURE_NAME","DESCRIPTION")VALUES('48983353','Alcohol','Full Bar');
INSERT INTO "RESTAURANT_FEATURE" ("RESTAURANT_ID","FEATURE_NAME","DESCRIPTION")VALUES('48983353','Outdoor Seating','Yes');
INSERT INTO "RESTAURANT_FEATURE" ("RESTAURANT_ID","FEATURE_NAME","DESCRIPTION")VALUES('48983353','Wi-Fi','Free');
INSERT INTO "RESTAURANT_FEATURE" ("RESTAURANT_ID","FEATURE_NAME","DESCRIPTION")VALUES('48983353','Has TV','No');
INSERT INTO "RESTAURANT_FEATURE" ("RESTAURANT_ID","FEATURE_NAME","DESCRIPTION")VALUES('48983353','Caters','No');
INSERT INTO "OPENING_HOUR" ("DAY","RESTAURANT_ID","OPENING_TIME","CLOSING_TIME")VALUES('Mon','48983353','3:30 pm','12:00 am');
INSERT INTO "OPENING_HOUR" ("DAY","RESTAURANT_ID","OPENING_TIME","CLOSING_TIME")VALUES('Tue','48983353','3:30 pm','12:00 am');
INSERT INTO "OPENING_HOUR" ("DAY","RESTAURANT_ID","OPENING_TIME","CLOSING_TIME")VALUES('Wed','48983353','3:30 pm','12:00 am');
INSERT INTO "OPENING_HOUR" ("DAY","RESTAURANT_ID","OPENING_TIME","CLOSING_TIME")VALUES('Thu','48983353','3:30 pm','12:00 am');
INSERT INTO "OPENING_HOUR" ("DAY","RESTAURANT_ID","OPENING_TIME","CLOSING_TIME")VALUES('Fri','48983353','3:30 pm','12:00 am');
INSERT INTO "OPENING_HOUR" ("DAY","RESTAURANT_ID","OPENING_TIME","CLOSING_TIME")VALUES('Sat','48983353','12:00 pm','12:00 am');
INSERT INTO "OPENING_HOUR" ("DAY","RESTAURANT_ID","OPENING_TIME","CLOSING_TIME")VALUES('Sun','48983353','Open now','12:00 am');
INSERT INTO "USER_REVIEW" ("RESTAURANT_ID","REVIEW_DATE","COMMENT","REVIEW_RATING")VALUES('48983353','2015-08-09 06:29:53','Very good Eisbein not expensive. A good option near Brandsenburger Tor.
The Pfifferlinge were good. The schnitzel and curry wurst also. The waiters are nice...','4');
INSERT INTO "PHOTO" ("RESTAURANT_ID","PICTURE_URL")VALUES('48983353','https://s3-media2.fl.yelpcdn.com/photo/TUcn3ly1vWQWxAUQl6tl6Q/o.jpg');
INSERT INTO "USER_REVIEW" ("RESTAURANT_ID","REVIEW_DATE","COMMENT","REVIEW_RATING")VALUES('48983353','2013-07-23 05:43:43','I found this place on Yelp and was intrigued by the reviews. I went here with my family and we tried the Asparagus dumplings and the calf ragout. We also...','5');
INSERT INTO "PHOTO" ("RESTAURANT_ID","PICTURE_URL")VALUES('48983353','https://s3-media1.fl.yelpcdn.com/photo/VfIYf7b1h_vAX_Wd-FTS0A/o.jpg');
INSERT INTO "USER_REVIEW" ("RESTAURANT_ID","REVIEW_DATE","COMMENT","REVIEW_RATING")VALUES('48983353','2013-07-11 00:40:50','A quaint little restaurant with a nice outdoor patio and a daily rotating lunch menu.

Nothing is certain but the drinks menu, so each visit to Lorberth is...','4');
INSERT INTO "PHOTO" ("RESTAURANT_ID","PICTURE_URL")VALUES('48983353','https://s3-media4.fl.yelpcdn.com/photo/lumgGrKhnrgzfc9hX7XnLg/o.jpg');
INSERT INTO "LOCATION" ("LOCATION_ID","LOCATION_TYPE","ADDRESS","LONGITUDE","LATITUDE")VALUES('282','R','Mariannenplatz 210997 BerlinGermany','13.424299','52.504441');
INSERT INTO "RESTAURANT" ("RESTAURANT_ID","PRICERANGE","PHONE_NUMBER","WEBSITE")VALUES('77595597','€€€','+49 30 600318600','3schwestern-berlin.de');
INSERT INTO "CUISINE" ("RESTAURANT_ID","CUISINE_TYPE")VALUES('77595597','Breakfast & Brunch');
INSERT INTO "RESTAURANT_RATING" ("RESTAURANT_ID","SCALE","OVERALL_RATING","SOURCE")VALUES('77595597','5','4.0','Yelp');
INSERT INTO "RESTAURANT_FEATURE" ("RESTAURANT_ID","FEATURE_NAME","DESCRIPTION")VALUES('77595597','Takes Reservations','Yes');
INSERT INTO "RESTAURANT_FEATURE" ("RESTAURANT_ID","FEATURE_NAME","DESCRIPTION")VALUES('77595597','Delivery','No');
INSERT INTO "RESTAURANT_FEATURE" ("RESTAURANT_ID","FEATURE_NAME","DESCRIPTION")VALUES('77595597','Take-out','Yes');
INSERT INTO "RESTAURANT_FEATURE" ("RESTAURANT_ID","FEATURE_NAME","DESCRIPTION")VALUES('77595597','Good For','Lunch, Dinner');
INSERT INTO "RESTAURANT_FEATURE" ("RESTAURANT_ID","FEATURE_NAME","DESCRIPTION")VALUES('77595597','Parking','Street');
INSERT INTO "RESTAURANT_FEATURE" ("RESTAURANT_ID","FEATURE_NAME","DESCRIPTION")VALUES('77595597','Good for Kids','Yes');
INSERT INTO "RESTAURANT_FEATURE" ("RESTAURANT_ID","FEATURE_NAME","DESCRIPTION")VALUES('77595597','Good for Groups','Yes');
INSERT INTO "RESTAURANT_FEATURE" ("RESTAURANT_ID","FEATURE_NAME","DESCRIPTION")VALUES('77595597','Attire','Casual');
INSERT INTO "RESTAURANT_FEATURE" ("RESTAURANT_ID","FEATURE_NAME","DESCRIPTION")VALUES('77595597','Ambience','Casual, Intimate, Romantic');
INSERT INTO "RESTAURANT_FEATURE" ("RESTAURANT_ID","FEATURE_NAME","DESCRIPTION")VALUES('77595597','Noise Level','Average');
INSERT INTO "RESTAURANT_FEATURE" ("RESTAURANT_ID","FEATURE_NAME","DESCRIPTION")VALUES('77595597','Alcohol','Full Bar');
INSERT INTO "RESTAURANT_FEATURE" ("RESTAURANT_ID","FEATURE_NAME","DESCRIPTION")VALUES('77595597','Outdoor Seating','Yes');
INSERT INTO "RESTAURANT_FEATURE" ("RESTAURANT_ID","FEATURE_NAME","DESCRIPTION")VALUES('77595597','Wi-Fi','No');
INSERT INTO "RESTAURANT_FEATURE" ("RESTAURANT_ID","FEATURE_NAME","DESCRIPTION")VALUES('77595597','Has TV','No');
INSERT INTO "RESTAURANT_FEATURE" ("RESTAURANT_ID","FEATURE_NAME","DESCRIPTION")VALUES('77595597','Caters','No');
INSERT INTO "OPENING_HOUR" ("DAY","RESTAURANT_ID","OPENING_TIME","CLOSING_TIME")VALUES('Mon','77595597','11:00 am','2:00 am');
INSERT INTO "OPENING_HOUR" ("DAY","RESTAURANT_ID","OPENING_TIME","CLOSING_TIME")VALUES('Tue','77595597','11:00 am','2:00 am');
INSERT INTO "OPENING_HOUR" ("DAY","RESTAURANT_ID","OPENING_TIME","CLOSING_TIME")VALUES('Wed','77595597','11:00 am','2:00 am');
INSERT INTO "OPENING_HOUR" ("DAY","RESTAURANT_ID","OPENING_TIME","CLOSING_TIME")VALUES('Thu','77595597','11:00 am','2:00 am');
INSERT INTO "OPENING_HOUR" ("DAY","RESTAURANT_ID","OPENING_TIME","CLOSING_TIME")VALUES('Fri','77595597','11:00 am','2:00 am');
INSERT INTO "OPENING_HOUR" ("DAY","RESTAURANT_ID","OPENING_TIME","CLOSING_TIME")VALUES('Sat','77595597','11:00 am','2:00 am');
INSERT INTO "OPENING_HOUR" ("DAY","RESTAURANT_ID","OPENING_TIME","CLOSING_TIME")VALUES('Sun','77595597','Open now','2:00 am');
INSERT INTO "USER_REVIEW" ("RESTAURANT_ID","REVIEW_DATE","COMMENT","REVIEW_RATING")VALUES('77595597','2017-10-14 05:06:15','Good food, great service, awesome location. It''s in an old hospital that looks like a church. Overall a great experience','4');
INSERT INTO "PHOTO" ("RESTAURANT_ID","PICTURE_URL")VALUES('77595597','https://s3-media3.fl.yelpcdn.com/photo/Tf7GSGpVFlPw7aPnedKTPw/o.jpg');
INSERT INTO "USER_REVIEW" ("RESTAURANT_ID","REVIEW_DATE","COMMENT","REVIEW_RATING")VALUES('77595597','2017-02-18 11:03:32','The food here is good but not quite good enough to justify the rather expensive (for Berlin) prices. The restaurant is located inside an old hospital, and...','3');
INSERT INTO "PHOTO" ("RESTAURANT_ID","PICTURE_URL")VALUES('77595597','https://s3-media1.fl.yelpcdn.com/photo/pmQ2nWRSkbr30hoUY0Qiig/o.jpg');
INSERT INTO "USER_REVIEW" ("RESTAURANT_ID","REVIEW_DATE","COMMENT","REVIEW_RATING")VALUES('77595597','2016-09-16 06:43:28','The nicest part of this restaurant is the outside seating. It''s very peaceful. Easily worth a trip because of that reason. The insects were a bit...','3');
INSERT INTO "LOCATION" ("LOCATION_ID","LOCATION_TYPE","ADDRESS","LONGITUDE","LATITUDE")VALUES('283','R','Friesenstr. 1210965 BerlinGermany','13.39424','52.48672');
INSERT INTO "RESTAURANT" ("RESTAURANT_ID","PRICERANGE","PHONE_NUMBER","WEBSITE")VALUES('70341823','€€','+49 30 6922716','restaurant-z.de');
INSERT INTO "CUISINE" ("RESTAURANT_ID","CUISINE_TYPE")VALUES('70341823','Greek');
INSERT INTO "RESTAURANT_RATING" ("RESTAURANT_ID","SCALE","OVERALL_RATING","SOURCE")VALUES('70341823','5','4.5','Yelp');
INSERT INTO "RESTAURANT_FEATURE" ("RESTAURANT_ID","FEATURE_NAME","DESCRIPTION")VALUES('70341823','Takes Reservations','Yes');
INSERT INTO "RESTAURANT_FEATURE" ("RESTAURANT_ID","FEATURE_NAME","DESCRIPTION")VALUES('70341823','Delivery','No');
INSERT INTO "RESTAURANT_FEATURE" ("RESTAURANT_ID","FEATURE_NAME","DESCRIPTION")VALUES('70341823','Take-out','No');
INSERT INTO "RESTAURANT_FEATURE" ("RESTAURANT_ID","FEATURE_NAME","DESCRIPTION")VALUES('70341823','Accepted Cards','Credit, Debit');
INSERT INTO "RESTAURANT_FEATURE" ("RESTAURANT_ID","FEATURE_NAME","DESCRIPTION")VALUES('70341823','Parking','Street');
INSERT INTO "RESTAURANT_FEATURE" ("RESTAURANT_ID","FEATURE_NAME","DESCRIPTION")VALUES('70341823','Good for Kids','Yes');
INSERT INTO "RESTAURANT_FEATURE" ("RESTAURANT_ID","FEATURE_NAME","DESCRIPTION")VALUES('70341823','Good for Groups','Yes');
INSERT INTO "RESTAURANT_FEATURE" ("RESTAURANT_ID","FEATURE_NAME","DESCRIPTION")VALUES('70341823','Attire','Casual');
INSERT INTO "RESTAURANT_FEATURE" ("RESTAURANT_ID","FEATURE_NAME","DESCRIPTION")VALUES('70341823','Noise Level','Loud');
INSERT INTO "RESTAURANT_FEATURE" ("RESTAURANT_ID","FEATURE_NAME","DESCRIPTION")VALUES('70341823','Alcohol','Beer & Wine Only');
INSERT INTO "RESTAURANT_FEATURE" ("RESTAURANT_ID","FEATURE_NAME","DESCRIPTION")VALUES('70341823','Outdoor Seating','Yes');
INSERT INTO "RESTAURANT_FEATURE" ("RESTAURANT_ID","FEATURE_NAME","DESCRIPTION")VALUES('70341823','Has TV','No');
INSERT INTO "OPENING_HOUR" ("DAY","RESTAURANT_ID","OPENING_TIME","CLOSING_TIME")VALUES('Mon','70341823','5:00 pm','12:00 am');
INSERT INTO "OPENING_HOUR" ("DAY","RESTAURANT_ID","OPENING_TIME","CLOSING_TIME")VALUES('Tue','70341823','5:00 pm','12:00 am');
INSERT INTO "OPENING_HOUR" ("DAY","RESTAURANT_ID","OPENING_TIME","CLOSING_TIME")VALUES('Wed','70341823','5:00 pm','12:00 am');
INSERT INTO "OPENING_HOUR" ("DAY","RESTAURANT_ID","OPENING_TIME","CLOSING_TIME")VALUES('Thu','70341823','5:00 pm','12:00 am');
INSERT INTO "OPENING_HOUR" ("DAY","RESTAURANT_ID","OPENING_TIME","CLOSING_TIME")VALUES('Fri','70341823','5:00 pm','12:00 am');
INSERT INTO "OPENING_HOUR" ("DAY","RESTAURANT_ID","OPENING_TIME","CLOSING_TIME")VALUES('Sat','70341823','5:00 pm','12:00 am');
INSERT INTO "OPENING_HOUR" ("DAY","RESTAURANT_ID","OPENING_TIME","CLOSING_TIME")VALUES('Sun','70341823','Open now','12:00 am');
INSERT INTO "USER_REVIEW" ("RESTAURANT_ID","REVIEW_DATE","COMMENT","REVIEW_RATING")VALUES('70341823','2014-11-05 07:02:15','Big fan of the bright red walls with green trim, and somehow this doesn''t scream CHRISTMAS.

Excellent service here, and our waitress was speedy, cheerful,...','5');
INSERT INTO "PHOTO" ("RESTAURANT_ID","PICTURE_URL")VALUES('70341823','https://s3-media2.fl.yelpcdn.com/photo/AbWfhEZdjtQzhoGN2zvZnA/o.jpg');
INSERT INTO "USER_REVIEW" ("RESTAURANT_ID","REVIEW_DATE","COMMENT","REVIEW_RATING")VALUES('70341823','2016-12-06 06:44:58','It''s one of the best Greek restaurants in Berlin. It''s a bit to the fancier end, but still quite affordable. Booking a table is advised, I have been burnt...','5');
INSERT INTO "PHOTO" ("RESTAURANT_ID","PICTURE_URL")VALUES('70341823','https://s3-media3.fl.yelpcdn.com/photo/vdpXyDR2ShItvpXoF66bZw/o.jpg');
INSERT INTO "USER_REVIEW" ("RESTAURANT_ID","REVIEW_DATE","COMMENT","REVIEW_RATING")VALUES('70341823','2010-03-13 18:01:20','A great Greek restaurant in Kreuzberg, best are the mixed appetizer platters.','4');
INSERT INTO "LOCATION" ("LOCATION_ID","LOCATION_TYPE","ADDRESS","LONGITUDE","LATITUDE")VALUES('284','R','Boxhagener Str. 6010245 BerlinGermany','13.4695596','52.5063606');
INSERT INTO "RESTAURANT" ("RESTAURANT_ID","PRICERANGE","PHONE_NUMBER","WEBSITE")VALUES('50481234','€€','+49 163 9870767','russischessen.de');
INSERT INTO "CUISINE" ("RESTAURANT_ID","CUISINE_TYPE")VALUES('50481234','Russian');
INSERT INTO "CUISINE" ("RESTAURANT_ID","CUISINE_TYPE")VALUES('50481234','Ukrainian');
INSERT INTO "RESTAURANT_RATING" ("RESTAURANT_ID","SCALE","OVERALL_RATING","SOURCE")VALUES('50481234','5','4.5','Yelp');
INSERT INTO "RESTAURANT_FEATURE" ("RESTAURANT_ID","FEATURE_NAME","DESCRIPTION")VALUES('50481234','Takes Reservations','Yes');
INSERT INTO "RESTAURANT_FEATURE" ("RESTAURANT_ID","FEATURE_NAME","DESCRIPTION")VALUES('50481234','Delivery','No');
INSERT INTO "RESTAURANT_FEATURE" ("RESTAURANT_ID","FEATURE_NAME","DESCRIPTION")VALUES('50481234','Take-out','Yes');
INSERT INTO "RESTAURANT_FEATURE" ("RESTAURANT_ID","FEATURE_NAME","DESCRIPTION")VALUES('50481234','Accepts Bitcoin','No');
INSERT INTO "RESTAURANT_FEATURE" ("RESTAURANT_ID","FEATURE_NAME","DESCRIPTION")VALUES('50481234','Parking','Street');
INSERT INTO "RESTAURANT_FEATURE" ("RESTAURANT_ID","FEATURE_NAME","DESCRIPTION")VALUES('50481234','Good for Kids','Yes');
INSERT INTO "RESTAURANT_FEATURE" ("RESTAURANT_ID","FEATURE_NAME","DESCRIPTION")VALUES('50481234','Good for Groups','Yes');
INSERT INTO "RESTAURANT_FEATURE" ("RESTAURANT_ID","FEATURE_NAME","DESCRIPTION")VALUES('50481234','Attire','Casual');
INSERT INTO "RESTAURANT_FEATURE" ("RESTAURANT_ID","FEATURE_NAME","DESCRIPTION")VALUES('50481234','Ambience','Casual');
INSERT INTO "RESTAURANT_FEATURE" ("RESTAURANT_ID","FEATURE_NAME","DESCRIPTION")VALUES('50481234','Noise Level','Average');
INSERT INTO "RESTAURANT_FEATURE" ("RESTAURANT_ID","FEATURE_NAME","DESCRIPTION")VALUES('50481234','Alcohol','Full Bar');
INSERT INTO "RESTAURANT_FEATURE" ("RESTAURANT_ID","FEATURE_NAME","DESCRIPTION")VALUES('50481234','Outdoor Seating','No');
INSERT INTO "RESTAURANT_FEATURE" ("RESTAURANT_ID","FEATURE_NAME","DESCRIPTION")VALUES('50481234','Wi-Fi','No');
INSERT INTO "RESTAURANT_FEATURE" ("RESTAURANT_ID","FEATURE_NAME","DESCRIPTION")VALUES('50481234','Has TV','No');
INSERT INTO "RESTAURANT_FEATURE" ("RESTAURANT_ID","FEATURE_NAME","DESCRIPTION")VALUES('50481234','Caters','Yes');
INSERT INTO "OPENING_HOUR" ("DAY","RESTAURANT_ID","OPENING_TIME","CLOSING_TIME")VALUES('Mon','50481234','4:00 pm','11:00 pm');
INSERT INTO "OPENING_HOUR" ("DAY","RESTAURANT_ID","OPENING_TIME","CLOSING_TIME")VALUES('Tue','50481234','4:00 pm','11:00 pm');
INSERT INTO "OPENING_HOUR" ("DAY","RESTAURANT_ID","OPENING_TIME","CLOSING_TIME")VALUES('Wed','50481234','4:00 pm','11:00 pm');
INSERT INTO "OPENING_HOUR" ("DAY","RESTAURANT_ID","OPENING_TIME","CLOSING_TIME")VALUES('Thu','50481234','4:00 pm','11:00 pm');
INSERT INTO "OPENING_HOUR" ("DAY","RESTAURANT_ID","OPENING_TIME","CLOSING_TIME")VALUES('Fri','50481234','4:00 pm','11:00 pm');
INSERT INTO "OPENING_HOUR" ("DAY","RESTAURANT_ID","OPENING_TIME","CLOSING_TIME")VALUES('Sat','50481234','4:00 pm','11:00 pm');
INSERT INTO "OPENING_HOUR" ("DAY","RESTAURANT_ID","OPENING_TIME","CLOSING_TIME")VALUES('Sun','50481234','Open now','11:00 pm');
INSERT INTO "USER_REVIEW" ("RESTAURANT_ID","REVIEW_DATE","COMMENT","REVIEW_RATING")VALUES('50481234','2016-09-26 12:27:33','I had a craving for Russian and Matreshka did not disappoint. This cozy restaurant offers up an Eastern European menu in quaint quarters. The staff,...','4');
INSERT INTO "PHOTO" ("RESTAURANT_ID","PICTURE_URL")VALUES('50481234','https://s3-media1.fl.yelpcdn.com/photo/-tV5MK6IaQa3AdqunGcMeA/o.jpg');
INSERT INTO "USER_REVIEW" ("RESTAURANT_ID","REVIEW_DATE","COMMENT","REVIEW_RATING")VALUES('50481234','2016-09-06 02:44:42','I was fortunate to be staying nearby because I ate so much I only barely made it back and up the five flights of stairs....

Even though I am not a...','5');
INSERT INTO "PHOTO" ("RESTAURANT_ID","PICTURE_URL")VALUES('50481234','https://s3-media2.fl.yelpcdn.com/photo/qT8oZSwuej4s7rThL4bXhw/o.jpg');
INSERT INTO "USER_REVIEW" ("RESTAURANT_ID","REVIEW_DATE","COMMENT","REVIEW_RATING")VALUES('50481234','2016-09-18 02:10:26','Was there with a friend and we both absolutely loved it! The place is hard to find, it doesn''t look like a restaurant fron the street and they don''t have...','5');
INSERT INTO "LOCATION" ("LOCATION_ID","LOCATION_TYPE","ADDRESS","LONGITUDE","LATITUDE")VALUES('285','R','Weisestr. 4912049 BerlinGermany','13.42434','52.47672');
INSERT INTO "RESTAURANT" ("RESTAURANT_ID","PRICERANGE","PHONE_NUMBER","WEBSITE")VALUES('47323890','€€','+49 1575 0859998','None');
INSERT INTO "CUISINE" ("RESTAURANT_ID","CUISINE_TYPE")VALUES('47323890','French');
INSERT INTO "CUISINE" ("RESTAURANT_ID","CUISINE_TYPE")VALUES('47323890','Cafes');
INSERT INTO "RESTAURANT_RATING" ("RESTAURANT_ID","SCALE","OVERALL_RATING","SOURCE")VALUES('47323890','5','4.5','Yelp');
INSERT INTO "RESTAURANT_FEATURE" ("RESTAURANT_ID","FEATURE_NAME","DESCRIPTION")VALUES('47323890','Takes Reservations','Yes');
INSERT INTO "RESTAURANT_FEATURE" ("RESTAURANT_ID","FEATURE_NAME","DESCRIPTION")VALUES('47323890','Delivery','No');
INSERT INTO "RESTAURANT_FEATURE" ("RESTAURANT_ID","FEATURE_NAME","DESCRIPTION")VALUES('47323890','Take-out','No');
INSERT INTO "RESTAURANT_FEATURE" ("RESTAURANT_ID","FEATURE_NAME","DESCRIPTION")VALUES('47323890','Good for Kids','Yes');
INSERT INTO "RESTAURANT_FEATURE" ("RESTAURANT_ID","FEATURE_NAME","DESCRIPTION")VALUES('47323890','Good for Groups','Yes');
INSERT INTO "RESTAURANT_FEATURE" ("RESTAURANT_ID","FEATURE_NAME","DESCRIPTION")VALUES('47323890','Attire','Casual');
INSERT INTO "RESTAURANT_FEATURE" ("RESTAURANT_ID","FEATURE_NAME","DESCRIPTION")VALUES('47323890','Noise Level','Average');
INSERT INTO "RESTAURANT_FEATURE" ("RESTAURANT_ID","FEATURE_NAME","DESCRIPTION")VALUES('47323890','Alcohol','Beer & Wine Only');
INSERT INTO "RESTAURANT_FEATURE" ("RESTAURANT_ID","FEATURE_NAME","DESCRIPTION")VALUES('47323890','Outdoor Seating','Yes');
INSERT INTO "RESTAURANT_FEATURE" ("RESTAURANT_ID","FEATURE_NAME","DESCRIPTION")VALUES('47323890','Has TV','No');
INSERT INTO "RESTAURANT_FEATURE" ("RESTAURANT_ID","FEATURE_NAME","DESCRIPTION")VALUES('47323890','Waiter Service','Yes');
INSERT INTO "OPENING_HOUR" ("DAY","RESTAURANT_ID","OPENING_TIME","CLOSING_TIME")VALUES('Mon','47323890','6:00 pm','11:00 pm');
INSERT INTO "OPENING_HOUR" ("DAY","RESTAURANT_ID","OPENING_TIME","CLOSING_TIME")VALUES('Tue','47323890','6:00 pm','11:00 pm');
INSERT INTO "OPENING_HOUR" ("DAY","RESTAURANT_ID","OPENING_TIME","CLOSING_TIME")VALUES('Wed','47323890','6:00 pm','11:00 pm');
INSERT INTO "OPENING_HOUR" ("DAY","RESTAURANT_ID","OPENING_TIME","CLOSING_TIME")VALUES('Thu','47323890','6:00 pm','11:00 pm');
INSERT INTO "OPENING_HOUR" ("DAY","RESTAURANT_ID","OPENING_TIME","CLOSING_TIME")VALUES('Fri','47323890','6:00 pm','11:00 pm');
INSERT INTO "USER_REVIEW" ("RESTAURANT_ID","REVIEW_DATE","COMMENT","REVIEW_RATING")VALUES('47323890','2016-10-07 22:03:27','Another hipster hidden gem, great simple industrial deco, simple menu yet delicious - lamb was fabulous.
Nice service, totally recommend.','5');
INSERT INTO "PHOTO" ("RESTAURANT_ID","PICTURE_URL")VALUES('47323890','https://s3-media1.fl.yelpcdn.com/photo/kPf9Mz7DHl5_m8An1bIH6g/o.jpg');
INSERT INTO "USER_REVIEW" ("RESTAURANT_ID","REVIEW_DATE","COMMENT","REVIEW_RATING")VALUES('47323890','2016-04-02 06:24:36','Nice cosy place in the heart of Schiller kiez in Neukolln. The lamb last saturday was amazing! Always a friendly service. I also recommend the chocolat...','5');
INSERT INTO "PHOTO" ("RESTAURANT_ID","PICTURE_URL")VALUES('47323890','https://s3-media3.fl.yelpcdn.com/photo/xBWO1O7rRkSGOVJPvMKwYQ/o.jpg');
INSERT INTO "USER_REVIEW" ("RESTAURANT_ID","REVIEW_DATE","COMMENT","REVIEW_RATING")VALUES('47323890','2015-11-08 00:33:56','Very delicious French cuisine. Not too expensive and good wines. Also, very nice ambiance. Only wish they were open more hours.','5');
INSERT INTO "RESTAURANT_RATING" ("RESTAURANT_ID","SCALE","OVERALL_RATING","SOURCE")VALUES('47323890','5','4.7','Google Map');
INSERT INTO "USER_REVIEW" ("RESTAURANT_ID","REVIEW_DATE","COMMENT","REVIEW_RATING")VALUES('47323890','2017-12-03','Delicious food, lovely staff. Would highly recommend.','5');
INSERT INTO "USER_REVIEW" ("RESTAURANT_ID","REVIEW_DATE","COMMENT","REVIEW_RATING")VALUES('47323890','2017-11-22','I always leave L''eustache slightly tipsy with an overwhelming sense of well-being. Portions are small, all the better to have space to try one of everything.','5');
INSERT INTO "USER_REVIEW" ("RESTAURANT_ID","REVIEW_DATE","COMMENT","REVIEW_RATING")VALUES('47323890','2017-06-21','Very friendly staff (owners?). Great food. Small but changing Menu. 
They forgot to tell us the fish was raw when we ordered but immediately went to fix it and turned out as good as the original variant. Cosy place.','5');
INSERT INTO "USER_REVIEW" ("RESTAURANT_ID","REVIEW_DATE","COMMENT","REVIEW_RATING")VALUES('47323890','2017-07-14','Good food but very limited menu.  There were two entrees to choose from when we went.  Nice service.  Portions are very small. ','4');
INSERT INTO "USER_REVIEW" ("RESTAURANT_ID","REVIEW_DATE","COMMENT","REVIEW_RATING")VALUES('47323890','2017-04-14','Great food, also good wine. Portions too small for a correct meal but very much enjoyed the ambience, service and attention to presentation and flavours. Had to order the main TWICE so 32€ for a decent main...','4');
INSERT INTO "LOCATION" ("LOCATION_ID","LOCATION_TYPE","ADDRESS","LONGITUDE","LATITUDE")VALUES('286','R','Birkenstr. 1710559 BerlinGermany','13.346749','52.531075');
INSERT INTO "RESTAURANT" ("RESTAURANT_ID","PRICERANGE","PHONE_NUMBER","WEBSITE")VALUES('93441477','€€€','+49 30 48829999','osmanya.de');
INSERT INTO "CUISINE" ("RESTAURANT_ID","CUISINE_TYPE")VALUES('93441477','Turkish');
INSERT INTO "RESTAURANT_RATING" ("RESTAURANT_ID","SCALE","OVERALL_RATING","SOURCE")VALUES('93441477','5','4.0','Yelp');
INSERT INTO "RESTAURANT_FEATURE" ("RESTAURANT_ID","FEATURE_NAME","DESCRIPTION")VALUES('93441477','Takes Reservations','Yes');
INSERT INTO "RESTAURANT_FEATURE" ("RESTAURANT_ID","FEATURE_NAME","DESCRIPTION")VALUES('93441477','Delivery','No');
INSERT INTO "RESTAURANT_FEATURE" ("RESTAURANT_ID","FEATURE_NAME","DESCRIPTION")VALUES('93441477','Take-out','Yes');
INSERT INTO "RESTAURANT_FEATURE" ("RESTAURANT_ID","FEATURE_NAME","DESCRIPTION")VALUES('93441477','Accepted Cards','Credit, Debit');
INSERT INTO "RESTAURANT_FEATURE" ("RESTAURANT_ID","FEATURE_NAME","DESCRIPTION")VALUES('93441477','Good For','Dinner');
INSERT INTO "RESTAURANT_FEATURE" ("RESTAURANT_ID","FEATURE_NAME","DESCRIPTION")VALUES('93441477','Parking','Garage, Street');
INSERT INTO "RESTAURANT_FEATURE" ("RESTAURANT_ID","FEATURE_NAME","DESCRIPTION")VALUES('93441477','Good for Kids','No');
INSERT INTO "RESTAURANT_FEATURE" ("RESTAURANT_ID","FEATURE_NAME","DESCRIPTION")VALUES('93441477','Good for Groups','Yes');
INSERT INTO "RESTAURANT_FEATURE" ("RESTAURANT_ID","FEATURE_NAME","DESCRIPTION")VALUES('93441477','Attire','Dressy');
INSERT INTO "RESTAURANT_FEATURE" ("RESTAURANT_ID","FEATURE_NAME","DESCRIPTION")VALUES('93441477','Ambience','Romantic');
INSERT INTO "RESTAURANT_FEATURE" ("RESTAURANT_ID","FEATURE_NAME","DESCRIPTION")VALUES('93441477','Noise Level','Average');
INSERT INTO "RESTAURANT_FEATURE" ("RESTAURANT_ID","FEATURE_NAME","DESCRIPTION")VALUES('93441477','Alcohol','Full Bar');
INSERT INTO "RESTAURANT_FEATURE" ("RESTAURANT_ID","FEATURE_NAME","DESCRIPTION")VALUES('93441477','Outdoor Seating','Yes');
INSERT INTO "RESTAURANT_FEATURE" ("RESTAURANT_ID","FEATURE_NAME","DESCRIPTION")VALUES('93441477','Wi-Fi','Free');
INSERT INTO "RESTAURANT_FEATURE" ("RESTAURANT_ID","FEATURE_NAME","DESCRIPTION")VALUES('93441477','Has TV','No');
INSERT INTO "RESTAURANT_FEATURE" ("RESTAURANT_ID","FEATURE_NAME","DESCRIPTION")VALUES('93441477','Caters','Yes');
INSERT INTO "OPENING_HOUR" ("DAY","RESTAURANT_ID","OPENING_TIME","CLOSING_TIME")VALUES('Mon','93441477','4:00 pm','12:00 am');
INSERT INTO "OPENING_HOUR" ("DAY","RESTAURANT_ID","OPENING_TIME","CLOSING_TIME")VALUES('Tue','93441477','4:00 pm','12:00 am');
INSERT INTO "OPENING_HOUR" ("DAY","RESTAURANT_ID","OPENING_TIME","CLOSING_TIME")VALUES('Wed','93441477','4:00 pm','12:00 am');
INSERT INTO "OPENING_HOUR" ("DAY","RESTAURANT_ID","OPENING_TIME","CLOSING_TIME")VALUES('Thu','93441477','4:00 pm','12:00 am');
INSERT INTO "OPENING_HOUR" ("DAY","RESTAURANT_ID","OPENING_TIME","CLOSING_TIME")VALUES('Fri','93441477','4:00 pm','12:00 am');
INSERT INTO "OPENING_HOUR" ("DAY","RESTAURANT_ID","OPENING_TIME","CLOSING_TIME")VALUES('Sat','93441477','4:00 pm','12:00 am');
INSERT INTO "OPENING_HOUR" ("DAY","RESTAURANT_ID","OPENING_TIME","CLOSING_TIME")VALUES('Sun','93441477','Open now','12:00 am');
INSERT INTO "USER_REVIEW" ("RESTAURANT_ID","REVIEW_DATE","COMMENT","REVIEW_RATING")VALUES('93441477','2014-04-23 14:31:23','We ate here one night on a recent stay in Berlin, as it was close to our apartment. The place was quite quiet, with less than half the tables full, so we...','5');
INSERT INTO "USER_REVIEW" ("RESTAURANT_ID","REVIEW_DATE","COMMENT","REVIEW_RATING")VALUES('93441477','2016-02-21 13:26:28','I was told that when In Berlin, try ethnic foods instead of German cuisine. Osmanya was recommended by a Berliner of Turkish background. It was a good tip....','5');
INSERT INTO "PHOTO" ("RESTAURANT_ID","PICTURE_URL")VALUES('93441477','https://s3-media2.fl.yelpcdn.com/photo/3maQiPzb5tLA2oMI05tqIA/o.jpg');
INSERT INTO "USER_REVIEW" ("RESTAURANT_ID","REVIEW_DATE","COMMENT","REVIEW_RATING")VALUES('93441477','2016-02-27 13:29:00','Fantastic food and great service. The best food I had in the whole week long stay in Berlin. Great appetizers and amazing kababs. The Kanafe dessert was...','5');
INSERT INTO "PHOTO" ("RESTAURANT_ID","PICTURE_URL")VALUES('93441477','https://s3-media2.fl.yelpcdn.com/photo/f4vcILDHCqMqYfyG4GQ8Zg/o.jpg');
INSERT INTO "LOCATION" ("LOCATION_ID","LOCATION_TYPE","ADDRESS","LONGITUDE","LATITUDE")VALUES('287','R','Hotel Adlon KempinskiUnter den Linden 7710117 BerlinGermany','13.3806962147','52.5159378764');
INSERT INTO "RESTAURANT" ("RESTAURANT_ID","PRICERANGE","PHONE_NUMBER","WEBSITE")VALUES('79605918','€€€€','+49 30 22611555','kempinski.com/de/berlinadlon/…');
INSERT INTO "CUISINE" ("RESTAURANT_ID","CUISINE_TYPE")VALUES('79605918','Modern European');
INSERT INTO "RESTAURANT_RATING" ("RESTAURANT_ID","SCALE","OVERALL_RATING","SOURCE")VALUES('79605918','5','4.0','Yelp');
INSERT INTO "RESTAURANT_FEATURE" ("RESTAURANT_ID","FEATURE_NAME","DESCRIPTION")VALUES('79605918','Takes Reservations','Yes');
INSERT INTO "RESTAURANT_FEATURE" ("RESTAURANT_ID","FEATURE_NAME","DESCRIPTION")VALUES('79605918','Delivery','No');
INSERT INTO "RESTAURANT_FEATURE" ("RESTAURANT_ID","FEATURE_NAME","DESCRIPTION")VALUES('79605918','Take-out','No');
INSERT INTO "RESTAURANT_FEATURE" ("RESTAURANT_ID","FEATURE_NAME","DESCRIPTION")VALUES('79605918','Accepted Cards','Debit');
INSERT INTO "RESTAURANT_FEATURE" ("RESTAURANT_ID","FEATURE_NAME","DESCRIPTION")VALUES('79605918','Parking','Garage');
INSERT INTO "RESTAURANT_FEATURE" ("RESTAURANT_ID","FEATURE_NAME","DESCRIPTION")VALUES('79605918','Wheelchair Accessible','Yes');
INSERT INTO "RESTAURANT_FEATURE" ("RESTAURANT_ID","FEATURE_NAME","DESCRIPTION")VALUES('79605918','Good for Kids','No');
INSERT INTO "RESTAURANT_FEATURE" ("RESTAURANT_ID","FEATURE_NAME","DESCRIPTION")VALUES('79605918','Good for Groups','Yes');
INSERT INTO "RESTAURANT_FEATURE" ("RESTAURANT_ID","FEATURE_NAME","DESCRIPTION")VALUES('79605918','Attire','Formal (Jacket Required)');
INSERT INTO "RESTAURANT_FEATURE" ("RESTAURANT_ID","FEATURE_NAME","DESCRIPTION")VALUES('79605918','Ambience','Upscale');
INSERT INTO "RESTAURANT_FEATURE" ("RESTAURANT_ID","FEATURE_NAME","DESCRIPTION")VALUES('79605918','Noise Level','Average');
INSERT INTO "RESTAURANT_FEATURE" ("RESTAURANT_ID","FEATURE_NAME","DESCRIPTION")VALUES('79605918','Alcohol','Full Bar');
INSERT INTO "RESTAURANT_FEATURE" ("RESTAURANT_ID","FEATURE_NAME","DESCRIPTION")VALUES('79605918','Outdoor Seating','Yes');
INSERT INTO "RESTAURANT_FEATURE" ("RESTAURANT_ID","FEATURE_NAME","DESCRIPTION")VALUES('79605918','Wi-Fi','Paid');
INSERT INTO "RESTAURANT_FEATURE" ("RESTAURANT_ID","FEATURE_NAME","DESCRIPTION")VALUES('79605918','Has TV','No');
INSERT INTO "RESTAURANT_FEATURE" ("RESTAURANT_ID","FEATURE_NAME","DESCRIPTION")VALUES('79605918','Dogs Allowed','Yes');
INSERT INTO "RESTAURANT_FEATURE" ("RESTAURANT_ID","FEATURE_NAME","DESCRIPTION")VALUES('79605918','Waiter Service','Yes');
INSERT INTO "RESTAURANT_FEATURE" ("RESTAURANT_ID","FEATURE_NAME","DESCRIPTION")VALUES('79605918','Caters','No');
INSERT INTO "OPENING_HOUR" ("DAY","RESTAURANT_ID","OPENING_TIME","CLOSING_TIME")VALUES('Mon','79605918','6:30 am','11:00 am');
INSERT INTO "OPENING_HOUR" ("DAY","RESTAURANT_ID","OPENING_TIME","CLOSING_TIME")VALUES('Tue','79605918','6:30 am','11:00 am');
INSERT INTO "OPENING_HOUR" ("DAY","RESTAURANT_ID","OPENING_TIME","CLOSING_TIME")VALUES('Wed','79605918','6:30 am','11:00 am');
INSERT INTO "OPENING_HOUR" ("DAY","RESTAURANT_ID","OPENING_TIME","CLOSING_TIME")VALUES('Thu','79605918','6:30 am','11:00 am');
INSERT INTO "OPENING_HOUR" ("DAY","RESTAURANT_ID","OPENING_TIME","CLOSING_TIME")VALUES('Fri','79605918','6:30 am','11:00 am');
INSERT INTO "OPENING_HOUR" ("DAY","RESTAURANT_ID","OPENING_TIME","CLOSING_TIME")VALUES('Sat','79605918','6:30 am','11:00 am');
INSERT INTO "OPENING_HOUR" ("DAY","RESTAURANT_ID","OPENING_TIME","CLOSING_TIME")VALUES('Sun','79605918','Open now','11:00 am');
INSERT INTO "USER_REVIEW" ("RESTAURANT_ID","REVIEW_DATE","COMMENT","REVIEW_RATING")VALUES('79605918','2016-12-27 12:05:26','Very fine-dining in Berlin. This restaurant was spectacular and the best place to eat for a holiday meal. The food is prepared very delicately and it is...','4');
INSERT INTO "PHOTO" ("RESTAURANT_ID","PICTURE_URL")VALUES('79605918','https://s3-media3.fl.yelpcdn.com/photo/fYxylYrRCaXYaUxv0v4SEg/o.jpg');
INSERT INTO "LOCATION" ("LOCATION_ID","LOCATION_TYPE","ADDRESS","LONGITUDE","LATITUDE")VALUES('288','R','Schloßstr. 2214059 BerlinGermany','13.296049','52.51412');
INSERT INTO "RESTAURANT" ("RESTAURANT_ID","PRICERANGE","PHONE_NUMBER","WEBSITE")VALUES('10332288','€','+49 30 3215034','kastanie-berlin.de');
INSERT INTO "CUISINE" ("RESTAURANT_ID","CUISINE_TYPE")VALUES('10332288','German');
INSERT INTO "CUISINE" ("RESTAURANT_ID","CUISINE_TYPE")VALUES('10332288','Beer, Wine & Spirits');
INSERT INTO "RESTAURANT_RATING" ("RESTAURANT_ID","SCALE","OVERALL_RATING","SOURCE")VALUES('10332288','5','4.5','Yelp');
INSERT INTO "RESTAURANT_FEATURE" ("RESTAURANT_ID","FEATURE_NAME","DESCRIPTION")VALUES('10332288','Takes Reservations','No');
INSERT INTO "RESTAURANT_FEATURE" ("RESTAURANT_ID","FEATURE_NAME","DESCRIPTION")VALUES('10332288','Delivery','No');
INSERT INTO "RESTAURANT_FEATURE" ("RESTAURANT_ID","FEATURE_NAME","DESCRIPTION")VALUES('10332288','Take-out','No');
INSERT INTO "RESTAURANT_FEATURE" ("RESTAURANT_ID","FEATURE_NAME","DESCRIPTION")VALUES('10332288','Good For','Dinner');
INSERT INTO "RESTAURANT_FEATURE" ("RESTAURANT_ID","FEATURE_NAME","DESCRIPTION")VALUES('10332288','Good for Kids','Yes');
INSERT INTO "RESTAURANT_FEATURE" ("RESTAURANT_ID","FEATURE_NAME","DESCRIPTION")VALUES('10332288','Good for Groups','Yes');
INSERT INTO "RESTAURANT_FEATURE" ("RESTAURANT_ID","FEATURE_NAME","DESCRIPTION")VALUES('10332288','Attire','Casual');
INSERT INTO "RESTAURANT_FEATURE" ("RESTAURANT_ID","FEATURE_NAME","DESCRIPTION")VALUES('10332288','Ambience','Casual');
INSERT INTO "RESTAURANT_FEATURE" ("RESTAURANT_ID","FEATURE_NAME","DESCRIPTION")VALUES('10332288','Noise Level','Average');
INSERT INTO "RESTAURANT_FEATURE" ("RESTAURANT_ID","FEATURE_NAME","DESCRIPTION")VALUES('10332288','Alcohol','Full Bar');
INSERT INTO "RESTAURANT_FEATURE" ("RESTAURANT_ID","FEATURE_NAME","DESCRIPTION")VALUES('10332288','Outdoor Seating','Yes');
INSERT INTO "RESTAURANT_FEATURE" ("RESTAURANT_ID","FEATURE_NAME","DESCRIPTION")VALUES('10332288','Wi-Fi','No');
INSERT INTO "RESTAURANT_FEATURE" ("RESTAURANT_ID","FEATURE_NAME","DESCRIPTION")VALUES('10332288','Waiter Service','Yes');
INSERT INTO "OPENING_HOUR" ("DAY","RESTAURANT_ID","OPENING_TIME","CLOSING_TIME")VALUES('Mon','10332288','10:00 am','2:00 am');
INSERT INTO "OPENING_HOUR" ("DAY","RESTAURANT_ID","OPENING_TIME","CLOSING_TIME")VALUES('Tue','10332288','10:00 am','2:00 am');
INSERT INTO "OPENING_HOUR" ("DAY","RESTAURANT_ID","OPENING_TIME","CLOSING_TIME")VALUES('Wed','10332288','10:00 am','2:00 am');
INSERT INTO "OPENING_HOUR" ("DAY","RESTAURANT_ID","OPENING_TIME","CLOSING_TIME")VALUES('Thu','10332288','10:00 am','2:00 am');
INSERT INTO "OPENING_HOUR" ("DAY","RESTAURANT_ID","OPENING_TIME","CLOSING_TIME")VALUES('Fri','10332288','10:00 am','2:00 am');
INSERT INTO "OPENING_HOUR" ("DAY","RESTAURANT_ID","OPENING_TIME","CLOSING_TIME")VALUES('Sat','10332288','10:00 am','2:00 am');
INSERT INTO "OPENING_HOUR" ("DAY","RESTAURANT_ID","OPENING_TIME","CLOSING_TIME")VALUES('Sun','10332288','Open now','2:00 am');
INSERT INTO "USER_REVIEW" ("RESTAURANT_ID","REVIEW_DATE","COMMENT","REVIEW_RATING")VALUES('10332288','2017-06-23 10:12:00','Really nice place. Food was good, good drink selection, and they had an English menu!

Worth it if you''re in the area! Would come here again!','4');
INSERT INTO "PHOTO" ("RESTAURANT_ID","PICTURE_URL")VALUES('10332288','https://s3-media2.fl.yelpcdn.com/photo/HU0QHPeq8kTFnsx-QoFZQw/o.jpg');
INSERT INTO "USER_REVIEW" ("RESTAURANT_ID","REVIEW_DATE","COMMENT","REVIEW_RATING")VALUES('10332288','2016-11-16 04:52:29','Very charming local "pub".
The owner (I guess) very nice , speaks English, brought me menu in French as he spotted my accent. 
I had a German speciality...','5');
INSERT INTO "PHOTO" ("RESTAURANT_ID","PICTURE_URL")VALUES('10332288','https://s3-media1.fl.yelpcdn.com/photo/eVQmkvGqG0-IK9282aDPRg/o.jpg');
INSERT INTO "USER_REVIEW" ("RESTAURANT_ID","REVIEW_DATE","COMMENT","REVIEW_RATING")VALUES('10332288','2016-04-06 03:26:09','We came here late at night they were no longer serving food. I''m just reviewing and giving them five stars because they were extremely accommodating and...','5');
INSERT INTO "PHOTO" ("RESTAURANT_ID","PICTURE_URL")VALUES('10332288','https://s3-media1.fl.yelpcdn.com/photo/UmO9St22RRhD-5W0FIC-3g/o.jpg');
INSERT INTO "RESTAURANT_RATING" ("RESTAURANT_ID","SCALE","OVERALL_RATING","SOURCE")VALUES('10332288','5','4.3','Google Map');
INSERT INTO "USER_REVIEW" ("RESTAURANT_ID","REVIEW_DATE","COMMENT","REVIEW_RATING")VALUES('10332288','2017-11-29','Good and very nice location to meet people and have a good austria bavaria snack together with a variation of fresh beer and wine a good place to sit around. Specially in the summertime a great place to sit outside and enjoy to sit undernice some trees.','4');
INSERT INTO "USER_REVIEW" ("RESTAURANT_ID","REVIEW_DATE","COMMENT","REVIEW_RATING")VALUES('10332288','2017-08-01','A nice place close to the Charlottenburg castle. Try the mini bratwursts with sauerkraut, mustard and bread. A classic! They have nice outdoor tables and the service is not too bad. Worth a visit for a beer and a quick bite. ','4');
INSERT INTO "USER_REVIEW" ("RESTAURANT_ID","REVIEW_DATE","COMMENT","REVIEW_RATING")VALUES('10332288','2016-07-05','Sad to see the huge old chestnut tree was gone, but the new one provides adequate shade already for the outdoor seating. We enjoyed a Weisse, made on site, not premixed, and were entertained by the resident squirrel running along and up the walls and tree branches.','4');
INSERT INTO "USER_REVIEW" ("RESTAURANT_ID","REVIEW_DATE","COMMENT","REVIEW_RATING")VALUES('10332288','2015-08-11','Simple but good','3');
INSERT INTO "USER_REVIEW" ("RESTAURANT_ID","REVIEW_DATE","COMMENT","REVIEW_RATING")VALUES('10332288','2016-05-17','Nice','5');
INSERT INTO "LOCATION" ("LOCATION_ID","LOCATION_TYPE","ADDRESS","LONGITUDE","LATITUDE")VALUES('289','R','Marienfelder Allee 1112277 BerlinGermany','13.37303','52.4246');
INSERT INTO "RESTAURANT" ("RESTAURANT_ID","PRICERANGE","PHONE_NUMBER","WEBSITE")VALUES('49574558','€€','+49 30 7215427','None');
INSERT INTO "CUISINE" ("RESTAURANT_ID","CUISINE_TYPE")VALUES('49574558','Chinese');
INSERT INTO "RESTAURANT_RATING" ("RESTAURANT_ID","SCALE","OVERALL_RATING","SOURCE")VALUES('49574558','5','4.0','Yelp');
INSERT INTO "RESTAURANT_FEATURE" ("RESTAURANT_ID","FEATURE_NAME","DESCRIPTION")VALUES('49574558','Takes Reservations','Yes');
INSERT INTO "RESTAURANT_FEATURE" ("RESTAURANT_ID","FEATURE_NAME","DESCRIPTION")VALUES('49574558','Delivery','No');
INSERT INTO "RESTAURANT_FEATURE" ("RESTAURANT_ID","FEATURE_NAME","DESCRIPTION")VALUES('49574558','Take-out','Yes');
INSERT INTO "RESTAURANT_FEATURE" ("RESTAURANT_ID","FEATURE_NAME","DESCRIPTION")VALUES('49574558','Accepted Cards','Credit, Debit');
INSERT INTO "RESTAURANT_FEATURE" ("RESTAURANT_ID","FEATURE_NAME","DESCRIPTION")VALUES('49574558','Good for Kids','Yes');
INSERT INTO "RESTAURANT_FEATURE" ("RESTAURANT_ID","FEATURE_NAME","DESCRIPTION")VALUES('49574558','Good for Groups','Yes');
INSERT INTO "RESTAURANT_FEATURE" ("RESTAURANT_ID","FEATURE_NAME","DESCRIPTION")VALUES('49574558','Attire','Casual');
INSERT INTO "RESTAURANT_FEATURE" ("RESTAURANT_ID","FEATURE_NAME","DESCRIPTION")VALUES('49574558','Noise Level','Average');
INSERT INTO "RESTAURANT_FEATURE" ("RESTAURANT_ID","FEATURE_NAME","DESCRIPTION")VALUES('49574558','Alcohol','Beer & Wine Only');
INSERT INTO "RESTAURANT_FEATURE" ("RESTAURANT_ID","FEATURE_NAME","DESCRIPTION")VALUES('49574558','Outdoor Seating','Yes');
INSERT INTO "RESTAURANT_FEATURE" ("RESTAURANT_ID","FEATURE_NAME","DESCRIPTION")VALUES('49574558','Has TV','No');
INSERT INTO "RESTAURANT_RATING" ("RESTAURANT_ID","SCALE","OVERALL_RATING","SOURCE")VALUES('49574558','5','4.4','Google Map');
INSERT INTO "USER_REVIEW" ("RESTAURANT_ID","REVIEW_DATE","COMMENT","REVIEW_RATING")VALUES('49574558','2017-12-15','Sehr schönes Ambiente, nettes, zuvorkommendes Personal, Essen wurde schnell serviert, gute Küche, typische Gerichte wie in vielen China-Restaurants, Ente war ein wenig trocken aber sonst alles sehr lecker. Einen Besuch kann man empfehlen. Eigener Parkplatz vorhanden, Bahnhof gleich gegenüber.','4');
INSERT INTO "USER_REVIEW" ("RESTAURANT_ID","REVIEW_DATE","COMMENT","REVIEW_RATING")VALUES('49574558','2017-12-04','Die beste Frühlingsrolle überhaupt! Super nettes Personal. Hab noch nichts gefunden was nicht schmeckt. Manchmal etwas kühl, lieber einen Pulli mitnehmen.','5');
INSERT INTO "USER_REVIEW" ("RESTAURANT_ID","REVIEW_DATE","COMMENT","REVIEW_RATING")VALUES('49574558','2017-12-30','Super gemütlich, sehr nette Bedienung und ein echt klasse Essen. Preisleistung ist top','5');
INSERT INTO "USER_REVIEW" ("RESTAURANT_ID","REVIEW_DATE","COMMENT","REVIEW_RATING")VALUES('49574558','2017-10-07','Hier gehen wir nach dem Sport manchmal noch was essen. Ganz gut gelegen - ziemlich direkt am S-Bahnhof Marienfelde. Sehr nette Bedienung. Die Portionen sind groß. Es hat geschmeckt. Man kann auch explizit ohne Glutamat bestellen.','3');
INSERT INTO "USER_REVIEW" ("RESTAURANT_ID","REVIEW_DATE","COMMENT","REVIEW_RATING")VALUES('49574558','2017-11-09','War das letzte mal vor 10 Jahren hier....schmeckt immer noch sehr gut. Bedienung war sehr freundlich.','5');
INSERT INTO "LOCATION" ("LOCATION_ID","LOCATION_TYPE","ADDRESS","LONGITUDE","LATITUDE")VALUES('290','R','Strausberger Platz 1310243 BerlinGermany','13.4285487','52.5180308');
INSERT INTO "RESTAURANT" ("RESTAURANT_ID","PRICERANGE","PHONE_NUMBER","WEBSITE")VALUES('46492082','€€','+49 30 2495089','huating.de');
INSERT INTO "CUISINE" ("RESTAURANT_ID","CUISINE_TYPE")VALUES('46492082','Chinese');
INSERT INTO "CUISINE" ("RESTAURANT_ID","CUISINE_TYPE")VALUES('46492082','Pan Asian');
INSERT INTO "RESTAURANT_RATING" ("RESTAURANT_ID","SCALE","OVERALL_RATING","SOURCE")VALUES('46492082','5','4.5','Yelp');
INSERT INTO "RESTAURANT_FEATURE" ("RESTAURANT_ID","FEATURE_NAME","DESCRIPTION")VALUES('46492082','Takes Reservations','Yes');
INSERT INTO "RESTAURANT_FEATURE" ("RESTAURANT_ID","FEATURE_NAME","DESCRIPTION")VALUES('46492082','Delivery','Yes');
INSERT INTO "RESTAURANT_FEATURE" ("RESTAURANT_ID","FEATURE_NAME","DESCRIPTION")VALUES('46492082','Take-out','Yes');
INSERT INTO "RESTAURANT_FEATURE" ("RESTAURANT_ID","FEATURE_NAME","DESCRIPTION")VALUES('46492082','Good for Kids','Yes');
INSERT INTO "RESTAURANT_FEATURE" ("RESTAURANT_ID","FEATURE_NAME","DESCRIPTION")VALUES('46492082','Good for Groups','Yes');
INSERT INTO "RESTAURANT_FEATURE" ("RESTAURANT_ID","FEATURE_NAME","DESCRIPTION")VALUES('46492082','Attire','Casual');
INSERT INTO "RESTAURANT_FEATURE" ("RESTAURANT_ID","FEATURE_NAME","DESCRIPTION")VALUES('46492082','Noise Level','Quiet');
INSERT INTO "RESTAURANT_FEATURE" ("RESTAURANT_ID","FEATURE_NAME","DESCRIPTION")VALUES('46492082','Alcohol','Full Bar');
INSERT INTO "RESTAURANT_FEATURE" ("RESTAURANT_ID","FEATURE_NAME","DESCRIPTION")VALUES('46492082','Outdoor Seating','Yes');
INSERT INTO "RESTAURANT_FEATURE" ("RESTAURANT_ID","FEATURE_NAME","DESCRIPTION")VALUES('46492082','Wi-Fi','No');
INSERT INTO "RESTAURANT_FEATURE" ("RESTAURANT_ID","FEATURE_NAME","DESCRIPTION")VALUES('46492082','Has TV','No');
INSERT INTO "OPENING_HOUR" ("DAY","RESTAURANT_ID","OPENING_TIME","CLOSING_TIME")VALUES('Mon','46492082','11:30 am','10:30 pm');
INSERT INTO "OPENING_HOUR" ("DAY","RESTAURANT_ID","OPENING_TIME","CLOSING_TIME")VALUES('Tue','46492082','11:30 am','10:30 pm');
INSERT INTO "OPENING_HOUR" ("DAY","RESTAURANT_ID","OPENING_TIME","CLOSING_TIME")VALUES('Wed','46492082','11:30 am','10:30 pm');
INSERT INTO "OPENING_HOUR" ("DAY","RESTAURANT_ID","OPENING_TIME","CLOSING_TIME")VALUES('Thu','46492082','11:30 am','10:30 pm');
INSERT INTO "OPENING_HOUR" ("DAY","RESTAURANT_ID","OPENING_TIME","CLOSING_TIME")VALUES('Fri','46492082','11:30 am','10:30 pm');
INSERT INTO "OPENING_HOUR" ("DAY","RESTAURANT_ID","OPENING_TIME","CLOSING_TIME")VALUES('Sat','46492082','11:30 am','10:30 pm');
INSERT INTO "OPENING_HOUR" ("DAY","RESTAURANT_ID","OPENING_TIME","CLOSING_TIME")VALUES('Sun','46492082','Open now','10:30 pm');
INSERT INTO "USER_REVIEW" ("RESTAURANT_ID","REVIEW_DATE","COMMENT","REVIEW_RATING")VALUES('46492082','2017-05-24 00:52:59','First off, loved all the fish tanks that this restaurant had. The food was very good and filling. The portion sizes were really good for the price. I went...','4');
INSERT INTO "PHOTO" ("RESTAURANT_ID","PICTURE_URL")VALUES('46492082','https://s3-media2.fl.yelpcdn.com/photo/X5x5RQvh81LecUBj5TRe8Q/o.jpg');
INSERT INTO "USER_REVIEW" ("RESTAURANT_ID","REVIEW_DATE","COMMENT","REVIEW_RATING")VALUES('46492082','2015-05-23 20:28:53','Nice restaurant. Good service nice portions of food would  definitely go there again. Best chinese i have had in berlin','5');
INSERT INTO "PHOTO" ("RESTAURANT_ID","PICTURE_URL")VALUES('46492082','https://s3-media4.fl.yelpcdn.com/photo/xonOnVDdu3EgoWWJxj648g/o.jpg');
INSERT INTO "USER_REVIEW" ("RESTAURANT_ID","REVIEW_DATE","COMMENT","REVIEW_RATING")VALUES('46492082','2010-10-26 13:28:39','So, after wandering about the Soviet-inspired city-planning horror that is Karl Marx Allee, I was hungry and needed a good meal... and on a cold and rainy...','5');
INSERT INTO "PHOTO" ("RESTAURANT_ID","PICTURE_URL")VALUES('46492082','https://s3-media1.fl.yelpcdn.com/photo/3Lh_9wkoNFTcfiTvVZdX9A/o.jpg');
INSERT INTO "LOCATION" ("LOCATION_ID","LOCATION_TYPE","ADDRESS","LONGITUDE","LATITUDE")VALUES('291','R','Torstr. 13410119 BerlinGermany','13.3998899','52.52932');
INSERT INTO "RESTAURANT" ("RESTAURANT_ID","PRICERANGE","PHONE_NUMBER","WEBSITE")VALUES('40819302','€€','+49 30 51736854','dudu-berlin.de');
INSERT INTO "CUISINE" ("RESTAURANT_ID","CUISINE_TYPE")VALUES('40819302','Sushi Bars');
INSERT INTO "CUISINE" ("RESTAURANT_ID","CUISINE_TYPE")VALUES('40819302','Vietnamese');
INSERT INTO "CUISINE" ("RESTAURANT_ID","CUISINE_TYPE")VALUES('40819302','Pan Asian');
INSERT INTO "RESTAURANT_RATING" ("RESTAURANT_ID","SCALE","OVERALL_RATING","SOURCE")VALUES('40819302','5','4.0','Yelp');
INSERT INTO "RESTAURANT_FEATURE" ("RESTAURANT_ID","FEATURE_NAME","DESCRIPTION")VALUES('40819302','Takes Reservations','Yes');
INSERT INTO "RESTAURANT_FEATURE" ("RESTAURANT_ID","FEATURE_NAME","DESCRIPTION")VALUES('40819302','Delivery','No');
INSERT INTO "RESTAURANT_FEATURE" ("RESTAURANT_ID","FEATURE_NAME","DESCRIPTION")VALUES('40819302','Take-out','Yes');
INSERT INTO "RESTAURANT_FEATURE" ("RESTAURANT_ID","FEATURE_NAME","DESCRIPTION")VALUES('40819302','Accepted Cards','Credit, Debit');
INSERT INTO "RESTAURANT_FEATURE" ("RESTAURANT_ID","FEATURE_NAME","DESCRIPTION")VALUES('40819302','Good For','Dinner');
INSERT INTO "RESTAURANT_FEATURE" ("RESTAURANT_ID","FEATURE_NAME","DESCRIPTION")VALUES('40819302','Parking','Street');
INSERT INTO "RESTAURANT_FEATURE" ("RESTAURANT_ID","FEATURE_NAME","DESCRIPTION")VALUES('40819302','Good for Kids','No');
INSERT INTO "RESTAURANT_FEATURE" ("RESTAURANT_ID","FEATURE_NAME","DESCRIPTION")VALUES('40819302','Good for Groups','Yes');
INSERT INTO "RESTAURANT_FEATURE" ("RESTAURANT_ID","FEATURE_NAME","DESCRIPTION")VALUES('40819302','Attire','Casual');
INSERT INTO "RESTAURANT_FEATURE" ("RESTAURANT_ID","FEATURE_NAME","DESCRIPTION")VALUES('40819302','Ambience','Hipster, Trendy');
INSERT INTO "RESTAURANT_FEATURE" ("RESTAURANT_ID","FEATURE_NAME","DESCRIPTION")VALUES('40819302','Noise Level','Average');
INSERT INTO "RESTAURANT_FEATURE" ("RESTAURANT_ID","FEATURE_NAME","DESCRIPTION")VALUES('40819302','Alcohol','Beer & Wine Only');
INSERT INTO "RESTAURANT_FEATURE" ("RESTAURANT_ID","FEATURE_NAME","DESCRIPTION")VALUES('40819302','Outdoor Seating','Yes');
INSERT INTO "RESTAURANT_FEATURE" ("RESTAURANT_ID","FEATURE_NAME","DESCRIPTION")VALUES('40819302','Wi-Fi','No');
INSERT INTO "RESTAURANT_FEATURE" ("RESTAURANT_ID","FEATURE_NAME","DESCRIPTION")VALUES('40819302','Has TV','No');
INSERT INTO "RESTAURANT_FEATURE" ("RESTAURANT_ID","FEATURE_NAME","DESCRIPTION")VALUES('40819302','Caters','Yes');
INSERT INTO "OPENING_HOUR" ("DAY","RESTAURANT_ID","OPENING_TIME","CLOSING_TIME")VALUES('Mon','40819302','12:00 pm','12:00 am');
INSERT INTO "OPENING_HOUR" ("DAY","RESTAURANT_ID","OPENING_TIME","CLOSING_TIME")VALUES('Tue','40819302','12:00 pm','12:00 am');
INSERT INTO "OPENING_HOUR" ("DAY","RESTAURANT_ID","OPENING_TIME","CLOSING_TIME")VALUES('Wed','40819302','12:00 pm','12:00 am');
INSERT INTO "OPENING_HOUR" ("DAY","RESTAURANT_ID","OPENING_TIME","CLOSING_TIME")VALUES('Thu','40819302','12:00 pm','12:00 am');
INSERT INTO "OPENING_HOUR" ("DAY","RESTAURANT_ID","OPENING_TIME","CLOSING_TIME")VALUES('Fri','40819302','12:00 pm','12:00 am');
INSERT INTO "OPENING_HOUR" ("DAY","RESTAURANT_ID","OPENING_TIME","CLOSING_TIME")VALUES('Sat','40819302','12:00 pm','12:00 am');
INSERT INTO "OPENING_HOUR" ("DAY","RESTAURANT_ID","OPENING_TIME","CLOSING_TIME")VALUES('Sun','40819302','Open now','12:00 am');
INSERT INTO "USER_REVIEW" ("RESTAURANT_ID","REVIEW_DATE","COMMENT","REVIEW_RATING")VALUES('40819302','2017-08-11 07:58:33','I was on the hunt to find amazing sushi in Berlin and I found it!
The vibe of Dudu is very Berlin (hipstery) and the food is great.
All of the sushi rolls...','5');
INSERT INTO "PHOTO" ("RESTAURANT_ID","PICTURE_URL")VALUES('40819302','https://s3-media2.fl.yelpcdn.com/photo/Sj-8A1ZEbEQBVWDq0FnH_w/o.jpg');
INSERT INTO "USER_REVIEW" ("RESTAURANT_ID","REVIEW_DATE","COMMENT","REVIEW_RATING")VALUES('40819302','2017-12-28 13:21:58','I really don''t understand the high ratings for this place! I went here twice, just to make sure that the food was really bad and that I gave it a fair shot....','1');
INSERT INTO "PHOTO" ("RESTAURANT_ID","PICTURE_URL")VALUES('40819302','https://s3-media1.fl.yelpcdn.com/photo/uqdqFZTG-5lKWoIIZGZvlA/o.jpg');
INSERT INTO "USER_REVIEW" ("RESTAURANT_ID","REVIEW_DATE","COMMENT","REVIEW_RATING")VALUES('40819302','2017-07-18 03:26:51','I recommend this place for tasty food, fantastic atmosphere, attentive service, and pleasant outdoor seating. I went here alone as I was solo traveling in...','5');
INSERT INTO "PHOTO" ("RESTAURANT_ID","PICTURE_URL")VALUES('40819302','https://s3-media4.fl.yelpcdn.com/photo/-K2GgzBOB1oF4eJg0JW8tw/o.jpg');
INSERT INTO "RESTAURANT_RATING" ("RESTAURANT_ID","SCALE","OVERALL_RATING","SOURCE")VALUES('40819302','5','4.2','Google Map');
INSERT INTO "USER_REVIEW" ("RESTAURANT_ID","REVIEW_DATE","COMMENT","REVIEW_RATING")VALUES('40819302','2017-12-19','Please don’t waste a dollar coming to this place... crowded... and not nice place... terrible wine and overpriced... this is just for people who want to look trendy and don’t know about good food.... restroom super dirty... not menu in English. Rude staff. If was possible to rated with less that one star this is the place! Chinese sushi place.','1');
INSERT INTO "USER_REVIEW" ("RESTAURANT_ID","REVIEW_DATE","COMMENT","REVIEW_RATING")VALUES('40819302','2017-09-23','Honestly the best restaurant of its kind I''ve ever had the pleasure of visiting. There was a reasonable selection of vegetarian food and the outdoor seating was well sheltered. Service was perfect. Special thanks to Laura for her drinks and deserts suggestions. I''m definitely coming back the next time I''m in Berlin. There are too many temptations I didn''t have the stomach space to order in one sitting.','5');
INSERT INTO "USER_REVIEW" ("RESTAURANT_ID","REVIEW_DATE","COMMENT","REVIEW_RATING")VALUES('40819302','2017-11-19','All the food was absolutely incredible, especially the sushi.
Prices are expensive, but worth every penny. 

The staff is not friendly, sadly. They behave as if their were doing you a favour. If it was not for this I would have given it 5 stars.

I''ll be back anyway cuz it''s a fantastic place to eat.','3');
INSERT INTO "USER_REVIEW" ("RESTAURANT_ID","REVIEW_DATE","COMMENT","REVIEW_RATING")VALUES('40819302','2018-01-04','Tasty food, friendly but not very attentive Service. 
Prices are a lil high but the quality is good. 
Will give it a try again for better service.','4');
INSERT INTO "USER_REVIEW" ("RESTAURANT_ID","REVIEW_DATE","COMMENT","REVIEW_RATING")VALUES('40819302','2018-01-03','Trendy place but the sushi was not up to par. It''s hard to get good fresh sushi in Berlin and Dudu was disappointing as well. The pho soup was delicious though.','3');
INSERT INTO "LOCATION" ("LOCATION_ID","LOCATION_TYPE","ADDRESS","LONGITUDE","LATITUDE")VALUES('292','R','Hornstr. 410963 BerlinGermany','13.3823382','52.4942376');
INSERT INTO "RESTAURANT" ("RESTAURANT_ID","PRICERANGE","PHONE_NUMBER","WEBSITE")VALUES('2843510','€€','+49 30 21753082','carabao-bar.de');
INSERT INTO "CUISINE" ("RESTAURANT_ID","CUISINE_TYPE")VALUES('2843510','Bars');
INSERT INTO "CUISINE" ("RESTAURANT_ID","CUISINE_TYPE")VALUES('2843510','Thai');
INSERT INTO "RESTAURANT_RATING" ("RESTAURANT_ID","SCALE","OVERALL_RATING","SOURCE")VALUES('2843510','5','4.5','Yelp');
INSERT INTO "RESTAURANT_FEATURE" ("RESTAURANT_ID","FEATURE_NAME","DESCRIPTION")VALUES('2843510','Takes Reservations','Yes');
INSERT INTO "RESTAURANT_FEATURE" ("RESTAURANT_ID","FEATURE_NAME","DESCRIPTION")VALUES('2843510','Delivery','No');
INSERT INTO "RESTAURANT_FEATURE" ("RESTAURANT_ID","FEATURE_NAME","DESCRIPTION")VALUES('2843510','Take-out','Yes');
INSERT INTO "RESTAURANT_FEATURE" ("RESTAURANT_ID","FEATURE_NAME","DESCRIPTION")VALUES('2843510','Accepted Cards','None');
INSERT INTO "RESTAURANT_FEATURE" ("RESTAURANT_ID","FEATURE_NAME","DESCRIPTION")VALUES('2843510','Good for Kids','Yes');
INSERT INTO "RESTAURANT_FEATURE" ("RESTAURANT_ID","FEATURE_NAME","DESCRIPTION")VALUES('2843510','Good for Groups','Yes');
INSERT INTO "RESTAURANT_FEATURE" ("RESTAURANT_ID","FEATURE_NAME","DESCRIPTION")VALUES('2843510','Attire','Casual');
INSERT INTO "RESTAURANT_FEATURE" ("RESTAURANT_ID","FEATURE_NAME","DESCRIPTION")VALUES('2843510','Noise Level','Quiet');
INSERT INTO "RESTAURANT_FEATURE" ("RESTAURANT_ID","FEATURE_NAME","DESCRIPTION")VALUES('2843510','Alcohol','Full Bar');
INSERT INTO "RESTAURANT_FEATURE" ("RESTAURANT_ID","FEATURE_NAME","DESCRIPTION")VALUES('2843510','Outdoor Seating','Yes');
INSERT INTO "RESTAURANT_FEATURE" ("RESTAURANT_ID","FEATURE_NAME","DESCRIPTION")VALUES('2843510','Wi-Fi','Free');
INSERT INTO "RESTAURANT_FEATURE" ("RESTAURANT_ID","FEATURE_NAME","DESCRIPTION")VALUES('2843510','Has TV','No');
INSERT INTO "OPENING_HOUR" ("DAY","RESTAURANT_ID","OPENING_TIME","CLOSING_TIME")VALUES('Mon','2843510','5:00 pm','12:00 am');
INSERT INTO "OPENING_HOUR" ("DAY","RESTAURANT_ID","OPENING_TIME","CLOSING_TIME")VALUES('Tue','2843510','5:00 pm','12:00 am');
INSERT INTO "OPENING_HOUR" ("DAY","RESTAURANT_ID","OPENING_TIME","CLOSING_TIME")VALUES('Wed','2843510','5:00 pm','12:00 am');
INSERT INTO "OPENING_HOUR" ("DAY","RESTAURANT_ID","OPENING_TIME","CLOSING_TIME")VALUES('Thu','2843510','5:00 pm','12:00 am');
INSERT INTO "OPENING_HOUR" ("DAY","RESTAURANT_ID","OPENING_TIME","CLOSING_TIME")VALUES('Fri','2843510','5:00 pm','12:00 am');
INSERT INTO "OPENING_HOUR" ("DAY","RESTAURANT_ID","OPENING_TIME","CLOSING_TIME")VALUES('Sat','2843510','5:00 pm','12:00 am');
INSERT INTO "OPENING_HOUR" ("DAY","RESTAURANT_ID","OPENING_TIME","CLOSING_TIME")VALUES('Sun','2843510','Open now','12:00 am');
INSERT INTO "USER_REVIEW" ("RESTAURANT_ID","REVIEW_DATE","COMMENT","REVIEW_RATING")VALUES('2843510','2014-01-19 14:29:41','I thought hard whether I would give this place 3 or 4 stars. In the end I am giving it 3. 

I was here with two other companions tonight for dinner. I...','3');
INSERT INTO "PHOTO" ("RESTAURANT_ID","PICTURE_URL")VALUES('2843510','https://s3-media1.fl.yelpcdn.com/photo/ToTju2zYCHa7hPAMdeK58w/o.jpg');
INSERT INTO "USER_REVIEW" ("RESTAURANT_ID","REVIEW_DATE","COMMENT","REVIEW_RATING")VALUES('2843510','2015-08-10 01:31:43','There should be a way for people who like spicy food to find OTHER people who like spicy food on Yelp. All I can say is: I''m from Southeast Asia, and I''ve...','4');
INSERT INTO "USER_REVIEW" ("RESTAURANT_ID","REVIEW_DATE","COMMENT","REVIEW_RATING")VALUES('2843510','2011-12-08 01:07:13','Interesting mix of restaurant and bar, of Thai, Tapas, and Bavarian food. I only tried Thai: spicy is indeed spicy and the taste is authentic. I prefer...','4');
INSERT INTO "PHOTO" ("RESTAURANT_ID","PICTURE_URL")VALUES('2843510','https://s3-media3.fl.yelpcdn.com/photo/OUV-oXWHiu16SISlTweC8Q/o.jpg');
INSERT INTO "LOCATION" ("LOCATION_ID","LOCATION_TYPE","ADDRESS","LONGITUDE","LATITUDE")VALUES('293','R','Potsdamer Platz 310785 BerlinGermany','13.3754979166','52.510194');
INSERT INTO "RESTAURANT" ("RESTAURANT_ID","PRICERANGE","PHONE_NUMBER","WEBSITE")VALUES('90815657','€€€','+49 4930 337775402','desbrosses.com/en');
INSERT INTO "CUISINE" ("RESTAURANT_ID","CUISINE_TYPE")VALUES('90815657','Brasseries');
INSERT INTO "RESTAURANT_RATING" ("RESTAURANT_ID","SCALE","OVERALL_RATING","SOURCE")VALUES('90815657','5','4.0','Yelp');
INSERT INTO "RESTAURANT_FEATURE" ("RESTAURANT_ID","FEATURE_NAME","DESCRIPTION")VALUES('90815657','Takes Reservations','Yes');
INSERT INTO "RESTAURANT_FEATURE" ("RESTAURANT_ID","FEATURE_NAME","DESCRIPTION")VALUES('90815657','Delivery','No');
INSERT INTO "RESTAURANT_FEATURE" ("RESTAURANT_ID","FEATURE_NAME","DESCRIPTION")VALUES('90815657','Take-out','Yes');
INSERT INTO "RESTAURANT_FEATURE" ("RESTAURANT_ID","FEATURE_NAME","DESCRIPTION")VALUES('90815657','Accepted Cards','Credit, Debit');
INSERT INTO "RESTAURANT_FEATURE" ("RESTAURANT_ID","FEATURE_NAME","DESCRIPTION")VALUES('90815657','Accepts Bitcoin','No');
INSERT INTO "RESTAURANT_FEATURE" ("RESTAURANT_ID","FEATURE_NAME","DESCRIPTION")VALUES('90815657','Wheelchair Accessible','Yes');
INSERT INTO "RESTAURANT_FEATURE" ("RESTAURANT_ID","FEATURE_NAME","DESCRIPTION")VALUES('90815657','Good for Kids','Yes');
INSERT INTO "RESTAURANT_FEATURE" ("RESTAURANT_ID","FEATURE_NAME","DESCRIPTION")VALUES('90815657','Good for Groups','Yes');
INSERT INTO "RESTAURANT_FEATURE" ("RESTAURANT_ID","FEATURE_NAME","DESCRIPTION")VALUES('90815657','Attire','Formal (Jacket Required)');
INSERT INTO "RESTAURANT_FEATURE" ("RESTAURANT_ID","FEATURE_NAME","DESCRIPTION")VALUES('90815657','Noise Level','Average');
INSERT INTO "RESTAURANT_FEATURE" ("RESTAURANT_ID","FEATURE_NAME","DESCRIPTION")VALUES('90815657','Alcohol','Beer & Wine Only');
INSERT INTO "RESTAURANT_FEATURE" ("RESTAURANT_ID","FEATURE_NAME","DESCRIPTION")VALUES('90815657','Outdoor Seating','Yes');
INSERT INTO "RESTAURANT_FEATURE" ("RESTAURANT_ID","FEATURE_NAME","DESCRIPTION")VALUES('90815657','Wi-Fi','Free');
INSERT INTO "RESTAURANT_FEATURE" ("RESTAURANT_ID","FEATURE_NAME","DESCRIPTION")VALUES('90815657','Has TV','No');
INSERT INTO "RESTAURANT_FEATURE" ("RESTAURANT_ID","FEATURE_NAME","DESCRIPTION")VALUES('90815657','Dogs Allowed','No');
INSERT INTO "RESTAURANT_FEATURE" ("RESTAURANT_ID","FEATURE_NAME","DESCRIPTION")VALUES('90815657','Waiter Service','Yes');
INSERT INTO "RESTAURANT_FEATURE" ("RESTAURANT_ID","FEATURE_NAME","DESCRIPTION")VALUES('90815657','Caters','No');
INSERT INTO "OPENING_HOUR" ("DAY","RESTAURANT_ID","OPENING_TIME","CLOSING_TIME")VALUES('Mon','90815657','6:30 am','2:30 pm');
INSERT INTO "OPENING_HOUR" ("DAY","RESTAURANT_ID","OPENING_TIME","CLOSING_TIME")VALUES('Tue','90815657','6:30 am','2:30 pm');
INSERT INTO "OPENING_HOUR" ("DAY","RESTAURANT_ID","OPENING_TIME","CLOSING_TIME")VALUES('Wed','90815657','6:30 am','2:30 pm');
INSERT INTO "OPENING_HOUR" ("DAY","RESTAURANT_ID","OPENING_TIME","CLOSING_TIME")VALUES('Thu','90815657','6:30 am','2:30 pm');
INSERT INTO "OPENING_HOUR" ("DAY","RESTAURANT_ID","OPENING_TIME","CLOSING_TIME")VALUES('Fri','90815657','6:30 am','2:30 pm');
INSERT INTO "OPENING_HOUR" ("DAY","RESTAURANT_ID","OPENING_TIME","CLOSING_TIME")VALUES('Sat','90815657','6:30 am','2:30 pm');
INSERT INTO "OPENING_HOUR" ("DAY","RESTAURANT_ID","OPENING_TIME","CLOSING_TIME")VALUES('Sun','90815657','Open now','2:30 pm');
INSERT INTO "USER_REVIEW" ("RESTAURANT_ID","REVIEW_DATE","COMMENT","REVIEW_RATING")VALUES('90815657','2016-03-07 02:18:37','It was nice to sit there at night while it wasn''t so busy and enjoy a good hearty meal. This place is inside the Ritz Carlton in Berlin and serves some...','5');
INSERT INTO "PHOTO" ("RESTAURANT_ID","PICTURE_URL")VALUES('90815657','https://s3-media3.fl.yelpcdn.com/photo/Q0KNefArhfScmHhUnF2hhw/o.jpg');
INSERT INTO "USER_REVIEW" ("RESTAURANT_ID","REVIEW_DATE","COMMENT","REVIEW_RATING")VALUES('90815657','2016-01-26 14:27:00','We ate dinner here twice because of food credits that we needed to use up at the Ritz Carlton.  Otherwise, we would not have chosen such an expensive...','3');
INSERT INTO "PHOTO" ("RESTAURANT_ID","PICTURE_URL")VALUES('90815657','https://s3-media3.fl.yelpcdn.com/photo/4ut35tDGNcVHHYrqJjWmjQ/o.jpg');
INSERT INTO "USER_REVIEW" ("RESTAURANT_ID","REVIEW_DATE","COMMENT","REVIEW_RATING")VALUES('90815657','2015-05-21 11:00:35','Husband and I were staying in Potsdamer Platz area and were meeting a friend for dinner and chose this place.  

We walked on over and were greeted and...','4');
INSERT INTO "PHOTO" ("RESTAURANT_ID","PICTURE_URL")VALUES('90815657','https://s3-media3.fl.yelpcdn.com/photo/yJKZllPu-nZsCIYoucHk0A/o.jpg');
INSERT INTO "RESTAURANT_RATING" ("RESTAURANT_ID","SCALE","OVERALL_RATING","SOURCE")VALUES('90815657','5','4','Google Map');
INSERT INTO "USER_REVIEW" ("RESTAURANT_ID","REVIEW_DATE","COMMENT","REVIEW_RATING")VALUES('90815657','2017-10-09','As a main plate I chose the white halibut served with mini fennel, tomato vinaigrette, pulpo and mussels. A chunk of fish, a light golden envelope, lying on a bed of vegetables, some mussels and chunks of cooked octopus. Lemony, juicy and full of taste. Diced tomatoes and crunchy fennel, lots of lemon and surely extra love. A delicious plate up to fine dining standards.','4');
INSERT INTO "USER_REVIEW" ("RESTAURANT_ID","REVIEW_DATE","COMMENT","REVIEW_RATING")VALUES('90815657','2018-01-06','Excellent restaurant, we visited him for dinner and for brunch on January 1st. Food and service were superb.I especially recommend the burger. Located in Ritz Carlton Hotel.','5');
INSERT INTO "USER_REVIEW" ("RESTAURANT_ID","REVIEW_DATE","COMMENT","REVIEW_RATING")VALUES('90815657','2017-08-11','Cozy place, delicious food, and great ambience. We would certainly recommend your restaurant to our colleagues and each time I’m in your country, I will certainly attempt to dine with you again. Thank you for making our day to special.','4');
INSERT INTO "USER_REVIEW" ("RESTAURANT_ID","REVIEW_DATE","COMMENT","REVIEW_RATING")VALUES('90815657','2017-06-20','Service not very attentive and also had to pay a surcharge on the normal lunch menu price for a group reservation. two stars for the nice decoration/ambience.','2');
INSERT INTO "USER_REVIEW" ("RESTAURANT_ID","REVIEW_DATE","COMMENT","REVIEW_RATING")VALUES('90815657','2018-01-15','very goooooood','4');
INSERT INTO "LOCATION" ("LOCATION_ID","LOCATION_TYPE","ADDRESS","LONGITUDE","LATITUDE")VALUES('294','R','Westfälische Str. 5110711 BerlinGermany','13.292407','52.496443');
INSERT INTO "RESTAURANT" ("RESTAURANT_ID","PRICERANGE","PHONE_NUMBER","WEBSITE")VALUES('56447082','€€','+49 30 89043786','tavernetta-azara.de');
INSERT INTO "CUISINE" ("RESTAURANT_ID","CUISINE_TYPE")VALUES('56447082','Italian');
INSERT INTO "CUISINE" ("RESTAURANT_ID","CUISINE_TYPE")VALUES('56447082','Wine Bars');
INSERT INTO "RESTAURANT_RATING" ("RESTAURANT_ID","SCALE","OVERALL_RATING","SOURCE")VALUES('56447082','5','5.0','Yelp');
INSERT INTO "RESTAURANT_FEATURE" ("RESTAURANT_ID","FEATURE_NAME","DESCRIPTION")VALUES('56447082','Takes Reservations','Yes');
INSERT INTO "RESTAURANT_FEATURE" ("RESTAURANT_ID","FEATURE_NAME","DESCRIPTION")VALUES('56447082','Delivery','No');
INSERT INTO "RESTAURANT_FEATURE" ("RESTAURANT_ID","FEATURE_NAME","DESCRIPTION")VALUES('56447082','Take-out','Yes');
INSERT INTO "RESTAURANT_FEATURE" ("RESTAURANT_ID","FEATURE_NAME","DESCRIPTION")VALUES('56447082','Good for Kids','No');
INSERT INTO "RESTAURANT_FEATURE" ("RESTAURANT_ID","FEATURE_NAME","DESCRIPTION")VALUES('56447082','Good for Groups','Yes');
INSERT INTO "RESTAURANT_FEATURE" ("RESTAURANT_ID","FEATURE_NAME","DESCRIPTION")VALUES('56447082','Attire','Casual');
INSERT INTO "RESTAURANT_FEATURE" ("RESTAURANT_ID","FEATURE_NAME","DESCRIPTION")VALUES('56447082','Good For Dancing','No');
INSERT INTO "RESTAURANT_FEATURE" ("RESTAURANT_ID","FEATURE_NAME","DESCRIPTION")VALUES('56447082','Alcohol','Full Bar');
INSERT INTO "RESTAURANT_FEATURE" ("RESTAURANT_ID","FEATURE_NAME","DESCRIPTION")VALUES('56447082','Happy Hour','No');
INSERT INTO "RESTAURANT_FEATURE" ("RESTAURANT_ID","FEATURE_NAME","DESCRIPTION")VALUES('56447082','Coat Check','Yes');
INSERT INTO "RESTAURANT_FEATURE" ("RESTAURANT_ID","FEATURE_NAME","DESCRIPTION")VALUES('56447082','Outdoor Seating','Yes');
INSERT INTO "RESTAURANT_FEATURE" ("RESTAURANT_ID","FEATURE_NAME","DESCRIPTION")VALUES('56447082','Has TV','No');
INSERT INTO "OPENING_HOUR" ("DAY","RESTAURANT_ID","OPENING_TIME","CLOSING_TIME")VALUES('Mon','56447082','12:00 pm','11:00 pm');
INSERT INTO "OPENING_HOUR" ("DAY","RESTAURANT_ID","OPENING_TIME","CLOSING_TIME")VALUES('Tue','56447082','12:00 pm','11:00 pm');
INSERT INTO "OPENING_HOUR" ("DAY","RESTAURANT_ID","OPENING_TIME","CLOSING_TIME")VALUES('Wed','56447082','12:00 pm','11:00 pm');
INSERT INTO "OPENING_HOUR" ("DAY","RESTAURANT_ID","OPENING_TIME","CLOSING_TIME")VALUES('Thu','56447082','3:30 pm','11:00 pm');
INSERT INTO "OPENING_HOUR" ("DAY","RESTAURANT_ID","OPENING_TIME","CLOSING_TIME")VALUES('Fri','56447082','3:30 pm','11:00 pm');
INSERT INTO "OPENING_HOUR" ("DAY","RESTAURANT_ID","OPENING_TIME","CLOSING_TIME")VALUES('Sat','56447082','Open now','10:00 pm');
INSERT INTO "USER_REVIEW" ("RESTAURANT_ID","REVIEW_DATE","COMMENT","REVIEW_RATING")VALUES('56447082','2016-02-13 04:15:32','The Tavernetta is located in a charming little side street just a two minute walk from  he famous Kurfürstendamm. It''s the perfect little Italian place for...','5');
INSERT INTO "PHOTO" ("RESTAURANT_ID","PICTURE_URL")VALUES('56447082','https://s3-media1.fl.yelpcdn.com/photo/564nScXUg4zeMwLPXiA1Vw/o.jpg');
INSERT INTO "RESTAURANT_RATING" ("RESTAURANT_ID","SCALE","OVERALL_RATING","SOURCE")VALUES('56447082','5','4.8','Google Map');
INSERT INTO "USER_REVIEW" ("RESTAURANT_ID","REVIEW_DATE","COMMENT","REVIEW_RATING")VALUES('56447082','2017-04-17','Warm welcome, stylish decor, and delicious, wholesome, authentic Italian food. A proper local trattoria - highly recommended!','5');
INSERT INTO "USER_REVIEW" ("RESTAURANT_ID","REVIEW_DATE","COMMENT","REVIEW_RATING")VALUES('56447082','2017-12-09','Sehr guter Italiener. Interessante wechselnde Speisekarte. Nicht das übliche langweilige Angebot. Keine Pizza, wie schön!','4');
INSERT INTO "USER_REVIEW" ("RESTAURANT_ID","REVIEW_DATE","COMMENT","REVIEW_RATING")VALUES('56447082','2017-10-31','Lecker! Mmmmm','5');
INSERT INTO "USER_REVIEW" ("RESTAURANT_ID","REVIEW_DATE","COMMENT","REVIEW_RATING")VALUES('56447082','2017-07-11','Äußerst zuvorkommender Service mit italienischem Charme und hervorragende Essen. Bin jede Woche gerne da','5');
INSERT INTO "USER_REVIEW" ("RESTAURANT_ID","REVIEW_DATE","COMMENT","REVIEW_RATING")VALUES('56447082','2017-06-05','Sehr gemütliche Atmosphäre und freundliche Bedienung.Tolle Italienische Gerichte und Weine .
','5');
INSERT INTO "LOCATION" ("LOCATION_ID","LOCATION_TYPE","ADDRESS","LONGITUDE","LATITUDE")VALUES('295','R','Charlottenstr. 6010117 BerlinGermany','13.3913499','52.51199');
INSERT INTO "RESTAURANT" ("RESTAURANT_ID","PRICERANGE","PHONE_NUMBER","WEBSITE")VALUES('53845436','€€€','+49 800 0301918','rausch.de');
INSERT INTO "CUISINE" ("RESTAURANT_ID","CUISINE_TYPE")VALUES('53845436','Chocolatiers & Shops');
INSERT INTO "CUISINE" ("RESTAURANT_ID","CUISINE_TYPE")VALUES('53845436','Cafes');
INSERT INTO "RESTAURANT_RATING" ("RESTAURANT_ID","SCALE","OVERALL_RATING","SOURCE")VALUES('53845436','5','4.5','Yelp');
INSERT INTO "RESTAURANT_FEATURE" ("RESTAURANT_ID","FEATURE_NAME","DESCRIPTION")VALUES('53845436','Takes Reservations','Yes');
INSERT INTO "RESTAURANT_FEATURE" ("RESTAURANT_ID","FEATURE_NAME","DESCRIPTION")VALUES('53845436','Delivery','No');
INSERT INTO "RESTAURANT_FEATURE" ("RESTAURANT_ID","FEATURE_NAME","DESCRIPTION")VALUES('53845436','Take-out','Yes');
INSERT INTO "RESTAURANT_FEATURE" ("RESTAURANT_ID","FEATURE_NAME","DESCRIPTION")VALUES('53845436','Accepted Cards','Credit, Debit');
INSERT INTO "RESTAURANT_FEATURE" ("RESTAURANT_ID","FEATURE_NAME","DESCRIPTION")VALUES('53845436','Accepts Bitcoin','No');
INSERT INTO "RESTAURANT_FEATURE" ("RESTAURANT_ID","FEATURE_NAME","DESCRIPTION")VALUES('53845436','Good For','Dessert');
INSERT INTO "RESTAURANT_FEATURE" ("RESTAURANT_ID","FEATURE_NAME","DESCRIPTION")VALUES('53845436','Parking','Street');
INSERT INTO "RESTAURANT_FEATURE" ("RESTAURANT_ID","FEATURE_NAME","DESCRIPTION")VALUES('53845436','Good for Kids','Yes');
INSERT INTO "RESTAURANT_FEATURE" ("RESTAURANT_ID","FEATURE_NAME","DESCRIPTION")VALUES('53845436','Good for Groups','Yes');
INSERT INTO "RESTAURANT_FEATURE" ("RESTAURANT_ID","FEATURE_NAME","DESCRIPTION")VALUES('53845436','Attire','Casual');
INSERT INTO "RESTAURANT_FEATURE" ("RESTAURANT_ID","FEATURE_NAME","DESCRIPTION")VALUES('53845436','Ambience','Touristy');
INSERT INTO "RESTAURANT_FEATURE" ("RESTAURANT_ID","FEATURE_NAME","DESCRIPTION")VALUES('53845436','Noise Level','Average');
INSERT INTO "RESTAURANT_FEATURE" ("RESTAURANT_ID","FEATURE_NAME","DESCRIPTION")VALUES('53845436','Alcohol','No');
INSERT INTO "RESTAURANT_FEATURE" ("RESTAURANT_ID","FEATURE_NAME","DESCRIPTION")VALUES('53845436','Outdoor Seating','No');
INSERT INTO "RESTAURANT_FEATURE" ("RESTAURANT_ID","FEATURE_NAME","DESCRIPTION")VALUES('53845436','Wi-Fi','Free');
INSERT INTO "RESTAURANT_FEATURE" ("RESTAURANT_ID","FEATURE_NAME","DESCRIPTION")VALUES('53845436','Has TV','No');
INSERT INTO "RESTAURANT_FEATURE" ("RESTAURANT_ID","FEATURE_NAME","DESCRIPTION")VALUES('53845436','Caters','Yes');
INSERT INTO "OPENING_HOUR" ("DAY","RESTAURANT_ID","OPENING_TIME","CLOSING_TIME")VALUES('Mon','53845436','10:00 am','8:00 pm');
INSERT INTO "OPENING_HOUR" ("DAY","RESTAURANT_ID","OPENING_TIME","CLOSING_TIME")VALUES('Tue','53845436','10:00 am','8:00 pm');
INSERT INTO "OPENING_HOUR" ("DAY","RESTAURANT_ID","OPENING_TIME","CLOSING_TIME")VALUES('Wed','53845436','10:00 am','8:00 pm');
INSERT INTO "OPENING_HOUR" ("DAY","RESTAURANT_ID","OPENING_TIME","CLOSING_TIME")VALUES('Thu','53845436','10:00 am','8:00 pm');
INSERT INTO "OPENING_HOUR" ("DAY","RESTAURANT_ID","OPENING_TIME","CLOSING_TIME")VALUES('Fri','53845436','10:00 am','8:00 pm');
INSERT INTO "OPENING_HOUR" ("DAY","RESTAURANT_ID","OPENING_TIME","CLOSING_TIME")VALUES('Sat','53845436','10:00 am','8:00 pm');
INSERT INTO "OPENING_HOUR" ("DAY","RESTAURANT_ID","OPENING_TIME","CLOSING_TIME")VALUES('Sun','53845436','Closed now','8:00 pm');
INSERT INTO "USER_REVIEW" ("RESTAURANT_ID","REVIEW_DATE","COMMENT","REVIEW_RATING")VALUES('53845436','2017-12-22 09:01:27','If you are visiting Berlin for even just one day, this is must see. For three main reasons...

First, they are known as the best German chocolatiers in...','5');
INSERT INTO "PHOTO" ("RESTAURANT_ID","PICTURE_URL")VALUES('53845436','https://s3-media1.fl.yelpcdn.com/photo/4BYrnqM-18QKF26DcMpFNw/o.jpg');
INSERT INTO "USER_REVIEW" ("RESTAURANT_ID","REVIEW_DATE","COMMENT","REVIEW_RATING")VALUES('53845436','2017-12-06 12:00:02','This is a good spot for a sweet treat or a nice sits after a long day of sightseeing. There''s a huge retail space on the first floor with every type of...','4');
INSERT INTO "PHOTO" ("RESTAURANT_ID","PICTURE_URL")VALUES('53845436','https://s3-media4.fl.yelpcdn.com/photo/ACnLo5nWCeMMxBYZtVtB1Q/o.jpg');
INSERT INTO "USER_REVIEW" ("RESTAURANT_ID","REVIEW_DATE","COMMENT","REVIEW_RATING")VALUES('53845436','2017-10-30 06:53:13','It''s like drinking heaven. You must try their hot chocolate once in your life time! I had their Irish hot chocolate, and it''s the best I''ve ever had. Their...','5');
INSERT INTO "PHOTO" ("RESTAURANT_ID","PICTURE_URL")VALUES('53845436','https://s3-media1.fl.yelpcdn.com/photo/nGOoVm95qT0xRW_nGJwVZQ/o.jpg');
INSERT INTO "LOCATION" ("LOCATION_ID","LOCATION_TYPE","ADDRESS","LONGITUDE","LATITUDE")VALUES('296','R','Feuerbachstr. 6312163 BerlinGermany','13.338616','52.4646304');
INSERT INTO "RESTAURANT" ("RESTAURANT_ID","PRICERANGE","PHONE_NUMBER","WEBSITE")VALUES('52964853','€€','+49 30 8559647','lamarianna.de');
INSERT INTO "CUISINE" ("RESTAURANT_ID","CUISINE_TYPE")VALUES('52964853','Pizza');
INSERT INTO "CUISINE" ("RESTAURANT_ID","CUISINE_TYPE")VALUES('52964853','Italian');
INSERT INTO "RESTAURANT_RATING" ("RESTAURANT_ID","SCALE","OVERALL_RATING","SOURCE")VALUES('52964853','5','4.5','Yelp');
INSERT INTO "RESTAURANT_FEATURE" ("RESTAURANT_ID","FEATURE_NAME","DESCRIPTION")VALUES('52964853','Takes Reservations','Yes');
INSERT INTO "RESTAURANT_FEATURE" ("RESTAURANT_ID","FEATURE_NAME","DESCRIPTION")VALUES('52964853','Delivery','No');
INSERT INTO "RESTAURANT_FEATURE" ("RESTAURANT_ID","FEATURE_NAME","DESCRIPTION")VALUES('52964853','Take-out','Yes');
INSERT INTO "RESTAURANT_FEATURE" ("RESTAURANT_ID","FEATURE_NAME","DESCRIPTION")VALUES('52964853','Accepted Cards','Credit, Debit');
INSERT INTO "RESTAURANT_FEATURE" ("RESTAURANT_ID","FEATURE_NAME","DESCRIPTION")VALUES('52964853','Parking','Street');
INSERT INTO "RESTAURANT_FEATURE" ("RESTAURANT_ID","FEATURE_NAME","DESCRIPTION")VALUES('52964853','Good for Kids','Yes');
INSERT INTO "RESTAURANT_FEATURE" ("RESTAURANT_ID","FEATURE_NAME","DESCRIPTION")VALUES('52964853','Good for Groups','Yes');
INSERT INTO "RESTAURANT_FEATURE" ("RESTAURANT_ID","FEATURE_NAME","DESCRIPTION")VALUES('52964853','Attire','Casual');
INSERT INTO "RESTAURANT_FEATURE" ("RESTAURANT_ID","FEATURE_NAME","DESCRIPTION")VALUES('52964853','Noise Level','Loud');
INSERT INTO "RESTAURANT_FEATURE" ("RESTAURANT_ID","FEATURE_NAME","DESCRIPTION")VALUES('52964853','Alcohol','Beer & Wine Only');
INSERT INTO "RESTAURANT_FEATURE" ("RESTAURANT_ID","FEATURE_NAME","DESCRIPTION")VALUES('52964853','Outdoor Seating','Yes');
INSERT INTO "RESTAURANT_FEATURE" ("RESTAURANT_ID","FEATURE_NAME","DESCRIPTION")VALUES('52964853','Wi-Fi','No');
INSERT INTO "RESTAURANT_FEATURE" ("RESTAURANT_ID","FEATURE_NAME","DESCRIPTION")VALUES('52964853','Has TV','No');
INSERT INTO "RESTAURANT_FEATURE" ("RESTAURANT_ID","FEATURE_NAME","DESCRIPTION")VALUES('52964853','Caters','No');
INSERT INTO "OPENING_HOUR" ("DAY","RESTAURANT_ID","OPENING_TIME","CLOSING_TIME")VALUES('Mon','52964853','12:00 pm','12:00 am');
INSERT INTO "OPENING_HOUR" ("DAY","RESTAURANT_ID","OPENING_TIME","CLOSING_TIME")VALUES('Tue','52964853','12:00 pm','12:00 am');
INSERT INTO "OPENING_HOUR" ("DAY","RESTAURANT_ID","OPENING_TIME","CLOSING_TIME")VALUES('Wed','52964853','12:00 pm','12:00 am');
INSERT INTO "OPENING_HOUR" ("DAY","RESTAURANT_ID","OPENING_TIME","CLOSING_TIME")VALUES('Thu','52964853','12:00 pm','12:00 am');
INSERT INTO "OPENING_HOUR" ("DAY","RESTAURANT_ID","OPENING_TIME","CLOSING_TIME")VALUES('Fri','52964853','12:00 pm','12:00 am');
INSERT INTO "OPENING_HOUR" ("DAY","RESTAURANT_ID","OPENING_TIME","CLOSING_TIME")VALUES('Sat','52964853','12:00 pm','12:00 am');
INSERT INTO "OPENING_HOUR" ("DAY","RESTAURANT_ID","OPENING_TIME","CLOSING_TIME")VALUES('Sun','52964853','Open now','12:00 am');
INSERT INTO "USER_REVIEW" ("RESTAURANT_ID","REVIEW_DATE","COMMENT","REVIEW_RATING")VALUES('52964853','2016-09-06 09:46:16','What a beautiful Italian restaurant!
So authentic with great atmosphere and good service.
All waiters are all Italians so it made us feel like we''re in...','5');
INSERT INTO "PHOTO" ("RESTAURANT_ID","PICTURE_URL")VALUES('52964853','https://s3-media3.fl.yelpcdn.com/photo/C-J6D3dYRM1i85oyigr0dw/o.jpg');
INSERT INTO "USER_REVIEW" ("RESTAURANT_ID","REVIEW_DATE","COMMENT","REVIEW_RATING")VALUES('52964853','2016-10-04 12:46:03','Just had a fabulous dinner there with appetizers, entree, dessert, wine and beer and after dinner drinks for about what we would pay for a burger and beer...','5');
INSERT INTO "PHOTO" ("RESTAURANT_ID","PICTURE_URL")VALUES('52964853','https://s3-media4.fl.yelpcdn.com/photo/O0VGiXeP1OmAsWJgaeKrIQ/o.jpg');
INSERT INTO "USER_REVIEW" ("RESTAURANT_ID","REVIEW_DATE","COMMENT","REVIEW_RATING")VALUES('52964853','2015-10-22 14:41:33','I''ve been here twice now and have tried both pizza and pasta dishes.  Both were very good and the service was nice as well.  It''s a bit crowded so make sure...','4');
INSERT INTO "RESTAURANT_RATING" ("RESTAURANT_ID","SCALE","OVERALL_RATING","SOURCE")VALUES('52964853','5','4.6','Google Map');
INSERT INTO "USER_REVIEW" ("RESTAURANT_ID","REVIEW_DATE","COMMENT","REVIEW_RATING")VALUES('52964853','2018-01-20','Really good Italian food and fantastic staff. Very friendly to children as well.','5');
INSERT INTO "USER_REVIEW" ("RESTAURANT_ID","REVIEW_DATE","COMMENT","REVIEW_RATING")VALUES('52964853','2018-01-20','Grata surpresa no sul de Berlim. Se estiver ao redor, vale conferir! Pratos realmente grandes rs','5');
INSERT INTO "USER_REVIEW" ("RESTAURANT_ID","REVIEW_DATE","COMMENT","REVIEW_RATING")VALUES('52964853','2017-09-20','My review does not reflect the cuisine, after being seated we waited at our table for service for around 25 minutes before moving on to eat elsewhere.','1');
INSERT INTO "USER_REVIEW" ("RESTAURANT_ID","REVIEW_DATE","COMMENT","REVIEW_RATING")VALUES('52964853','2017-09-07','Really good Italian food with friendly staff. Can be noisy when busy','4');
INSERT INTO "USER_REVIEW" ("RESTAURANT_ID","REVIEW_DATE","COMMENT","REVIEW_RATING")VALUES('52964853','2017-07-28','sehr nett sehr lecker.

very good service and nice foods
beer and wine were perfect :)

Thank you','5');
INSERT INTO "LOCATION" ("LOCATION_ID","LOCATION_TYPE","ADDRESS","LONGITUDE","LATITUDE")VALUES('297','R','Rungestr. 1110179 BerlinGermany','13.41673','52.51234');
INSERT INTO "RESTAURANT" ("RESTAURANT_ID","PRICERANGE","PHONE_NUMBER","WEBSITE")VALUES('60642508','€€','+49 30 2793502','mittmanns-restaurant.de');
INSERT INTO "CUISINE" ("RESTAURANT_ID","CUISINE_TYPE")VALUES('60642508','Seafood');
INSERT INTO "CUISINE" ("RESTAURANT_ID","CUISINE_TYPE")VALUES('60642508','German');
INSERT INTO "RESTAURANT_RATING" ("RESTAURANT_ID","SCALE","OVERALL_RATING","SOURCE")VALUES('60642508','5','4.0','Yelp');
INSERT INTO "RESTAURANT_FEATURE" ("RESTAURANT_ID","FEATURE_NAME","DESCRIPTION")VALUES('60642508','Takes Reservations','Yes');
INSERT INTO "RESTAURANT_FEATURE" ("RESTAURANT_ID","FEATURE_NAME","DESCRIPTION")VALUES('60642508','Delivery','No');
INSERT INTO "RESTAURANT_FEATURE" ("RESTAURANT_ID","FEATURE_NAME","DESCRIPTION")VALUES('60642508','Take-out','No');
INSERT INTO "RESTAURANT_FEATURE" ("RESTAURANT_ID","FEATURE_NAME","DESCRIPTION")VALUES('60642508','Good For','Dinner');
INSERT INTO "RESTAURANT_FEATURE" ("RESTAURANT_ID","FEATURE_NAME","DESCRIPTION")VALUES('60642508','Parking','Street');
INSERT INTO "RESTAURANT_FEATURE" ("RESTAURANT_ID","FEATURE_NAME","DESCRIPTION")VALUES('60642508','Good for Kids','No');
INSERT INTO "RESTAURANT_FEATURE" ("RESTAURANT_ID","FEATURE_NAME","DESCRIPTION")VALUES('60642508','Good for Groups','Yes');
INSERT INTO "RESTAURANT_FEATURE" ("RESTAURANT_ID","FEATURE_NAME","DESCRIPTION")VALUES('60642508','Attire','Casual');
INSERT INTO "RESTAURANT_FEATURE" ("RESTAURANT_ID","FEATURE_NAME","DESCRIPTION")VALUES('60642508','Noise Level','Quiet');
INSERT INTO "RESTAURANT_FEATURE" ("RESTAURANT_ID","FEATURE_NAME","DESCRIPTION")VALUES('60642508','Alcohol','Full Bar');
INSERT INTO "RESTAURANT_FEATURE" ("RESTAURANT_ID","FEATURE_NAME","DESCRIPTION")VALUES('60642508','Outdoor Seating','Yes');
INSERT INTO "RESTAURANT_FEATURE" ("RESTAURANT_ID","FEATURE_NAME","DESCRIPTION")VALUES('60642508','Has TV','No');
INSERT INTO "RESTAURANT_FEATURE" ("RESTAURANT_ID","FEATURE_NAME","DESCRIPTION")VALUES('60642508','Caters','No');
INSERT INTO "OPENING_HOUR" ("DAY","RESTAURANT_ID","OPENING_TIME","CLOSING_TIME")VALUES('Mon','60642508','11:30 am','11:00 pm');
INSERT INTO "OPENING_HOUR" ("DAY","RESTAURANT_ID","OPENING_TIME","CLOSING_TIME")VALUES('Tue','60642508','11:30 am','11:00 pm');
INSERT INTO "OPENING_HOUR" ("DAY","RESTAURANT_ID","OPENING_TIME","CLOSING_TIME")VALUES('Wed','60642508','11:30 am','11:00 pm');
INSERT INTO "OPENING_HOUR" ("DAY","RESTAURANT_ID","OPENING_TIME","CLOSING_TIME")VALUES('Thu','60642508','11:30 am','11:00 pm');
INSERT INTO "OPENING_HOUR" ("DAY","RESTAURANT_ID","OPENING_TIME","CLOSING_TIME")VALUES('Fri','60642508','11:30 am','11:00 pm');
INSERT INTO "OPENING_HOUR" ("DAY","RESTAURANT_ID","OPENING_TIME","CLOSING_TIME")VALUES('Sat','60642508','5:00 pm','11:00 pm');
INSERT INTO "USER_REVIEW" ("RESTAURANT_ID","REVIEW_DATE","COMMENT","REVIEW_RATING")VALUES('60642508','2017-09-18 01:26:15','This place is delightful. Not many tables, but it wasn''t too busy when we showed up on a Thursday afternoon looking for delicious German food. Lured by the...','5');
INSERT INTO "PHOTO" ("RESTAURANT_ID","PICTURE_URL")VALUES('60642508','https://s3-media1.fl.yelpcdn.com/photo/EgpX43nRc-3OXxbDIAUGjA/o.jpg');
INSERT INTO "USER_REVIEW" ("RESTAURANT_ID","REVIEW_DATE","COMMENT","REVIEW_RATING")VALUES('60642508','2016-08-24 11:11:17','What a great place! Not at all what one thinks of German food (in the US at least).  Light, delicious, just like home cooking.  Homey, welcoming interior,...','5');
INSERT INTO "PHOTO" ("RESTAURANT_ID","PICTURE_URL")VALUES('60642508','https://s3-media1.fl.yelpcdn.com/photo/F1ifxuzwJb3b_Q-BF73_Hg/o.jpg');
INSERT INTO "USER_REVIEW" ("RESTAURANT_ID","REVIEW_DATE","COMMENT","REVIEW_RATING")VALUES('60642508','2015-05-15 03:27:11','Growing up with my family in TX, one would not suspect I know a little bit about German food.  But I was exposed to German-style potatoes, a Polish variant...','5');
INSERT INTO "PHOTO" ("RESTAURANT_ID","PICTURE_URL")VALUES('60642508','https://s3-media2.fl.yelpcdn.com/photo/8nG-MU5JJApmsQOZo45_lw/o.jpg');
INSERT INTO "LOCATION" ("LOCATION_ID","LOCATION_TYPE","ADDRESS","LONGITUDE","LATITUDE")VALUES('298','R','Alte Schönhauser Str. 5010119 BerlinGermany','13.4083401724','52.527105483');
INSERT INTO "RESTAURANT" ("RESTAURANT_ID","PRICERANGE","PHONE_NUMBER","WEBSITE")VALUES('59188525','€','+49 170 9680959','None');
INSERT INTO "CUISINE" ("RESTAURANT_ID","CUISINE_TYPE")VALUES('59188525','Vietnamese');
INSERT INTO "RESTAURANT_RATING" ("RESTAURANT_ID","SCALE","OVERALL_RATING","SOURCE")VALUES('59188525','5','5.0','Yelp');
INSERT INTO "RESTAURANT_FEATURE" ("RESTAURANT_ID","FEATURE_NAME","DESCRIPTION")VALUES('59188525','Delivery','No');
INSERT INTO "RESTAURANT_FEATURE" ("RESTAURANT_ID","FEATURE_NAME","DESCRIPTION")VALUES('59188525','Take-out','Yes');
INSERT INTO "RESTAURANT_FEATURE" ("RESTAURANT_ID","FEATURE_NAME","DESCRIPTION")VALUES('59188525','Good For','Lunch');
INSERT INTO "RESTAURANT_FEATURE" ("RESTAURANT_ID","FEATURE_NAME","DESCRIPTION")VALUES('59188525','Good for Kids','No');
INSERT INTO "RESTAURANT_FEATURE" ("RESTAURANT_ID","FEATURE_NAME","DESCRIPTION")VALUES('59188525','Good for Groups','No');
INSERT INTO "RESTAURANT_FEATURE" ("RESTAURANT_ID","FEATURE_NAME","DESCRIPTION")VALUES('59188525','Attire','Casual');
INSERT INTO "RESTAURANT_FEATURE" ("RESTAURANT_ID","FEATURE_NAME","DESCRIPTION")VALUES('59188525','Noise Level','Quiet');
INSERT INTO "RESTAURANT_FEATURE" ("RESTAURANT_ID","FEATURE_NAME","DESCRIPTION")VALUES('59188525','Alcohol','No');
INSERT INTO "RESTAURANT_FEATURE" ("RESTAURANT_ID","FEATURE_NAME","DESCRIPTION")VALUES('59188525','Outdoor Seating','No');
INSERT INTO "RESTAURANT_FEATURE" ("RESTAURANT_ID","FEATURE_NAME","DESCRIPTION")VALUES('59188525','Has TV','No');
INSERT INTO "RESTAURANT_FEATURE" ("RESTAURANT_ID","FEATURE_NAME","DESCRIPTION")VALUES('59188525','Waiter Service','No');
INSERT INTO "USER_REVIEW" ("RESTAURANT_ID","REVIEW_DATE","COMMENT","REVIEW_RATING")VALUES('59188525','2017-08-23 02:17:56','Banh Mi Stable is one of my favourite places to go to during lunch. I used to eat a lot of banh mi for sketchy places in Toronto. Recently, there has been a...','5');
INSERT INTO "PHOTO" ("RESTAURANT_ID","PICTURE_URL")VALUES('59188525','https://s3-media2.fl.yelpcdn.com/photo/H33NrMCPXyuWQEHAqUGxGw/o.jpg');
INSERT INTO "USER_REVIEW" ("RESTAURANT_ID","REVIEW_DATE","COMMENT","REVIEW_RATING")VALUES('59188525','2018-01-14 07:39:17','Let me start off by saying that I love, love, LOVE a lot of pickled veggies in my banh mi, but this place is pretty stingy on the veggies. For that sole...','4');
INSERT INTO "PHOTO" ("RESTAURANT_ID","PICTURE_URL")VALUES('59188525','https://s3-media2.fl.yelpcdn.com/photo/jqrjUvG8U1wFY0d4g-qhfg/o.jpg');
INSERT INTO "USER_REVIEW" ("RESTAURANT_ID","REVIEW_DATE","COMMENT","REVIEW_RATING")VALUES('59188525','2017-03-03 11:00:15','Big fan of this venue! The baguette game is crispy AF and their tofu is perfectly marinated. 
You can add limitless sriracha on your sandwich. Haven''t tried...','5');
INSERT INTO "PHOTO" ("RESTAURANT_ID","PICTURE_URL")VALUES('59188525','https://s3-media3.fl.yelpcdn.com/photo/9vzac5tVbEM3gkqiT0n4gw/o.jpg');
INSERT INTO "LOCATION" ("LOCATION_ID","LOCATION_TYPE","ADDRESS","LONGITUDE","LATITUDE")VALUES('299','R','Joachim-Karnatz-Allee 4710557 BerlinGermany','13.3564','52.5194');
INSERT INTO "RESTAURANT" ("RESTAURANT_ID","PRICERANGE","PHONE_NUMBER","WEBSITE")VALUES('46506665','€€','+49 30 22488511','cabinett-cafe-bistro.de');
INSERT INTO "CUISINE" ("RESTAURANT_ID","CUISINE_TYPE")VALUES('46506665','German');
INSERT INTO "CUISINE" ("RESTAURANT_ID","CUISINE_TYPE")VALUES('46506665','Breakfast & Brunch');
INSERT INTO "RESTAURANT_RATING" ("RESTAURANT_ID","SCALE","OVERALL_RATING","SOURCE")VALUES('46506665','5','4.5','Yelp');
INSERT INTO "RESTAURANT_FEATURE" ("RESTAURANT_ID","FEATURE_NAME","DESCRIPTION")VALUES('46506665','Takes Reservations','Yes');
INSERT INTO "RESTAURANT_FEATURE" ("RESTAURANT_ID","FEATURE_NAME","DESCRIPTION")VALUES('46506665','Delivery','No');
INSERT INTO "RESTAURANT_FEATURE" ("RESTAURANT_ID","FEATURE_NAME","DESCRIPTION")VALUES('46506665','Take-out','Yes');
INSERT INTO "RESTAURANT_FEATURE" ("RESTAURANT_ID","FEATURE_NAME","DESCRIPTION")VALUES('46506665','Accepted Cards','None');
INSERT INTO "RESTAURANT_FEATURE" ("RESTAURANT_ID","FEATURE_NAME","DESCRIPTION")VALUES('46506665','Good for Kids','Yes');
INSERT INTO "RESTAURANT_FEATURE" ("RESTAURANT_ID","FEATURE_NAME","DESCRIPTION")VALUES('46506665','Good for Groups','Yes');
INSERT INTO "RESTAURANT_FEATURE" ("RESTAURANT_ID","FEATURE_NAME","DESCRIPTION")VALUES('46506665','Attire','Casual');
INSERT INTO "RESTAURANT_FEATURE" ("RESTAURANT_ID","FEATURE_NAME","DESCRIPTION")VALUES('46506665','Outdoor Seating','No');
INSERT INTO "LOCATION" ("LOCATION_ID","LOCATION_TYPE","ADDRESS","LONGITUDE","LATITUDE")VALUES('300','R','Ansbacher Str.410787 BerlinGermany','13.34256','52.50432');
INSERT INTO "RESTAURANT" ("RESTAURANT_ID","PRICERANGE","PHONE_NUMBER","WEBSITE")VALUES('48897827','€€','+49 30 21018673','suksan.de');
INSERT INTO "CUISINE" ("RESTAURANT_ID","CUISINE_TYPE")VALUES('48897827','Thai');
INSERT INTO "RESTAURANT_RATING" ("RESTAURANT_ID","SCALE","OVERALL_RATING","SOURCE")VALUES('48897827','5','3.5','Yelp');
INSERT INTO "RESTAURANT_FEATURE" ("RESTAURANT_ID","FEATURE_NAME","DESCRIPTION")VALUES('48897827','Takes Reservations','Yes');
INSERT INTO "RESTAURANT_FEATURE" ("RESTAURANT_ID","FEATURE_NAME","DESCRIPTION")VALUES('48897827','Delivery','No');
INSERT INTO "RESTAURANT_FEATURE" ("RESTAURANT_ID","FEATURE_NAME","DESCRIPTION")VALUES('48897827','Take-out','Yes');
INSERT INTO "RESTAURANT_FEATURE" ("RESTAURANT_ID","FEATURE_NAME","DESCRIPTION")VALUES('48897827','Accepted Cards','Credit, Debit');
INSERT INTO "RESTAURANT_FEATURE" ("RESTAURANT_ID","FEATURE_NAME","DESCRIPTION")VALUES('48897827','Parking','Street');
INSERT INTO "RESTAURANT_FEATURE" ("RESTAURANT_ID","FEATURE_NAME","DESCRIPTION")VALUES('48897827','Good for Kids','Yes');
INSERT INTO "RESTAURANT_FEATURE" ("RESTAURANT_ID","FEATURE_NAME","DESCRIPTION")VALUES('48897827','Good for Groups','Yes');
INSERT INTO "RESTAURANT_FEATURE" ("RESTAURANT_ID","FEATURE_NAME","DESCRIPTION")VALUES('48897827','Attire','Casual');
INSERT INTO "RESTAURANT_FEATURE" ("RESTAURANT_ID","FEATURE_NAME","DESCRIPTION")VALUES('48897827','Ambience','Casual');
INSERT INTO "RESTAURANT_FEATURE" ("RESTAURANT_ID","FEATURE_NAME","DESCRIPTION")VALUES('48897827','Noise Level','Average');
INSERT INTO "RESTAURANT_FEATURE" ("RESTAURANT_ID","FEATURE_NAME","DESCRIPTION")VALUES('48897827','Alcohol','Full Bar');
INSERT INTO "RESTAURANT_FEATURE" ("RESTAURANT_ID","FEATURE_NAME","DESCRIPTION")VALUES('48897827','Outdoor Seating','No');
INSERT INTO "RESTAURANT_FEATURE" ("RESTAURANT_ID","FEATURE_NAME","DESCRIPTION")VALUES('48897827','Wi-Fi','No');
INSERT INTO "RESTAURANT_FEATURE" ("RESTAURANT_ID","FEATURE_NAME","DESCRIPTION")VALUES('48897827','Has TV','No');
INSERT INTO "RESTAURANT_FEATURE" ("RESTAURANT_ID","FEATURE_NAME","DESCRIPTION")VALUES('48897827','Caters','No');
INSERT INTO "OPENING_HOUR" ("DAY","RESTAURANT_ID","OPENING_TIME","CLOSING_TIME")VALUES('Mon','48897827','12:00 pm','11:00 pm');
INSERT INTO "OPENING_HOUR" ("DAY","RESTAURANT_ID","OPENING_TIME","CLOSING_TIME")VALUES('Tue','48897827','12:00 pm','11:00 pm');
INSERT INTO "OPENING_HOUR" ("DAY","RESTAURANT_ID","OPENING_TIME","CLOSING_TIME")VALUES('Wed','48897827','12:00 pm','11:00 pm');
INSERT INTO "OPENING_HOUR" ("DAY","RESTAURANT_ID","OPENING_TIME","CLOSING_TIME")VALUES('Thu','48897827','12:00 pm','11:00 pm');
INSERT INTO "OPENING_HOUR" ("DAY","RESTAURANT_ID","OPENING_TIME","CLOSING_TIME")VALUES('Fri','48897827','12:00 pm','12:00 am');
INSERT INTO "OPENING_HOUR" ("DAY","RESTAURANT_ID","OPENING_TIME","CLOSING_TIME")VALUES('Sat','48897827','4:00 pm','12:00 am');
INSERT INTO "OPENING_HOUR" ("DAY","RESTAURANT_ID","OPENING_TIME","CLOSING_TIME")VALUES('Sun','48897827','Open now','11:00 pm');
INSERT INTO "USER_REVIEW" ("RESTAURANT_ID","REVIEW_DATE","COMMENT","REVIEW_RATING")VALUES('48897827','2017-11-18 01:31:52','Hmmm, how do I give zero stars?   Food was so so and if I based purely on that, might have been a 3 star.  The wait staff is so rude, I was truly appalled....','1');
INSERT INTO "USER_REVIEW" ("RESTAURANT_ID","REVIEW_DATE","COMMENT","REVIEW_RATING")VALUES('48897827','2017-09-24 09:14:57','Probably not the best Thai food in Berlin and service is REALLY slow.  Waiter and hostess both were very rude and unfortunately for them I speak Thai and...','1');
INSERT INTO "PHOTO" ("RESTAURANT_ID","PICTURE_URL")VALUES('48897827','https://s3-media2.fl.yelpcdn.com/photo/yz7MmVC6N_9985_FF3WJxw/o.jpg');
INSERT INTO "USER_REVIEW" ("RESTAURANT_ID","REVIEW_DATE","COMMENT","REVIEW_RATING")VALUES('48897827','2017-04-18 13:56:16','Appetizers was rock hard. Beer was warm. Had the beef fried rice as an Entree. Fried rice wasn''t not too bad. Had a good amount of flavor.','1');
INSERT INTO "PHOTO" ("RESTAURANT_ID","PICTURE_URL")VALUES('48897827','https://s3-media1.fl.yelpcdn.com/photo/bSKPXGVgcbfbRJ20G6Yf2Q/o.jpg');
INSERT INTO "LOCATION" ("LOCATION_ID","LOCATION_TYPE","ADDRESS","LONGITUDE","LATITUDE")VALUES('301','R','Paul-Lincke-Ufer 4510999 BerlinGermany','13.42045','52.49646');
INSERT INTO "RESTAURANT" ("RESTAURANT_ID","PRICERANGE","PHONE_NUMBER","WEBSITE")VALUES('46501604','€€','+49 30 61654111','feed-back-berlin.de');
INSERT INTO "CUISINE" ("RESTAURANT_ID","CUISINE_TYPE")VALUES('46501604','Chinese');
INSERT INTO "RESTAURANT_RATING" ("RESTAURANT_ID","SCALE","OVERALL_RATING","SOURCE")VALUES('46501604','5','4.5','Yelp');
INSERT INTO "RESTAURANT_FEATURE" ("RESTAURANT_ID","FEATURE_NAME","DESCRIPTION")VALUES('46501604','Takes Reservations','Yes');
INSERT INTO "RESTAURANT_FEATURE" ("RESTAURANT_ID","FEATURE_NAME","DESCRIPTION")VALUES('46501604','Delivery','Yes');
INSERT INTO "RESTAURANT_FEATURE" ("RESTAURANT_ID","FEATURE_NAME","DESCRIPTION")VALUES('46501604','Take-out','Yes');
INSERT INTO "RESTAURANT_FEATURE" ("RESTAURANT_ID","FEATURE_NAME","DESCRIPTION")VALUES('46501604','Accepted Cards','Credit, Debit');
INSERT INTO "RESTAURANT_FEATURE" ("RESTAURANT_ID","FEATURE_NAME","DESCRIPTION")VALUES('46501604','Good For','Lunch, Dinner');
INSERT INTO "RESTAURANT_FEATURE" ("RESTAURANT_ID","FEATURE_NAME","DESCRIPTION")VALUES('46501604','Parking','Street');
INSERT INTO "RESTAURANT_FEATURE" ("RESTAURANT_ID","FEATURE_NAME","DESCRIPTION")VALUES('46501604','Good for Kids','Yes');
INSERT INTO "RESTAURANT_FEATURE" ("RESTAURANT_ID","FEATURE_NAME","DESCRIPTION")VALUES('46501604','Good for Groups','Yes');
INSERT INTO "RESTAURANT_FEATURE" ("RESTAURANT_ID","FEATURE_NAME","DESCRIPTION")VALUES('46501604','Attire','Casual');
INSERT INTO "RESTAURANT_FEATURE" ("RESTAURANT_ID","FEATURE_NAME","DESCRIPTION")VALUES('46501604','Ambience','Casual');
INSERT INTO "RESTAURANT_FEATURE" ("RESTAURANT_ID","FEATURE_NAME","DESCRIPTION")VALUES('46501604','Noise Level','Average');
INSERT INTO "RESTAURANT_FEATURE" ("RESTAURANT_ID","FEATURE_NAME","DESCRIPTION")VALUES('46501604','Alcohol','Beer & Wine Only');
INSERT INTO "RESTAURANT_FEATURE" ("RESTAURANT_ID","FEATURE_NAME","DESCRIPTION")VALUES('46501604','Outdoor Seating','Yes');
INSERT INTO "RESTAURANT_FEATURE" ("RESTAURANT_ID","FEATURE_NAME","DESCRIPTION")VALUES('46501604','Has TV','No');
INSERT INTO "RESTAURANT_FEATURE" ("RESTAURANT_ID","FEATURE_NAME","DESCRIPTION")VALUES('46501604','Waiter Service','Yes');
INSERT INTO "OPENING_HOUR" ("DAY","RESTAURANT_ID","OPENING_TIME","CLOSING_TIME")VALUES('Mon','46501604','12:00 pm','12:00 am');
INSERT INTO "OPENING_HOUR" ("DAY","RESTAURANT_ID","OPENING_TIME","CLOSING_TIME")VALUES('Tue','46501604','12:00 pm','12:00 am');
INSERT INTO "OPENING_HOUR" ("DAY","RESTAURANT_ID","OPENING_TIME","CLOSING_TIME")VALUES('Wed','46501604','12:00 pm','12:00 am');
INSERT INTO "OPENING_HOUR" ("DAY","RESTAURANT_ID","OPENING_TIME","CLOSING_TIME")VALUES('Thu','46501604','12:00 pm','12:00 am');
INSERT INTO "OPENING_HOUR" ("DAY","RESTAURANT_ID","OPENING_TIME","CLOSING_TIME")VALUES('Fri','46501604','12:00 pm','12:00 am');
INSERT INTO "OPENING_HOUR" ("DAY","RESTAURANT_ID","OPENING_TIME","CLOSING_TIME")VALUES('Sat','46501604','12:00 pm','12:00 am');
INSERT INTO "OPENING_HOUR" ("DAY","RESTAURANT_ID","OPENING_TIME","CLOSING_TIME")VALUES('Sun','46501604','Open now','12:00 am');
INSERT INTO "USER_REVIEW" ("RESTAURANT_ID","REVIEW_DATE","COMMENT","REVIEW_RATING")VALUES('46501604','2017-07-06 15:02:12','Visiting from New York City  for only five days and was lucky enough to be brought to this exquisite restaurant by my friend Jake. Better than any of the...','5');
INSERT INTO "USER_REVIEW" ("RESTAURANT_ID","REVIEW_DATE","COMMENT","REVIEW_RATING")VALUES('46501604','2016-02-25 12:20:52','Like just : AMAZING ! 
once you go there ...you''ll just wish /want to move to Berlin just to be able to try all dishes EVERY DAY !
on top of being delicious...','5');
INSERT INTO "PHOTO" ("RESTAURANT_ID","PICTURE_URL")VALUES('46501604','https://s3-media4.fl.yelpcdn.com/photo/iCi8Stn17scNEkbvI-6C4w/o.jpg');
INSERT INTO "USER_REVIEW" ("RESTAURANT_ID","REVIEW_DATE","COMMENT","REVIEW_RATING")VALUES('46501604','2017-09-30 09:22:22','very delicious! especially all kinds of local Cantonese style DIM-SUM, which stands out among other chinese restaurant~','5');
INSERT INTO "PHOTO" ("RESTAURANT_ID","PICTURE_URL")VALUES('46501604','https://s3-media1.fl.yelpcdn.com/photo/H6YfROyMlr6QIZ-KoKo8Wg/o.jpg');
INSERT INTO "LOCATION" ("LOCATION_ID","LOCATION_TYPE","ADDRESS","LONGITUDE","LATITUDE")VALUES('302','R','Uhlandstr. 4910719 BerlinGermany','13.32393','52.49683');
INSERT INTO "RESTAURANT" ("RESTAURANT_ID","PRICERANGE","PHONE_NUMBER","WEBSITE")VALUES('26590949','€€','+49 30 994040997','benedict-breakfast.de');
INSERT INTO "CUISINE" ("RESTAURANT_ID","CUISINE_TYPE")VALUES('26590949','Breakfast & Brunch');
INSERT INTO "RESTAURANT_RATING" ("RESTAURANT_ID","SCALE","OVERALL_RATING","SOURCE")VALUES('26590949','5','4.0','Yelp');
INSERT INTO "RESTAURANT_FEATURE" ("RESTAURANT_ID","FEATURE_NAME","DESCRIPTION")VALUES('26590949','Takes Reservations','No');
INSERT INTO "RESTAURANT_FEATURE" ("RESTAURANT_ID","FEATURE_NAME","DESCRIPTION")VALUES('26590949','Delivery','No');
INSERT INTO "RESTAURANT_FEATURE" ("RESTAURANT_ID","FEATURE_NAME","DESCRIPTION")VALUES('26590949','Take-out','No');
INSERT INTO "RESTAURANT_FEATURE" ("RESTAURANT_ID","FEATURE_NAME","DESCRIPTION")VALUES('26590949','Accepted Cards','Credit, Debit');
INSERT INTO "RESTAURANT_FEATURE" ("RESTAURANT_ID","FEATURE_NAME","DESCRIPTION")VALUES('26590949','Accepts Bitcoin','No');
INSERT INTO "RESTAURANT_FEATURE" ("RESTAURANT_ID","FEATURE_NAME","DESCRIPTION")VALUES('26590949','Good For','Breakfast, Brunch');
INSERT INTO "RESTAURANT_FEATURE" ("RESTAURANT_ID","FEATURE_NAME","DESCRIPTION")VALUES('26590949','Parking','Street');
INSERT INTO "RESTAURANT_FEATURE" ("RESTAURANT_ID","FEATURE_NAME","DESCRIPTION")VALUES('26590949','Wheelchair Accessible','Yes');
INSERT INTO "RESTAURANT_FEATURE" ("RESTAURANT_ID","FEATURE_NAME","DESCRIPTION")VALUES('26590949','Good for Kids','Yes');
INSERT INTO "RESTAURANT_FEATURE" ("RESTAURANT_ID","FEATURE_NAME","DESCRIPTION")VALUES('26590949','Good for Groups','Yes');
INSERT INTO "RESTAURANT_FEATURE" ("RESTAURANT_ID","FEATURE_NAME","DESCRIPTION")VALUES('26590949','Attire','Casual');
INSERT INTO "RESTAURANT_FEATURE" ("RESTAURANT_ID","FEATURE_NAME","DESCRIPTION")VALUES('26590949','Ambience','Hipster, Casual, Trendy');
INSERT INTO "RESTAURANT_FEATURE" ("RESTAURANT_ID","FEATURE_NAME","DESCRIPTION")VALUES('26590949','Noise Level','Average');
INSERT INTO "RESTAURANT_FEATURE" ("RESTAURANT_ID","FEATURE_NAME","DESCRIPTION")VALUES('26590949','Alcohol','Full Bar');
INSERT INTO "RESTAURANT_FEATURE" ("RESTAURANT_ID","FEATURE_NAME","DESCRIPTION")VALUES('26590949','Outdoor Seating','Yes');
INSERT INTO "RESTAURANT_FEATURE" ("RESTAURANT_ID","FEATURE_NAME","DESCRIPTION")VALUES('26590949','Wi-Fi','Free');
INSERT INTO "RESTAURANT_FEATURE" ("RESTAURANT_ID","FEATURE_NAME","DESCRIPTION")VALUES('26590949','Has TV','No');
INSERT INTO "RESTAURANT_FEATURE" ("RESTAURANT_ID","FEATURE_NAME","DESCRIPTION")VALUES('26590949','Dogs Allowed','Yes');
INSERT INTO "RESTAURANT_FEATURE" ("RESTAURANT_ID","FEATURE_NAME","DESCRIPTION")VALUES('26590949','Waiter Service','Yes');
INSERT INTO "RESTAURANT_FEATURE" ("RESTAURANT_ID","FEATURE_NAME","DESCRIPTION")VALUES('26590949','Caters','No');
INSERT INTO "USER_REVIEW" ("RESTAURANT_ID","REVIEW_DATE","COMMENT","REVIEW_RATING")VALUES('26590949','2017-12-02 08:54:50','The hustle and bustle of Berlin with a hip vibe. All of the people working were young and nice! Had the small order of banana pancakes and we were warned...','5');
INSERT INTO "PHOTO" ("RESTAURANT_ID","PICTURE_URL")VALUES('26590949','https://s3-media2.fl.yelpcdn.com/photo/juXFiDLWlt-QfjuzSGPfuA/o.jpg');
INSERT INTO "USER_REVIEW" ("RESTAURANT_ID","REVIEW_DATE","COMMENT","REVIEW_RATING")VALUES('26590949','2017-10-04 12:40:23','My wife booked us into Max Brown Hotel for our anniversary and I''m so glad she did due in no small part to Benedict.

I have never had a breakfast included...','5');
INSERT INTO "PHOTO" ("RESTAURANT_ID","PICTURE_URL")VALUES('26590949','https://s3-media3.fl.yelpcdn.com/photo/ogw3-CWdsvUg4Hx3jtV8-w/o.jpg');
INSERT INTO "USER_REVIEW" ("RESTAURANT_ID","REVIEW_DATE","COMMENT","REVIEW_RATING")VALUES('26590949','2017-08-07 10:46:44','Oh, "Me Lord"! I would like more of you, your eggs-breakfast with coffee and your porridge.
My recommendation for nice atmosphere and sweet cakes & cookies,...','4');
INSERT INTO "PHOTO" ("RESTAURANT_ID","PICTURE_URL")VALUES('26590949','https://s3-media1.fl.yelpcdn.com/photo/6zl4SoeLyVBTH4P_cvbonQ/o.jpg');
INSERT INTO "LOCATION" ("LOCATION_ID","LOCATION_TYPE","ADDRESS","LONGITUDE","LATITUDE")VALUES('303','R','Müller-Breslau-Str. 110623 BerlinGermany','13.3360719307','52.5112978519');
INSERT INTO "RESTAURANT" ("RESTAURANT_ID","PRICERANGE","PHONE_NUMBER","WEBSITE")VALUES('64894555','€€','+49 30 3139909','schleusenkrug.de');
INSERT INTO "CUISINE" ("RESTAURANT_ID","CUISINE_TYPE")VALUES('64894555','Dive Bars');
INSERT INTO "CUISINE" ("RESTAURANT_ID","CUISINE_TYPE")VALUES('64894555','Beer Garden');
INSERT INTO "CUISINE" ("RESTAURANT_ID","CUISINE_TYPE")VALUES('64894555','German');
INSERT INTO "RESTAURANT_RATING" ("RESTAURANT_ID","SCALE","OVERALL_RATING","SOURCE")VALUES('64894555','5','4.0','Yelp');
INSERT INTO "RESTAURANT_FEATURE" ("RESTAURANT_ID","FEATURE_NAME","DESCRIPTION")VALUES('64894555','Takes Reservations','Yes');
INSERT INTO "RESTAURANT_FEATURE" ("RESTAURANT_ID","FEATURE_NAME","DESCRIPTION")VALUES('64894555','Delivery','No');
INSERT INTO "RESTAURANT_FEATURE" ("RESTAURANT_ID","FEATURE_NAME","DESCRIPTION")VALUES('64894555','Take-out','No');
INSERT INTO "RESTAURANT_FEATURE" ("RESTAURANT_ID","FEATURE_NAME","DESCRIPTION")VALUES('64894555','Accepted Cards','None');
INSERT INTO "RESTAURANT_FEATURE" ("RESTAURANT_ID","FEATURE_NAME","DESCRIPTION")VALUES('64894555','Parking','Street');
INSERT INTO "RESTAURANT_FEATURE" ("RESTAURANT_ID","FEATURE_NAME","DESCRIPTION")VALUES('64894555','Good for Kids','Yes');
INSERT INTO "RESTAURANT_FEATURE" ("RESTAURANT_ID","FEATURE_NAME","DESCRIPTION")VALUES('64894555','Good for Groups','Yes');
INSERT INTO "RESTAURANT_FEATURE" ("RESTAURANT_ID","FEATURE_NAME","DESCRIPTION")VALUES('64894555','Attire','Casual');
INSERT INTO "RESTAURANT_FEATURE" ("RESTAURANT_ID","FEATURE_NAME","DESCRIPTION")VALUES('64894555','Ambience','Casual');
INSERT INTO "RESTAURANT_FEATURE" ("RESTAURANT_ID","FEATURE_NAME","DESCRIPTION")VALUES('64894555','Noise Level','Loud');
INSERT INTO "RESTAURANT_FEATURE" ("RESTAURANT_ID","FEATURE_NAME","DESCRIPTION")VALUES('64894555','Alcohol','Full Bar');
INSERT INTO "RESTAURANT_FEATURE" ("RESTAURANT_ID","FEATURE_NAME","DESCRIPTION")VALUES('64894555','Happy Hour','No');
INSERT INTO "RESTAURANT_FEATURE" ("RESTAURANT_ID","FEATURE_NAME","DESCRIPTION")VALUES('64894555','Outdoor Seating','Yes');
INSERT INTO "RESTAURANT_FEATURE" ("RESTAURANT_ID","FEATURE_NAME","DESCRIPTION")VALUES('64894555','Wi-Fi','No');
INSERT INTO "RESTAURANT_FEATURE" ("RESTAURANT_ID","FEATURE_NAME","DESCRIPTION")VALUES('64894555','Has TV','No');
INSERT INTO "RESTAURANT_FEATURE" ("RESTAURANT_ID","FEATURE_NAME","DESCRIPTION")VALUES('64894555','Caters','No');
INSERT INTO "RESTAURANT_FEATURE" ("RESTAURANT_ID","FEATURE_NAME","DESCRIPTION")VALUES('64894555','Has Pool Table','No');
INSERT INTO "OPENING_HOUR" ("DAY","RESTAURANT_ID","OPENING_TIME","CLOSING_TIME")VALUES('Mon','64894555','10:00 am','12:00 am');
INSERT INTO "OPENING_HOUR" ("DAY","RESTAURANT_ID","OPENING_TIME","CLOSING_TIME")VALUES('Tue','64894555','10:00 am','12:00 am');
INSERT INTO "OPENING_HOUR" ("DAY","RESTAURANT_ID","OPENING_TIME","CLOSING_TIME")VALUES('Wed','64894555','10:00 am','12:00 am');
INSERT INTO "OPENING_HOUR" ("DAY","RESTAURANT_ID","OPENING_TIME","CLOSING_TIME")VALUES('Thu','64894555','10:00 am','12:00 am');
INSERT INTO "OPENING_HOUR" ("DAY","RESTAURANT_ID","OPENING_TIME","CLOSING_TIME")VALUES('Fri','64894555','10:00 am','12:00 am');
INSERT INTO "OPENING_HOUR" ("DAY","RESTAURANT_ID","OPENING_TIME","CLOSING_TIME")VALUES('Sat','64894555','10:00 am','12:00 am');
INSERT INTO "OPENING_HOUR" ("DAY","RESTAURANT_ID","OPENING_TIME","CLOSING_TIME")VALUES('Sun','64894555','Open now','12:00 am');
INSERT INTO "USER_REVIEW" ("RESTAURANT_ID","REVIEW_DATE","COMMENT","REVIEW_RATING")VALUES('64894555','2017-09-17 22:37:18','Super casual place. The overhead menu was all in German but they had a printed one in English. Good beer selection. Food was great and hit the spot after a...','4');
INSERT INTO "PHOTO" ("RESTAURANT_ID","PICTURE_URL")VALUES('64894555','https://s3-media3.fl.yelpcdn.com/photo/qclMZ_atyoh95d8izifMSA/o.jpg');
INSERT INTO "USER_REVIEW" ("RESTAURANT_ID","REVIEW_DATE","COMMENT","REVIEW_RATING")VALUES('64894555','2017-04-12 06:04:59','Great food! The salad was awesome and the pizza was thin crust and colorful ghocchis came is tasty sauce. This is my second time here and will come back on...','5');
INSERT INTO "PHOTO" ("RESTAURANT_ID","PICTURE_URL")VALUES('64894555','https://s3-media2.fl.yelpcdn.com/photo/dR8UxhPBqXucCccS1yqUVg/o.jpg');
INSERT INTO "USER_REVIEW" ("RESTAURANT_ID","REVIEW_DATE","COMMENT","REVIEW_RATING")VALUES('64894555','2017-07-30 16:18:11','Loved having lunch here; the garden is shady, gravelled, and dog-friendly. The salad was delicious. You could hang out here for a while. It''s convenient to...','5');
INSERT INTO "PHOTO" ("RESTAURANT_ID","PICTURE_URL")VALUES('64894555','https://s3-media1.fl.yelpcdn.com/photo/2E7UrmqC9O7EFsx0j8PSUg/o.jpg');
INSERT INTO "RESTAURANT_RATING" ("RESTAURANT_ID","SCALE","OVERALL_RATING","SOURCE")VALUES('64894555','5','4.1','Google Map');
INSERT INTO "USER_REVIEW" ("RESTAURANT_ID","REVIEW_DATE","COMMENT","REVIEW_RATING")VALUES('64894555','2017-12-29','Food drink and service was fantastic. Except for the brunette lady behind the bar who was incredibly rude. Still worth a visit.','4');
INSERT INTO "USER_REVIEW" ("RESTAURANT_ID","REVIEW_DATE","COMMENT","REVIEW_RATING")VALUES('64894555','2017-11-04','Restaurant on the outskirts of Tiergarten. We had lunch there as part of the fat tyre company bike tour around Berlin. Staff spoke English and were jovial. Beer was fantastic. Food was very good. If you’re in the area and are hungry I’d look no further.','4');
INSERT INTO "USER_REVIEW" ("RESTAURANT_ID","REVIEW_DATE","COMMENT","REVIEW_RATING")VALUES('64894555','2017-08-15','Great place to be whenever the weather permits! Good food and drink! Only accept cash. Be here early to grab a sit. Very popular amongst locals and tourists','5');
INSERT INTO "USER_REVIEW" ("RESTAURANT_ID","REVIEW_DATE","COMMENT","REVIEW_RATING")VALUES('64894555','2017-08-13','Possibly the best beer garden we went to in Berlin.  Cool atmosphere at night, with good food and beer.  We even saw that free blankets are provided should you get cold in the evening.  Super cool place','5');
INSERT INTO "USER_REVIEW" ("RESTAURANT_ID","REVIEW_DATE","COMMENT","REVIEW_RATING")VALUES('64894555','2017-07-23','I have to give this place 5 stars based on ease of ordering in English (they have an English menu so ask), and the fact that their fish soup was so good.  I''m limited by wheat (gluten sort of) so the soup was a guess. They have an allergy grid but the guys behind the counter said they couldn''t vouch for it. lol. Either way, I thoroughly enjoyed the soup. Kid downed the meat ravioli and egg, and my husband ate his Mediterranean flammkuchen (pizza) without complaint. 
The seating can be a challenge so prepare yourselves. It''s order-at-the-counter and let them know the table you''ve selected. Once you figure out table, menu, drinks, and sit down, you''re golden. 😏 It''s worth it. ','5');
INSERT INTO "LOCATION" ("LOCATION_ID","LOCATION_TYPE","ADDRESS","LONGITUDE","LATITUDE")VALUES('304','R','Uhlandstr. 15710719 BerlinGermany','13.32485','52.49855');
INSERT INTO "RESTAURANT" ("RESTAURANT_ID","PRICERANGE","PHONE_NUMBER","WEBSITE")VALUES('12280505','€€','+49 30 88910939','ikesu.de');
INSERT INTO "CUISINE" ("RESTAURANT_ID","CUISINE_TYPE")VALUES('12280505','Sushi Bars');
INSERT INTO "RESTAURANT_RATING" ("RESTAURANT_ID","SCALE","OVERALL_RATING","SOURCE")VALUES('12280505','5','4.5','Yelp');
INSERT INTO "RESTAURANT_FEATURE" ("RESTAURANT_ID","FEATURE_NAME","DESCRIPTION")VALUES('12280505','Takes Reservations','Yes');
INSERT INTO "RESTAURANT_FEATURE" ("RESTAURANT_ID","FEATURE_NAME","DESCRIPTION")VALUES('12280505','Delivery','No');
INSERT INTO "RESTAURANT_FEATURE" ("RESTAURANT_ID","FEATURE_NAME","DESCRIPTION")VALUES('12280505','Take-out','Yes');
INSERT INTO "RESTAURANT_FEATURE" ("RESTAURANT_ID","FEATURE_NAME","DESCRIPTION")VALUES('12280505','Accepted Cards','Credit, Debit');
INSERT INTO "RESTAURANT_FEATURE" ("RESTAURANT_ID","FEATURE_NAME","DESCRIPTION")VALUES('12280505','Good For','Dinner');
INSERT INTO "RESTAURANT_FEATURE" ("RESTAURANT_ID","FEATURE_NAME","DESCRIPTION")VALUES('12280505','Parking','Street');
INSERT INTO "RESTAURANT_FEATURE" ("RESTAURANT_ID","FEATURE_NAME","DESCRIPTION")VALUES('12280505','Good for Kids','Yes');
INSERT INTO "RESTAURANT_FEATURE" ("RESTAURANT_ID","FEATURE_NAME","DESCRIPTION")VALUES('12280505','Good for Groups','Yes');
INSERT INTO "RESTAURANT_FEATURE" ("RESTAURANT_ID","FEATURE_NAME","DESCRIPTION")VALUES('12280505','Attire','Casual');
INSERT INTO "RESTAURANT_FEATURE" ("RESTAURANT_ID","FEATURE_NAME","DESCRIPTION")VALUES('12280505','Ambience','Trendy');
INSERT INTO "RESTAURANT_FEATURE" ("RESTAURANT_ID","FEATURE_NAME","DESCRIPTION")VALUES('12280505','Noise Level','Average');
INSERT INTO "RESTAURANT_FEATURE" ("RESTAURANT_ID","FEATURE_NAME","DESCRIPTION")VALUES('12280505','Alcohol','Beer & Wine Only');
INSERT INTO "RESTAURANT_FEATURE" ("RESTAURANT_ID","FEATURE_NAME","DESCRIPTION")VALUES('12280505','Outdoor Seating','Yes');
INSERT INTO "RESTAURANT_FEATURE" ("RESTAURANT_ID","FEATURE_NAME","DESCRIPTION")VALUES('12280505','Wi-Fi','No');
INSERT INTO "RESTAURANT_FEATURE" ("RESTAURANT_ID","FEATURE_NAME","DESCRIPTION")VALUES('12280505','Has TV','No');
INSERT INTO "RESTAURANT_FEATURE" ("RESTAURANT_ID","FEATURE_NAME","DESCRIPTION")VALUES('12280505','Caters','No');
INSERT INTO "OPENING_HOUR" ("DAY","RESTAURANT_ID","OPENING_TIME","CLOSING_TIME")VALUES('Mon','12280505','12:00 pm','11:30 pm');
INSERT INTO "OPENING_HOUR" ("DAY","RESTAURANT_ID","OPENING_TIME","CLOSING_TIME")VALUES('Tue','12280505','12:00 pm','11:30 pm');
INSERT INTO "OPENING_HOUR" ("DAY","RESTAURANT_ID","OPENING_TIME","CLOSING_TIME")VALUES('Wed','12280505','12:00 pm','11:30 pm');
INSERT INTO "OPENING_HOUR" ("DAY","RESTAURANT_ID","OPENING_TIME","CLOSING_TIME")VALUES('Thu','12280505','12:00 pm','11:30 pm');
INSERT INTO "OPENING_HOUR" ("DAY","RESTAURANT_ID","OPENING_TIME","CLOSING_TIME")VALUES('Fri','12280505','12:00 pm','11:30 pm');
INSERT INTO "OPENING_HOUR" ("DAY","RESTAURANT_ID","OPENING_TIME","CLOSING_TIME")VALUES('Sat','12280505','12:00 pm','11:30 pm');
INSERT INTO "OPENING_HOUR" ("DAY","RESTAURANT_ID","OPENING_TIME","CLOSING_TIME")VALUES('Sun','12280505','Open now','11:30 pm');
INSERT INTO "USER_REVIEW" ("RESTAURANT_ID","REVIEW_DATE","COMMENT","REVIEW_RATING")VALUES('12280505','2017-11-10 09:56:38','This place is just pure fun. Sushi arrives in boats on little color-coded plates. Yummy dishes. A good assortment. You can order too of course but we...','5');
INSERT INTO "PHOTO" ("RESTAURANT_ID","PICTURE_URL")VALUES('12280505','https://s3-media4.fl.yelpcdn.com/photo/USpN4MpgR9RpwT7eKUA3aw/o.jpg');
INSERT INTO "USER_REVIEW" ("RESTAURANT_ID","REVIEW_DATE","COMMENT","REVIEW_RATING")VALUES('12280505','2018-01-13 12:23:52','It was absolutely awesome. Really nice Ambiente and you can see the sushi chef working. You see all ingredients fresh in from of you, he prepare the sushi...','5');
INSERT INTO "PHOTO" ("RESTAURANT_ID","PICTURE_URL")VALUES('12280505','https://s3-media4.fl.yelpcdn.com/photo/Xty1kAqA5PaS-0L94Ux9pQ/o.jpg');
INSERT INTO "USER_REVIEW" ("RESTAURANT_ID","REVIEW_DATE","COMMENT","REVIEW_RATING")VALUES('12280505','2017-08-05 04:55:35','Best sushi!!! Sit at the bar to get awesome sushi arriving non-stop on boats in front of you.  Ordering off the menu was also easy, fast and delicious....','5');
INSERT INTO "PHOTO" ("RESTAURANT_ID","PICTURE_URL")VALUES('12280505','https://s3-media3.fl.yelpcdn.com/photo/pEClI_04B1Ce7hLYfJem-A/o.jpg');
INSERT INTO "RESTAURANT_RATING" ("RESTAURANT_ID","SCALE","OVERALL_RATING","SOURCE")VALUES('12280505','5','0.0','Google Map');
INSERT INTO "LOCATION" ("LOCATION_ID","LOCATION_TYPE","ADDRESS","LONGITUDE","LATITUDE")VALUES('305','R','Vorbergstr. 1110823 BerlinGermany','13.35547','52.48906');
INSERT INTO "RESTAURANT" ("RESTAURANT_ID","PRICERANGE","PHONE_NUMBER","WEBSITE")VALUES('33893667','€','+49 30 78716667','varaderobar.de');
INSERT INTO "CUISINE" ("RESTAURANT_ID","CUISINE_TYPE")VALUES('33893667','Cuban');
INSERT INTO "CUISINE" ("RESTAURANT_ID","CUISINE_TYPE")VALUES('33893667','Cocktail Bars');
INSERT INTO "RESTAURANT_RATING" ("RESTAURANT_ID","SCALE","OVERALL_RATING","SOURCE")VALUES('33893667','5','4.0','Yelp');
INSERT INTO "RESTAURANT_FEATURE" ("RESTAURANT_ID","FEATURE_NAME","DESCRIPTION")VALUES('33893667','Takes Reservations','Yes');
INSERT INTO "RESTAURANT_FEATURE" ("RESTAURANT_ID","FEATURE_NAME","DESCRIPTION")VALUES('33893667','Delivery','No');
INSERT INTO "RESTAURANT_FEATURE" ("RESTAURANT_ID","FEATURE_NAME","DESCRIPTION")VALUES('33893667','Take-out','Yes');
INSERT INTO "RESTAURANT_FEATURE" ("RESTAURANT_ID","FEATURE_NAME","DESCRIPTION")VALUES('33893667','Accepted Cards','None');
INSERT INTO "RESTAURANT_FEATURE" ("RESTAURANT_ID","FEATURE_NAME","DESCRIPTION")VALUES('33893667','Parking','Street');
INSERT INTO "RESTAURANT_FEATURE" ("RESTAURANT_ID","FEATURE_NAME","DESCRIPTION")VALUES('33893667','Good for Kids','No');
INSERT INTO "RESTAURANT_FEATURE" ("RESTAURANT_ID","FEATURE_NAME","DESCRIPTION")VALUES('33893667','Good for Groups','Yes');
INSERT INTO "RESTAURANT_FEATURE" ("RESTAURANT_ID","FEATURE_NAME","DESCRIPTION")VALUES('33893667','Attire','Casual');
INSERT INTO "RESTAURANT_FEATURE" ("RESTAURANT_ID","FEATURE_NAME","DESCRIPTION")VALUES('33893667','Ambience','Hipster');
INSERT INTO "RESTAURANT_FEATURE" ("RESTAURANT_ID","FEATURE_NAME","DESCRIPTION")VALUES('33893667','Noise Level','Loud');
INSERT INTO "RESTAURANT_FEATURE" ("RESTAURANT_ID","FEATURE_NAME","DESCRIPTION")VALUES('33893667','Music','Background');
INSERT INTO "RESTAURANT_FEATURE" ("RESTAURANT_ID","FEATURE_NAME","DESCRIPTION")VALUES('33893667','Good For Dancing','No');
INSERT INTO "RESTAURANT_FEATURE" ("RESTAURANT_ID","FEATURE_NAME","DESCRIPTION")VALUES('33893667','Alcohol','Full Bar');
INSERT INTO "RESTAURANT_FEATURE" ("RESTAURANT_ID","FEATURE_NAME","DESCRIPTION")VALUES('33893667','Coat Check','No');
INSERT INTO "RESTAURANT_FEATURE" ("RESTAURANT_ID","FEATURE_NAME","DESCRIPTION")VALUES('33893667','Outdoor Seating','Yes');
INSERT INTO "RESTAURANT_FEATURE" ("RESTAURANT_ID","FEATURE_NAME","DESCRIPTION")VALUES('33893667','Wi-Fi','No');
INSERT INTO "RESTAURANT_FEATURE" ("RESTAURANT_ID","FEATURE_NAME","DESCRIPTION")VALUES('33893667','Has TV','No');
INSERT INTO "RESTAURANT_FEATURE" ("RESTAURANT_ID","FEATURE_NAME","DESCRIPTION")VALUES('33893667','Waiter Service','Yes');
INSERT INTO "RESTAURANT_FEATURE" ("RESTAURANT_ID","FEATURE_NAME","DESCRIPTION")VALUES('33893667','Has Pool Table','No');
INSERT INTO "OPENING_HOUR" ("DAY","RESTAURANT_ID","OPENING_TIME","CLOSING_TIME")VALUES('Mon','33893667','5:00 pm','12:00 am');
INSERT INTO "OPENING_HOUR" ("DAY","RESTAURANT_ID","OPENING_TIME","CLOSING_TIME")VALUES('Tue','33893667','5:00 pm','12:00 am');
INSERT INTO "OPENING_HOUR" ("DAY","RESTAURANT_ID","OPENING_TIME","CLOSING_TIME")VALUES('Wed','33893667','5:00 pm','12:00 am');
INSERT INTO "OPENING_HOUR" ("DAY","RESTAURANT_ID","OPENING_TIME","CLOSING_TIME")VALUES('Thu','33893667','5:00 pm','12:00 am');
INSERT INTO "OPENING_HOUR" ("DAY","RESTAURANT_ID","OPENING_TIME","CLOSING_TIME")VALUES('Fri','33893667','5:00 pm','12:00 am');
INSERT INTO "OPENING_HOUR" ("DAY","RESTAURANT_ID","OPENING_TIME","CLOSING_TIME")VALUES('Sat','33893667','5:00 pm','12:00 am');
INSERT INTO "OPENING_HOUR" ("DAY","RESTAURANT_ID","OPENING_TIME","CLOSING_TIME")VALUES('Sun','33893667','Open now','12:00 am');
INSERT INTO "USER_REVIEW" ("RESTAURANT_ID","REVIEW_DATE","COMMENT","REVIEW_RATING")VALUES('33893667','2016-09-14 13:53:41','What a nice find. Very tasty food, great mojito,  friendly service. The decor is unique,  they encourage you to write on the walls, or ceiling.','5');
INSERT INTO "PHOTO" ("RESTAURANT_ID","PICTURE_URL")VALUES('33893667','https://s3-media4.fl.yelpcdn.com/photo/zbWsVvOp4xfiyzL-NzqWFQ/o.jpg');
INSERT INTO "USER_REVIEW" ("RESTAURANT_ID","REVIEW_DATE","COMMENT","REVIEW_RATING")VALUES('33893667','2013-11-09 07:48:02','While this place is a restaurant, this review only applies for the drinks. My companion and I headed here after dinner last night because we wanted mojitos....','5');
INSERT INTO "PHOTO" ("RESTAURANT_ID","PICTURE_URL")VALUES('33893667','https://s3-media1.fl.yelpcdn.com/photo/ToTju2zYCHa7hPAMdeK58w/o.jpg');
INSERT INTO "USER_REVIEW" ("RESTAURANT_ID","REVIEW_DATE","COMMENT","REVIEW_RATING")VALUES('33893667','2016-08-01 03:01:18','Good food and cocktails. The quality of service depends on the people, but overall is ok. Some sense of authenticity since most waiters and guests speak...','4');
INSERT INTO "LOCATION" ("LOCATION_ID","LOCATION_TYPE","ADDRESS","LONGITUDE","LATITUDE")VALUES('306','R','Gasteiner Str. 1110717 BerlinGermany','13.32152','52.48777');
INSERT INTO "RESTAURANT" ("RESTAURANT_ID","PRICERANGE","PHONE_NUMBER","WEBSITE")VALUES('37030980','€€','+49 30 88714683','vino-y-mar.de');
INSERT INTO "CUISINE" ("RESTAURANT_ID","CUISINE_TYPE")VALUES('37030980','Spanish');
INSERT INTO "CUISINE" ("RESTAURANT_ID","CUISINE_TYPE")VALUES('37030980','Tapas Bars');
INSERT INTO "RESTAURANT_RATING" ("RESTAURANT_ID","SCALE","OVERALL_RATING","SOURCE")VALUES('37030980','5','4.0','Yelp');
INSERT INTO "RESTAURANT_FEATURE" ("RESTAURANT_ID","FEATURE_NAME","DESCRIPTION")VALUES('37030980','Takes Reservations','Yes');
INSERT INTO "RESTAURANT_FEATURE" ("RESTAURANT_ID","FEATURE_NAME","DESCRIPTION")VALUES('37030980','Delivery','No');
INSERT INTO "RESTAURANT_FEATURE" ("RESTAURANT_ID","FEATURE_NAME","DESCRIPTION")VALUES('37030980','Take-out','No');
INSERT INTO "RESTAURANT_FEATURE" ("RESTAURANT_ID","FEATURE_NAME","DESCRIPTION")VALUES('37030980','Parking','Street');
INSERT INTO "RESTAURANT_FEATURE" ("RESTAURANT_ID","FEATURE_NAME","DESCRIPTION")VALUES('37030980','Good for Kids','No');
INSERT INTO "RESTAURANT_FEATURE" ("RESTAURANT_ID","FEATURE_NAME","DESCRIPTION")VALUES('37030980','Good for Groups','Yes');
INSERT INTO "RESTAURANT_FEATURE" ("RESTAURANT_ID","FEATURE_NAME","DESCRIPTION")VALUES('37030980','Attire','Casual');
INSERT INTO "RESTAURANT_FEATURE" ("RESTAURANT_ID","FEATURE_NAME","DESCRIPTION")VALUES('37030980','Ambience','Romantic');
INSERT INTO "RESTAURANT_FEATURE" ("RESTAURANT_ID","FEATURE_NAME","DESCRIPTION")VALUES('37030980','Noise Level','Loud');
INSERT INTO "RESTAURANT_FEATURE" ("RESTAURANT_ID","FEATURE_NAME","DESCRIPTION")VALUES('37030980','Alcohol','Beer & Wine Only');
INSERT INTO "RESTAURANT_FEATURE" ("RESTAURANT_ID","FEATURE_NAME","DESCRIPTION")VALUES('37030980','Outdoor Seating','Yes');
INSERT INTO "RESTAURANT_FEATURE" ("RESTAURANT_ID","FEATURE_NAME","DESCRIPTION")VALUES('37030980','Wi-Fi','Free');
INSERT INTO "RESTAURANT_FEATURE" ("RESTAURANT_ID","FEATURE_NAME","DESCRIPTION")VALUES('37030980','Has TV','No');
INSERT INTO "RESTAURANT_FEATURE" ("RESTAURANT_ID","FEATURE_NAME","DESCRIPTION")VALUES('37030980','Caters','Yes');
INSERT INTO "OPENING_HOUR" ("DAY","RESTAURANT_ID","OPENING_TIME","CLOSING_TIME")VALUES('Mon','37030980','5:00 pm','10:00 pm');
INSERT INTO "OPENING_HOUR" ("DAY","RESTAURANT_ID","OPENING_TIME","CLOSING_TIME")VALUES('Tue','37030980','5:00 pm','10:00 pm');
INSERT INTO "OPENING_HOUR" ("DAY","RESTAURANT_ID","OPENING_TIME","CLOSING_TIME")VALUES('Wed','37030980','5:00 pm','10:00 pm');
INSERT INTO "OPENING_HOUR" ("DAY","RESTAURANT_ID","OPENING_TIME","CLOSING_TIME")VALUES('Thu','37030980','5:00 pm','10:00 pm');
INSERT INTO "OPENING_HOUR" ("DAY","RESTAURANT_ID","OPENING_TIME","CLOSING_TIME")VALUES('Fri','37030980','5:00 pm','10:00 pm');
INSERT INTO "OPENING_HOUR" ("DAY","RESTAURANT_ID","OPENING_TIME","CLOSING_TIME")VALUES('Sat','37030980','5:00 pm','10:00 pm');
INSERT INTO "USER_REVIEW" ("RESTAURANT_ID","REVIEW_DATE","COMMENT","REVIEW_RATING")VALUES('37030980','2014-11-08 11:20:21','Since I saw they offer shrimps All You Can Eat meal online, It didn''t took me to decided to come this place. Which I did finally, Vino Y Mar didn''t let me...','4');
INSERT INTO "PHOTO" ("RESTAURANT_ID","PICTURE_URL")VALUES('37030980','https://s3-media3.fl.yelpcdn.com/photo/IdlBt1_4j25nOKLWw0f-dw/o.jpg');
INSERT INTO "USER_REVIEW" ("RESTAURANT_ID","REVIEW_DATE","COMMENT","REVIEW_RATING")VALUES('37030980','2014-06-23 14:28:46','All you can eat shrimp and creme brûlée included on a groupon? I''m in! The decor is very Spanish, with cured pig shoulders hanging from the kitchen, wooden...','4');
INSERT INTO "PHOTO" ("RESTAURANT_ID","PICTURE_URL")VALUES('37030980','https://s3-media2.fl.yelpcdn.com/photo/K6ootE6RjoAjuNvvCeVWYg/o.jpg');
INSERT INTO "LOCATION" ("LOCATION_ID","LOCATION_TYPE","ADDRESS","LONGITUDE","LATITUDE")VALUES('307','R','Otto-Braun-Str. 90Leonardo Royal Hotel Berlin10249 BerlinGermany','13.4234','52.5275');
INSERT INTO "RESTAURANT" ("RESTAURANT_ID","PRICERANGE","PHONE_NUMBER","WEBSITE")VALUES('73994789','Unknown','+49 30 755430910','leonardo-hotels.de');
INSERT INTO "CUISINE" ("RESTAURANT_ID","CUISINE_TYPE")VALUES('73994789','Mediterranean');
INSERT INTO "CUISINE" ("RESTAURANT_ID","CUISINE_TYPE")VALUES('73994789','Pan Asian');
INSERT INTO "RESTAURANT_RATING" ("RESTAURANT_ID","SCALE","OVERALL_RATING","SOURCE")VALUES('73994789','5','4.5','Yelp');
INSERT INTO "RESTAURANT_FEATURE" ("RESTAURANT_ID","FEATURE_NAME","DESCRIPTION")VALUES('73994789','Takes Reservations','Yes');
INSERT INTO "RESTAURANT_FEATURE" ("RESTAURANT_ID","FEATURE_NAME","DESCRIPTION")VALUES('73994789','Delivery','No');
INSERT INTO "RESTAURANT_FEATURE" ("RESTAURANT_ID","FEATURE_NAME","DESCRIPTION")VALUES('73994789','Accepted Cards','Credit, Debit');
INSERT INTO "RESTAURANT_FEATURE" ("RESTAURANT_ID","FEATURE_NAME","DESCRIPTION")VALUES('73994789','Outdoor Seating','No');
INSERT INTO "RESTAURANT_FEATURE" ("RESTAURANT_ID","FEATURE_NAME","DESCRIPTION")VALUES('73994789','Has TV','No');
INSERT INTO "LOCATION" ("LOCATION_ID","LOCATION_TYPE","ADDRESS","LONGITUDE","LATITUDE")VALUES('308','R','Oranienplatz 1410999 BerlinGermany','13.41607','52.50135');
INSERT INTO "RESTAURANT" ("RESTAURANT_ID","PRICERANGE","PHONE_NUMBER","WEBSITE")VALUES('14593947','€€','+49 30 6149083','None');
INSERT INTO "CUISINE" ("RESTAURANT_ID","CUISINE_TYPE")VALUES('14593947','Cafes');
INSERT INTO "CUISINE" ("RESTAURANT_ID","CUISINE_TYPE")VALUES('14593947','Cocktail Bars');
INSERT INTO "RESTAURANT_RATING" ("RESTAURANT_ID","SCALE","OVERALL_RATING","SOURCE")VALUES('14593947','5','4.0','Yelp');
INSERT INTO "RESTAURANT_FEATURE" ("RESTAURANT_ID","FEATURE_NAME","DESCRIPTION")VALUES('14593947','Takes Reservations','Yes');
INSERT INTO "RESTAURANT_FEATURE" ("RESTAURANT_ID","FEATURE_NAME","DESCRIPTION")VALUES('14593947','Delivery','No');
INSERT INTO "RESTAURANT_FEATURE" ("RESTAURANT_ID","FEATURE_NAME","DESCRIPTION")VALUES('14593947','Take-out','No');
INSERT INTO "RESTAURANT_FEATURE" ("RESTAURANT_ID","FEATURE_NAME","DESCRIPTION")VALUES('14593947','Accepted Cards','Credit, Debit');
INSERT INTO "RESTAURANT_FEATURE" ("RESTAURANT_ID","FEATURE_NAME","DESCRIPTION")VALUES('14593947','Good For','Brunch');
INSERT INTO "RESTAURANT_FEATURE" ("RESTAURANT_ID","FEATURE_NAME","DESCRIPTION")VALUES('14593947','Good for Kids','No');
INSERT INTO "RESTAURANT_FEATURE" ("RESTAURANT_ID","FEATURE_NAME","DESCRIPTION")VALUES('14593947','Good for Groups','Yes');
INSERT INTO "RESTAURANT_FEATURE" ("RESTAURANT_ID","FEATURE_NAME","DESCRIPTION")VALUES('14593947','Attire','Casual');
INSERT INTO "RESTAURANT_FEATURE" ("RESTAURANT_ID","FEATURE_NAME","DESCRIPTION")VALUES('14593947','Noise Level','Average');
INSERT INTO "RESTAURANT_FEATURE" ("RESTAURANT_ID","FEATURE_NAME","DESCRIPTION")VALUES('14593947','Good For Dancing','No');
INSERT INTO "RESTAURANT_FEATURE" ("RESTAURANT_ID","FEATURE_NAME","DESCRIPTION")VALUES('14593947','Alcohol','Full Bar');
INSERT INTO "RESTAURANT_FEATURE" ("RESTAURANT_ID","FEATURE_NAME","DESCRIPTION")VALUES('14593947','Outdoor Seating','Yes');
INSERT INTO "RESTAURANT_FEATURE" ("RESTAURANT_ID","FEATURE_NAME","DESCRIPTION")VALUES('14593947','Wi-Fi','No');
INSERT INTO "RESTAURANT_FEATURE" ("RESTAURANT_ID","FEATURE_NAME","DESCRIPTION")VALUES('14593947','Has TV','No');
INSERT INTO "RESTAURANT_FEATURE" ("RESTAURANT_ID","FEATURE_NAME","DESCRIPTION")VALUES('14593947','Waiter Service','Yes');
INSERT INTO "RESTAURANT_FEATURE" ("RESTAURANT_ID","FEATURE_NAME","DESCRIPTION")VALUES('14593947','Caters','No');
INSERT INTO "OPENING_HOUR" ("DAY","RESTAURANT_ID","OPENING_TIME","CLOSING_TIME")VALUES('Mon','14593947','12:00 pm','1:00 am');
INSERT INTO "OPENING_HOUR" ("DAY","RESTAURANT_ID","OPENING_TIME","CLOSING_TIME")VALUES('Tue','14593947','12:00 pm','1:00 am');
INSERT INTO "OPENING_HOUR" ("DAY","RESTAURANT_ID","OPENING_TIME","CLOSING_TIME")VALUES('Wed','14593947','12:00 pm','1:00 am');
INSERT INTO "OPENING_HOUR" ("DAY","RESTAURANT_ID","OPENING_TIME","CLOSING_TIME")VALUES('Thu','14593947','12:00 pm','1:00 am');
INSERT INTO "OPENING_HOUR" ("DAY","RESTAURANT_ID","OPENING_TIME","CLOSING_TIME")VALUES('Fri','14593947','12:00 pm','1:00 am');
INSERT INTO "OPENING_HOUR" ("DAY","RESTAURANT_ID","OPENING_TIME","CLOSING_TIME")VALUES('Sat','14593947','9:30 am','1:00 am');
INSERT INTO "OPENING_HOUR" ("DAY","RESTAURANT_ID","OPENING_TIME","CLOSING_TIME")VALUES('Sun','14593947','Open now','1:00 am');
INSERT INTO "USER_REVIEW" ("RESTAURANT_ID","REVIEW_DATE","COMMENT","REVIEW_RATING")VALUES('14593947','2017-09-10 13:47:35','Cool space and good cocktails too. Tried the Penicillin (whiskey based) and the beetroot based drink, both were tasty with good balance. Service can be a...','4');
INSERT INTO "PHOTO" ("RESTAURANT_ID","PICTURE_URL")VALUES('14593947','https://s3-media4.fl.yelpcdn.com/photo/g7PWj6apFlTUZ9CRpGqxfQ/o.jpg');
INSERT INTO "USER_REVIEW" ("RESTAURANT_ID","REVIEW_DATE","COMMENT","REVIEW_RATING")VALUES('14593947','2016-07-05 05:58:30','This place has finesse. I like it!

I was here for lunch, and since my lunch buddies were occupied today, I opted to go on my own, trying out a new place...','5');
INSERT INTO "PHOTO" ("RESTAURANT_ID","PICTURE_URL")VALUES('14593947','https://s3-media1.fl.yelpcdn.com/photo/ToTju2zYCHa7hPAMdeK58w/o.jpg');
INSERT INTO "USER_REVIEW" ("RESTAURANT_ID","REVIEW_DATE","COMMENT","REVIEW_RATING")VALUES('14593947','2016-10-02 12:34:09','Beautiful space, love that they have verbena tea on the menu, it''s very rare, and the sandwiches and coffee were also delicious. Too bad I couldn''t fit...','5');
INSERT INTO "PHOTO" ("RESTAURANT_ID","PICTURE_URL")VALUES('14593947','https://s3-media2.fl.yelpcdn.com/photo/uBMfdmDiKakz_WAcvzqSdQ/o.jpg');
INSERT INTO "LOCATION" ("LOCATION_ID","LOCATION_TYPE","ADDRESS","LONGITUDE","LATITUDE")VALUES('309','R','Mehringdamm 5610961 BerlinGermany','13.3864924684','52.4914808288');
INSERT INTO "RESTAURANT" ("RESTAURANT_ID","PRICERANGE","PHONE_NUMBER","WEBSITE")VALUES('21124420','€€','+49 30 23948238','bellealliance.berlin');
INSERT INTO "CUISINE" ("RESTAURANT_ID","CUISINE_TYPE")VALUES('21124420','Cafes');
INSERT INTO "CUISINE" ("RESTAURANT_ID","CUISINE_TYPE")VALUES('21124420','Breakfast & Brunch');
INSERT INTO "CUISINE" ("RESTAURANT_ID","CUISINE_TYPE")VALUES('21124420','Wine Bars');
INSERT INTO "RESTAURANT_RATING" ("RESTAURANT_ID","SCALE","OVERALL_RATING","SOURCE")VALUES('21124420','5','4.5','Yelp');
INSERT INTO "RESTAURANT_FEATURE" ("RESTAURANT_ID","FEATURE_NAME","DESCRIPTION")VALUES('21124420','Takes Reservations','Yes');
INSERT INTO "RESTAURANT_FEATURE" ("RESTAURANT_ID","FEATURE_NAME","DESCRIPTION")VALUES('21124420','Delivery','No');
INSERT INTO "RESTAURANT_FEATURE" ("RESTAURANT_ID","FEATURE_NAME","DESCRIPTION")VALUES('21124420','Take-out','No');
INSERT INTO "RESTAURANT_FEATURE" ("RESTAURANT_ID","FEATURE_NAME","DESCRIPTION")VALUES('21124420','Good for Kids','Yes');
INSERT INTO "RESTAURANT_FEATURE" ("RESTAURANT_ID","FEATURE_NAME","DESCRIPTION")VALUES('21124420','Good for Groups','Yes');
INSERT INTO "RESTAURANT_FEATURE" ("RESTAURANT_ID","FEATURE_NAME","DESCRIPTION")VALUES('21124420','Attire','Dressy');
INSERT INTO "RESTAURANT_FEATURE" ("RESTAURANT_ID","FEATURE_NAME","DESCRIPTION")VALUES('21124420','Noise Level','Quiet');
INSERT INTO "RESTAURANT_FEATURE" ("RESTAURANT_ID","FEATURE_NAME","DESCRIPTION")VALUES('21124420','Good For Dancing','No');
INSERT INTO "RESTAURANT_FEATURE" ("RESTAURANT_ID","FEATURE_NAME","DESCRIPTION")VALUES('21124420','Alcohol','Beer & Wine Only');
INSERT INTO "RESTAURANT_FEATURE" ("RESTAURANT_ID","FEATURE_NAME","DESCRIPTION")VALUES('21124420','Coat Check','No');
INSERT INTO "RESTAURANT_FEATURE" ("RESTAURANT_ID","FEATURE_NAME","DESCRIPTION")VALUES('21124420','Outdoor Seating','Yes');
INSERT INTO "RESTAURANT_FEATURE" ("RESTAURANT_ID","FEATURE_NAME","DESCRIPTION")VALUES('21124420','Wi-Fi','No');
INSERT INTO "RESTAURANT_FEATURE" ("RESTAURANT_ID","FEATURE_NAME","DESCRIPTION")VALUES('21124420','Has TV','No');
INSERT INTO "RESTAURANT_FEATURE" ("RESTAURANT_ID","FEATURE_NAME","DESCRIPTION")VALUES('21124420','Waiter Service','Yes');
INSERT INTO "RESTAURANT_FEATURE" ("RESTAURANT_ID","FEATURE_NAME","DESCRIPTION")VALUES('21124420','Caters','No');
INSERT INTO "OPENING_HOUR" ("DAY","RESTAURANT_ID","OPENING_TIME","CLOSING_TIME")VALUES('Mon','21124420','10:00 am','12:00 am');
INSERT INTO "OPENING_HOUR" ("DAY","RESTAURANT_ID","OPENING_TIME","CLOSING_TIME")VALUES('Tue','21124420','10:00 am','12:00 am');
INSERT INTO "OPENING_HOUR" ("DAY","RESTAURANT_ID","OPENING_TIME","CLOSING_TIME")VALUES('Wed','21124420','10:00 am','12:00 am');
INSERT INTO "OPENING_HOUR" ("DAY","RESTAURANT_ID","OPENING_TIME","CLOSING_TIME")VALUES('Thu','21124420','10:00 am','12:00 am');
INSERT INTO "OPENING_HOUR" ("DAY","RESTAURANT_ID","OPENING_TIME","CLOSING_TIME")VALUES('Fri','21124420','10:00 am','12:00 am');
INSERT INTO "OPENING_HOUR" ("DAY","RESTAURANT_ID","OPENING_TIME","CLOSING_TIME")VALUES('Sat','21124420','10:00 am','12:00 am');
INSERT INTO "OPENING_HOUR" ("DAY","RESTAURANT_ID","OPENING_TIME","CLOSING_TIME")VALUES('Sun','21124420','Open now','12:00 am');
INSERT INTO "USER_REVIEW" ("RESTAURANT_ID","REVIEW_DATE","COMMENT","REVIEW_RATING")VALUES('21124420','2017-06-25 07:11:45','Good ambience and nice waiters. Cappuccino was very very good. Ordered the Eggs Benedict with everything and it was good, but the egg wasn''t runny and the...','3');
INSERT INTO "PHOTO" ("RESTAURANT_ID","PICTURE_URL")VALUES('21124420','https://s3-media4.fl.yelpcdn.com/photo/C5D_8Xsu-T52IsvBRZqu-Q/o.jpg');
INSERT INTO "USER_REVIEW" ("RESTAURANT_ID","REVIEW_DATE","COMMENT","REVIEW_RATING")VALUES('21124420','2017-04-20 03:21:29','This place makes the best Avocado Sandwich ever, order it with salmon. Also the service is great and the place has good music and a chill vibe. They mainly...','5');
INSERT INTO "PHOTO" ("RESTAURANT_ID","PICTURE_URL")VALUES('21124420','https://s3-media1.fl.yelpcdn.com/photo/kX0WbXzBlEqv_NschuIU7w/o.jpg');
INSERT INTO "USER_REVIEW" ("RESTAURANT_ID","REVIEW_DATE","COMMENT","REVIEW_RATING")VALUES('21124420','2016-09-06 04:11:26','Great corner cafe in a hip neighborhood. Belle Alliance has indoor and outdoor seating, full cafe with kitchen for breakfast and lunch. We enjoyed the...','5');
INSERT INTO "PHOTO" ("RESTAURANT_ID","PICTURE_URL")VALUES('21124420','https://s3-media2.fl.yelpcdn.com/photo/gOmD0NIa9FSeWw-FYKuoRg/o.jpg');
INSERT INTO "LOCATION" ("LOCATION_ID","LOCATION_TYPE","ADDRESS","LONGITUDE","LATITUDE")VALUES('310','R','Augsburger Str. 4110789 BerlinGermany','13.33173','52.5026');
INSERT INTO "RESTAURANT" ("RESTAURANT_ID","PRICERANGE","PHONE_NUMBER","WEBSITE")VALUES('60107695','€€€','+49 30 8009997700','lefaubourg.berlin');
INSERT INTO "CUISINE" ("RESTAURANT_ID","CUISINE_TYPE")VALUES('60107695','French');
INSERT INTO "RESTAURANT_RATING" ("RESTAURANT_ID","SCALE","OVERALL_RATING","SOURCE")VALUES('60107695','5','4.5','Yelp');
INSERT INTO "RESTAURANT_FEATURE" ("RESTAURANT_ID","FEATURE_NAME","DESCRIPTION")VALUES('60107695','Takes Reservations','Yes');
INSERT INTO "RESTAURANT_FEATURE" ("RESTAURANT_ID","FEATURE_NAME","DESCRIPTION")VALUES('60107695','Delivery','No');
INSERT INTO "RESTAURANT_FEATURE" ("RESTAURANT_ID","FEATURE_NAME","DESCRIPTION")VALUES('60107695','Take-out','No');
INSERT INTO "RESTAURANT_FEATURE" ("RESTAURANT_ID","FEATURE_NAME","DESCRIPTION")VALUES('60107695','Accepted Cards','Credit, Debit');
INSERT INTO "RESTAURANT_FEATURE" ("RESTAURANT_ID","FEATURE_NAME","DESCRIPTION")VALUES('60107695','Good For','Dinner');
INSERT INTO "RESTAURANT_FEATURE" ("RESTAURANT_ID","FEATURE_NAME","DESCRIPTION")VALUES('60107695','Parking','Street');
INSERT INTO "RESTAURANT_FEATURE" ("RESTAURANT_ID","FEATURE_NAME","DESCRIPTION")VALUES('60107695','Good for Kids','No');
INSERT INTO "RESTAURANT_FEATURE" ("RESTAURANT_ID","FEATURE_NAME","DESCRIPTION")VALUES('60107695','Good for Groups','Yes');
INSERT INTO "RESTAURANT_FEATURE" ("RESTAURANT_ID","FEATURE_NAME","DESCRIPTION")VALUES('60107695','Attire','Dressy');
INSERT INTO "RESTAURANT_FEATURE" ("RESTAURANT_ID","FEATURE_NAME","DESCRIPTION")VALUES('60107695','Ambience','Trendy, Upscale');
INSERT INTO "RESTAURANT_FEATURE" ("RESTAURANT_ID","FEATURE_NAME","DESCRIPTION")VALUES('60107695','Noise Level','Quiet');
INSERT INTO "RESTAURANT_FEATURE" ("RESTAURANT_ID","FEATURE_NAME","DESCRIPTION")VALUES('60107695','Alcohol','Full Bar');
INSERT INTO "RESTAURANT_FEATURE" ("RESTAURANT_ID","FEATURE_NAME","DESCRIPTION")VALUES('60107695','Outdoor Seating','Yes');
INSERT INTO "RESTAURANT_FEATURE" ("RESTAURANT_ID","FEATURE_NAME","DESCRIPTION")VALUES('60107695','Wi-Fi','Free');
INSERT INTO "RESTAURANT_FEATURE" ("RESTAURANT_ID","FEATURE_NAME","DESCRIPTION")VALUES('60107695','Has TV','No');
INSERT INTO "RESTAURANT_FEATURE" ("RESTAURANT_ID","FEATURE_NAME","DESCRIPTION")VALUES('60107695','Caters','No');
INSERT INTO "OPENING_HOUR" ("DAY","RESTAURANT_ID","OPENING_TIME","CLOSING_TIME")VALUES('Mon','60107695','12:00 pm','11:00 pm');
INSERT INTO "OPENING_HOUR" ("DAY","RESTAURANT_ID","OPENING_TIME","CLOSING_TIME")VALUES('Tue','60107695','12:00 pm','11:00 pm');
INSERT INTO "OPENING_HOUR" ("DAY","RESTAURANT_ID","OPENING_TIME","CLOSING_TIME")VALUES('Wed','60107695','12:00 pm','11:00 pm');
INSERT INTO "OPENING_HOUR" ("DAY","RESTAURANT_ID","OPENING_TIME","CLOSING_TIME")VALUES('Thu','60107695','12:00 pm','11:00 pm');
INSERT INTO "OPENING_HOUR" ("DAY","RESTAURANT_ID","OPENING_TIME","CLOSING_TIME")VALUES('Fri','60107695','12:00 pm','11:00 pm');
INSERT INTO "OPENING_HOUR" ("DAY","RESTAURANT_ID","OPENING_TIME","CLOSING_TIME")VALUES('Sat','60107695','6:00 pm','11:00 pm');
INSERT INTO "OPENING_HOUR" ("DAY","RESTAURANT_ID","OPENING_TIME","CLOSING_TIME")VALUES('Sun','60107695','Open now','11:00 pm');
INSERT INTO "USER_REVIEW" ("RESTAURANT_ID","REVIEW_DATE","COMMENT","REVIEW_RATING")VALUES('60107695','2013-10-20 13:07:10','Absolutely amazing! Real fine dining, food quality was perfect the combination of flavours was amazing as well. 

Service: Good (8/10)
Decoration: Good...','5');
INSERT INTO "PHOTO" ("RESTAURANT_ID","PICTURE_URL")VALUES('60107695','https://s3-media2.fl.yelpcdn.com/photo/WN0rtfXt5-MHuUxecYPCoQ/o.jpg');
INSERT INTO "USER_REVIEW" ("RESTAURANT_ID","REVIEW_DATE","COMMENT","REVIEW_RATING")VALUES('60107695','2017-11-17 04:55:16','Everything was delicious. As a native Georgian (US state not the country) I have to commend the German restaurants on their quality of butter. Faubourg is...','4');
INSERT INTO "PHOTO" ("RESTAURANT_ID","PICTURE_URL")VALUES('60107695','https://s3-media2.fl.yelpcdn.com/photo/SN-YqjY2TC-vdn9_rm7y1w/o.jpg');
INSERT INTO "USER_REVIEW" ("RESTAURANT_ID","REVIEW_DATE","COMMENT","REVIEW_RATING")VALUES('60107695','2016-09-27 06:29:17','Good food and service. The only thing negative I have to say about this place is the background music, which is a combination of an elevator music and a new...','4');
INSERT INTO "PHOTO" ("RESTAURANT_ID","PICTURE_URL")VALUES('60107695','https://s3-media1.fl.yelpcdn.com/photo/9tPHTu2so3j8nIlQyCZLoA/o.jpg');
INSERT INTO "RESTAURANT_RATING" ("RESTAURANT_ID","SCALE","OVERALL_RATING","SOURCE")VALUES('60107695','5','3','Google Map');
INSERT INTO "USER_REVIEW" ("RESTAURANT_ID","REVIEW_DATE","COMMENT","REVIEW_RATING")VALUES('60107695','2012-03-08','','3');
INSERT INTO "LOCATION" ("LOCATION_ID","LOCATION_TYPE","ADDRESS","LONGITUDE","LATITUDE")VALUES('311','R','Kurt-Schumacher-Damm 2-613405 BerlinGermany','13.328026','52.563446');
INSERT INTO "RESTAURANT" ("RESTAURANT_ID","PRICERANGE","PHONE_NUMBER","WEBSITE")VALUES('10150774','€','+49 30 40998601','doreedos.de');
INSERT INTO "CUISINE" ("RESTAURANT_ID","CUISINE_TYPE")VALUES('10150774','International');
INSERT INTO "CUISINE" ("RESTAURANT_ID","CUISINE_TYPE")VALUES('10150774','Steakhouses');
INSERT INTO "RESTAURANT_RATING" ("RESTAURANT_ID","SCALE","OVERALL_RATING","SOURCE")VALUES('10150774','5','3.5','Yelp');
INSERT INTO "RESTAURANT_FEATURE" ("RESTAURANT_ID","FEATURE_NAME","DESCRIPTION")VALUES('10150774','Takes Reservations','Yes');
INSERT INTO "RESTAURANT_FEATURE" ("RESTAURANT_ID","FEATURE_NAME","DESCRIPTION")VALUES('10150774','Delivery','No');
INSERT INTO "RESTAURANT_FEATURE" ("RESTAURANT_ID","FEATURE_NAME","DESCRIPTION")VALUES('10150774','Take-out','Yes');
INSERT INTO "RESTAURANT_FEATURE" ("RESTAURANT_ID","FEATURE_NAME","DESCRIPTION")VALUES('10150774','Good for Kids','Yes');
INSERT INTO "RESTAURANT_FEATURE" ("RESTAURANT_ID","FEATURE_NAME","DESCRIPTION")VALUES('10150774','Good for Groups','Yes');
INSERT INTO "RESTAURANT_FEATURE" ("RESTAURANT_ID","FEATURE_NAME","DESCRIPTION")VALUES('10150774','Attire','Casual');
INSERT INTO "RESTAURANT_FEATURE" ("RESTAURANT_ID","FEATURE_NAME","DESCRIPTION")VALUES('10150774','Ambience','Casual');
INSERT INTO "RESTAURANT_FEATURE" ("RESTAURANT_ID","FEATURE_NAME","DESCRIPTION")VALUES('10150774','Noise Level','Loud');
INSERT INTO "RESTAURANT_FEATURE" ("RESTAURANT_ID","FEATURE_NAME","DESCRIPTION")VALUES('10150774','Alcohol','Full Bar');
INSERT INTO "RESTAURANT_FEATURE" ("RESTAURANT_ID","FEATURE_NAME","DESCRIPTION")VALUES('10150774','Outdoor Seating','Yes');
INSERT INTO "RESTAURANT_FEATURE" ("RESTAURANT_ID","FEATURE_NAME","DESCRIPTION")VALUES('10150774','Wi-Fi','No');
INSERT INTO "RESTAURANT_FEATURE" ("RESTAURANT_ID","FEATURE_NAME","DESCRIPTION")VALUES('10150774','Has TV','No');
INSERT INTO "RESTAURANT_FEATURE" ("RESTAURANT_ID","FEATURE_NAME","DESCRIPTION")VALUES('10150774','Caters','No');
INSERT INTO "OPENING_HOUR" ("DAY","RESTAURANT_ID","OPENING_TIME","CLOSING_TIME")VALUES('Mon','10150774','11:30 am','12:00 am');
INSERT INTO "OPENING_HOUR" ("DAY","RESTAURANT_ID","OPENING_TIME","CLOSING_TIME")VALUES('Tue','10150774','11:30 am','12:00 am');
INSERT INTO "OPENING_HOUR" ("DAY","RESTAURANT_ID","OPENING_TIME","CLOSING_TIME")VALUES('Wed','10150774','11:30 am','12:00 am');
INSERT INTO "OPENING_HOUR" ("DAY","RESTAURANT_ID","OPENING_TIME","CLOSING_TIME")VALUES('Thu','10150774','11:30 am','12:00 am');
INSERT INTO "OPENING_HOUR" ("DAY","RESTAURANT_ID","OPENING_TIME","CLOSING_TIME")VALUES('Fri','10150774','11:30 am','12:00 am');
INSERT INTO "OPENING_HOUR" ("DAY","RESTAURANT_ID","OPENING_TIME","CLOSING_TIME")VALUES('Sat','10150774','11:30 am','12:00 am');
INSERT INTO "OPENING_HOUR" ("DAY","RESTAURANT_ID","OPENING_TIME","CLOSING_TIME")VALUES('Sun','10150774','Open now','12:00 am');
INSERT INTO "USER_REVIEW" ("RESTAURANT_ID","REVIEW_DATE","COMMENT","REVIEW_RATING")VALUES('10150774','2015-06-12 23:10:03','Cheap date? This is your place.

It was meet the brother-in-law''s girlfriend time, so we decided here. And how apt, because this place is really cheap and I...','4');
INSERT INTO "PHOTO" ("RESTAURANT_ID","PICTURE_URL")VALUES('10150774','https://s3-media2.fl.yelpcdn.com/photo/pL8R5syVWAk-XVW2nmZBXQ/o.jpg');
INSERT INTO "USER_REVIEW" ("RESTAURANT_ID","REVIEW_DATE","COMMENT","REVIEW_RATING")VALUES('10150774','2016-06-14 13:07:42','One of the best restaurants ever! My boyfriend and I are from California so it was our first time in Berlin. We were staying at Days Inn Berlin West and we...','5');
INSERT INTO "PHOTO" ("RESTAURANT_ID","PICTURE_URL")VALUES('10150774','https://s3-media1.fl.yelpcdn.com/photo/H1vDEMVE8HNRebhG2RI5MQ/o.jpg');
INSERT INTO "USER_REVIEW" ("RESTAURANT_ID","REVIEW_DATE","COMMENT","REVIEW_RATING")VALUES('10150774','2014-08-17 17:10:39','Hard to rate because there is a big difference between the quality of food and the quality of service. My gf and son had both a tomato soup and shrimp...','3');
INSERT INTO "PHOTO" ("RESTAURANT_ID","PICTURE_URL")VALUES('10150774','https://s3-media1.fl.yelpcdn.com/photo/q0utYqkxqhnMR8xCKmB4aQ/o.jpg');
INSERT INTO "LOCATION" ("LOCATION_ID","LOCATION_TYPE","ADDRESS","LONGITUDE","LATITUDE")VALUES('312','R','Rheinstr. 5012161 BerlinGermany','13.33165','52.4677');
INSERT INTO "RESTAURANT" ("RESTAURANT_ID","PRICERANGE","PHONE_NUMBER","WEBSITE")VALUES('24866803','€','+49 30 84183160','lacviet-berlin.de');
INSERT INTO "CUISINE" ("RESTAURANT_ID","CUISINE_TYPE")VALUES('24866803','Vietnamese');
INSERT INTO "RESTAURANT_RATING" ("RESTAURANT_ID","SCALE","OVERALL_RATING","SOURCE")VALUES('24866803','5','4.5','Yelp');
INSERT INTO "RESTAURANT_FEATURE" ("RESTAURANT_ID","FEATURE_NAME","DESCRIPTION")VALUES('24866803','Takes Reservations','Yes');
INSERT INTO "RESTAURANT_FEATURE" ("RESTAURANT_ID","FEATURE_NAME","DESCRIPTION")VALUES('24866803','Delivery','No');
INSERT INTO "RESTAURANT_FEATURE" ("RESTAURANT_ID","FEATURE_NAME","DESCRIPTION")VALUES('24866803','Take-out','Yes');
INSERT INTO "RESTAURANT_FEATURE" ("RESTAURANT_ID","FEATURE_NAME","DESCRIPTION")VALUES('24866803','Accepted Cards','None');
INSERT INTO "RESTAURANT_FEATURE" ("RESTAURANT_ID","FEATURE_NAME","DESCRIPTION")VALUES('24866803','Good For','Lunch');
INSERT INTO "RESTAURANT_FEATURE" ("RESTAURANT_ID","FEATURE_NAME","DESCRIPTION")VALUES('24866803','Parking','Street');
INSERT INTO "RESTAURANT_FEATURE" ("RESTAURANT_ID","FEATURE_NAME","DESCRIPTION")VALUES('24866803','Good for Kids','Yes');
INSERT INTO "RESTAURANT_FEATURE" ("RESTAURANT_ID","FEATURE_NAME","DESCRIPTION")VALUES('24866803','Good for Groups','Yes');
INSERT INTO "RESTAURANT_FEATURE" ("RESTAURANT_ID","FEATURE_NAME","DESCRIPTION")VALUES('24866803','Attire','Casual');
INSERT INTO "RESTAURANT_FEATURE" ("RESTAURANT_ID","FEATURE_NAME","DESCRIPTION")VALUES('24866803','Ambience','Casual');
INSERT INTO "RESTAURANT_FEATURE" ("RESTAURANT_ID","FEATURE_NAME","DESCRIPTION")VALUES('24866803','Noise Level','Average');
INSERT INTO "RESTAURANT_FEATURE" ("RESTAURANT_ID","FEATURE_NAME","DESCRIPTION")VALUES('24866803','Alcohol','Beer & Wine Only');
INSERT INTO "RESTAURANT_FEATURE" ("RESTAURANT_ID","FEATURE_NAME","DESCRIPTION")VALUES('24866803','Outdoor Seating','Yes');
INSERT INTO "RESTAURANT_FEATURE" ("RESTAURANT_ID","FEATURE_NAME","DESCRIPTION")VALUES('24866803','Wi-Fi','No');
INSERT INTO "RESTAURANT_FEATURE" ("RESTAURANT_ID","FEATURE_NAME","DESCRIPTION")VALUES('24866803','Has TV','No');
INSERT INTO "RESTAURANT_FEATURE" ("RESTAURANT_ID","FEATURE_NAME","DESCRIPTION")VALUES('24866803','Caters','No');
INSERT INTO "OPENING_HOUR" ("DAY","RESTAURANT_ID","OPENING_TIME","CLOSING_TIME")VALUES('Mon','24866803','11:30 am','10:30 pm');
INSERT INTO "OPENING_HOUR" ("DAY","RESTAURANT_ID","OPENING_TIME","CLOSING_TIME")VALUES('Tue','24866803','11:30 am','10:30 pm');
INSERT INTO "OPENING_HOUR" ("DAY","RESTAURANT_ID","OPENING_TIME","CLOSING_TIME")VALUES('Wed','24866803','11:30 am','10:30 pm');
INSERT INTO "OPENING_HOUR" ("DAY","RESTAURANT_ID","OPENING_TIME","CLOSING_TIME")VALUES('Thu','24866803','11:30 am','10:30 pm');
INSERT INTO "OPENING_HOUR" ("DAY","RESTAURANT_ID","OPENING_TIME","CLOSING_TIME")VALUES('Fri','24866803','11:30 am','10:30 pm');
INSERT INTO "OPENING_HOUR" ("DAY","RESTAURANT_ID","OPENING_TIME","CLOSING_TIME")VALUES('Sat','24866803','1:00 pm','10:30 pm');
INSERT INTO "OPENING_HOUR" ("DAY","RESTAURANT_ID","OPENING_TIME","CLOSING_TIME")VALUES('Sun','24866803','Open now','10:00 pm');
INSERT INTO "USER_REVIEW" ("RESTAURANT_ID","REVIEW_DATE","COMMENT","REVIEW_RATING")VALUES('24866803','2017-10-19 08:17:22','I have eaten here twice in the last month: once with takeout and last night. I enjoyed all of the food items from the curry to Pho to fried dishes to Spring...','5');
INSERT INTO "PHOTO" ("RESTAURANT_ID","PICTURE_URL")VALUES('24866803','https://s3-media1.fl.yelpcdn.com/photo/_pAUKrysq_6GJDjB-imYAQ/o.jpg');
INSERT INTO "USER_REVIEW" ("RESTAURANT_ID","REVIEW_DATE","COMMENT","REVIEW_RATING")VALUES('24866803','2016-03-29 03:52:19','Lac Viet is a cozy and little Vietnamese restaurant in Friedenau/Steglitz near the shopping street, Schlossstraße. It is a small family business serving...','5');
INSERT INTO "PHOTO" ("RESTAURANT_ID","PICTURE_URL")VALUES('24866803','https://s3-media3.fl.yelpcdn.com/photo/zBv6Pq3v_SqPDX1Tz5m1RQ/o.jpg');
INSERT INTO "USER_REVIEW" ("RESTAURANT_ID","REVIEW_DATE","COMMENT","REVIEW_RATING")VALUES('24866803','2017-05-20 13:45:08','Nice service, but very mediocre food. The fish entree had no flavor/spices and there was a lot of filler iceberg lettuce in everything. The prices were very...','2');
INSERT INTO "PHOTO" ("RESTAURANT_ID","PICTURE_URL")VALUES('24866803','https://s3-media3.fl.yelpcdn.com/photo/1IJQFFK4vROUbpPZbgkdrA/o.jpg');
INSERT INTO "LOCATION" ("LOCATION_ID","LOCATION_TYPE","ADDRESS","LONGITUDE","LATITUDE")VALUES('313','R','Erkelenzdamm 4910999 BerlinGermany','13.41305','52.49759');
INSERT INTO "RESTAURANT" ("RESTAURANT_ID","PRICERANGE","PHONE_NUMBER","WEBSITE")VALUES('22614511','€€','+49 30 40751912','viasko.de');
INSERT INTO "CUISINE" ("RESTAURANT_ID","CUISINE_TYPE")VALUES('22614511','Bars');
INSERT INTO "CUISINE" ("RESTAURANT_ID","CUISINE_TYPE")VALUES('22614511','Vegan');
INSERT INTO "RESTAURANT_RATING" ("RESTAURANT_ID","SCALE","OVERALL_RATING","SOURCE")VALUES('22614511','5','4.0','Yelp');
INSERT INTO "RESTAURANT_FEATURE" ("RESTAURANT_ID","FEATURE_NAME","DESCRIPTION")VALUES('22614511','Takes Reservations','Yes');
INSERT INTO "RESTAURANT_FEATURE" ("RESTAURANT_ID","FEATURE_NAME","DESCRIPTION")VALUES('22614511','Delivery','No');
INSERT INTO "RESTAURANT_FEATURE" ("RESTAURANT_ID","FEATURE_NAME","DESCRIPTION")VALUES('22614511','Take-out','Yes');
INSERT INTO "RESTAURANT_FEATURE" ("RESTAURANT_ID","FEATURE_NAME","DESCRIPTION")VALUES('22614511','Parking','Street');
INSERT INTO "RESTAURANT_FEATURE" ("RESTAURANT_ID","FEATURE_NAME","DESCRIPTION")VALUES('22614511','Good for Kids','Yes');
INSERT INTO "RESTAURANT_FEATURE" ("RESTAURANT_ID","FEATURE_NAME","DESCRIPTION")VALUES('22614511','Good for Groups','Yes');
INSERT INTO "RESTAURANT_FEATURE" ("RESTAURANT_ID","FEATURE_NAME","DESCRIPTION")VALUES('22614511','Attire','Casual');
INSERT INTO "RESTAURANT_FEATURE" ("RESTAURANT_ID","FEATURE_NAME","DESCRIPTION")VALUES('22614511','Ambience','Casual');
INSERT INTO "RESTAURANT_FEATURE" ("RESTAURANT_ID","FEATURE_NAME","DESCRIPTION")VALUES('22614511','Noise Level','Average');
INSERT INTO "RESTAURANT_FEATURE" ("RESTAURANT_ID","FEATURE_NAME","DESCRIPTION")VALUES('22614511','Music','Background');
INSERT INTO "RESTAURANT_FEATURE" ("RESTAURANT_ID","FEATURE_NAME","DESCRIPTION")VALUES('22614511','Good For Dancing','No');
INSERT INTO "RESTAURANT_FEATURE" ("RESTAURANT_ID","FEATURE_NAME","DESCRIPTION")VALUES('22614511','Alcohol','Full Bar');
INSERT INTO "RESTAURANT_FEATURE" ("RESTAURANT_ID","FEATURE_NAME","DESCRIPTION")VALUES('22614511','Outdoor Seating','Yes');
INSERT INTO "RESTAURANT_FEATURE" ("RESTAURANT_ID","FEATURE_NAME","DESCRIPTION")VALUES('22614511','Wi-Fi','Free');
INSERT INTO "RESTAURANT_FEATURE" ("RESTAURANT_ID","FEATURE_NAME","DESCRIPTION")VALUES('22614511','Has TV','No');
INSERT INTO "RESTAURANT_FEATURE" ("RESTAURANT_ID","FEATURE_NAME","DESCRIPTION")VALUES('22614511','Caters','No');
INSERT INTO "OPENING_HOUR" ("DAY","RESTAURANT_ID","OPENING_TIME","CLOSING_TIME")VALUES('Mon','22614511','5:00 pm','11:00 pm');
INSERT INTO "OPENING_HOUR" ("DAY","RESTAURANT_ID","OPENING_TIME","CLOSING_TIME")VALUES('Tue','22614511','5:00 pm','11:00 pm');
INSERT INTO "OPENING_HOUR" ("DAY","RESTAURANT_ID","OPENING_TIME","CLOSING_TIME")VALUES('Wed','22614511','5:00 pm','11:00 pm');
INSERT INTO "OPENING_HOUR" ("DAY","RESTAURANT_ID","OPENING_TIME","CLOSING_TIME")VALUES('Thu','22614511','5:00 pm','11:00 pm');
INSERT INTO "OPENING_HOUR" ("DAY","RESTAURANT_ID","OPENING_TIME","CLOSING_TIME")VALUES('Fri','22614511','11:00 am','3:00 pm');
INSERT INTO "OPENING_HOUR" ("DAY","RESTAURANT_ID","OPENING_TIME","CLOSING_TIME")VALUES('Sat','22614511','Open now','3:00 pm');
INSERT INTO "USER_REVIEW" ("RESTAURANT_ID","REVIEW_DATE","COMMENT","REVIEW_RATING")VALUES('22614511','2017-04-15 09:23:49','Fantastic vegan restaurant in the city center of Berlin. CASH ONLY, so make sure to bring some. Everything is good here, so don''t worry. Rivals Vegan...','5');
INSERT INTO "PHOTO" ("RESTAURANT_ID","PICTURE_URL")VALUES('22614511','https://s3-media3.fl.yelpcdn.com/photo/CLN4oMMJKXkoGQ0RwjfJvg/o.jpg');
INSERT INTO "USER_REVIEW" ("RESTAURANT_ID","REVIEW_DATE","COMMENT","REVIEW_RATING")VALUES('22614511','2017-12-31 11:09:30','Moving some of my old reviews over to Yelp. This review was originally written/posted on 10 Oct 2010.

Get the gyro! My favorite!
My favorite meal in Berlin...','4');
INSERT INTO "PHOTO" ("RESTAURANT_ID","PICTURE_URL")VALUES('22614511','https://s3-media4.fl.yelpcdn.com/photo/tndboHcmWeZ7QjvSCH38ug/o.jpg');
INSERT INTO "USER_REVIEW" ("RESTAURANT_ID","REVIEW_DATE","COMMENT","REVIEW_RATING")VALUES('22614511','2016-10-17 17:13:21','Cozy and low-key place- wooden tables, hoodies all around, and a small bookshelf with board games. Started with Mango Lassi, which was thick, slightly tart...','4');
INSERT INTO "PHOTO" ("RESTAURANT_ID","PICTURE_URL")VALUES('22614511','https://s3-media4.fl.yelpcdn.com/photo/fbG63X-qmDh--CEJYbLsGA/o.jpg');
INSERT INTO "LOCATION" ("LOCATION_ID","LOCATION_TYPE","ADDRESS","LONGITUDE","LATITUDE")VALUES('314','R','Akazienstr. 7 a10823 BerlinGermany','13.354833','52.48795');
INSERT INTO "RESTAURANT" ("RESTAURANT_ID","PRICERANGE","PHONE_NUMBER","WEBSITE")VALUES('99469075','€€','+49 30 7845518','restaurant-schoeneberg.de');
INSERT INTO "CUISINE" ("RESTAURANT_ID","CUISINE_TYPE")VALUES('99469075','Mediterranean');
INSERT INTO "RESTAURANT_RATING" ("RESTAURANT_ID","SCALE","OVERALL_RATING","SOURCE")VALUES('99469075','5','4.0','Yelp');
INSERT INTO "RESTAURANT_FEATURE" ("RESTAURANT_ID","FEATURE_NAME","DESCRIPTION")VALUES('99469075','Takes Reservations','Yes');
INSERT INTO "RESTAURANT_FEATURE" ("RESTAURANT_ID","FEATURE_NAME","DESCRIPTION")VALUES('99469075','Delivery','No');
INSERT INTO "RESTAURANT_FEATURE" ("RESTAURANT_ID","FEATURE_NAME","DESCRIPTION")VALUES('99469075','Good for Kids','No');
INSERT INTO "RESTAURANT_FEATURE" ("RESTAURANT_ID","FEATURE_NAME","DESCRIPTION")VALUES('99469075','Good for Groups','Yes');
INSERT INTO "RESTAURANT_FEATURE" ("RESTAURANT_ID","FEATURE_NAME","DESCRIPTION")VALUES('99469075','Attire','Casual');
INSERT INTO "RESTAURANT_FEATURE" ("RESTAURANT_ID","FEATURE_NAME","DESCRIPTION")VALUES('99469075','Noise Level','Average');
INSERT INTO "RESTAURANT_FEATURE" ("RESTAURANT_ID","FEATURE_NAME","DESCRIPTION")VALUES('99469075','Alcohol','Full Bar');
INSERT INTO "RESTAURANT_FEATURE" ("RESTAURANT_ID","FEATURE_NAME","DESCRIPTION")VALUES('99469075','Outdoor Seating','Yes');
INSERT INTO "RESTAURANT_FEATURE" ("RESTAURANT_ID","FEATURE_NAME","DESCRIPTION")VALUES('99469075','Wi-Fi','No');
INSERT INTO "RESTAURANT_FEATURE" ("RESTAURANT_ID","FEATURE_NAME","DESCRIPTION")VALUES('99469075','Has TV','No');
INSERT INTO "USER_REVIEW" ("RESTAURANT_ID","REVIEW_DATE","COMMENT","REVIEW_RATING")VALUES('99469075','2017-07-07 14:58:13','The place has a special atmosphere, very old West Berlin, that I like very much, and the food we had tonight was great. I would recommend it. I just wish...','3');
INSERT INTO "PHOTO" ("RESTAURANT_ID","PICTURE_URL")VALUES('99469075','https://s3-media1.fl.yelpcdn.com/photo/3ToK_dgvEdIIh0mx7_iJ7A/o.jpg');
INSERT INTO "USER_REVIEW" ("RESTAURANT_ID","REVIEW_DATE","COMMENT","REVIEW_RATING")VALUES('99469075','2015-12-20 22:33:12','The food is 5 stars and the guy who served me made me feel extremely welcome and helped with my poor German language ! Thank you .  It''s also nice to go for...','5');
INSERT INTO "PHOTO" ("RESTAURANT_ID","PICTURE_URL")VALUES('99469075','https://s3-media3.fl.yelpcdn.com/photo/o42C86Ja8deLffK8N23i_Q/o.jpg');
INSERT INTO "USER_REVIEW" ("RESTAURANT_ID","REVIEW_DATE","COMMENT","REVIEW_RATING")VALUES('99469075','2013-03-21 09:38:45','A friend said I should try this place. So, I finally did. It''s a really comfortable restaurant with nice staff.

It was nice to sit outside in the Autumn...','5');
INSERT INTO "PHOTO" ("RESTAURANT_ID","PICTURE_URL")VALUES('99469075','https://s3-media2.fl.yelpcdn.com/photo/TJGmZRrf_FW3IHzpGYhA-g/o.jpg');
INSERT INTO "LOCATION" ("LOCATION_ID","LOCATION_TYPE","ADDRESS","LONGITUDE","LATITUDE")VALUES('315','R','Bleibtreustr. 4610623 BerlinGermany','13.32008','52.50421');
INSERT INTO "RESTAURANT" ("RESTAURANT_ID","PRICERANGE","PHONE_NUMBER","WEBSITE")VALUES('26708054','€','+49 30 88718672','spaetzlerei.de');
INSERT INTO "CUISINE" ("RESTAURANT_ID","CUISINE_TYPE")VALUES('26708054','German');
INSERT INTO "RESTAURANT_RATING" ("RESTAURANT_ID","SCALE","OVERALL_RATING","SOURCE")VALUES('26708054','5','4.0','Yelp');
INSERT INTO "RESTAURANT_FEATURE" ("RESTAURANT_ID","FEATURE_NAME","DESCRIPTION")VALUES('26708054','Takes Reservations','Yes');
INSERT INTO "RESTAURANT_FEATURE" ("RESTAURANT_ID","FEATURE_NAME","DESCRIPTION")VALUES('26708054','Delivery','No');
INSERT INTO "RESTAURANT_FEATURE" ("RESTAURANT_ID","FEATURE_NAME","DESCRIPTION")VALUES('26708054','Take-out','Yes');
INSERT INTO "RESTAURANT_FEATURE" ("RESTAURANT_ID","FEATURE_NAME","DESCRIPTION")VALUES('26708054','Accepted Cards','Credit, Debit');
INSERT INTO "RESTAURANT_FEATURE" ("RESTAURANT_ID","FEATURE_NAME","DESCRIPTION")VALUES('26708054','Good For','Lunch');
INSERT INTO "RESTAURANT_FEATURE" ("RESTAURANT_ID","FEATURE_NAME","DESCRIPTION")VALUES('26708054','Parking','Street');
INSERT INTO "RESTAURANT_FEATURE" ("RESTAURANT_ID","FEATURE_NAME","DESCRIPTION")VALUES('26708054','Good for Kids','Yes');
INSERT INTO "RESTAURANT_FEATURE" ("RESTAURANT_ID","FEATURE_NAME","DESCRIPTION")VALUES('26708054','Good for Groups','Yes');
INSERT INTO "RESTAURANT_FEATURE" ("RESTAURANT_ID","FEATURE_NAME","DESCRIPTION")VALUES('26708054','Attire','Casual');
INSERT INTO "RESTAURANT_FEATURE" ("RESTAURANT_ID","FEATURE_NAME","DESCRIPTION")VALUES('26708054','Ambience','Casual');
INSERT INTO "RESTAURANT_FEATURE" ("RESTAURANT_ID","FEATURE_NAME","DESCRIPTION")VALUES('26708054','Noise Level','Average');
INSERT INTO "RESTAURANT_FEATURE" ("RESTAURANT_ID","FEATURE_NAME","DESCRIPTION")VALUES('26708054','Alcohol','Beer & Wine Only');
INSERT INTO "RESTAURANT_FEATURE" ("RESTAURANT_ID","FEATURE_NAME","DESCRIPTION")VALUES('26708054','Outdoor Seating','Yes');
INSERT INTO "RESTAURANT_FEATURE" ("RESTAURANT_ID","FEATURE_NAME","DESCRIPTION")VALUES('26708054','Wi-Fi','No');
INSERT INTO "RESTAURANT_FEATURE" ("RESTAURANT_ID","FEATURE_NAME","DESCRIPTION")VALUES('26708054','Has TV','No');
INSERT INTO "RESTAURANT_FEATURE" ("RESTAURANT_ID","FEATURE_NAME","DESCRIPTION")VALUES('26708054','Caters','No');
INSERT INTO "OPENING_HOUR" ("DAY","RESTAURANT_ID","OPENING_TIME","CLOSING_TIME")VALUES('Mon','26708054','11:30 am','11:00 pm');
INSERT INTO "OPENING_HOUR" ("DAY","RESTAURANT_ID","OPENING_TIME","CLOSING_TIME")VALUES('Tue','26708054','11:30 am','11:00 pm');
INSERT INTO "OPENING_HOUR" ("DAY","RESTAURANT_ID","OPENING_TIME","CLOSING_TIME")VALUES('Wed','26708054','11:30 am','11:00 pm');
INSERT INTO "OPENING_HOUR" ("DAY","RESTAURANT_ID","OPENING_TIME","CLOSING_TIME")VALUES('Thu','26708054','11:30 am','11:00 pm');
INSERT INTO "OPENING_HOUR" ("DAY","RESTAURANT_ID","OPENING_TIME","CLOSING_TIME")VALUES('Fri','26708054','11:30 am','11:00 pm');
INSERT INTO "OPENING_HOUR" ("DAY","RESTAURANT_ID","OPENING_TIME","CLOSING_TIME")VALUES('Sat','26708054','11:30 am','11:00 pm');
INSERT INTO "OPENING_HOUR" ("DAY","RESTAURANT_ID","OPENING_TIME","CLOSING_TIME")VALUES('Sun','26708054','Open now','11:00 pm');
INSERT INTO "USER_REVIEW" ("RESTAURANT_ID","REVIEW_DATE","COMMENT","REVIEW_RATING")VALUES('26708054','2017-07-20 09:26:36','The staff here are really really friendly they made me feel so welcomed!! The girl smiles a lot and says bitte schön all the time and she''s nice and patient...','5');
INSERT INTO "PHOTO" ("RESTAURANT_ID","PICTURE_URL")VALUES('26708054','https://s3-media2.fl.yelpcdn.com/photo/j8qckO3BOfXcPh93mQNKyw/o.jpg');
INSERT INTO "USER_REVIEW" ("RESTAURANT_ID","REVIEW_DATE","COMMENT","REVIEW_RATING")VALUES('26708054','2017-09-04 11:03:20','What''s a trip to Germany without spatzle?!  I had the cheesy onion and bacon. Nice portion that hit the spot.','4');
INSERT INTO "PHOTO" ("RESTAURANT_ID","PICTURE_URL")VALUES('26708054','https://s3-media2.fl.yelpcdn.com/photo/jEm3IC99MK72Da4eARuYMw/o.jpg');
INSERT INTO "USER_REVIEW" ("RESTAURANT_ID","REVIEW_DATE","COMMENT","REVIEW_RATING")VALUES('26708054','2016-07-26 07:31:31','Good quality for a few Euros in the middle of Charlottenburg? Yes, please. Not much more to say: succulent spätzle means in a nice setting and for a...','4');
INSERT INTO "PHOTO" ("RESTAURANT_ID","PICTURE_URL")VALUES('26708054','https://s3-media2.fl.yelpcdn.com/photo/dPn85rXScvg7rp2cQSgN_A/o.jpg');
INSERT INTO "LOCATION" ("LOCATION_ID","LOCATION_TYPE","ADDRESS","LONGITUDE","LATITUDE")VALUES('316','R','Frankfurter Allee 4010247 BerlinGermany','13.46236','52.51474');
INSERT INTO "RESTAURANT" ("RESTAURANT_ID","PRICERANGE","PHONE_NUMBER","WEBSITE")VALUES('74868044','€','+49 30 29385204','diegarbe.de');
INSERT INTO "CUISINE" ("RESTAURANT_ID","CUISINE_TYPE")VALUES('74868044','Modern European');
INSERT INTO "RESTAURANT_RATING" ("RESTAURANT_ID","SCALE","OVERALL_RATING","SOURCE")VALUES('74868044','5','4.5','Yelp');
INSERT INTO "RESTAURANT_FEATURE" ("RESTAURANT_ID","FEATURE_NAME","DESCRIPTION")VALUES('74868044','Takes Reservations','Yes');
INSERT INTO "RESTAURANT_FEATURE" ("RESTAURANT_ID","FEATURE_NAME","DESCRIPTION")VALUES('74868044','Delivery','Yes');
INSERT INTO "RESTAURANT_FEATURE" ("RESTAURANT_ID","FEATURE_NAME","DESCRIPTION")VALUES('74868044','Take-out','Yes');
INSERT INTO "RESTAURANT_FEATURE" ("RESTAURANT_ID","FEATURE_NAME","DESCRIPTION")VALUES('74868044','Good for Kids','Yes');
INSERT INTO "RESTAURANT_FEATURE" ("RESTAURANT_ID","FEATURE_NAME","DESCRIPTION")VALUES('74868044','Good for Groups','Yes');
INSERT INTO "RESTAURANT_FEATURE" ("RESTAURANT_ID","FEATURE_NAME","DESCRIPTION")VALUES('74868044','Attire','Casual');
INSERT INTO "RESTAURANT_FEATURE" ("RESTAURANT_ID","FEATURE_NAME","DESCRIPTION")VALUES('74868044','Noise Level','Very Loud');
INSERT INTO "RESTAURANT_FEATURE" ("RESTAURANT_ID","FEATURE_NAME","DESCRIPTION")VALUES('74868044','Alcohol','No');
INSERT INTO "RESTAURANT_FEATURE" ("RESTAURANT_ID","FEATURE_NAME","DESCRIPTION")VALUES('74868044','Outdoor Seating','Yes');
INSERT INTO "RESTAURANT_FEATURE" ("RESTAURANT_ID","FEATURE_NAME","DESCRIPTION")VALUES('74868044','Wi-Fi','No');
INSERT INTO "RESTAURANT_FEATURE" ("RESTAURANT_ID","FEATURE_NAME","DESCRIPTION")VALUES('74868044','Has TV','No');
INSERT INTO "OPENING_HOUR" ("DAY","RESTAURANT_ID","OPENING_TIME","CLOSING_TIME")VALUES('Mon','74868044','11:00 am','4:00 pm');
INSERT INTO "OPENING_HOUR" ("DAY","RESTAURANT_ID","OPENING_TIME","CLOSING_TIME")VALUES('Tue','74868044','11:00 am','4:00 pm');
INSERT INTO "OPENING_HOUR" ("DAY","RESTAURANT_ID","OPENING_TIME","CLOSING_TIME")VALUES('Wed','74868044','11:00 am','4:00 pm');
INSERT INTO "OPENING_HOUR" ("DAY","RESTAURANT_ID","OPENING_TIME","CLOSING_TIME")VALUES('Thu','74868044','11:00 am','4:00 pm');
INSERT INTO "OPENING_HOUR" ("DAY","RESTAURANT_ID","OPENING_TIME","CLOSING_TIME")VALUES('Fri','74868044','11:00 am','4:00 pm');
INSERT INTO "USER_REVIEW" ("RESTAURANT_ID","REVIEW_DATE","COMMENT","REVIEW_RATING")VALUES('74868044','2015-10-21 10:39:26','Fantastic German / European place for lunch. They served some traditional german dishes as well as pasta and salads. 

I had their homemade meatloaf with...','5');
INSERT INTO "USER_REVIEW" ("RESTAURANT_ID","REVIEW_DATE","COMMENT","REVIEW_RATING")VALUES('74868044','2016-09-06 14:20:28','Tasty German food at really low price. €5 each for our lunch special of meatballs and chilli con corne. This resturant is also a re-training center for...','5');
INSERT INTO "PHOTO" ("RESTAURANT_ID","PICTURE_URL")VALUES('74868044','https://s3-media4.fl.yelpcdn.com/photo/QOUGzogKwpzj28Ke_LmDkg/o.jpg');
INSERT INTO "USER_REVIEW" ("RESTAURANT_ID","REVIEW_DATE","COMMENT","REVIEW_RATING")VALUES('74868044','2010-01-21 10:49:23','Nice restaurant / cafe with delivery service until 16:00h. Perfect for when you are really busy working and can''t leave for lunch.


 You can also eat in...','4');
INSERT INTO "PHOTO" ("RESTAURANT_ID","PICTURE_URL")VALUES('74868044','https://s3-media4.fl.yelpcdn.com/photo/gj5QNetC8zR8P5_INHGGyA/o.jpg');
INSERT INTO "LOCATION" ("LOCATION_ID","LOCATION_TYPE","ADDRESS","LONGITUDE","LATITUDE")VALUES('317','R','Breite Str. 2213187 BerlinGermany','13.4024623409','52.5698220355');
INSERT INTO "RESTAURANT" ("RESTAURANT_ID","PRICERANGE","PHONE_NUMBER","WEBSITE")VALUES('50670652','€€','+49 30 47537769','pankoff.berlin');
INSERT INTO "CUISINE" ("RESTAURANT_ID","CUISINE_TYPE")VALUES('50670652','German');
INSERT INTO "RESTAURANT_RATING" ("RESTAURANT_ID","SCALE","OVERALL_RATING","SOURCE")VALUES('50670652','5','4.5','Yelp');
INSERT INTO "RESTAURANT_FEATURE" ("RESTAURANT_ID","FEATURE_NAME","DESCRIPTION")VALUES('50670652','Takes Reservations','Yes');
INSERT INTO "RESTAURANT_FEATURE" ("RESTAURANT_ID","FEATURE_NAME","DESCRIPTION")VALUES('50670652','Delivery','No');
INSERT INTO "RESTAURANT_FEATURE" ("RESTAURANT_ID","FEATURE_NAME","DESCRIPTION")VALUES('50670652','Take-out','No');
INSERT INTO "RESTAURANT_FEATURE" ("RESTAURANT_ID","FEATURE_NAME","DESCRIPTION")VALUES('50670652','Accepted Cards','Debit');
INSERT INTO "RESTAURANT_FEATURE" ("RESTAURANT_ID","FEATURE_NAME","DESCRIPTION")VALUES('50670652','Accepts Bitcoin','No');
INSERT INTO "RESTAURANT_FEATURE" ("RESTAURANT_ID","FEATURE_NAME","DESCRIPTION")VALUES('50670652','Parking','Garage, Street');
INSERT INTO "RESTAURANT_FEATURE" ("RESTAURANT_ID","FEATURE_NAME","DESCRIPTION")VALUES('50670652','Good for Kids','Yes');
INSERT INTO "RESTAURANT_FEATURE" ("RESTAURANT_ID","FEATURE_NAME","DESCRIPTION")VALUES('50670652','Good for Groups','Yes');
INSERT INTO "RESTAURANT_FEATURE" ("RESTAURANT_ID","FEATURE_NAME","DESCRIPTION")VALUES('50670652','Attire','Casual');
INSERT INTO "RESTAURANT_FEATURE" ("RESTAURANT_ID","FEATURE_NAME","DESCRIPTION")VALUES('50670652','Noise Level','Average');
INSERT INTO "RESTAURANT_FEATURE" ("RESTAURANT_ID","FEATURE_NAME","DESCRIPTION")VALUES('50670652','Alcohol','Full Bar');
INSERT INTO "RESTAURANT_FEATURE" ("RESTAURANT_ID","FEATURE_NAME","DESCRIPTION")VALUES('50670652','Outdoor Seating','Yes');
INSERT INTO "RESTAURANT_FEATURE" ("RESTAURANT_ID","FEATURE_NAME","DESCRIPTION")VALUES('50670652','Wi-Fi','Free');
INSERT INTO "RESTAURANT_FEATURE" ("RESTAURANT_ID","FEATURE_NAME","DESCRIPTION")VALUES('50670652','Has TV','No');
INSERT INTO "RESTAURANT_FEATURE" ("RESTAURANT_ID","FEATURE_NAME","DESCRIPTION")VALUES('50670652','Caters','No');
INSERT INTO "OPENING_HOUR" ("DAY","RESTAURANT_ID","OPENING_TIME","CLOSING_TIME")VALUES('Mon','50670652','11:00 am','4:00 pm');
INSERT INTO "OPENING_HOUR" ("DAY","RESTAURANT_ID","OPENING_TIME","CLOSING_TIME")VALUES('Tue','50670652','11:00 am','4:00 pm');
INSERT INTO "OPENING_HOUR" ("DAY","RESTAURANT_ID","OPENING_TIME","CLOSING_TIME")VALUES('Wed','50670652','11:00 am','10:00 pm');
INSERT INTO "OPENING_HOUR" ("DAY","RESTAURANT_ID","OPENING_TIME","CLOSING_TIME")VALUES('Thu','50670652','11:00 am','10:00 pm');
INSERT INTO "OPENING_HOUR" ("DAY","RESTAURANT_ID","OPENING_TIME","CLOSING_TIME")VALUES('Fri','50670652','11:00 am','10:00 pm');
INSERT INTO "OPENING_HOUR" ("DAY","RESTAURANT_ID","OPENING_TIME","CLOSING_TIME")VALUES('Sat','50670652','11:00 am','10:00 pm');
INSERT INTO "OPENING_HOUR" ("DAY","RESTAURANT_ID","OPENING_TIME","CLOSING_TIME")VALUES('Sun','50670652','Open now','3:00 pm');
INSERT INTO "RESTAURANT_RATING" ("RESTAURANT_ID","SCALE","OVERALL_RATING","SOURCE")VALUES('50670652','5','4.2','Google Map');
INSERT INTO "USER_REVIEW" ("RESTAURANT_ID","REVIEW_DATE","COMMENT","REVIEW_RATING")VALUES('50670652','2016-07-20','Classy ...in a word','5');
INSERT INTO "USER_REVIEW" ("RESTAURANT_ID","REVIEW_DATE","COMMENT","REVIEW_RATING")VALUES('50670652','2017-11-24','Ich habe mich hier sehr wohl gefühlt, das Essen war hervorragend, auf hohem Niveau. Die Bedienung sehr sehr freundlich und aufmerksam. Bin vollkommen zufrieden und stolz, dass es in Pankow so ausgesprochen gute Restaurants gibt. Danke für den schönen Abend bei euch!','5');
INSERT INTO "USER_REVIEW" ("RESTAURANT_ID","REVIEW_DATE","COMMENT","REVIEW_RATING")VALUES('50670652','2017-12-28','Ob zum Brunch oder gestern zum festlichen runden Anlass: Von der online-Reservierung (Danke für die festliche Tischdeko mit frischem Gesteck und farblich abgestimmter Tischwäsche) über extra-Wünsche (etwas von der Abendkarte schon mittags-Dank an das Lehrlingsteam:-) für den Ziegenkäse), eine wunderbar  stilvolle Tafel- an alles war gedacht! Wir mögen das Ambiente, die Qualität der Speisen in Kombination mit gutem Wein, ein hervorragendes Preis-Leistungs-Verhältnis (wie kann man das durchgehend so halten? Kompliment!) aber vor allem, die gastliche Atmosphäre, den humorvollen Berliner Charme des Inhabers und "seiner" Chefin sowie den freundlich-zuvorkommenden Service des ganzen Teams. Auf ein Wiedersehen zu Weihnachten-wir freuen uns und bis dahin eine gute Zeit! Familie L. & L.

Weihnachten 2017: Ein Dankeschön an das Team, dass-wenn der Rest der Welt "f/Feste" feiert- mit feinen Speisen, passendem Wein, Service und Wohlfühlfaktor seine Gäste verlässlich und der bekannten Qualität verwöhnt...Einer der seltenen gastronomischen Orte, an dem sich drei durchaus sehr unterschiedliche Generationen (von der 24-jährigen Studentin bis zum 81-jährigen Rentner) gleichermaßen wohl fühlen und sehr gern immer wieder kommen. Sonderwünsche waren wie immer kein Problem (Verlegung auf den 14.00 Uhr-Durchgang und "Eispralinen"-Zauber); wir aßen uns durch die gesamte Weihnachtskarte und jede/r war begeistert und geschmacklich überzeugt! Neben den *****Gans/z***** leckeren Klassikern war es besonders sympathisch, dass auch weitere Gerichte auf der Karte standen (von Zander, Wild, über Perlhuhn bis hin zu Steak), so dass wirklich für alle etwas dabei war.  Liebes Pankoff-Team: Wir wünschen euch einen Super-Jahreswechsel mit wohlverdienter kleiner Pause zum Durchatmen und freuen uns auf euch und gastronomische Highlights in 2018!','5');
INSERT INTO "USER_REVIEW" ("RESTAURANT_ID","REVIEW_DATE","COMMENT","REVIEW_RATING")VALUES('50670652','2017-12-27','Sehr gutes Preis Leistung Verhältnis , freundliches Personal.Das Restaurant ist sehr zu empfehlen.','5');
INSERT INTO "USER_REVIEW" ("RESTAURANT_ID","REVIEW_DATE","COMMENT","REVIEW_RATING")VALUES('50670652','2017-10-02','Gefällt mir nicht!','3');
INSERT INTO "LOCATION" ("LOCATION_ID","LOCATION_TYPE","ADDRESS","LONGITUDE","LATITUDE")VALUES('318','R','Hasenheide 1010967 BerlinGermany','13.42201','52.4873');
INSERT INTO "RESTAURANT" ("RESTAURANT_ID","PRICERANGE","PHONE_NUMBER","WEBSITE")VALUES('58361981','€','+49 30 61625959','hamycafe.de');
INSERT INTO "CUISINE" ("RESTAURANT_ID","CUISINE_TYPE")VALUES('58361981','Vietnamese');
INSERT INTO "RESTAURANT_RATING" ("RESTAURANT_ID","SCALE","OVERALL_RATING","SOURCE")VALUES('58361981','5','4.0','Yelp');
INSERT INTO "RESTAURANT_FEATURE" ("RESTAURANT_ID","FEATURE_NAME","DESCRIPTION")VALUES('58361981','Takes Reservations','No');
INSERT INTO "RESTAURANT_FEATURE" ("RESTAURANT_ID","FEATURE_NAME","DESCRIPTION")VALUES('58361981','Delivery','No');
INSERT INTO "RESTAURANT_FEATURE" ("RESTAURANT_ID","FEATURE_NAME","DESCRIPTION")VALUES('58361981','Take-out','Yes');
INSERT INTO "RESTAURANT_FEATURE" ("RESTAURANT_ID","FEATURE_NAME","DESCRIPTION")VALUES('58361981','Accepted Cards','None');
INSERT INTO "RESTAURANT_FEATURE" ("RESTAURANT_ID","FEATURE_NAME","DESCRIPTION")VALUES('58361981','Good For','Lunch');
INSERT INTO "RESTAURANT_FEATURE" ("RESTAURANT_ID","FEATURE_NAME","DESCRIPTION")VALUES('58361981','Parking','Street');
INSERT INTO "RESTAURANT_FEATURE" ("RESTAURANT_ID","FEATURE_NAME","DESCRIPTION")VALUES('58361981','Good for Kids','No');
INSERT INTO "RESTAURANT_FEATURE" ("RESTAURANT_ID","FEATURE_NAME","DESCRIPTION")VALUES('58361981','Good for Groups','Yes');
INSERT INTO "RESTAURANT_FEATURE" ("RESTAURANT_ID","FEATURE_NAME","DESCRIPTION")VALUES('58361981','Attire','Casual');
INSERT INTO "RESTAURANT_FEATURE" ("RESTAURANT_ID","FEATURE_NAME","DESCRIPTION")VALUES('58361981','Ambience','Hipster, Casual');
INSERT INTO "RESTAURANT_FEATURE" ("RESTAURANT_ID","FEATURE_NAME","DESCRIPTION")VALUES('58361981','Noise Level','Loud');
INSERT INTO "RESTAURANT_FEATURE" ("RESTAURANT_ID","FEATURE_NAME","DESCRIPTION")VALUES('58361981','Alcohol','Beer & Wine Only');
INSERT INTO "RESTAURANT_FEATURE" ("RESTAURANT_ID","FEATURE_NAME","DESCRIPTION")VALUES('58361981','Outdoor Seating','Yes');
INSERT INTO "RESTAURANT_FEATURE" ("RESTAURANT_ID","FEATURE_NAME","DESCRIPTION")VALUES('58361981','Wi-Fi','No');
INSERT INTO "RESTAURANT_FEATURE" ("RESTAURANT_ID","FEATURE_NAME","DESCRIPTION")VALUES('58361981','Has TV','No');
INSERT INTO "RESTAURANT_FEATURE" ("RESTAURANT_ID","FEATURE_NAME","DESCRIPTION")VALUES('58361981','Caters','No');
INSERT INTO "OPENING_HOUR" ("DAY","RESTAURANT_ID","OPENING_TIME","CLOSING_TIME")VALUES('Mon','58361981','12:00 pm','12:00 am');
INSERT INTO "OPENING_HOUR" ("DAY","RESTAURANT_ID","OPENING_TIME","CLOSING_TIME")VALUES('Tue','58361981','12:00 pm','12:00 am');
INSERT INTO "OPENING_HOUR" ("DAY","RESTAURANT_ID","OPENING_TIME","CLOSING_TIME")VALUES('Wed','58361981','12:00 pm','12:00 am');
INSERT INTO "OPENING_HOUR" ("DAY","RESTAURANT_ID","OPENING_TIME","CLOSING_TIME")VALUES('Thu','58361981','12:00 pm','12:00 am');
INSERT INTO "OPENING_HOUR" ("DAY","RESTAURANT_ID","OPENING_TIME","CLOSING_TIME")VALUES('Fri','58361981','12:00 pm','12:00 am');
INSERT INTO "OPENING_HOUR" ("DAY","RESTAURANT_ID","OPENING_TIME","CLOSING_TIME")VALUES('Sat','58361981','12:00 pm','12:00 am');
INSERT INTO "OPENING_HOUR" ("DAY","RESTAURANT_ID","OPENING_TIME","CLOSING_TIME")VALUES('Sun','58361981','Open now','12:00 am');
INSERT INTO "USER_REVIEW" ("RESTAURANT_ID","REVIEW_DATE","COMMENT","REVIEW_RATING")VALUES('58361981','2017-11-23 16:23:42','This place was recommended to me by some random person I met in a bar in Berlin. 

Get the curry special it''s one of the better curry''s I''ve ever tasted...','5');
INSERT INTO "PHOTO" ("RESTAURANT_ID","PICTURE_URL")VALUES('58361981','https://s3-media4.fl.yelpcdn.com/photo/erNK4cpsrmDkINU9DVhfFg/o.jpg');
INSERT INTO "USER_REVIEW" ("RESTAURANT_ID","REVIEW_DATE","COMMENT","REVIEW_RATING")VALUES('58361981','2017-12-14 07:01:19','This place is the bomb! The menu is in German but based on other reviews I ordered the chicken curry and my dad got the beef pho. Both were super delicious!...','5');
INSERT INTO "PHOTO" ("RESTAURANT_ID","PICTURE_URL")VALUES('58361981','https://s3-media1.fl.yelpcdn.com/photo/w6Sm4XbUuj4QcPl4md4lnw/o.jpg');
INSERT INTO "USER_REVIEW" ("RESTAURANT_ID","REVIEW_DATE","COMMENT","REVIEW_RATING")VALUES('58361981','2017-12-05 14:38:00','All the vegetarian dishes aren''t vegetarian. There is always chicken broth or fish sauce in it. That is criminal, don''t go there!','1');
INSERT INTO "PHOTO" ("RESTAURANT_ID","PICTURE_URL")VALUES('58361981','https://s3-media1.fl.yelpcdn.com/photo/8-ClEXE6A2EC0xSpVFHsMw/o.jpg');
INSERT INTO "RESTAURANT_RATING" ("RESTAURANT_ID","SCALE","OVERALL_RATING","SOURCE")VALUES('58361981','5','4.4','Google Map');
INSERT INTO "USER_REVIEW" ("RESTAURANT_ID","REVIEW_DATE","COMMENT","REVIEW_RATING")VALUES('58361981','2018-01-06','Don''t come here for a romantic meal with a loved one but if you need a quick Asian food fix in a functional setting,  at a cheap price then this is your spot without a doubt. In the great scheme of Berlin''s pan-Asian eateries you will never go far wrong here, especially at their low prices. 

They also have a load of seating outside for warmer days, pity it is on a main road..','4');
INSERT INTO "USER_REVIEW" ("RESTAURANT_ID","REVIEW_DATE","COMMENT","REVIEW_RATING")VALUES('58361981','2017-08-22','Extremely good and affordable Vietnamese. This is a very busy place, so don''t expect a luxurious restaurant experience. The service is very fast and very to the point. The food is fresh and cheap. Highly recommended for a cost-effective bite.','5');
INSERT INTO "USER_REVIEW" ("RESTAURANT_ID","REVIEW_DATE","COMMENT","REVIEW_RATING")VALUES('58361981','2018-01-20','Vietnamese food for 5 euros the dish. Super good. Try the mint drink!','5');
INSERT INTO "USER_REVIEW" ("RESTAURANT_ID","REVIEW_DATE","COMMENT","REVIEW_RATING")VALUES('58361981','2017-12-05','It can get very busy in Hamy''s, so dinner might be a bit rushed. However, the prices are great and food is delicious. Definitely worth it!','4');
INSERT INTO "USER_REVIEW" ("RESTAURANT_ID","REVIEW_DATE","COMMENT","REVIEW_RATING")VALUES('58361981','2017-08-07','The food is nice and the price is affordable. HOWEVER! the service is very rude! Last time I had to pay 4,90 for the dish and since the service was so bad I wanted my 10 cents back, but the guy didn''t even bother himself to give me the change. When I asked for it, he gave me change in 1 and 2 cents. These guys are interested in making lots of money, not in their customers!','1');
INSERT INTO "LOCATION" ("LOCATION_ID","LOCATION_TYPE","ADDRESS","LONGITUDE","LATITUDE")VALUES('319','R','Uhlandstr. 14210719 BerlinGermany','13.32414','52.49496');
INSERT INTO "RESTAURANT" ("RESTAURANT_ID","PRICERANGE","PHONE_NUMBER","WEBSITE")VALUES('32356650','Unknown','+49 1516 5522149','None');
INSERT INTO "CUISINE" ("RESTAURANT_ID","CUISINE_TYPE")VALUES('32356650','Arabian');
INSERT INTO "RESTAURANT_RATING" ("RESTAURANT_ID","SCALE","OVERALL_RATING","SOURCE")VALUES('32356650','5','5.0','Yelp');
INSERT INTO "OPENING_HOUR" ("DAY","RESTAURANT_ID","OPENING_TIME","CLOSING_TIME")VALUES('Mon','32356650','12:00 am','10:00 pm');
INSERT INTO "OPENING_HOUR" ("DAY","RESTAURANT_ID","OPENING_TIME","CLOSING_TIME")VALUES('Tue','32356650','12:00 am','10:00 pm');
INSERT INTO "OPENING_HOUR" ("DAY","RESTAURANT_ID","OPENING_TIME","CLOSING_TIME")VALUES('Wed','32356650','12:00 am','10:00 pm');
INSERT INTO "OPENING_HOUR" ("DAY","RESTAURANT_ID","OPENING_TIME","CLOSING_TIME")VALUES('Thu','32356650','12:00 am','10:00 pm');
INSERT INTO "OPENING_HOUR" ("DAY","RESTAURANT_ID","OPENING_TIME","CLOSING_TIME")VALUES('Fri','32356650','12:00 am','10:00 pm');
INSERT INTO "OPENING_HOUR" ("DAY","RESTAURANT_ID","OPENING_TIME","CLOSING_TIME")VALUES('Sat','32356650','Open now','10:00 pm');
INSERT INTO "USER_REVIEW" ("RESTAURANT_ID","REVIEW_DATE","COMMENT","REVIEW_RATING")VALUES('32356650','2017-12-08 23:07:48','I was supposed to give this place just 4 stars but the knafeh made me go "Woohoo!" at the end. 

A friend of mine wanted to go here, so when we decided to...','5');
INSERT INTO "PHOTO" ("RESTAURANT_ID","PICTURE_URL")VALUES('32356650','https://s3-media1.fl.yelpcdn.com/photo/ToTju2zYCHa7hPAMdeK58w/o.jpg');
INSERT INTO "USER_REVIEW" ("RESTAURANT_ID","REVIEW_DATE","COMMENT","REVIEW_RATING")VALUES('32356650','2017-11-26 06:28:00','What a great place.

We ordered A LOT of food: hummus, baba ganush, pickles, falafel, kababs, lamb chops and labane- all were great and served in generous...','5');
INSERT INTO "PHOTO" ("RESTAURANT_ID","PICTURE_URL")VALUES('32356650','https://s3-media2.fl.yelpcdn.com/photo/aUNSftFoAo5dYpT2a7C1qQ/o.jpg');
INSERT INTO "LOCATION" ("LOCATION_ID","LOCATION_TYPE","ADDRESS","LONGITUDE","LATITUDE")VALUES('320','R','Dircksenstr. 4010178 BerlinGermany','13.406771115','52.5236430741');
INSERT INTO "RESTAURANT" ("RESTAURANT_ID","PRICERANGE","PHONE_NUMBER","WEBSITE")VALUES('45665659','€€€','+49 30 28042560','atame-tapasbar.de');
INSERT INTO "CUISINE" ("RESTAURANT_ID","CUISINE_TYPE")VALUES('45665659','Bars');
INSERT INTO "CUISINE" ("RESTAURANT_ID","CUISINE_TYPE")VALUES('45665659','Tapas Bars');
INSERT INTO "CUISINE" ("RESTAURANT_ID","CUISINE_TYPE")VALUES('45665659','Spanish');
INSERT INTO "RESTAURANT_RATING" ("RESTAURANT_ID","SCALE","OVERALL_RATING","SOURCE")VALUES('45665659','5','4.0','Yelp');
INSERT INTO "RESTAURANT_FEATURE" ("RESTAURANT_ID","FEATURE_NAME","DESCRIPTION")VALUES('45665659','Takes Reservations','Yes');
INSERT INTO "RESTAURANT_FEATURE" ("RESTAURANT_ID","FEATURE_NAME","DESCRIPTION")VALUES('45665659','Delivery','No');
INSERT INTO "RESTAURANT_FEATURE" ("RESTAURANT_ID","FEATURE_NAME","DESCRIPTION")VALUES('45665659','Take-out','No');
INSERT INTO "RESTAURANT_FEATURE" ("RESTAURANT_ID","FEATURE_NAME","DESCRIPTION")VALUES('45665659','Accepted Cards','Credit, Debit');
INSERT INTO "RESTAURANT_FEATURE" ("RESTAURANT_ID","FEATURE_NAME","DESCRIPTION")VALUES('45665659','Parking','Street');
INSERT INTO "RESTAURANT_FEATURE" ("RESTAURANT_ID","FEATURE_NAME","DESCRIPTION")VALUES('45665659','Good for Kids','Yes');
INSERT INTO "RESTAURANT_FEATURE" ("RESTAURANT_ID","FEATURE_NAME","DESCRIPTION")VALUES('45665659','Good for Groups','Yes');
INSERT INTO "RESTAURANT_FEATURE" ("RESTAURANT_ID","FEATURE_NAME","DESCRIPTION")VALUES('45665659','Attire','Casual');
INSERT INTO "RESTAURANT_FEATURE" ("RESTAURANT_ID","FEATURE_NAME","DESCRIPTION")VALUES('45665659','Noise Level','Average');
INSERT INTO "RESTAURANT_FEATURE" ("RESTAURANT_ID","FEATURE_NAME","DESCRIPTION")VALUES('45665659','Alcohol','Full Bar');
INSERT INTO "RESTAURANT_FEATURE" ("RESTAURANT_ID","FEATURE_NAME","DESCRIPTION")VALUES('45665659','Outdoor Seating','Yes');
INSERT INTO "RESTAURANT_FEATURE" ("RESTAURANT_ID","FEATURE_NAME","DESCRIPTION")VALUES('45665659','Has TV','No');
INSERT INTO "RESTAURANT_FEATURE" ("RESTAURANT_ID","FEATURE_NAME","DESCRIPTION")VALUES('45665659','Has Pool Table','No');
INSERT INTO "OPENING_HOUR" ("DAY","RESTAURANT_ID","OPENING_TIME","CLOSING_TIME")VALUES('Mon','45665659','10:00 am','1:00 am');
INSERT INTO "OPENING_HOUR" ("DAY","RESTAURANT_ID","OPENING_TIME","CLOSING_TIME")VALUES('Tue','45665659','10:00 am','1:00 am');
INSERT INTO "OPENING_HOUR" ("DAY","RESTAURANT_ID","OPENING_TIME","CLOSING_TIME")VALUES('Wed','45665659','10:00 am','1:00 am');
INSERT INTO "OPENING_HOUR" ("DAY","RESTAURANT_ID","OPENING_TIME","CLOSING_TIME")VALUES('Thu','45665659','10:00 am','1:00 am');
INSERT INTO "OPENING_HOUR" ("DAY","RESTAURANT_ID","OPENING_TIME","CLOSING_TIME")VALUES('Fri','45665659','10:00 am','1:00 am');
INSERT INTO "OPENING_HOUR" ("DAY","RESTAURANT_ID","OPENING_TIME","CLOSING_TIME")VALUES('Sat','45665659','11:00 am','1:00 am');
INSERT INTO "OPENING_HOUR" ("DAY","RESTAURANT_ID","OPENING_TIME","CLOSING_TIME")VALUES('Sun','45665659','Open now','1:00 am');
INSERT INTO "USER_REVIEW" ("RESTAURANT_ID","REVIEW_DATE","COMMENT","REVIEW_RATING")VALUES('45665659','2015-01-29 06:35:52','A great Spanish experience in the heart of Berlin!

It''s more a tapas restaurant than a tapas bar even if you can indeed sit at the bar and enjoy the tapas....','5');
INSERT INTO "PHOTO" ("RESTAURANT_ID","PICTURE_URL")VALUES('45665659','https://s3-media2.fl.yelpcdn.com/photo/Obl3jbZujAyxhd60udAsNw/o.jpg');
INSERT INTO "USER_REVIEW" ("RESTAURANT_ID","REVIEW_DATE","COMMENT","REVIEW_RATING")VALUES('45665659','2016-07-18 12:43:11','A honest tapas place with good wine - we had chorizo, piementos de padron .... nice view to the Fernsehturm if u r sitting outside - super nice staff -...','4');
INSERT INTO "PHOTO" ("RESTAURANT_ID","PICTURE_URL")VALUES('45665659','https://s3-media2.fl.yelpcdn.com/photo/uLFR0WiJVP2Upz4Q5QBHcg/o.jpg');
INSERT INTO "USER_REVIEW" ("RESTAURANT_ID","REVIEW_DATE","COMMENT","REVIEW_RATING")VALUES('45665659','2014-03-29 15:42:44','Came here after seeing all the reviews on Yelp. It was great to see a tapas place in Berlin. The food was good and portions were plentiful. Prices seemed...','4');
INSERT INTO "PHOTO" ("RESTAURANT_ID","PICTURE_URL")VALUES('45665659','https://s3-media2.fl.yelpcdn.com/photo/waQptx-w0foRVSICLEJERg/o.jpg');
INSERT INTO "LOCATION" ("LOCATION_ID","LOCATION_TYPE","ADDRESS","LONGITUDE","LATITUDE")VALUES('321','R','Kaskelstr. 4910317 BerlinGermany','13.48184','52.50382');
INSERT INTO "RESTAURANT" ("RESTAURANT_ID","PRICERANGE","PHONE_NUMBER","WEBSITE")VALUES('94646425','€€','+49 30 55576067','xn--jelngerjelieber-2kb.de');
INSERT INTO "CUISINE" ("RESTAURANT_ID","CUISINE_TYPE")VALUES('94646425','German');
INSERT INTO "CUISINE" ("RESTAURANT_ID","CUISINE_TYPE")VALUES('94646425','International');
INSERT INTO "RESTAURANT_RATING" ("RESTAURANT_ID","SCALE","OVERALL_RATING","SOURCE")VALUES('94646425','5','4.5','Yelp');
INSERT INTO "RESTAURANT_FEATURE" ("RESTAURANT_ID","FEATURE_NAME","DESCRIPTION")VALUES('94646425','Takes Reservations','Yes');
INSERT INTO "RESTAURANT_FEATURE" ("RESTAURANT_ID","FEATURE_NAME","DESCRIPTION")VALUES('94646425','Delivery','No');
INSERT INTO "RESTAURANT_FEATURE" ("RESTAURANT_ID","FEATURE_NAME","DESCRIPTION")VALUES('94646425','Take-out','Yes');
INSERT INTO "RESTAURANT_FEATURE" ("RESTAURANT_ID","FEATURE_NAME","DESCRIPTION")VALUES('94646425','Accepted Cards','None');
INSERT INTO "RESTAURANT_FEATURE" ("RESTAURANT_ID","FEATURE_NAME","DESCRIPTION")VALUES('94646425','Good For','Dinner');
INSERT INTO "RESTAURANT_FEATURE" ("RESTAURANT_ID","FEATURE_NAME","DESCRIPTION")VALUES('94646425','Parking','Street');
INSERT INTO "RESTAURANT_FEATURE" ("RESTAURANT_ID","FEATURE_NAME","DESCRIPTION")VALUES('94646425','Good for Kids','Yes');
INSERT INTO "RESTAURANT_FEATURE" ("RESTAURANT_ID","FEATURE_NAME","DESCRIPTION")VALUES('94646425','Good for Groups','Yes');
INSERT INTO "RESTAURANT_FEATURE" ("RESTAURANT_ID","FEATURE_NAME","DESCRIPTION")VALUES('94646425','Attire','Casual');
INSERT INTO "RESTAURANT_FEATURE" ("RESTAURANT_ID","FEATURE_NAME","DESCRIPTION")VALUES('94646425','Ambience','Intimate');
INSERT INTO "RESTAURANT_FEATURE" ("RESTAURANT_ID","FEATURE_NAME","DESCRIPTION")VALUES('94646425','Noise Level','Average');
INSERT INTO "RESTAURANT_FEATURE" ("RESTAURANT_ID","FEATURE_NAME","DESCRIPTION")VALUES('94646425','Alcohol','Beer & Wine Only');
INSERT INTO "RESTAURANT_FEATURE" ("RESTAURANT_ID","FEATURE_NAME","DESCRIPTION")VALUES('94646425','Outdoor Seating','Yes');
INSERT INTO "RESTAURANT_FEATURE" ("RESTAURANT_ID","FEATURE_NAME","DESCRIPTION")VALUES('94646425','Wi-Fi','Free');
INSERT INTO "RESTAURANT_FEATURE" ("RESTAURANT_ID","FEATURE_NAME","DESCRIPTION")VALUES('94646425','Has TV','Yes');
INSERT INTO "RESTAURANT_FEATURE" ("RESTAURANT_ID","FEATURE_NAME","DESCRIPTION")VALUES('94646425','Caters','Yes');
INSERT INTO "OPENING_HOUR" ("DAY","RESTAURANT_ID","OPENING_TIME","CLOSING_TIME")VALUES('Mon','94646425','5:00 pm','1:00 am');
INSERT INTO "OPENING_HOUR" ("DAY","RESTAURANT_ID","OPENING_TIME","CLOSING_TIME")VALUES('Tue','94646425','5:00 pm','1:00 am');
INSERT INTO "OPENING_HOUR" ("DAY","RESTAURANT_ID","OPENING_TIME","CLOSING_TIME")VALUES('Wed','94646425','5:00 pm','1:00 am');
INSERT INTO "OPENING_HOUR" ("DAY","RESTAURANT_ID","OPENING_TIME","CLOSING_TIME")VALUES('Thu','94646425','5:00 pm','1:00 am');
INSERT INTO "OPENING_HOUR" ("DAY","RESTAURANT_ID","OPENING_TIME","CLOSING_TIME")VALUES('Fri','94646425','5:00 pm','1:00 am');
INSERT INTO "OPENING_HOUR" ("DAY","RESTAURANT_ID","OPENING_TIME","CLOSING_TIME")VALUES('Sat','94646425','5:00 pm','1:00 am');
INSERT INTO "OPENING_HOUR" ("DAY","RESTAURANT_ID","OPENING_TIME","CLOSING_TIME")VALUES('Sun','94646425','Open now','1:00 am');
INSERT INTO "USER_REVIEW" ("RESTAURANT_ID","REVIEW_DATE","COMMENT","REVIEW_RATING")VALUES('94646425','2017-02-14 11:08:22','I''m in Berlin in business and this fantastic place is close by. I''d been here before but have been coming in pretty regularly. It''s fantastic. Great food in...','5');
INSERT INTO "PHOTO" ("RESTAURANT_ID","PICTURE_URL")VALUES('94646425','https://s3-media1.fl.yelpcdn.com/photo/2ZNcTE5pCM9vEO5TTplBBw/o.jpg');
INSERT INTO "USER_REVIEW" ("RESTAURANT_ID","REVIEW_DATE","COMMENT","REVIEW_RATING")VALUES('94646425','2009-05-23 04:04:16','Cosy little Public House, apart from the overcrowded Friedrichshain area.


 The small staff is working hard for the guests. Although it is a new pub, run...','4');
INSERT INTO "PHOTO" ("RESTAURANT_ID","PICTURE_URL")VALUES('94646425','https://s3-media1.fl.yelpcdn.com/photo/9IecWtshDyy2hR5z0JFhig/o.jpg');
INSERT INTO "LOCATION" ("LOCATION_ID","LOCATION_TYPE","ADDRESS","LONGITUDE","LATITUDE")VALUES('322','R','Borussiastr. 6212103 BerlinGermany','13.38241','52.46721');
INSERT INTO "RESTAURANT" ("RESTAURANT_ID","PRICERANGE","PHONE_NUMBER","WEBSITE")VALUES('14601481','€€','+49 30 7742009','restaurant-amera.de');
INSERT INTO "CUISINE" ("RESTAURANT_ID","CUISINE_TYPE")VALUES('14601481','Italian');
INSERT INTO "RESTAURANT_RATING" ("RESTAURANT_ID","SCALE","OVERALL_RATING","SOURCE")VALUES('14601481','5','4.5','Yelp');
INSERT INTO "RESTAURANT_FEATURE" ("RESTAURANT_ID","FEATURE_NAME","DESCRIPTION")VALUES('14601481','Takes Reservations','Yes');
INSERT INTO "RESTAURANT_FEATURE" ("RESTAURANT_ID","FEATURE_NAME","DESCRIPTION")VALUES('14601481','Delivery','No');
INSERT INTO "RESTAURANT_FEATURE" ("RESTAURANT_ID","FEATURE_NAME","DESCRIPTION")VALUES('14601481','Take-out','Yes');
INSERT INTO "RESTAURANT_FEATURE" ("RESTAURANT_ID","FEATURE_NAME","DESCRIPTION")VALUES('14601481','Accepted Cards','Credit');
INSERT INTO "RESTAURANT_FEATURE" ("RESTAURANT_ID","FEATURE_NAME","DESCRIPTION")VALUES('14601481','Parking','Street');
INSERT INTO "RESTAURANT_FEATURE" ("RESTAURANT_ID","FEATURE_NAME","DESCRIPTION")VALUES('14601481','Good for Kids','Yes');
INSERT INTO "RESTAURANT_FEATURE" ("RESTAURANT_ID","FEATURE_NAME","DESCRIPTION")VALUES('14601481','Good for Groups','Yes');
INSERT INTO "RESTAURANT_FEATURE" ("RESTAURANT_ID","FEATURE_NAME","DESCRIPTION")VALUES('14601481','Attire','Casual');
INSERT INTO "RESTAURANT_FEATURE" ("RESTAURANT_ID","FEATURE_NAME","DESCRIPTION")VALUES('14601481','Ambience','Casual');
INSERT INTO "RESTAURANT_FEATURE" ("RESTAURANT_ID","FEATURE_NAME","DESCRIPTION")VALUES('14601481','Noise Level','Quiet');
INSERT INTO "RESTAURANT_FEATURE" ("RESTAURANT_ID","FEATURE_NAME","DESCRIPTION")VALUES('14601481','Alcohol','Beer & Wine Only');
INSERT INTO "RESTAURANT_FEATURE" ("RESTAURANT_ID","FEATURE_NAME","DESCRIPTION")VALUES('14601481','Outdoor Seating','Yes');
INSERT INTO "RESTAURANT_FEATURE" ("RESTAURANT_ID","FEATURE_NAME","DESCRIPTION")VALUES('14601481','Wi-Fi','No');
INSERT INTO "RESTAURANT_FEATURE" ("RESTAURANT_ID","FEATURE_NAME","DESCRIPTION")VALUES('14601481','Has TV','No');
INSERT INTO "OPENING_HOUR" ("DAY","RESTAURANT_ID","OPENING_TIME","CLOSING_TIME")VALUES('Mon','14601481','12:00 pm','12:00 am');
INSERT INTO "OPENING_HOUR" ("DAY","RESTAURANT_ID","OPENING_TIME","CLOSING_TIME")VALUES('Tue','14601481','12:00 pm','12:00 am');
INSERT INTO "OPENING_HOUR" ("DAY","RESTAURANT_ID","OPENING_TIME","CLOSING_TIME")VALUES('Wed','14601481','12:00 pm','12:00 am');
INSERT INTO "OPENING_HOUR" ("DAY","RESTAURANT_ID","OPENING_TIME","CLOSING_TIME")VALUES('Thu','14601481','12:00 pm','12:00 am');
INSERT INTO "OPENING_HOUR" ("DAY","RESTAURANT_ID","OPENING_TIME","CLOSING_TIME")VALUES('Fri','14601481','12:00 pm','12:00 am');
INSERT INTO "OPENING_HOUR" ("DAY","RESTAURANT_ID","OPENING_TIME","CLOSING_TIME")VALUES('Sat','14601481','12:00 pm','12:00 am');
INSERT INTO "OPENING_HOUR" ("DAY","RESTAURANT_ID","OPENING_TIME","CLOSING_TIME")VALUES('Sun','14601481','Open now','12:00 am');
INSERT INTO "USER_REVIEW" ("RESTAURANT_ID","REVIEW_DATE","COMMENT","REVIEW_RATING")VALUES('14601481','2011-07-05 11:26:50','A very cozy restaurant in Tempelhof for affordable and tasty Italian cuisine. It was really nice that the waitresses knew some English -- I am still in...','4');
INSERT INTO "PHOTO" ("RESTAURANT_ID","PICTURE_URL")VALUES('14601481','https://s3-media2.fl.yelpcdn.com/photo/3dSJmu_0_4-MJ0eQEOAVwA/o.jpg');
INSERT INTO "USER_REVIEW" ("RESTAURANT_ID","REVIEW_DATE","COMMENT","REVIEW_RATING")VALUES('14601481','2015-11-13 14:44:19','Fabulous, authentic, food. Warm, comfy, family (I went with my teenager) atmosphere. Super nice waitress who was willing to translate the menu if we had...','5');
INSERT INTO "LOCATION" ("LOCATION_ID","LOCATION_TYPE","ADDRESS","LONGITUDE","LATITUDE")VALUES('323','R','Hufelandstr. 3110407 BerlinGermany','13.43429','52.53108');
INSERT INTO "RESTAURANT" ("RESTAURANT_ID","PRICERANGE","PHONE_NUMBER","WEBSITE")VALUES('53484463','€€','+49 176 31412700','mamasbanh.com');
INSERT INTO "CUISINE" ("RESTAURANT_ID","CUISINE_TYPE")VALUES('53484463','Vietnamese');
INSERT INTO "RESTAURANT_RATING" ("RESTAURANT_ID","SCALE","OVERALL_RATING","SOURCE")VALUES('53484463','5','5.0','Yelp');
INSERT INTO "RESTAURANT_FEATURE" ("RESTAURANT_ID","FEATURE_NAME","DESCRIPTION")VALUES('53484463','Takes Reservations','Yes');
INSERT INTO "RESTAURANT_FEATURE" ("RESTAURANT_ID","FEATURE_NAME","DESCRIPTION")VALUES('53484463','Delivery','No');
INSERT INTO "RESTAURANT_FEATURE" ("RESTAURANT_ID","FEATURE_NAME","DESCRIPTION")VALUES('53484463','Take-out','Yes');
INSERT INTO "RESTAURANT_FEATURE" ("RESTAURANT_ID","FEATURE_NAME","DESCRIPTION")VALUES('53484463','Good For','Lunch');
INSERT INTO "RESTAURANT_FEATURE" ("RESTAURANT_ID","FEATURE_NAME","DESCRIPTION")VALUES('53484463','Wheelchair Accessible','No');
INSERT INTO "RESTAURANT_FEATURE" ("RESTAURANT_ID","FEATURE_NAME","DESCRIPTION")VALUES('53484463','Good for Kids','Yes');
INSERT INTO "RESTAURANT_FEATURE" ("RESTAURANT_ID","FEATURE_NAME","DESCRIPTION")VALUES('53484463','Good for Groups','Yes');
INSERT INTO "RESTAURANT_FEATURE" ("RESTAURANT_ID","FEATURE_NAME","DESCRIPTION")VALUES('53484463','Attire','Casual');
INSERT INTO "RESTAURANT_FEATURE" ("RESTAURANT_ID","FEATURE_NAME","DESCRIPTION")VALUES('53484463','Noise Level','Average');
INSERT INTO "RESTAURANT_FEATURE" ("RESTAURANT_ID","FEATURE_NAME","DESCRIPTION")VALUES('53484463','Alcohol','Full Bar');
INSERT INTO "RESTAURANT_FEATURE" ("RESTAURANT_ID","FEATURE_NAME","DESCRIPTION")VALUES('53484463','Outdoor Seating','Yes');
INSERT INTO "RESTAURANT_FEATURE" ("RESTAURANT_ID","FEATURE_NAME","DESCRIPTION")VALUES('53484463','Wi-Fi','No');
INSERT INTO "RESTAURANT_FEATURE" ("RESTAURANT_ID","FEATURE_NAME","DESCRIPTION")VALUES('53484463','Has TV','No');
INSERT INTO "RESTAURANT_FEATURE" ("RESTAURANT_ID","FEATURE_NAME","DESCRIPTION")VALUES('53484463','Waiter Service','Yes');
INSERT INTO "RESTAURANT_FEATURE" ("RESTAURANT_ID","FEATURE_NAME","DESCRIPTION")VALUES('53484463','Caters','Yes');
INSERT INTO "OPENING_HOUR" ("DAY","RESTAURANT_ID","OPENING_TIME","CLOSING_TIME")VALUES('Mon','53484463','6:00 pm','10:00 pm');
INSERT INTO "OPENING_HOUR" ("DAY","RESTAURANT_ID","OPENING_TIME","CLOSING_TIME")VALUES('Tue','53484463','12:00 pm','10:00 pm');
INSERT INTO "OPENING_HOUR" ("DAY","RESTAURANT_ID","OPENING_TIME","CLOSING_TIME")VALUES('Wed','53484463','12:00 pm','10:00 pm');
INSERT INTO "OPENING_HOUR" ("DAY","RESTAURANT_ID","OPENING_TIME","CLOSING_TIME")VALUES('Thu','53484463','12:00 pm','10:00 pm');
INSERT INTO "OPENING_HOUR" ("DAY","RESTAURANT_ID","OPENING_TIME","CLOSING_TIME")VALUES('Fri','53484463','12:00 pm','10:00 pm');
INSERT INTO "OPENING_HOUR" ("DAY","RESTAURANT_ID","OPENING_TIME","CLOSING_TIME")VALUES('Sat','53484463','12:00 pm','10:00 pm');
INSERT INTO "OPENING_HOUR" ("DAY","RESTAURANT_ID","OPENING_TIME","CLOSING_TIME")VALUES('Sun','53484463','Open now','10:00 pm');
INSERT INTO "USER_REVIEW" ("RESTAURANT_ID","REVIEW_DATE","COMMENT","REVIEW_RATING")VALUES('53484463','2017-03-25 10:03:27','A chic new Vietnamese Restaurant with lots of options for vegans and vegetarians. We had the vegan crispy pancake, tapioca dumplings, tofu and noodle salad...','5');
INSERT INTO "PHOTO" ("RESTAURANT_ID","PICTURE_URL")VALUES('53484463','https://s3-media2.fl.yelpcdn.com/photo/v7xohxtFtIcSpQrJNng91Q/o.jpg');
INSERT INTO "USER_REVIEW" ("RESTAURANT_ID","REVIEW_DATE","COMMENT","REVIEW_RATING")VALUES('53484463','2017-04-10 12:00:16','Very good Vietnamese "appetizers"; in fact only had a collection of those. Tapioka dumplings? You get them; chewy, delicious stuffing (and gluten free, like...','5');
INSERT INTO "USER_REVIEW" ("RESTAURANT_ID","REVIEW_DATE","COMMENT","REVIEW_RATING")VALUES('53484463','2017-04-29 04:36:27','Very good food! The fresh springrolls were delicious, and the papaya salad was to die for. However, we did not like the bao. A bit too greasy and with an...','5');
INSERT INTO "PHOTO" ("RESTAURANT_ID","PICTURE_URL")VALUES('53484463','https://s3-media3.fl.yelpcdn.com/photo/umdGs0AGkB1e0L0XFuyO6Q/o.jpg');
INSERT INTO "RESTAURANT_RATING" ("RESTAURANT_ID","SCALE","OVERALL_RATING","SOURCE")VALUES('53484463','5','4.8','Google Map');
INSERT INTO "USER_REVIEW" ("RESTAURANT_ID","REVIEW_DATE","COMMENT","REVIEW_RATING")VALUES('53484463','2017-11-29','I really liked the place - cozy interiors, friendly stuff and a very good food, which was served within 10-15 min. 

We have tried a homemade udon noodles, and it was truly very yammi! Comes highly recommended ;) 

The prices are also very friendly - 8 to 9 euro for the main vegetarian course, 10 to 11 euro for the main course with meat. Tapas varies from 4 to 6 euro per dish. 

Great place to have a Vietnamese.','5');
INSERT INTO "USER_REVIEW" ("RESTAURANT_ID","REVIEW_DATE","COMMENT","REVIEW_RATING")VALUES('53484463','2017-10-13','I went with my friends to this restaurant for the first time.

The staff members are all friendly and the food are all delicious and authentic - they even offer vegan food which is also tasty.

Would recommend it for everyone. And fresh made!','5');
INSERT INTO "USER_REVIEW" ("RESTAURANT_ID","REVIEW_DATE","COMMENT","REVIEW_RATING")VALUES('53484463','2017-08-11','Best Vietnamese restaurant hands-down. Family- run, delicious and fresh food.  I highly recommend the pancakes with tofu (wrapped in lettuce leaves), Banh uot (ricepaper wraps with pork and mushroom), glass noodle dish with prawns,  and the duck noodles.  Value for money is super high- especially considering the quality of the ingredients. I go here at least once a week and it''s been my staple here in Berlin. Outdoor seating when the weather is nice, and the interior has these beautiful historical tiles. The two sons who run the restaurant are the nicest guys - and the mom in the kitchen is just amazing. It''s a rare find to see a restaurant operated with so much love and each family member contributing such a large part of the success of this place.  Wish I could rate this place higher than 5 stars because it deserves every accolade it gets.','5');
INSERT INTO "USER_REVIEW" ("RESTAURANT_ID","REVIEW_DATE","COMMENT","REVIEW_RATING")VALUES('53484463','2018-01-11','Excellent Vietnamese food with very friendly staff.','5');
INSERT INTO "USER_REVIEW" ("RESTAURANT_ID","REVIEW_DATE","COMMENT","REVIEW_RATING")VALUES('53484463','2017-08-26','Really nice place. The staff is very friendly and the food is delicious and interesting','5');
INSERT INTO "LOCATION" ("LOCATION_ID","LOCATION_TYPE","ADDRESS","LONGITUDE","LATITUDE")VALUES('324','R','Weinbergsweg 2510119 BerlinGermany','13.40147','52.53074');
INSERT INTO "RESTAURANT" ("RESTAURANT_ID","PRICERANGE","PHONE_NUMBER","WEBSITE")VALUES('20060300','€€','+49 30 66408355','restaurant-sauerkraut.de');
INSERT INTO "CUISINE" ("RESTAURANT_ID","CUISINE_TYPE")VALUES('20060300','Burgers');
INSERT INTO "CUISINE" ("RESTAURANT_ID","CUISINE_TYPE")VALUES('20060300','Curry Sausage');
INSERT INTO "RESTAURANT_RATING" ("RESTAURANT_ID","SCALE","OVERALL_RATING","SOURCE")VALUES('20060300','5','4.0','Yelp');
INSERT INTO "RESTAURANT_FEATURE" ("RESTAURANT_ID","FEATURE_NAME","DESCRIPTION")VALUES('20060300','Takes Reservations','Yes');
INSERT INTO "RESTAURANT_FEATURE" ("RESTAURANT_ID","FEATURE_NAME","DESCRIPTION")VALUES('20060300','Delivery','No');
INSERT INTO "RESTAURANT_FEATURE" ("RESTAURANT_ID","FEATURE_NAME","DESCRIPTION")VALUES('20060300','Take-out','No');
INSERT INTO "RESTAURANT_FEATURE" ("RESTAURANT_ID","FEATURE_NAME","DESCRIPTION")VALUES('20060300','Accepted Cards','Credit, Debit');
INSERT INTO "RESTAURANT_FEATURE" ("RESTAURANT_ID","FEATURE_NAME","DESCRIPTION")VALUES('20060300','Good for Kids','No');
INSERT INTO "RESTAURANT_FEATURE" ("RESTAURANT_ID","FEATURE_NAME","DESCRIPTION")VALUES('20060300','Good for Groups','Yes');
INSERT INTO "RESTAURANT_FEATURE" ("RESTAURANT_ID","FEATURE_NAME","DESCRIPTION")VALUES('20060300','Attire','Casual');
INSERT INTO "RESTAURANT_FEATURE" ("RESTAURANT_ID","FEATURE_NAME","DESCRIPTION")VALUES('20060300','Ambience','Casual');
INSERT INTO "RESTAURANT_FEATURE" ("RESTAURANT_ID","FEATURE_NAME","DESCRIPTION")VALUES('20060300','Noise Level','Average');
INSERT INTO "RESTAURANT_FEATURE" ("RESTAURANT_ID","FEATURE_NAME","DESCRIPTION")VALUES('20060300','Alcohol','Full Bar');
INSERT INTO "RESTAURANT_FEATURE" ("RESTAURANT_ID","FEATURE_NAME","DESCRIPTION")VALUES('20060300','Outdoor Seating','Yes');
INSERT INTO "RESTAURANT_FEATURE" ("RESTAURANT_ID","FEATURE_NAME","DESCRIPTION")VALUES('20060300','Wi-Fi','No');
INSERT INTO "RESTAURANT_FEATURE" ("RESTAURANT_ID","FEATURE_NAME","DESCRIPTION")VALUES('20060300','Has TV','No');
INSERT INTO "RESTAURANT_FEATURE" ("RESTAURANT_ID","FEATURE_NAME","DESCRIPTION")VALUES('20060300','Caters','No');
INSERT INTO "OPENING_HOUR" ("DAY","RESTAURANT_ID","OPENING_TIME","CLOSING_TIME")VALUES('Mon','20060300','12:00 pm','1:00 am');
INSERT INTO "OPENING_HOUR" ("DAY","RESTAURANT_ID","OPENING_TIME","CLOSING_TIME")VALUES('Tue','20060300','12:00 pm','1:00 am');
INSERT INTO "OPENING_HOUR" ("DAY","RESTAURANT_ID","OPENING_TIME","CLOSING_TIME")VALUES('Wed','20060300','12:00 pm','1:00 am');
INSERT INTO "OPENING_HOUR" ("DAY","RESTAURANT_ID","OPENING_TIME","CLOSING_TIME")VALUES('Thu','20060300','12:00 pm','1:00 am');
INSERT INTO "OPENING_HOUR" ("DAY","RESTAURANT_ID","OPENING_TIME","CLOSING_TIME")VALUES('Fri','20060300','12:00 pm','1:00 am');
INSERT INTO "OPENING_HOUR" ("DAY","RESTAURANT_ID","OPENING_TIME","CLOSING_TIME")VALUES('Sat','20060300','12:00 pm','1:00 am');
INSERT INTO "OPENING_HOUR" ("DAY","RESTAURANT_ID","OPENING_TIME","CLOSING_TIME")VALUES('Sun','20060300','Open now','1:00 am');
INSERT INTO "USER_REVIEW" ("RESTAURANT_ID","REVIEW_DATE","COMMENT","REVIEW_RATING")VALUES('20060300','2017-08-18 03:22:03','Came in on a Tuesday night for dinner and there was no wait! The server was friendly and the decor/vibe of the place was modern yet chic. I ordered the...','4');
INSERT INTO "PHOTO" ("RESTAURANT_ID","PICTURE_URL")VALUES('20060300','https://s3-media1.fl.yelpcdn.com/photo/L2pvqwcpMGxUk2tNFcDnMA/o.jpg');
INSERT INTO "USER_REVIEW" ("RESTAURANT_ID","REVIEW_DATE","COMMENT","REVIEW_RATING")VALUES('20060300','2017-05-07 19:47:03','Trendy place. We went on a Saturday evening and the place was plenty packed. Thankfully we (easily) made a reservation ahead of time. The menu has lots of...','3');
INSERT INTO "PHOTO" ("RESTAURANT_ID","PICTURE_URL")VALUES('20060300','https://s3-media3.fl.yelpcdn.com/photo/gMKG3jwZJCih4aUG7mDSIw/o.jpg');
INSERT INTO "USER_REVIEW" ("RESTAURANT_ID","REVIEW_DATE","COMMENT","REVIEW_RATING")VALUES('20060300','2017-12-17 12:58:03','Cool winter evening, perfect spot.  Service was friendly, beef stroganoff was delicious and truffle cheese-spatzle was amazing.  For dessert we shared the...','4');
INSERT INTO "PHOTO" ("RESTAURANT_ID","PICTURE_URL")VALUES('20060300','https://s3-media3.fl.yelpcdn.com/photo/jiWENhMLwSNWf6v8d9uIFw/o.jpg');
INSERT INTO "LOCATION" ("LOCATION_ID","LOCATION_TYPE","ADDRESS","LONGITUDE","LATITUDE")VALUES('325','R','Budapester Str. 1110787 BerlinGermany','13.3463','52.50652');
INSERT INTO "RESTAURANT" ("RESTAURANT_ID","PRICERANGE","PHONE_NUMBER","WEBSITE")VALUES('33346831','€€','+49 30 3049331','None');
INSERT INTO "CUISINE" ("RESTAURANT_ID","CUISINE_TYPE")VALUES('33346831','Italian');
INSERT INTO "CUISINE" ("RESTAURANT_ID","CUISINE_TYPE")VALUES('33346831','Pizza');
INSERT INTO "RESTAURANT_RATING" ("RESTAURANT_ID","SCALE","OVERALL_RATING","SOURCE")VALUES('33346831','5','4.0','Yelp');
INSERT INTO "RESTAURANT_FEATURE" ("RESTAURANT_ID","FEATURE_NAME","DESCRIPTION")VALUES('33346831','Takes Reservations','Yes');
INSERT INTO "RESTAURANT_FEATURE" ("RESTAURANT_ID","FEATURE_NAME","DESCRIPTION")VALUES('33346831','Delivery','No');
INSERT INTO "RESTAURANT_FEATURE" ("RESTAURANT_ID","FEATURE_NAME","DESCRIPTION")VALUES('33346831','Take-out','Yes');
INSERT INTO "RESTAURANT_FEATURE" ("RESTAURANT_ID","FEATURE_NAME","DESCRIPTION")VALUES('33346831','Accepted Cards','Credit, Debit');
INSERT INTO "RESTAURANT_FEATURE" ("RESTAURANT_ID","FEATURE_NAME","DESCRIPTION")VALUES('33346831','Good for Kids','Yes');
INSERT INTO "RESTAURANT_FEATURE" ("RESTAURANT_ID","FEATURE_NAME","DESCRIPTION")VALUES('33346831','Good for Groups','Yes');
INSERT INTO "RESTAURANT_FEATURE" ("RESTAURANT_ID","FEATURE_NAME","DESCRIPTION")VALUES('33346831','Attire','Casual');
INSERT INTO "RESTAURANT_FEATURE" ("RESTAURANT_ID","FEATURE_NAME","DESCRIPTION")VALUES('33346831','Noise Level','Quiet');
INSERT INTO "RESTAURANT_FEATURE" ("RESTAURANT_ID","FEATURE_NAME","DESCRIPTION")VALUES('33346831','Alcohol','Full Bar');
INSERT INTO "RESTAURANT_FEATURE" ("RESTAURANT_ID","FEATURE_NAME","DESCRIPTION")VALUES('33346831','Outdoor Seating','Yes');
INSERT INTO "RESTAURANT_FEATURE" ("RESTAURANT_ID","FEATURE_NAME","DESCRIPTION")VALUES('33346831','Wi-Fi','Free');
INSERT INTO "RESTAURANT_FEATURE" ("RESTAURANT_ID","FEATURE_NAME","DESCRIPTION")VALUES('33346831','Has TV','No');
INSERT INTO "RESTAURANT_FEATURE" ("RESTAURANT_ID","FEATURE_NAME","DESCRIPTION")VALUES('33346831','Dogs Allowed','No');
INSERT INTO "RESTAURANT_FEATURE" ("RESTAURANT_ID","FEATURE_NAME","DESCRIPTION")VALUES('33346831','Waiter Service','Yes');
INSERT INTO "RESTAURANT_FEATURE" ("RESTAURANT_ID","FEATURE_NAME","DESCRIPTION")VALUES('33346831','Caters','Yes');
INSERT INTO "OPENING_HOUR" ("DAY","RESTAURANT_ID","OPENING_TIME","CLOSING_TIME")VALUES('Mon','33346831','12:00 pm','11:00 pm');
INSERT INTO "OPENING_HOUR" ("DAY","RESTAURANT_ID","OPENING_TIME","CLOSING_TIME")VALUES('Tue','33346831','12:00 pm','11:00 pm');
INSERT INTO "OPENING_HOUR" ("DAY","RESTAURANT_ID","OPENING_TIME","CLOSING_TIME")VALUES('Wed','33346831','12:00 pm','11:00 pm');
INSERT INTO "OPENING_HOUR" ("DAY","RESTAURANT_ID","OPENING_TIME","CLOSING_TIME")VALUES('Thu','33346831','12:00 pm','11:00 pm');
INSERT INTO "OPENING_HOUR" ("DAY","RESTAURANT_ID","OPENING_TIME","CLOSING_TIME")VALUES('Fri','33346831','12:00 pm','11:00 pm');
INSERT INTO "OPENING_HOUR" ("DAY","RESTAURANT_ID","OPENING_TIME","CLOSING_TIME")VALUES('Sat','33346831','12:00 pm','11:00 pm');
INSERT INTO "OPENING_HOUR" ("DAY","RESTAURANT_ID","OPENING_TIME","CLOSING_TIME")VALUES('Sun','33346831','Open now','11:00 pm');
INSERT INTO "USER_REVIEW" ("RESTAURANT_ID","REVIEW_DATE","COMMENT","REVIEW_RATING")VALUES('33346831','2017-05-01 13:28:47','We stayed nearby at the InterConti hotel and were looking for a low-key place to have dinner. We were happy with the experience at La Sardegna, which had...','4');
INSERT INTO "PHOTO" ("RESTAURANT_ID","PICTURE_URL")VALUES('33346831','https://s3-media1.fl.yelpcdn.com/photo/1BvZw7rweJmxzb4OHkBoIw/o.jpg');
INSERT INTO "USER_REVIEW" ("RESTAURANT_ID","REVIEW_DATE","COMMENT","REVIEW_RATING")VALUES('33346831','2017-06-18 12:04:16','Found this restaurant as I walked out of the Intercontinental Hotel. The Penne Arrabbiata was delicious as was the spinach ravioli and ensalada mixta. I...','4');
INSERT INTO "USER_REVIEW" ("RESTAURANT_ID","REVIEW_DATE","COMMENT","REVIEW_RATING")VALUES('33346831','2015-10-31 13:14:21','Good but overpriced

This restaurant probably targets mostly tourists. Food was good, although I''d probably say not amazing, but a bit expensive. Wine is...','4');
INSERT INTO "PHOTO" ("RESTAURANT_ID","PICTURE_URL")VALUES('33346831','https://s3-media2.fl.yelpcdn.com/photo/KVfwvTr1BnHvSzMZeDyYKA/o.jpg');
INSERT INTO "LOCATION" ("LOCATION_ID","LOCATION_TYPE","ADDRESS","LONGITUDE","LATITUDE")VALUES('326','R','Stauffenbergstr. 2610785 BerlinGermany','13.363874','52.507499');
INSERT INTO "RESTAURANT" ("RESTAURANT_ID","PRICERANGE","PHONE_NUMBER","WEBSITE")VALUES('46596165','€€€','None','None');
INSERT INTO "CUISINE" ("RESTAURANT_ID","CUISINE_TYPE")VALUES('46596165','German');
INSERT INTO "CUISINE" ("RESTAURANT_ID","CUISINE_TYPE")VALUES('46596165','Barbeque');
INSERT INTO "RESTAURANT_RATING" ("RESTAURANT_ID","SCALE","OVERALL_RATING","SOURCE")VALUES('46596165','5','4.5','Yelp');
INSERT INTO "USER_REVIEW" ("RESTAURANT_ID","REVIEW_DATE","COMMENT","REVIEW_RATING")VALUES('46596165','2016-07-04 06:33:11','Pros: 

Food
Price for  business lunch (lunch special in the U.S.) Even 50% off on wine
Good Service, not like most German restaurants I have...','5');
INSERT INTO "PHOTO" ("RESTAURANT_ID","PICTURE_URL")VALUES('46596165','https://s3-media2.fl.yelpcdn.com/photo/c0Ec6KIgwp5DP8mB22knVg/o.jpg');
INSERT INTO "USER_REVIEW" ("RESTAURANT_ID","REVIEW_DATE","COMMENT","REVIEW_RATING")VALUES('46596165','2014-10-09 09:55:13','The Grand restaurant M is on the ground floor of the elegant Hotel Maritime.  It is separate from the conference facilities, and even more upmarket.  The...','4');
INSERT INTO "PHOTO" ("RESTAURANT_ID","PICTURE_URL")VALUES('46596165','https://s3-media1.fl.yelpcdn.com/photo/ZjQ-pHW1klrN1-fo4kd44g/o.jpg');
INSERT INTO "USER_REVIEW" ("RESTAURANT_ID","REVIEW_DATE","COMMENT","REVIEW_RATING")VALUES('46596165','2011-02-16 08:52:54','My review is focused on the restaurant on the second floor. I attended a conference here for a week. This hotel is away from any other eating establishments...','3');
INSERT INTO "PHOTO" ("RESTAURANT_ID","PICTURE_URL")VALUES('46596165','https://s3-media2.fl.yelpcdn.com/photo/pLtsytK8TakMtHeLIo1WMQ/o.jpg');
INSERT INTO "LOCATION" ("LOCATION_ID","LOCATION_TYPE","ADDRESS","LONGITUDE","LATITUDE")VALUES('327','R','Straßmannstr. 4110249 BerlinGermany','13.45322','52.52319');
INSERT INTO "RESTAURANT" ("RESTAURANT_ID","PRICERANGE","PHONE_NUMBER","WEBSITE")VALUES('91968622','€€','None','None');
INSERT INTO "CUISINE" ("RESTAURANT_ID","CUISINE_TYPE")VALUES('91968622','Vietnamese');
INSERT INTO "CUISINE" ("RESTAURANT_ID","CUISINE_TYPE")VALUES('91968622','Pan Asian');
INSERT INTO "RESTAURANT_RATING" ("RESTAURANT_ID","SCALE","OVERALL_RATING","SOURCE")VALUES('91968622','5','4.0','Yelp');
INSERT INTO "USER_REVIEW" ("RESTAURANT_ID","REVIEW_DATE","COMMENT","REVIEW_RATING")VALUES('91968622','2017-12-20 20:06:21','The food here is delicious! 100% recommend. My favorite plate is the Vit Curry! Also the made a huge restyling of the restaurant.','5');
INSERT INTO "PHOTO" ("RESTAURANT_ID","PICTURE_URL")VALUES('91968622','https://s3-media2.fl.yelpcdn.com/photo/qzhNJ-NxABtUotpSgHwFRw/o.jpg');
INSERT INTO "USER_REVIEW" ("RESTAURANT_ID","REVIEW_DATE","COMMENT","REVIEW_RATING")VALUES('91968622','2016-03-03 21:30:43','There was a desperate need for noodles late at night and this did the trick. Extra points for the slightly crabby waiter. I loved him.','4');
INSERT INTO "PHOTO" ("RESTAURANT_ID","PICTURE_URL")VALUES('91968622','https://s3-media3.fl.yelpcdn.com/photo/v9UHXQwqJ5ZRYAzQ0mQqCw/o.jpg');
INSERT INTO "USER_REVIEW" ("RESTAURANT_ID","REVIEW_DATE","COMMENT","REVIEW_RATING")VALUES('91968622','2014-05-13 08:25:50','Well, as there is a lack of restaurants around my house area and I felt like something nice for lunch... I came here with a friend to dine
The waiters are...','3');
INSERT INTO "PHOTO" ("RESTAURANT_ID","PICTURE_URL")VALUES('91968622','https://s3-media3.fl.yelpcdn.com/photo/OMyf3aQmKEseEL32jppSDQ/o.jpg');
INSERT INTO "LOCATION" ("LOCATION_ID","LOCATION_TYPE","ADDRESS","LONGITUDE","LATITUDE")VALUES('328','R','Kaiserin-Augusta-Str. 7312103 BerlinGermany','13.381954','52.459394');
INSERT INTO "RESTAURANT" ("RESTAURANT_ID","PRICERANGE","PHONE_NUMBER","WEBSITE")VALUES('75828002','€€','None','None');
INSERT INTO "CUISINE" ("RESTAURANT_ID","CUISINE_TYPE")VALUES('75828002','Thai');
INSERT INTO "RESTAURANT_RATING" ("RESTAURANT_ID","SCALE","OVERALL_RATING","SOURCE")VALUES('75828002','5','4.5','Yelp');
INSERT INTO "USER_REVIEW" ("RESTAURANT_ID","REVIEW_DATE","COMMENT","REVIEW_RATING")VALUES('75828002','2015-03-25 07:58:23','Best Thai restaurant in Berlin. Very tasty food. Going there once a month since several years. 
Bestes Thai Restaurant in Berlin. Essen ist immer spitze und...','5');
INSERT INTO "PHOTO" ("RESTAURANT_ID","PICTURE_URL")VALUES('75828002','https://s3-media3.fl.yelpcdn.com/photo/L7O4803U5FgD8aO7FDIDBw/o.jpg');
INSERT INTO "RESTAURANT_RATING" ("RESTAURANT_ID","SCALE","OVERALL_RATING","SOURCE")VALUES('75828002','5','4.5','Google Map');
INSERT INTO "USER_REVIEW" ("RESTAURANT_ID","REVIEW_DATE","COMMENT","REVIEW_RATING")VALUES('75828002','2017-08-05','Great Thai restaurant very close to the U6 station. Food was excellent, service was quick, outside garden was lovely. Owners were very friendly. If you''re in the area, I would highly recommend it.','5');
INSERT INTO "USER_REVIEW" ("RESTAURANT_ID","REVIEW_DATE","COMMENT","REVIEW_RATING")VALUES('75828002','2017-10-28','The food was absolutely fabulous and
Authentic. Small unique Thai restaurant','5');
INSERT INTO "USER_REVIEW" ("RESTAURANT_ID","REVIEW_DATE","COMMENT","REVIEW_RATING")VALUES('75828002','2018-01-08','One of my favourites restaurants in Berlin! Delicious dishes!','5');
INSERT INTO "USER_REVIEW" ("RESTAURANT_ID","REVIEW_DATE","COMMENT","REVIEW_RATING")VALUES('75828002','2016-10-01','By far the best Thai Restaurant in Tempelhof-Schöneberg. 
Reservations on weekends recommended. 

We go about 3-4 times a week now, their menu is huge!','5');
INSERT INTO "USER_REVIEW" ("RESTAURANT_ID","REVIEW_DATE","COMMENT","REVIEW_RATING")VALUES('75828002','2017-03-20','Dishes were tasty and abundant, for those who love spicy stuff.','4');
INSERT INTO "LOCATION" ("LOCATION_ID","LOCATION_TYPE","ADDRESS","LONGITUDE","LATITUDE")VALUES('329','R','Hallesches Ufer 3210963 BerlinGermany','13.38625','52.49906');
INSERT INTO "RESTAURANT" ("RESTAURANT_ID","PRICERANGE","PHONE_NUMBER","WEBSITE")VALUES('14142958','€','None','None');
INSERT INTO "CUISINE" ("RESTAURANT_ID","CUISINE_TYPE")VALUES('14142958','International');
INSERT INTO "RESTAURANT_RATING" ("RESTAURANT_ID","SCALE","OVERALL_RATING","SOURCE")VALUES('14142958','5','4.0','Yelp');
INSERT INTO "USER_REVIEW" ("RESTAURANT_ID","REVIEW_DATE","COMMENT","REVIEW_RATING")VALUES('14142958','2017-09-05 10:04:26','This menu was strictly pizza and not brick oven pizza. A few salad options but will not be returning.','1');
INSERT INTO "LOCATION" ("LOCATION_ID","LOCATION_TYPE","ADDRESS","LONGITUDE","LATITUDE")VALUES('330','R','Motzstr. 3410777 BerlinGermany','13.346962','52.497575');
INSERT INTO "RESTAURANT" ("RESTAURANT_ID","PRICERANGE","PHONE_NUMBER","WEBSITE")VALUES('68038569','€€','None','None');
INSERT INTO "CUISINE" ("RESTAURANT_ID","CUISINE_TYPE")VALUES('68038569','Austrian');
INSERT INTO "RESTAURANT_RATING" ("RESTAURANT_ID","SCALE","OVERALL_RATING","SOURCE")VALUES('68038569','5','4.0','Yelp');
INSERT INTO "USER_REVIEW" ("RESTAURANT_ID","REVIEW_DATE","COMMENT","REVIEW_RATING")VALUES('68038569','2017-07-24 13:31:48','I visit sissi first time 
This place is located at motzstrasse 

Very tiny place the food was ok but the waiters was just  annoying , never get back to this...','1');
INSERT INTO "PHOTO" ("RESTAURANT_ID","PICTURE_URL")VALUES('68038569','https://s3-media2.fl.yelpcdn.com/photo/ptt-9XZY40-9NCZSTdPVtA/o.jpg');
INSERT INTO "USER_REVIEW" ("RESTAURANT_ID","REVIEW_DATE","COMMENT","REVIEW_RATING")VALUES('68038569','2017-03-25 01:11:03','I''ve bookmarked this place for years now and finally I have had a chance to try it. It''s a great place to get schnitzel!

We were here last night, after...','4');
INSERT INTO "PHOTO" ("RESTAURANT_ID","PICTURE_URL")VALUES('68038569','https://s3-media1.fl.yelpcdn.com/photo/ToTju2zYCHa7hPAMdeK58w/o.jpg');
INSERT INTO "USER_REVIEW" ("RESTAURANT_ID","REVIEW_DATE","COMMENT","REVIEW_RATING")VALUES('68038569','2017-10-22 04:07:02','We had dinner here last night and it was terrific. I started with a Syrian pumpkin soup that was amazing; my husband had a running-bean salad that he liked...','5');
INSERT INTO "RESTAURANT_RATING" ("RESTAURANT_ID","SCALE","OVERALL_RATING","SOURCE")VALUES('68038569','5','4.4','Google Map');
INSERT INTO "USER_REVIEW" ("RESTAURANT_ID","REVIEW_DATE","COMMENT","REVIEW_RATING")VALUES('68038569','2018-01-02','On new years day we could not get a table even when I have a reservation with restaurants like More so we ended walking into this lovely establishment and had a lovely time. They reserved a walk in table and we were served by Thomas who is the sommelier. Amazing food and service. Will go back','5');
INSERT INTO "USER_REVIEW" ("RESTAURANT_ID","REVIEW_DATE","COMMENT","REVIEW_RATING")VALUES('68038569','2017-09-14','Great, easy comfort food. Small menu, not a lot of options. Friendly staff, quick and easy service.','5');
INSERT INTO "USER_REVIEW" ("RESTAURANT_ID","REVIEW_DATE","COMMENT","REVIEW_RATING")VALUES('68038569','2017-10-12','Tiny restaurant but excellent food and wine. Don''t be afraid, try it','5');
INSERT INTO "USER_REVIEW" ("RESTAURANT_ID","REVIEW_DATE","COMMENT","REVIEW_RATING")VALUES('68038569','2017-03-21','Got recommendation to visit this restaurant from a friend''s friend, and we were just impressed by the great talent of the chef and especially the service level. I can easily say that service here was the best I have ever experienced in Europe. I would definitely recommend this place for visit. Ideal for friends gathering!','5');
INSERT INTO "USER_REVIEW" ("RESTAURANT_ID","REVIEW_DATE","COMMENT","REVIEW_RATING")VALUES('68038569','2017-12-10','Great food and service','5');
INSERT INTO "LOCATION" ("LOCATION_ID","LOCATION_TYPE","ADDRESS","LONGITUDE","LATITUDE")VALUES('331','R','Brückenstr. 410179 BerlinGermany','13.4173002','52.5122795');
INSERT INTO "RESTAURANT" ("RESTAURANT_ID","PRICERANGE","PHONE_NUMBER","WEBSITE")VALUES('30644208','€€','None','None');
INSERT INTO "CUISINE" ("RESTAURANT_ID","CUISINE_TYPE")VALUES('30644208','Italian');
INSERT INTO "RESTAURANT_RATING" ("RESTAURANT_ID","SCALE","OVERALL_RATING","SOURCE")VALUES('30644208','5','4.0','Yelp');
INSERT INTO "USER_REVIEW" ("RESTAURANT_ID","REVIEW_DATE","COMMENT","REVIEW_RATING")VALUES('30644208','2017-08-16 10:55:59','amazing, fresh and domestic food and nice service. good quality ingreadients. belissima!','5');
INSERT INTO "PHOTO" ("RESTAURANT_ID","PICTURE_URL")VALUES('30644208','https://s3-media2.fl.yelpcdn.com/photo/Iip_ou8oZ9fgS8UGx_CZNg/o.jpg');
INSERT INTO "USER_REVIEW" ("RESTAURANT_ID","REVIEW_DATE","COMMENT","REVIEW_RATING")VALUES('30644208','2011-09-22 01:14:24','Sehr systematische Bedienung mit echtem italienischen Flair, nicht wie viele andere Italiener hier in Deutschland. Das Essen ist wirklich frisch und...','4');
INSERT INTO "PHOTO" ("RESTAURANT_ID","PICTURE_URL")VALUES('30644208','https://s3-media2.fl.yelpcdn.com/photo/j9LRAo1iTidfdt8PvuARkQ/o.jpg');
INSERT INTO "USER_REVIEW" ("RESTAURANT_ID","REVIEW_DATE","COMMENT","REVIEW_RATING")VALUES('30644208','2009-08-26 07:06:56','Authentic Sardinian Cuisine in a very comfortable, authentic Berlin style. That means a little crazy, thrown together bit by bit in a don''t-give-a-darn way....','4');
INSERT INTO "LOCATION" ("LOCATION_ID","LOCATION_TYPE","ADDRESS","LONGITUDE","LATITUDE")VALUES('332','R','Yorckstr. 2210965 BerlinGermany','13.379695','52.492763');
INSERT INTO "RESTAURANT" ("RESTAURANT_ID","PRICERANGE","PHONE_NUMBER","WEBSITE")VALUES('35079963','€€','None','None');
INSERT INTO "CUISINE" ("RESTAURANT_ID","CUISINE_TYPE")VALUES('35079963','Caribbean');
INSERT INTO "RESTAURANT_RATING" ("RESTAURANT_ID","SCALE","OVERALL_RATING","SOURCE")VALUES('35079963','5','4.5','Yelp');
INSERT INTO "USER_REVIEW" ("RESTAURANT_ID","REVIEW_DATE","COMMENT","REVIEW_RATING")VALUES('35079963','2017-09-16 14:40:38','The absolute bees knees. Lovely food and the rum blows the face off you. Lovely people working there. Check it out!','5');
INSERT INTO "PHOTO" ("RESTAURANT_ID","PICTURE_URL")VALUES('35079963','https://s3-media3.fl.yelpcdn.com/photo/tFeTcBKwX2_Pkv38sJbKzg/o.jpg');
INSERT INTO "USER_REVIEW" ("RESTAURANT_ID","REVIEW_DATE","COMMENT","REVIEW_RATING")VALUES('35079963','2016-09-17 13:34:45','I was here earlier for dinner. And I have to say that I cannot share the enthusiasm of the other reviewers here. I would say that my experience was OK, but...','3');
INSERT INTO "PHOTO" ("RESTAURANT_ID","PICTURE_URL")VALUES('35079963','https://s3-media1.fl.yelpcdn.com/photo/ToTju2zYCHa7hPAMdeK58w/o.jpg');
INSERT INTO "USER_REVIEW" ("RESTAURANT_ID","REVIEW_DATE","COMMENT","REVIEW_RATING")VALUES('35079963','2017-04-07 13:53:41','One of my best meals in Berlin! Had the beef stew curry and it was incredible. Their homemade ginger beer is also delicious. Had some great conversation...','5');
INSERT INTO "PHOTO" ("RESTAURANT_ID","PICTURE_URL")VALUES('35079963','https://s3-media3.fl.yelpcdn.com/photo/pH3xaVzmYt7z60UPXHfvrg/o.jpg');
INSERT INTO "LOCATION" ("LOCATION_ID","LOCATION_TYPE","ADDRESS","LONGITUDE","LATITUDE")VALUES('333','R','Flinsberger Platz 814193 BerlinGermany','13.29008','52.4836');
INSERT INTO "RESTAURANT" ("RESTAURANT_ID","PRICERANGE","PHONE_NUMBER","WEBSITE")VALUES('15423063','€€€','None','None');
INSERT INTO "CUISINE" ("RESTAURANT_ID","CUISINE_TYPE")VALUES('15423063','Modern European');
INSERT INTO "RESTAURANT_RATING" ("RESTAURANT_ID","SCALE","OVERALL_RATING","SOURCE")VALUES('15423063','5','5.0','Yelp');
INSERT INTO "USER_REVIEW" ("RESTAURANT_ID","REVIEW_DATE","COMMENT","REVIEW_RATING")VALUES('15423063','2008-04-20 04:52:43','This is a restaurant located, strangely, in the premises of the Berlin-Grunewald Tennis Club, and is basically not too easy to get to with public transport....','5');
INSERT INTO "PHOTO" ("RESTAURANT_ID","PICTURE_URL")VALUES('15423063','https://s3-media2.fl.yelpcdn.com/photo/FLOT1S_CjNJ5D9_ThW-ewg/o.jpg');
INSERT INTO "RESTAURANT_RATING" ("RESTAURANT_ID","SCALE","OVERALL_RATING","SOURCE")VALUES('15423063','5','4.9','Google Map');
INSERT INTO "USER_REVIEW" ("RESTAURANT_ID","REVIEW_DATE","COMMENT","REVIEW_RATING")VALUES('15423063','2017-06-30','We had an incredible meal here. Easily the best in Berlin. Excellent wine suggestions, and expansive options. We had the surprise tasting course, and not a single dish disappointed.

The wait staff was very nice, and even Sonja came and said hello! I would highly recommend!','5');
INSERT INTO "USER_REVIEW" ("RESTAURANT_ID","REVIEW_DATE","COMMENT","REVIEW_RATING")VALUES('15423063','2017-09-08','I am so impressed with the food, services and wine paring!','5');
INSERT INTO "USER_REVIEW" ("RESTAURANT_ID","REVIEW_DATE","COMMENT","REVIEW_RATING")VALUES('15423063','2016-12-17','A bit out of the central but very much worth it. The food was nothing less than amazing, and so was the service. ','5');
INSERT INTO "USER_REVIEW" ("RESTAURANT_ID","REVIEW_DATE","COMMENT","REVIEW_RATING")VALUES('15423063','2016-12-17','Amazing food, had the best meal here. ','5');
INSERT INTO "USER_REVIEW" ("RESTAURANT_ID","REVIEW_DATE","COMMENT","REVIEW_RATING")VALUES('15423063','2018-01-15','Sowohl das Bistro als auch das Restaurant sind einfach toll. Super netter Service, gute Weinauswahl, sehr leckeres Essen. Hier stimmt einfach alles. Tolles Restaurant.','5');
INSERT INTO "LOCATION" ("LOCATION_ID","LOCATION_TYPE","ADDRESS","LONGITUDE","LATITUDE")VALUES('334','R','Leuschnerdamm 2510999 BerlinGermany','13.4175748419','52.5041479473');
INSERT INTO "RESTAURANT" ("RESTAURANT_ID","PRICERANGE","PHONE_NUMBER","WEBSITE")VALUES('45239438','€€','None','None');
INSERT INTO "CUISINE" ("RESTAURANT_ID","CUISINE_TYPE")VALUES('45239438','German');
INSERT INTO "CUISINE" ("RESTAURANT_ID","CUISINE_TYPE")VALUES('45239438','Dive Bars');
INSERT INTO "RESTAURANT_RATING" ("RESTAURANT_ID","SCALE","OVERALL_RATING","SOURCE")VALUES('45239438','5','4.0','Yelp');
INSERT INTO "USER_REVIEW" ("RESTAURANT_ID","REVIEW_DATE","COMMENT","REVIEW_RATING")VALUES('45239438','2017-09-22 07:27:55','Excellent German ambiance. The beers go well with the perfectly cooked crispy and juicy chicken. Delicious! The sausages and sides are quite good as well....','5');
INSERT INTO "PHOTO" ("RESTAURANT_ID","PICTURE_URL")VALUES('45239438','https://s3-media2.fl.yelpcdn.com/photo/VMXJrB9-zMwom0foPD4UTg/o.jpg');
INSERT INTO "USER_REVIEW" ("RESTAURANT_ID","REVIEW_DATE","COMMENT","REVIEW_RATING")VALUES('45239438','2016-03-23 00:27:28','This place is there for one thing and one thing only, chicken. Their menu is essentially comprised of one item, a half chicken. But there is a reason they...','5');
INSERT INTO "PHOTO" ("RESTAURANT_ID","PICTURE_URL")VALUES('45239438','https://s3-media4.fl.yelpcdn.com/photo/fkyAr4GOOy31K0Bht4z0AA/o.jpg');
INSERT INTO "USER_REVIEW" ("RESTAURANT_ID","REVIEW_DATE","COMMENT","REVIEW_RATING")VALUES('45239438','2016-10-27 02:13:28','I know about chicken.  I used to buy them for a living and have probably eaten more chicken than you.  The five stars on this review is for the chicken.  If...','5');
INSERT INTO "PHOTO" ("RESTAURANT_ID","PICTURE_URL")VALUES('45239438','https://s3-media1.fl.yelpcdn.com/photo/fQkKhw_qXgoAm59alOp0DQ/o.jpg');
INSERT INTO "LOCATION" ("LOCATION_ID","LOCATION_TYPE","ADDRESS","LONGITUDE","LATITUDE")VALUES('335','R','Lebuser Str. 1310243 BerlinGermany','13.4330991','52.5192756');
INSERT INTO "RESTAURANT" ("RESTAURANT_ID","PRICERANGE","PHONE_NUMBER","WEBSITE")VALUES('22427719','€','None','None');
INSERT INTO "CUISINE" ("RESTAURANT_ID","CUISINE_TYPE")VALUES('22427719','Pan Asian');
INSERT INTO "RESTAURANT_RATING" ("RESTAURANT_ID","SCALE","OVERALL_RATING","SOURCE")VALUES('22427719','5','4.5','Yelp');
INSERT INTO "USER_REVIEW" ("RESTAURANT_ID","REVIEW_DATE","COMMENT","REVIEW_RATING")VALUES('22427719','2015-12-23 08:40:31','Awesome place for vietname food. The food was great for the price. We ordered the summer rolls with rice noodle and the rice noodle soup with beef. Really...','4');
INSERT INTO "PHOTO" ("RESTAURANT_ID","PICTURE_URL")VALUES('22427719','https://s3-media1.fl.yelpcdn.com/photo/8Op1QIHYYZK5koUnUnoj9g/o.jpg');
INSERT INTO "USER_REVIEW" ("RESTAURANT_ID","REVIEW_DATE","COMMENT","REVIEW_RATING")VALUES('22427719','2015-09-26 11:35:38','Very good Asia restaurant! Lecker!! Big portion even for men! Nice try and will come back next time!','5');
INSERT INTO "PHOTO" ("RESTAURANT_ID","PICTURE_URL")VALUES('22427719','https://s3-media2.fl.yelpcdn.com/photo/lYJelDtmiVGYQRLoV3pT-g/o.jpg');
INSERT INTO "USER_REVIEW" ("RESTAURANT_ID","REVIEW_DATE","COMMENT","REVIEW_RATING")VALUES('22427719','2015-07-25 14:35:39','Amazing cheap food that tastes delicious. Most food is around 5 euro and fills you up easily','5');
INSERT INTO "PHOTO" ("RESTAURANT_ID","PICTURE_URL")VALUES('22427719','https://s3-media1.fl.yelpcdn.com/photo/SDiHOzCF3cO183YLo0bXWQ/o.jpg');
INSERT INTO "LOCATION" ("LOCATION_ID","LOCATION_TYPE","ADDRESS","LONGITUDE","LATITUDE")VALUES('336','R','Chausseestr. 12410115 BerlinGermany','13.38472','52.52903');
INSERT INTO "RESTAURANT" ("RESTAURANT_ID","PRICERANGE","PHONE_NUMBER","WEBSITE")VALUES('21498781','€€','None','None');
INSERT INTO "CUISINE" ("RESTAURANT_ID","CUISINE_TYPE")VALUES('21498781','Ramen');
INSERT INTO "RESTAURANT_RATING" ("RESTAURANT_ID","SCALE","OVERALL_RATING","SOURCE")VALUES('21498781','5','4.5','Yelp');
INSERT INTO "USER_REVIEW" ("RESTAURANT_ID","REVIEW_DATE","COMMENT","REVIEW_RATING")VALUES('21498781','2017-12-26 06:52:51','Really good ramen. Very cozy place with friendly staff and nice interiour. Feels genuine.','5');
INSERT INTO "PHOTO" ("RESTAURANT_ID","PICTURE_URL")VALUES('21498781','https://s3-media4.fl.yelpcdn.com/photo/djT7Muv1uWHK1XesKpMWqg/o.jpg');
INSERT INTO "USER_REVIEW" ("RESTAURANT_ID","REVIEW_DATE","COMMENT","REVIEW_RATING")VALUES('21498781','2017-02-03 06:41:50','I was here for lunch earlier today. I must say that it was a great find!

First of all, I like the fact that they are open for lunch. Until now, the only...','4');
INSERT INTO "PHOTO" ("RESTAURANT_ID","PICTURE_URL")VALUES('21498781','https://s3-media1.fl.yelpcdn.com/photo/ToTju2zYCHa7hPAMdeK58w/o.jpg');
INSERT INTO "USER_REVIEW" ("RESTAURANT_ID","REVIEW_DATE","COMMENT","REVIEW_RATING")VALUES('21498781','2017-04-26 13:38:22','I''m not a "Ramen-Expert" but I can confirm one thing: the food I had was awesome! It was so good I forgot to take a "foodie". ;-)
Everything seemed to be...','5');
INSERT INTO "PHOTO" ("RESTAURANT_ID","PICTURE_URL")VALUES('21498781','https://s3-media4.fl.yelpcdn.com/photo/aCxOlrm9zAjtE4kg-2Sfbg/o.jpg');
INSERT INTO "RESTAURANT_RATING" ("RESTAURANT_ID","SCALE","OVERALL_RATING","SOURCE")VALUES('21498781','5','4.4','Google Map');
INSERT INTO "USER_REVIEW" ("RESTAURANT_ID","REVIEW_DATE","COMMENT","REVIEW_RATING")VALUES('21498781','2018-01-04','Good ramen and side dishes. Noodle''s are fine. But the soup is really good. One of the best I have ever tried in Berlin! Recommend. They have small table, good for small group or single eater. I am sure they accept card or not.','5');
INSERT INTO "USER_REVIEW" ("RESTAURANT_ID","REVIEW_DATE","COMMENT","REVIEW_RATING")VALUES('21498781','2018-01-19','We absolutely LOVE Takumi but didn''t realise there was one in Berlin!  What a pleasant surprise!  They are always delicious and very friendly!','5');
INSERT INTO "USER_REVIEW" ("RESTAURANT_ID","REVIEW_DATE","COMMENT","REVIEW_RATING")VALUES('21498781','2018-01-20','Best ramen in town. We tried gyuza as well, excellent! Much much much better than the hyped Pocolo though it’s just slightly more expensive. At Pocolo, you can’t pick a soup but here you got multiple authentic options likes miso, shoyu and shio... also the toppings can be picked differently. This restaurant uses chicken mostly so it’s good if you don’t eat pork. Since we found out about its connection with one of the best Japanese restaurants in Germany (the same name in Dusseldorf) we just can’t go anywhere else for ramen!','5');
INSERT INTO "USER_REVIEW" ("RESTAURANT_ID","REVIEW_DATE","COMMENT","REVIEW_RATING")VALUES('21498781','2017-12-30','I wouldn''t say this is the best Japanese ramen place that I went, but this is the best in Berlin for sure. I think this place is even better than the well-known Makoto.','4');
INSERT INTO "USER_REVIEW" ("RESTAURANT_ID","REVIEW_DATE","COMMENT","REVIEW_RATING")VALUES('21498781','2017-12-21','Way overpriced. I got the miso with vegetables and paid 15 euro for an overly salted bowl of noodles. With one measly pak choi... I wish I was kidding. Noodles had a nice bite but the broth had neither the flavor nor cloudy resemblance of miso. Just a lot of saltiness.','2');
INSERT INTO "LOCATION" ("LOCATION_ID","LOCATION_TYPE","ADDRESS","LONGITUDE","LATITUDE")VALUES('337','R','Andreasstr. 6610243 BerlinGermany','13.43113','52.51338');
INSERT INTO "RESTAURANT" ("RESTAURANT_ID","PRICERANGE","PHONE_NUMBER","WEBSITE")VALUES('62340989','€€','None','None');
INSERT INTO "CUISINE" ("RESTAURANT_ID","CUISINE_TYPE")VALUES('62340989','Italian');
INSERT INTO "RESTAURANT_RATING" ("RESTAURANT_ID","SCALE","OVERALL_RATING","SOURCE")VALUES('62340989','5','4.0','Yelp');
INSERT INTO "USER_REVIEW" ("RESTAURANT_ID","REVIEW_DATE","COMMENT","REVIEW_RATING")VALUES('62340989','2015-07-14 00:34:20','I have heard this place from different colleagues. And fianlly found a time to try this out. The location of this restaurant is alright. Right direct to the...','3');
INSERT INTO "PHOTO" ("RESTAURANT_ID","PICTURE_URL")VALUES('62340989','https://s3-media3.fl.yelpcdn.com/photo/IdlBt1_4j25nOKLWw0f-dw/o.jpg');
INSERT INTO "RESTAURANT_RATING" ("RESTAURANT_ID","SCALE","OVERALL_RATING","SOURCE")VALUES('62340989','5','4.4','Google Map');
INSERT INTO "USER_REVIEW" ("RESTAURANT_ID","REVIEW_DATE","COMMENT","REVIEW_RATING")VALUES('62340989','2017-11-25','Average italian food. Slightly overpriced for the given quality (10€ for a lunch menu pizza). Friendly and welcoming staff. Cozy and quiet atmosphere. Even though the place was almost empty, they managed to mix our order :) and the waiting time was longer than expected.','3');
INSERT INTO "USER_REVIEW" ("RESTAURANT_ID","REVIEW_DATE","COMMENT","REVIEW_RATING")VALUES('62340989','2018-01-19','Excellent food and drinks. The wait time not that long. Can you ask for more?','5');
INSERT INTO "USER_REVIEW" ("RESTAURANT_ID","REVIEW_DATE","COMMENT","REVIEW_RATING")VALUES('62340989','2017-11-12','Excellent food, good wine, great staff and reasonable prices... But cash only !! So come prepared. Will be back!','5');
INSERT INTO "USER_REVIEW" ("RESTAURANT_ID","REVIEW_DATE","COMMENT","REVIEW_RATING")VALUES('62340989','2017-12-07','Food was ok, but overpriced, service not very friendly.','3');
INSERT INTO "USER_REVIEW" ("RESTAURANT_ID","REVIEW_DATE","COMMENT","REVIEW_RATING")VALUES('62340989','2017-11-26','Very friendly, relaxed service. Tasty food!','5');
INSERT INTO "LOCATION" ("LOCATION_ID","LOCATION_TYPE","ADDRESS","LONGITUDE","LATITUDE")VALUES('338','R','Bizetstr. 12113088 BerlinGermany','13.462662','52.549783');
INSERT INTO "RESTAURANT" ("RESTAURANT_ID","PRICERANGE","PHONE_NUMBER","WEBSITE")VALUES('18230271','€€','None','None');
INSERT INTO "CUISINE" ("RESTAURANT_ID","CUISINE_TYPE")VALUES('18230271','Indian');
INSERT INTO "RESTAURANT_RATING" ("RESTAURANT_ID","SCALE","OVERALL_RATING","SOURCE")VALUES('18230271','5','4.0','Yelp');
INSERT INTO "USER_REVIEW" ("RESTAURANT_ID","REVIEW_DATE","COMMENT","REVIEW_RATING")VALUES('18230271','2012-03-23 14:38:44','Sehr lecker, vielfältiges Angebot, nette Bedienung, entspannte, gediegene Atmosphäre; auch gut geeignet zum Bestellen & Abholen','4');
INSERT INTO "USER_REVIEW" ("RESTAURANT_ID","REVIEW_DATE","COMMENT","REVIEW_RATING")VALUES('18230271','2011-12-27 13:03:56','Sehr nettes Restaurant mit ansprechender indischen Küche. Immer gut besucht. Sehr nettes Personal. Natürlich ist dasTandoori kein Edelrestaurant. Alles ist...','4');
INSERT INTO "LOCATION" ("LOCATION_ID","LOCATION_TYPE","ADDRESS","LONGITUDE","LATITUDE")VALUES('339','R','Mohrenstr. 4210117 BerlinGermany','13.3943609177','52.5125061312');
INSERT INTO "RESTAURANT" ("RESTAURANT_ID","PRICERANGE","PHONE_NUMBER","WEBSITE")VALUES('45178636','€','None','None');
INSERT INTO "CUISINE" ("RESTAURANT_ID","CUISINE_TYPE")VALUES('45178636','Mexican');
INSERT INTO "CUISINE" ("RESTAURANT_ID","CUISINE_TYPE")VALUES('45178636','Fast Food');
INSERT INTO "RESTAURANT_RATING" ("RESTAURANT_ID","SCALE","OVERALL_RATING","SOURCE")VALUES('45178636','5','4.0','Yelp');
INSERT INTO "USER_REVIEW" ("RESTAURANT_ID","REVIEW_DATE","COMMENT","REVIEW_RATING")VALUES('45178636','2018-01-13 16:55:26','Great place to eat Mexican food. Similar to Chipotle. Large portion sizes.','5');
INSERT INTO "PHOTO" ("RESTAURANT_ID","PICTURE_URL")VALUES('45178636','https://s3-media4.fl.yelpcdn.com/photo/FCdjMVkg2AIlE4AyxbPPXA/o.jpg');
INSERT INTO "USER_REVIEW" ("RESTAURANT_ID","REVIEW_DATE","COMMENT","REVIEW_RATING")VALUES('45178636','2017-06-29 03:18:54','The is place is great. There is very little Mexican food in Germany so this place was exactly what I was looking for. It''s setup and has a similar menu to...','5');
INSERT INTO "PHOTO" ("RESTAURANT_ID","PICTURE_URL")VALUES('45178636','https://s3-media3.fl.yelpcdn.com/photo/nuu_gatLKblUToYrQH_jYQ/o.jpg');
INSERT INTO "USER_REVIEW" ("RESTAURANT_ID","REVIEW_DATE","COMMENT","REVIEW_RATING")VALUES('45178636','2017-04-20 10:40:02','I was really disappointed by Chupenga, especially after reading all the good reviews. I was expecting fresh, exciting Mexican food, but what I ended up with...','2');
INSERT INTO "PHOTO" ("RESTAURANT_ID","PICTURE_URL")VALUES('45178636','https://s3-media1.fl.yelpcdn.com/photo/mFmHbhj4iemBN8TIjxJxPw/o.jpg');
INSERT INTO "RESTAURANT_RATING" ("RESTAURANT_ID","SCALE","OVERALL_RATING","SOURCE")VALUES('45178636','5','4.4','Google Map');
INSERT INTO "USER_REVIEW" ("RESTAURANT_ID","REVIEW_DATE","COMMENT","REVIEW_RATING")VALUES('45178636','2018-01-17','Good food, good service.
Its a great option  if you have only a little time to lunch','4');
INSERT INTO "USER_REVIEW" ("RESTAURANT_ID","REVIEW_DATE","COMMENT","REVIEW_RATING")VALUES('45178636','2017-12-28','Love it love it love it. Nice place for lunch with colleagues from work. Recommend naked burrito with chicken','4');
INSERT INTO "USER_REVIEW" ("RESTAURANT_ID","REVIEW_DATE","COMMENT","REVIEW_RATING")VALUES('45178636','2017-11-16','Really delicious food. Ordering is very fast and you can customize your food completely. I would definitely reccomend this for people with a big appetite since the portions are quite large. Overall a great experience!','5');
INSERT INTO "USER_REVIEW" ("RESTAURANT_ID","REVIEW_DATE","COMMENT","REVIEW_RATING")VALUES('45178636','2018-01-09','Chipotle-type place in Berlin that''s even more delicious than Chipotle.  I usually go for the naked burrito with chicken and quinoa.  Slather that with HOT SAUCE.  YES, its probably one of the few places in Berlin that you can find with a selection of hot sauce to put on your dish!  Yowza.','4');
INSERT INTO "USER_REVIEW" ("RESTAURANT_ID","REVIEW_DATE","COMMENT","REVIEW_RATING")VALUES('45178636','2017-11-07','Best burritos in Berlin. Great service and healthy portions. Would definitely dine in again.','5');
INSERT INTO "LOCATION" ("LOCATION_ID","LOCATION_TYPE","ADDRESS","LONGITUDE","LATITUDE")VALUES('340','R','Auguststr. 49A10119 BerlinGermany','13.4007668','52.5278133');
INSERT INTO "RESTAURANT" ("RESTAURANT_ID","PRICERANGE","PHONE_NUMBER","WEBSITE")VALUES('18731073','€','None','None');
INSERT INTO "CUISINE" ("RESTAURANT_ID","CUISINE_TYPE")VALUES('18731073','Italian');
INSERT INTO "RESTAURANT_RATING" ("RESTAURANT_ID","SCALE","OVERALL_RATING","SOURCE")VALUES('18731073','5','4.5','Yelp');
INSERT INTO "USER_REVIEW" ("RESTAURANT_ID","REVIEW_DATE","COMMENT","REVIEW_RATING")VALUES('18731073','2018-01-02 16:35:12','Unexpectedly nice atmosphere! Just the perfect get-together place for a cozy gathering w. friends or family. I''d love to come back here and try every dish....','5');
INSERT INTO "PHOTO" ("RESTAURANT_ID","PICTURE_URL")VALUES('18731073','https://s3-media3.fl.yelpcdn.com/photo/HIUgFKQwZvKKbDgbnjf58g/o.jpg');
INSERT INTO "USER_REVIEW" ("RESTAURANT_ID","REVIEW_DATE","COMMENT","REVIEW_RATING")VALUES('18731073','2017-10-13 15:12:13','The staff was super nice, interior and atmosphere as well, but the pasta was overcooked.','3');
INSERT INTO "PHOTO" ("RESTAURANT_ID","PICTURE_URL")VALUES('18731073','https://s3-media2.fl.yelpcdn.com/photo/GB0ZPwgyEBwod4I0NrXgrw/o.jpg');
INSERT INTO "USER_REVIEW" ("RESTAURANT_ID","REVIEW_DATE","COMMENT","REVIEW_RATING")VALUES('18731073','2017-08-16 03:45:15','The food was delicious and the waitress was incredibly kind. I got the pizza with Parma ham and a side salad. Highly recommend!','5');
INSERT INTO "PHOTO" ("RESTAURANT_ID","PICTURE_URL")VALUES('18731073','https://s3-media4.fl.yelpcdn.com/photo/3_uyowdCuwfSKSSXELj1Nw/o.jpg');
INSERT INTO "LOCATION" ("LOCATION_ID","LOCATION_TYPE","ADDRESS","LONGITUDE","LATITUDE")VALUES('341','R','Paul-Lincke-Ufer 39 - 4010999 BerlinGermany','13.4223431065','52.4959806052');
INSERT INTO "RESTAURANT" ("RESTAURANT_ID","PRICERANGE","PHONE_NUMBER","WEBSITE")VALUES('18847290','€€','None','None');
INSERT INTO "CUISINE" ("RESTAURANT_ID","CUISINE_TYPE")VALUES('18847290','Ramen');
INSERT INTO "RESTAURANT_RATING" ("RESTAURANT_ID","SCALE","OVERALL_RATING","SOURCE")VALUES('18847290','5','4.0','Yelp');
INSERT INTO "USER_REVIEW" ("RESTAURANT_ID","REVIEW_DATE","COMMENT","REVIEW_RATING")VALUES('18847290','2017-10-02 02:57:39','Honestly, I''ve been trying to find good ramen in Berlin for a bit. I''ve been to a few places and have been countlessly disappointed. I got here on a Sunday...','5');
INSERT INTO "PHOTO" ("RESTAURANT_ID","PICTURE_URL")VALUES('18847290','https://s3-media2.fl.yelpcdn.com/photo/H33NrMCPXyuWQEHAqUGxGw/o.jpg');
INSERT INTO "USER_REVIEW" ("RESTAURANT_ID","REVIEW_DATE","COMMENT","REVIEW_RATING")VALUES('18847290','2018-01-13 14:01:35','This restaurant is so overrated. I went with some friends of mine on a Saturday night and had to wait for 40 mins to get a seat for three. Regardless the...','3');
INSERT INTO "PHOTO" ("RESTAURANT_ID","PICTURE_URL")VALUES('18847290','https://s3-media3.fl.yelpcdn.com/photo/pzvt_frmUEie5lm4ktEAkg/o.jpg');
INSERT INTO "USER_REVIEW" ("RESTAURANT_ID","REVIEW_DATE","COMMENT","REVIEW_RATING")VALUES('18847290','2017-11-24 14:40:01','At times I felt like I was on a hidden camera show because the service was comically bad. The host was really annoyed by everyone not just my party, they...','1');
INSERT INTO "PHOTO" ("RESTAURANT_ID","PICTURE_URL")VALUES('18847290','https://s3-media4.fl.yelpcdn.com/photo/erNK4cpsrmDkINU9DVhfFg/o.jpg');
INSERT INTO "LOCATION" ("LOCATION_ID","LOCATION_TYPE","ADDRESS","LONGITUDE","LATITUDE")VALUES('342','R','Osdorfer Str. 2612207 BerlinGermany','13.31546','52.41627');
INSERT INTO "RESTAURANT" ("RESTAURANT_ID","PRICERANGE","PHONE_NUMBER","WEBSITE")VALUES('98995969','€€','None','None');
INSERT INTO "CUISINE" ("RESTAURANT_ID","CUISINE_TYPE")VALUES('98995969','Chinese');
INSERT INTO "CUISINE" ("RESTAURANT_ID","CUISINE_TYPE")VALUES('98995969','Mongolian');
INSERT INTO "CUISINE" ("RESTAURANT_ID","CUISINE_TYPE")VALUES('98995969','Pan Asian');
INSERT INTO "RESTAURANT_RATING" ("RESTAURANT_ID","SCALE","OVERALL_RATING","SOURCE")VALUES('98995969','5','4.5','Yelp');
INSERT INTO "USER_REVIEW" ("RESTAURANT_ID","REVIEW_DATE","COMMENT","REVIEW_RATING")VALUES('98995969','2016-04-27 08:19:30','I was looking for some nice place for nice buffet in Berlin, this one pop up. So I decided to pick weekend come here to have a try. The Royal Garden is a...','5');
INSERT INTO "PHOTO" ("RESTAURANT_ID","PICTURE_URL")VALUES('98995969','https://s3-media3.fl.yelpcdn.com/photo/IdlBt1_4j25nOKLWw0f-dw/o.jpg');
INSERT INTO "USER_REVIEW" ("RESTAURANT_ID","REVIEW_DATE","COMMENT","REVIEW_RATING")VALUES('98995969','2016-04-25 01:45:52','In a word - massive buffet, strange attitude, far away... But yummy.

Longer version (for the brave) - I''ll be honest, you''ll never find me in this part of...','4');
INSERT INTO "PHOTO" ("RESTAURANT_ID","PICTURE_URL")VALUES('98995969','https://s3-media3.fl.yelpcdn.com/photo/OMyf3aQmKEseEL32jppSDQ/o.jpg');
INSERT INTO "USER_REVIEW" ("RESTAURANT_ID","REVIEW_DATE","COMMENT","REVIEW_RATING")VALUES('98995969','2013-10-19 14:41:24','My companion and I went here for dinner the other night. There was supposed to be another companion, but she canceled at the last minute. Anyway, the two of...','3');
INSERT INTO "PHOTO" ("RESTAURANT_ID","PICTURE_URL")VALUES('98995969','https://s3-media1.fl.yelpcdn.com/photo/ToTju2zYCHa7hPAMdeK58w/o.jpg');
INSERT INTO "LOCATION" ("LOCATION_ID","LOCATION_TYPE","ADDRESS","LONGITUDE","LATITUDE")VALUES('343','R','Almodovar HotelBoxhagener Str. 8310245 BerlinGermany','13.4660921536','52.5089364573');
INSERT INTO "RESTAURANT" ("RESTAURANT_ID","PRICERANGE","PHONE_NUMBER","WEBSITE")VALUES('444030','€€','None','None');
INSERT INTO "CUISINE" ("RESTAURANT_ID","CUISINE_TYPE")VALUES('444030','Vegetarian');
INSERT INTO "CUISINE" ("RESTAURANT_ID","CUISINE_TYPE")VALUES('444030','Tapas Bars');
INSERT INTO "RESTAURANT_RATING" ("RESTAURANT_ID","SCALE","OVERALL_RATING","SOURCE")VALUES('444030','5','4.5','Yelp');
INSERT INTO "USER_REVIEW" ("RESTAURANT_ID","REVIEW_DATE","COMMENT","REVIEW_RATING")VALUES('444030','2015-06-07 10:33:50','Beautiful atmosphere, stylish interior design, extremely kind and caring service, delicious food!
A real treat, not only for vegetarians/vegans.
As an...','5');
INSERT INTO "PHOTO" ("RESTAURANT_ID","PICTURE_URL")VALUES('444030','https://s3-media1.fl.yelpcdn.com/photo/L0ZEhFunnOV0fzkPFg4wbQ/o.jpg');
INSERT INTO "USER_REVIEW" ("RESTAURANT_ID","REVIEW_DATE","COMMENT","REVIEW_RATING")VALUES('444030','2014-12-14 03:28:06','Love this place, real food at a fair price! If you never had vegan food before, you must try it here. It will change the way you see the vegan lifestyle......','5');
INSERT INTO "PHOTO" ("RESTAURANT_ID","PICTURE_URL")VALUES('444030','https://s3-media1.fl.yelpcdn.com/photo/weigvROzWbZIT-5D1bp48A/o.jpg');
INSERT INTO "USER_REVIEW" ("RESTAURANT_ID","REVIEW_DATE","COMMENT","REVIEW_RATING")VALUES('444030','2015-02-14 16:57:52','We were at Bistro Bardot last night. We had an 8:15 reservation and we were not seated until 8:30. We got our menus and then the waiter forgot about us. The...','3');
INSERT INTO "RESTAURANT_RATING" ("RESTAURANT_ID","SCALE","OVERALL_RATING","SOURCE")VALUES('444030','5','3.5','Google Map');
INSERT INTO "USER_REVIEW" ("RESTAURANT_ID","REVIEW_DATE","COMMENT","REVIEW_RATING")VALUES('444030','2017-11-16','I would definitely recommend Bardot :) even if you are not vegetarian or vegan. My wife and I got married there and loved it! It was so hard finding a decent place after the ceremony, but Bardot turned out to be perfect! We are not even vegetarian nor vegan, but we loved the food and the service won us over! Kantalo, the restaurant chef and manager, attended to our needs and really listened to us, creating a menu that pleased all 30 pallets! Ester was incredibly nice and did above and beyond for us, she even decorated the entire restaurant on her behalf, inside and out! You could see she pays attention to the smallest of details. The outside area was so great because it was one of the first sunny days of the year, which we got to enjoy thanks to them, which made us feel like we were in our own backyard :)','5');
INSERT INTO "USER_REVIEW" ("RESTAURANT_ID","REVIEW_DATE","COMMENT","REVIEW_RATING")VALUES('444030','2017-10-24','I have been there once with Groupon and I did love it!','5');
INSERT INTO "USER_REVIEW" ("RESTAURANT_ID","REVIEW_DATE","COMMENT","REVIEW_RATING")VALUES('444030','2017-09-02','Good but not outstanding food, service friendly','3');
INSERT INTO "USER_REVIEW" ("RESTAURANT_ID","REVIEW_DATE","COMMENT","REVIEW_RATING")VALUES('444030','2016-11-27','VEGETARIAN AND SENSUAL Enjoy delicious, sensual and exciting dishes from the vegan and vegetarian organic cuisine at the Bio-Restaurant Bardot. All our food and drinks are from organic farming. 
Choose between snacks from tapas menu, delicious salads, Mediterranean delights.','4');
INSERT INTO "USER_REVIEW" ("RESTAURANT_ID","REVIEW_DATE","COMMENT","REVIEW_RATING")VALUES('444030','2016-10-27','Service was beyond horrendous. The restaurant was empty and the server made us feel completely unwelcome. The food was mediocre but the server with a center nose piercing was beyond rude. Due to feeling sick (FYI feeling sick was NOT related to the food there) and being unimpressed with our experience we decided to end our meal abruptly and asked for the check. The server rolled her eyes, scoffed, and muttered something under her breath while taking our plates away. We then waited and watched her continue to clean and sit around behind the bar for 30 minutes. We tried so hard to be patient and polite, but eventually I had to confront her at the bar...insert an award deserving eye roll from her...and then five minutes later we received our bill. I have a physical disability and use crutches to walk so I was very unappreciative when I had to approach her when she was clearly visiting, talking, and delivering bills to other tables. 

I very much plan on speaking with management so I''ll try to give an update.','1');
INSERT INTO "LOCATION" ("LOCATION_ID","LOCATION_TYPE","ADDRESS","LONGITUDE","LATITUDE")VALUES('344','R','Bayreuther Str. 3610789 BerlinGermany','13.3436927944','52.501358798');
INSERT INTO "RESTAURANT" ("RESTAURANT_ID","PRICERANGE","PHONE_NUMBER","WEBSITE")VALUES('54695550','€','None','None');
INSERT INTO "CUISINE" ("RESTAURANT_ID","CUISINE_TYPE")VALUES('54695550','Mexican');
INSERT INTO "RESTAURANT_RATING" ("RESTAURANT_ID","SCALE","OVERALL_RATING","SOURCE")VALUES('54695550','5','4.0','Yelp');
INSERT INTO "USER_REVIEW" ("RESTAURANT_ID","REVIEW_DATE","COMMENT","REVIEW_RATING")VALUES('54695550','2017-10-29 05:10:24','I have been coming here for the past 4 years atleast once (often more ;) ) a month. Hands down the best "fast food" place in the city. The worst burrito I...','5');
INSERT INTO "PHOTO" ("RESTAURANT_ID","PICTURE_URL")VALUES('54695550','https://s3-media2.fl.yelpcdn.com/photo/oYAHET3Vq43hCCX04dpZDw/o.jpg');
INSERT INTO "USER_REVIEW" ("RESTAURANT_ID","REVIEW_DATE","COMMENT","REVIEW_RATING")VALUES('54695550','2018-01-08 07:33:35','As a native Texan I give this place my stamp of approval! Super yummy and very large portion portions for your money. My only complaint is that I ordered...','4');
INSERT INTO "PHOTO" ("RESTAURANT_ID","PICTURE_URL")VALUES('54695550','https://s3-media4.fl.yelpcdn.com/photo/9DCxwod4XsuVZQrAQDoowQ/o.jpg');
INSERT INTO "USER_REVIEW" ("RESTAURANT_ID","REVIEW_DATE","COMMENT","REVIEW_RATING")VALUES('54695550','2018-01-20 06:48:37','Smokey peanut salsa  the homemade lemon mint lemonade is super addictive too. Perfect place for munchies.','5');
INSERT INTO "LOCATION" ("LOCATION_ID","LOCATION_TYPE","ADDRESS","LONGITUDE","LATITUDE")VALUES('345','R','Winterfeldtstr. 4510781 BerlinGermany','13.3535799','52.49684');
INSERT INTO "RESTAURANT" ("RESTAURANT_ID","PRICERANGE","PHONE_NUMBER","WEBSITE")VALUES('58291105','€€','None','None');
INSERT INTO "CUISINE" ("RESTAURANT_ID","CUISINE_TYPE")VALUES('58291105','Greek');
INSERT INTO "RESTAURANT_RATING" ("RESTAURANT_ID","SCALE","OVERALL_RATING","SOURCE")VALUES('58291105','5','4.0','Yelp');
INSERT INTO "USER_REVIEW" ("RESTAURANT_ID","REVIEW_DATE","COMMENT","REVIEW_RATING")VALUES('58291105','2016-02-16 07:48:16','I often eat lunch here when I am working in this area. This is a great place for that, the sandwiches are fairly inexpensive and they are made from good...','5');
INSERT INTO "PHOTO" ("RESTAURANT_ID","PICTURE_URL")VALUES('58291105','https://s3-media1.fl.yelpcdn.com/photo/TNJLZcZfEyv_vDAZDoEYNg/o.jpg');
INSERT INTO "USER_REVIEW" ("RESTAURANT_ID","REVIEW_DATE","COMMENT","REVIEW_RATING")VALUES('58291105','2016-07-14 05:03:50','The pita gyros is good but I think it is a bit overpriced. Also as a Greek person I found it rather small with not so much of a sauce. Still, the service is...','4');
INSERT INTO "PHOTO" ("RESTAURANT_ID","PICTURE_URL")VALUES('58291105','https://s3-media3.fl.yelpcdn.com/photo/U1qegWFMGRyQ463SbATyoA/o.jpg');
INSERT INTO "USER_REVIEW" ("RESTAURANT_ID","REVIEW_DATE","COMMENT","REVIEW_RATING")VALUES('58291105','2016-03-10 04:11:22','Love ordering online! It''s so simple! 

The food is great with their simple menu. We always order from here if we are in the mood for some Greek food. I...','4');
INSERT INTO "RESTAURANT_RATING" ("RESTAURANT_ID","SCALE","OVERALL_RATING","SOURCE")VALUES('58291105','5','4.4','Google Map');
INSERT INTO "USER_REVIEW" ("RESTAURANT_ID","REVIEW_DATE","COMMENT","REVIEW_RATING")VALUES('58291105','2018-01-16','Definitely try the starters! Rather order one main meal less on your group and try the e.g. grilled veggies or feta cheese.','4');
INSERT INTO "USER_REVIEW" ("RESTAURANT_ID","REVIEW_DATE","COMMENT","REVIEW_RATING")VALUES('58291105','2017-09-15','Great Greek food, nice staff!','5');
INSERT INTO "USER_REVIEW" ("RESTAURANT_ID","REVIEW_DATE","COMMENT","REVIEW_RATING")VALUES('58291105','2017-03-30','Our Go-To Greek restaurant. Always satisfied... we often order Greek farmers salad, gyros meat plate, tarama and if available the grilled bay squid. Also good for takeaway !','3');
INSERT INTO "USER_REVIEW" ("RESTAURANT_ID","REVIEW_DATE","COMMENT","REVIEW_RATING")VALUES('58291105','2017-09-06','Food is great. Service a bit meh. ','4');
INSERT INTO "USER_REVIEW" ("RESTAURANT_ID","REVIEW_DATE","COMMENT","REVIEW_RATING")VALUES('58291105','2017-07-25','+ good greek bistro
+ organic meat !
+ tasty tzatziki and gyros in pita !!','5');
INSERT INTO "LOCATION" ("LOCATION_ID","LOCATION_TYPE","ADDRESS","LONGITUDE","LATITUDE")VALUES('346','R','Oderberger Str. 4010435 BerlinGermany','13.4065','52.53956');
INSERT INTO "RESTAURANT" ("RESTAURANT_ID","PRICERANGE","PHONE_NUMBER","WEBSITE")VALUES('89126504','€€','None','None');
INSERT INTO "CUISINE" ("RESTAURANT_ID","CUISINE_TYPE")VALUES('89126504','Sushi Bars');
INSERT INTO "CUISINE" ("RESTAURANT_ID","CUISINE_TYPE")VALUES('89126504','Korean');
INSERT INTO "RESTAURANT_RATING" ("RESTAURANT_ID","SCALE","OVERALL_RATING","SOURCE")VALUES('89126504','5','4.5','Yelp');
INSERT INTO "USER_REVIEW" ("RESTAURANT_ID","REVIEW_DATE","COMMENT","REVIEW_RATING")VALUES('89126504','2016-10-24 13:09:58','Great sushi, very friendly. Nice, quiet atmosphere, in a nice and quiet neighborhoodNot that cheap. But would recommend it greatly.','4');
INSERT INTO "PHOTO" ("RESTAURANT_ID","PICTURE_URL")VALUES('89126504','https://s3-media2.fl.yelpcdn.com/photo/uXGXpczDv3IUljaZ4k5R-A/o.jpg');
INSERT INTO "USER_REVIEW" ("RESTAURANT_ID","REVIEW_DATE","COMMENT","REVIEW_RATING")VALUES('89126504','2015-08-21 13:58:16','Nice place on the nice Oderbergstr

We found 2 sits in front of a very kind woman which agreed to have us on the same table. There are 6 or 7 tables only...','4');
INSERT INTO "PHOTO" ("RESTAURANT_ID","PICTURE_URL")VALUES('89126504','https://s3-media4.fl.yelpcdn.com/photo/oIPsT4O_7ev0vIZLmeqtRw/o.jpg');
INSERT INTO "USER_REVIEW" ("RESTAURANT_ID","REVIEW_DATE","COMMENT","REVIEW_RATING")VALUES('89126504','2016-12-28 10:43:41','Very cozy small little restaurant. Really popular. My friend and I arrived around 6:30PM and there was only 1 table available because all the other tables...','5');
INSERT INTO "LOCATION" ("LOCATION_ID","LOCATION_TYPE","ADDRESS","LONGITUDE","LATITUDE")VALUES('347','R','Brüsseler Str. 3913353 BerlinGermany','13.3498544693','52.5468177795');
INSERT INTO "RESTAURANT" ("RESTAURANT_ID","PRICERANGE","PHONE_NUMBER","WEBSITE")VALUES('60987461','€€€','None','None');
INSERT INTO "CUISINE" ("RESTAURANT_ID","CUISINE_TYPE")VALUES('60987461','Mediterranean');
INSERT INTO "RESTAURANT_RATING" ("RESTAURANT_ID","SCALE","OVERALL_RATING","SOURCE")VALUES('60987461','5','4.5','Yelp');
INSERT INTO "USER_REVIEW" ("RESTAURANT_ID","REVIEW_DATE","COMMENT","REVIEW_RATING")VALUES('60987461','2015-05-19 21:43:33','If I could give 6 stars, I would. This restaurant didn''t just provide us a very good meal, but rather, it provided us with a whole experience.

We made a...','5');
INSERT INTO "PHOTO" ("RESTAURANT_ID","PICTURE_URL")VALUES('60987461','https://s3-media1.fl.yelpcdn.com/photo/ToTju2zYCHa7hPAMdeK58w/o.jpg');
INSERT INTO "USER_REVIEW" ("RESTAURANT_ID","REVIEW_DATE","COMMENT","REVIEW_RATING")VALUES('60987461','2017-02-26 00:16:46','We visited it before it got busy on Saturday almost accidentally. It was the most surprising restaurant visit in Berlin even considering our quite high...','5');
INSERT INTO "PHOTO" ("RESTAURANT_ID","PICTURE_URL")VALUES('60987461','https://s3-media1.fl.yelpcdn.com/photo/en557jfQ5BNthcqypBpbCw/o.jpg');
INSERT INTO "USER_REVIEW" ("RESTAURANT_ID","REVIEW_DATE","COMMENT","REVIEW_RATING")VALUES('60987461','2016-04-15 15:15:41','This is only if you are from outside Germany.  The restaurant speaks very little English.  The bar is not so good.  Foie gras was way over cooked, overall...','2');
INSERT INTO "PHOTO" ("RESTAURANT_ID","PICTURE_URL")VALUES('60987461','https://s3-media2.fl.yelpcdn.com/photo/K1lirJTCIzxOkciNO156Rg/o.jpg');
INSERT INTO "LOCATION" ("LOCATION_ID","LOCATION_TYPE","ADDRESS","LONGITUDE","LATITUDE")VALUES('348','R','Kantstr. 2310623 BerlinGermany','13.3210571126','52.5060533007');
INSERT INTO "RESTAURANT" ("RESTAURANT_ID","PRICERANGE","PHONE_NUMBER","WEBSITE")VALUES('92405826','€€','None','None');
INSERT INTO "CUISINE" ("RESTAURANT_ID","CUISINE_TYPE")VALUES('92405826','Vietnamese');
INSERT INTO "CUISINE" ("RESTAURANT_ID","CUISINE_TYPE")VALUES('92405826','Pan Asian');
INSERT INTO "RESTAURANT_RATING" ("RESTAURANT_ID","SCALE","OVERALL_RATING","SOURCE")VALUES('92405826','5','4.0','Yelp');
INSERT INTO "USER_REVIEW" ("RESTAURANT_ID","REVIEW_DATE","COMMENT","REVIEW_RATING")VALUES('92405826','2017-09-30 07:15:03','The food came out quick and was delicious. The staff here are very attentive and speedy. The presentation of the food was also beautiful. This is the best...','5');
INSERT INTO "PHOTO" ("RESTAURANT_ID","PICTURE_URL")VALUES('92405826','https://s3-media2.fl.yelpcdn.com/photo/w5ab_YlNhdxNlWUsYaX5xA/o.jpg');
INSERT INTO "USER_REVIEW" ("RESTAURANT_ID","REVIEW_DATE","COMMENT","REVIEW_RATING")VALUES('92405826','2017-11-30 13:37:19','Service was great and the food came out quickly. The noodle dish was underwhelming...lacking flavor. The shrimp skewer was pretty good as was the fresh...','3');
INSERT INTO "PHOTO" ("RESTAURANT_ID","PICTURE_URL")VALUES('92405826','https://s3-media2.fl.yelpcdn.com/photo/juXFiDLWlt-QfjuzSGPfuA/o.jpg');
INSERT INTO "USER_REVIEW" ("RESTAURANT_ID","REVIEW_DATE","COMMENT","REVIEW_RATING")VALUES('92405826','2016-05-15 12:53:25','It was not the first time we were here. It''s definitely also not the last time. 

We love coming here and ordering a bunch of their "small dishes" to share....','4');
INSERT INTO "PHOTO" ("RESTAURANT_ID","PICTURE_URL")VALUES('92405826','https://s3-media2.fl.yelpcdn.com/photo/8cNhTMfxFYdreUp4JL6o6Q/o.jpg');
INSERT INTO "LOCATION" ("LOCATION_ID","LOCATION_TYPE","ADDRESS","LONGITUDE","LATITUDE")VALUES('349','R','Tegeler Str. 2513353 BerlinGermany','13.35694','52.54269');
INSERT INTO "RESTAURANT" ("RESTAURANT_ID","PRICERANGE","PHONE_NUMBER","WEBSITE")VALUES('23802659','€€','None','None');
INSERT INTO "CUISINE" ("RESTAURANT_ID","CUISINE_TYPE")VALUES('23802659','Korean');
INSERT INTO "RESTAURANT_RATING" ("RESTAURANT_ID","SCALE","OVERALL_RATING","SOURCE")VALUES('23802659','5','4.0','Yelp');
INSERT INTO "USER_REVIEW" ("RESTAURANT_ID","REVIEW_DATE","COMMENT","REVIEW_RATING")VALUES('23802659','2016-10-09 13:05:30','You won''t expect the surprisingly good dining experience waiting for you in this place, by looking at it from outside!

It is a small place and it offers...','3');
INSERT INTO "PHOTO" ("RESTAURANT_ID","PICTURE_URL")VALUES('23802659','https://s3-media2.fl.yelpcdn.com/photo/yWAGzIsS_HnbTXHvKRhSYA/o.jpg');
INSERT INTO "USER_REVIEW" ("RESTAURANT_ID","REVIEW_DATE","COMMENT","REVIEW_RATING")VALUES('23802659','2015-02-24 09:09:32','This small place is well hidden in the Tegelerstraße. I passed by while I was on my way to the Indian restaurant next to it.

The restaurant is in the sous...','4');
INSERT INTO "PHOTO" ("RESTAURANT_ID","PICTURE_URL")VALUES('23802659','https://s3-media3.fl.yelpcdn.com/photo/9vzac5tVbEM3gkqiT0n4gw/o.jpg');
INSERT INTO "USER_REVIEW" ("RESTAURANT_ID","REVIEW_DATE","COMMENT","REVIEW_RATING")VALUES('23802659','2016-09-28 01:39:24','Nothing special, pretty bland tasting food. The meat wasn''t close to being tender and juicy. There are so many better korean restaurants in Berlin. Go to...','2');
INSERT INTO "PHOTO" ("RESTAURANT_ID","PICTURE_URL")VALUES('23802659','https://s3-media4.fl.yelpcdn.com/photo/5meZASNCeQB1byXCnWtibg/o.jpg');
INSERT INTO "RESTAURANT_RATING" ("RESTAURANT_ID","SCALE","OVERALL_RATING","SOURCE")VALUES('23802659','5','4.4','Google Map');
INSERT INTO "USER_REVIEW" ("RESTAURANT_ID","REVIEW_DATE","COMMENT","REVIEW_RATING")VALUES('23802659','2017-04-02','It was super quite when we visited on a Sunday night had the entire room to ourselves. You can tell they dedicated some time on the interior. The food tastes pretty good as well as the rice and side dishes. Price wise it''s few euros more expensive than other Korean restaurants around the area.','4');
INSERT INTO "USER_REVIEW" ("RESTAURANT_ID","REVIEW_DATE","COMMENT","REVIEW_RATING")VALUES('23802659','2017-10-18','Excellent foot and nice ambiance.
Have not tried the drinks yet..','5');
INSERT INTO "USER_REVIEW" ("RESTAURANT_ID","REVIEW_DATE","COMMENT","REVIEW_RATING")VALUES('23802659','2017-04-03','Pretty much my favourite Korean restaurant north of Mitte. It''s cozy and quite lovely made with lots of bright wood. The owner is a really nice guy, who values authenticity. The  food of course is enjoyable as well.','5');
INSERT INTO "USER_REVIEW" ("RESTAURANT_ID","REVIEW_DATE","COMMENT","REVIEW_RATING")VALUES('23802659','2017-10-18','Excellent foot and nice ambiance','5');
INSERT INTO "USER_REVIEW" ("RESTAURANT_ID","REVIEW_DATE","COMMENT","REVIEW_RATING")VALUES('23802659','2017-09-09','Good food. Nice place. ','4');
INSERT INTO "LOCATION" ("LOCATION_ID","LOCATION_TYPE","ADDRESS","LONGITUDE","LATITUDE")VALUES('350','R','Tempelhofer Ufer 110961 BerlinGermany','13.39031','52.49729');
INSERT INTO "RESTAURANT" ("RESTAURANT_ID","PRICERANGE","PHONE_NUMBER","WEBSITE")VALUES('96942857','€€','None','None');
INSERT INTO "CUISINE" ("RESTAURANT_ID","CUISINE_TYPE")VALUES('96942857','Breakfast & Brunch');
INSERT INTO "RESTAURANT_RATING" ("RESTAURANT_ID","SCALE","OVERALL_RATING","SOURCE")VALUES('96942857','5','4.5','Yelp');
INSERT INTO "USER_REVIEW" ("RESTAURANT_ID","REVIEW_DATE","COMMENT","REVIEW_RATING")VALUES('96942857','2017-12-29 08:04:20','During a quick solo 2-day trip to Berlin I was craving a cafe to escape from the cold and get some healthy food (a.k.a. vegetables) and Hallesches Haus...','5');
INSERT INTO "PHOTO" ("RESTAURANT_ID","PICTURE_URL")VALUES('96942857','https://s3-media1.fl.yelpcdn.com/photo/2YSbgMlAE5xI2C_JVuSOJg/o.jpg');
INSERT INTO "USER_REVIEW" ("RESTAURANT_ID","REVIEW_DATE","COMMENT","REVIEW_RATING")VALUES('96942857','2017-11-23 02:59:51','Great place for breakfast, lunch, or coffee and a snack. Slightly hipster but without any attitude. Great for visiting English speakers - the staff all...','5');
INSERT INTO "USER_REVIEW" ("RESTAURANT_ID","REVIEW_DATE","COMMENT","REVIEW_RATING")VALUES('96942857','2017-03-22 06:34:26','Great space, comfortable communal tables, with lots of natural light, a nice hip, upscale vibe and a nice doggie - Lola, I think. There is a courtyard, that...','4');
INSERT INTO "PHOTO" ("RESTAURANT_ID","PICTURE_URL")VALUES('96942857','https://s3-media3.fl.yelpcdn.com/photo/h2iXYm1goEw9SuFSfL-6ag/o.jpg');
INSERT INTO "LOCATION" ("LOCATION_ID","LOCATION_TYPE","ADDRESS","LONGITUDE","LATITUDE")VALUES('351','R','Yorckstr. 6010965 BerlinGermany','13.3774551304','52.4916599962');
INSERT INTO "RESTAURANT" ("RESTAURANT_ID","PRICERANGE","PHONE_NUMBER","WEBSITE")VALUES('47064480','€','None','None');
INSERT INTO "CUISINE" ("RESTAURANT_ID","CUISINE_TYPE")VALUES('47064480','Breakfast & Brunch');
INSERT INTO "RESTAURANT_RATING" ("RESTAURANT_ID","SCALE","OVERALL_RATING","SOURCE")VALUES('47064480','5','4.0','Yelp');
INSERT INTO "USER_REVIEW" ("RESTAURANT_ID","REVIEW_DATE","COMMENT","REVIEW_RATING")VALUES('47064480','2017-12-24 21:38:44','What a great place with nice staff. I came here with my two kids. We didn''t sit on the swings while eating but tried them out later. All the food was so...','5');
INSERT INTO "PHOTO" ("RESTAURANT_ID","PICTURE_URL")VALUES('47064480','https://s3-media1.fl.yelpcdn.com/photo/eoTdhRCRlIdCcQaJZZeZVw/o.jpg');
INSERT INTO "USER_REVIEW" ("RESTAURANT_ID","REVIEW_DATE","COMMENT","REVIEW_RATING")VALUES('47064480','2017-12-31 01:22:50','I decided I would visit this restaurant on NYE and when I got there the sign next to the door said they were opening at 10 instead of 9 AM. I decided I...','2');
INSERT INTO "USER_REVIEW" ("RESTAURANT_ID","REVIEW_DATE","COMMENT","REVIEW_RATING")VALUES('47064480','2017-02-24 04:31:58','Big place with nice and comfortable decorating and very friendly service. Didn''t eat anything but the food did look and smell great, great menu variety...','5');
INSERT INTO "LOCATION" ("LOCATION_ID","LOCATION_TYPE","ADDRESS","LONGITUDE","LATITUDE")VALUES('352','R','Oranienburger Str. 6910117 BerlinGermany','13.392488','52.52492');
INSERT INTO "RESTAURANT" ("RESTAURANT_ID","PRICERANGE","PHONE_NUMBER","WEBSITE")VALUES('32508674','€€','None','None');
INSERT INTO "CUISINE" ("RESTAURANT_ID","CUISINE_TYPE")VALUES('32508674','Thai');
INSERT INTO "RESTAURANT_RATING" ("RESTAURANT_ID","SCALE","OVERALL_RATING","SOURCE")VALUES('32508674','5','4.0','Yelp');
INSERT INTO "USER_REVIEW" ("RESTAURANT_ID","REVIEW_DATE","COMMENT","REVIEW_RATING")VALUES('32508674','2016-01-06 00:23:19','the service was sloooooow even by german standards.
menu said my red curry with shrimp was supposed to be in coconut cream sauce, it was actually more...','2');
INSERT INTO "PHOTO" ("RESTAURANT_ID","PICTURE_URL")VALUES('32508674','https://s3-media2.fl.yelpcdn.com/photo/Sbe_yeBPuv450VF0gN-gFg/o.jpg');
INSERT INTO "USER_REVIEW" ("RESTAURANT_ID","REVIEW_DATE","COMMENT","REVIEW_RATING")VALUES('32508674','2012-06-01 05:15:34','The food was really good and fresh.
I ordered the green curry veggie which was nice and spicy. Goes well with their mango lassie :-)
The staff was really...','5');
INSERT INTO "PHOTO" ("RESTAURANT_ID","PICTURE_URL")VALUES('32508674','https://s3-media4.fl.yelpcdn.com/photo/dIOYi6aKxg24hv_oACJkuA/o.jpg');
INSERT INTO "USER_REVIEW" ("RESTAURANT_ID","REVIEW_DATE","COMMENT","REVIEW_RATING")VALUES('32508674','2014-11-18 09:21:46','Great Thai spot in Mitte. Awesome lunch special. Daily soups for 3€ you can''t beat it.','5');
INSERT INTO "PHOTO" ("RESTAURANT_ID","PICTURE_URL")VALUES('32508674','https://s3-media1.fl.yelpcdn.com/photo/8m726o50U-Mr5k5sryzx8w/o.jpg');
INSERT INTO "RESTAURANT_RATING" ("RESTAURANT_ID","SCALE","OVERALL_RATING","SOURCE")VALUES('32508674','5','4.3','Google Map');
INSERT INTO "USER_REVIEW" ("RESTAURANT_ID","REVIEW_DATE","COMMENT","REVIEW_RATING")VALUES('32508674','2017-09-25','The food was delicious. I am happy with the service. As the restaurant is small and they have one chef. You need to wait for some time till you get your order.','4');
INSERT INTO "USER_REVIEW" ("RESTAURANT_ID","REVIEW_DATE","COMMENT","REVIEW_RATING")VALUES('32508674','2017-09-24','This is one of the best Thai places in Berlin. The owners and staff are amazing and friendly. They can make authentic spicy thai or thai dishes to accomodate the western palet (on request). They take cash or card. Some dishes have a long waiting time for preparation (dishes with longer waiting time are marked in the menu) because the dish is made fresh. It is well worth the 45 minute wait!! I love going here for dinner and business lunches.','5');
INSERT INTO "USER_REVIEW" ("RESTAURANT_ID","REVIEW_DATE","COMMENT","REVIEW_RATING")VALUES('32508674','2017-11-24','Excellent food, great service, cute ambience. Cash only.','4');
INSERT INTO "USER_REVIEW" ("RESTAURANT_ID","REVIEW_DATE","COMMENT","REVIEW_RATING")VALUES('32508674','2017-08-05','Good value. Food was fresh and authentic. Not too spicy so ask if you want it hot.','4');
INSERT INTO "USER_REVIEW" ("RESTAURANT_ID","REVIEW_DATE","COMMENT","REVIEW_RATING")VALUES('32508674','2017-09-25','I had the fried rice and spicy green curry chicken. Was excellent.','4');
INSERT INTO "LOCATION" ("LOCATION_ID","LOCATION_TYPE","ADDRESS","LONGITUDE","LATITUDE")VALUES('353','R','Kurfürstenstr.11210787 BerlinGermany','13.3463027277','52.5036923433');
INSERT INTO "RESTAURANT" ("RESTAURANT_ID","PRICERANGE","PHONE_NUMBER","WEBSITE")VALUES('95642594','€€','None','None');
INSERT INTO "CUISINE" ("RESTAURANT_ID","CUISINE_TYPE")VALUES('95642594','Vietnamese');
INSERT INTO "RESTAURANT_RATING" ("RESTAURANT_ID","SCALE","OVERALL_RATING","SOURCE")VALUES('95642594','5','4.0','Yelp');
INSERT INTO "USER_REVIEW" ("RESTAURANT_ID","REVIEW_DATE","COMMENT","REVIEW_RATING")VALUES('95642594','2016-05-02 13:21:40','We went for dinner and enjoyed our experience. 

My pho was solid, and I especially liked the broth. The starter of summer rolls was also very good. My...','4');
INSERT INTO "PHOTO" ("RESTAURANT_ID","PICTURE_URL")VALUES('95642594','https://s3-media1.fl.yelpcdn.com/photo/P37pN_wYf2AIyUju9yeBBA/o.jpg');
INSERT INTO "USER_REVIEW" ("RESTAURANT_ID","REVIEW_DATE","COMMENT","REVIEW_RATING")VALUES('95642594','2017-11-12 07:50:34','Got excited by the reviews, stickers on windows, etc.  How does this match up to Vietnamese food in Vietnam--not too close.
First the young waitress has to...','2');
INSERT INTO "PHOTO" ("RESTAURANT_ID","PICTURE_URL")VALUES('95642594','https://s3-media3.fl.yelpcdn.com/photo/ebZYsx58dY4WcPTVOI1_Iw/o.jpg');
INSERT INTO "USER_REVIEW" ("RESTAURANT_ID","REVIEW_DATE","COMMENT","REVIEW_RATING")VALUES('95642594','2017-04-11 12:48:46','If looking for an Asian cuisine with attention to quality, it''s a good place. Prices are reasonable. (Google translator)','4');
INSERT INTO "PHOTO" ("RESTAURANT_ID","PICTURE_URL")VALUES('95642594','https://s3-media1.fl.yelpcdn.com/photo/6FDvz206Q7M1IgQmAvcKIw/o.jpg');
INSERT INTO "LOCATION" ("LOCATION_ID","LOCATION_TYPE","ADDRESS","LONGITUDE","LATITUDE")VALUES('354','R','Wisbyer Str. 6910439 BerlinGermany','13.41712','52.55393');
INSERT INTO "RESTAURANT" ("RESTAURANT_ID","PRICERANGE","PHONE_NUMBER","WEBSITE")VALUES('45359569','€€','None','None');
INSERT INTO "CUISINE" ("RESTAURANT_ID","CUISINE_TYPE")VALUES('45359569','Korean');
INSERT INTO "CUISINE" ("RESTAURANT_ID","CUISINE_TYPE")VALUES('45359569','Sushi Bars');
INSERT INTO "RESTAURANT_RATING" ("RESTAURANT_ID","SCALE","OVERALL_RATING","SOURCE")VALUES('45359569','5','4.0','Yelp');
INSERT INTO "USER_REVIEW" ("RESTAURANT_ID","REVIEW_DATE","COMMENT","REVIEW_RATING")VALUES('45359569','2015-05-19 15:52:05','BEST KOREAN FOOD IN TOWN...beside all those fashionable Korean Pop Ups around the center...its not to far from the center but worth any minute more it takes...','5');
INSERT INTO "PHOTO" ("RESTAURANT_ID","PICTURE_URL")VALUES('45359569','https://s3-media1.fl.yelpcdn.com/photo/0HxpjMHPHFtDBF9oVyTzkA/o.jpg');
INSERT INTO "USER_REVIEW" ("RESTAURANT_ID","REVIEW_DATE","COMMENT","REVIEW_RATING")VALUES('45359569','2015-12-05 14:06:45','Still a good choice for Sushi nearby, but now it gets too crowded and the tables are standing very close to each other. We feel, that slowly they are losing...','3');
INSERT INTO "USER_REVIEW" ("RESTAURANT_ID","REVIEW_DATE","COMMENT","REVIEW_RATING")VALUES('45359569','2014-03-07 09:26:33','Fresh, excellent quality sushi. This place clearly knows what it is doing. Wonderful. 

I have to give this place credit! I left NY to visit my bf in Pankow...','5');
INSERT INTO "PHOTO" ("RESTAURANT_ID","PICTURE_URL")VALUES('45359569','https://s3-media2.fl.yelpcdn.com/photo/AH3sIQQYensiqFozdQ0xsw/o.jpg');
INSERT INTO "LOCATION" ("LOCATION_ID","LOCATION_TYPE","ADDRESS","LONGITUDE","LATITUDE")VALUES('355','R','Schlüterstr. 5510629 BerlinGermany','13.31761','52.50444');
INSERT INTO "RESTAURANT" ("RESTAURANT_ID","PRICERANGE","PHONE_NUMBER","WEBSITE")VALUES('45285532','€€€','None','None');
INSERT INTO "CUISINE" ("RESTAURANT_ID","CUISINE_TYPE")VALUES('45285532','German');
INSERT INTO "CUISINE" ("RESTAURANT_ID","CUISINE_TYPE")VALUES('45285532','Wine Bars');
INSERT INTO "RESTAURANT_RATING" ("RESTAURANT_ID","SCALE","OVERALL_RATING","SOURCE")VALUES('45285532','5','4.0','Yelp');
INSERT INTO "USER_REVIEW" ("RESTAURANT_ID","REVIEW_DATE","COMMENT","REVIEW_RATING")VALUES('45285532','2016-10-07 12:30:43','Excellent restaurant with perfect feel and service. Small and special. They say is the 3rd best Wiener schnitzel , but we went today to Ottenthem ,...','5');
INSERT INTO "PHOTO" ("RESTAURANT_ID","PICTURE_URL")VALUES('45285532','https://s3-media1.fl.yelpcdn.com/photo/Byr0GZ6Sf015UalxGt3rFQ/o.jpg');
INSERT INTO "USER_REVIEW" ("RESTAURANT_ID","REVIEW_DATE","COMMENT","REVIEW_RATING")VALUES('45285532','2015-12-01 02:47:41','Lutter & Wegner is the ultimate in German charming restaurants. It''s comfortable. The service is perfect. The food is exactly as it should be and the...','4');
INSERT INTO "PHOTO" ("RESTAURANT_ID","PICTURE_URL")VALUES('45285532','https://s3-media1.fl.yelpcdn.com/photo/V2kxQJyMxAwPJmnbmkkBgw/o.jpg');
INSERT INTO "USER_REVIEW" ("RESTAURANT_ID","REVIEW_DATE","COMMENT","REVIEW_RATING")VALUES('45285532','2011-10-22 23:35:09','If you''re lucky enough to visit Berlin, at one point during your trip you''ll want to sample the local cuisine beyond the currywurst. Everyone pointed to...','4');
INSERT INTO "PHOTO" ("RESTAURANT_ID","PICTURE_URL")VALUES('45285532','https://s3-media4.fl.yelpcdn.com/photo/cxflsAk5Y2AISzPNeJc5vg/o.jpg');
INSERT INTO "RESTAURANT_RATING" ("RESTAURANT_ID","SCALE","OVERALL_RATING","SOURCE")VALUES('45285532','5','4.4','Google Map');
INSERT INTO "USER_REVIEW" ("RESTAURANT_ID","REVIEW_DATE","COMMENT","REVIEW_RATING")VALUES('45285532','2017-11-26','Hip trendy restaurant close to Kudamm. Food was good and portion was big. It''s mix of Thai, Vietnamese and  Indonesian food. This very crowded in Friday night so reservation is definitely recommended.','4');
INSERT INTO "USER_REVIEW" ("RESTAURANT_ID","REVIEW_DATE","COMMENT","REVIEW_RATING")VALUES('45285532','2018-01-07','Cozy modern Pan-Asian restaurant with the great menu, interesting approach to the traditional dishes, great wine list, wonderful tea, stylish interior, fancy music and good, non annoying service. Prices are quite high, but in this district it''s normal.','5');
INSERT INTO "USER_REVIEW" ("RESTAURANT_ID","REVIEW_DATE","COMMENT","REVIEW_RATING")VALUES('45285532','2017-11-08','Good service, good food, reasonable prices. Unfortunately no American Express, but at least Visa & MasterCard, thus 4****','4');
INSERT INTO "USER_REVIEW" ("RESTAURANT_ID","REVIEW_DATE","COMMENT","REVIEW_RATING")VALUES('45285532','2017-12-11','Very friendly staff and Nice food.','4');
INSERT INTO "USER_REVIEW" ("RESTAURANT_ID","REVIEW_DATE","COMMENT","REVIEW_RATING")VALUES('45285532','2017-08-17','Food is very tasty however the service is very slow and forgetful. Maybe just out of their depth or overworked.','4');
INSERT INTO "LOCATION" ("LOCATION_ID","LOCATION_TYPE","ADDRESS","LONGITUDE","LATITUDE")VALUES('356','R','Alt-Stralau 6110245 BerlinGermany','13.4675850548','52.4959472145');
INSERT INTO "RESTAURANT" ("RESTAURANT_ID","PRICERANGE","PHONE_NUMBER","WEBSITE")VALUES('79356218','€€','None','None');
INSERT INTO "CUISINE" ("RESTAURANT_ID","CUISINE_TYPE")VALUES('79356218','German');
INSERT INTO "CUISINE" ("RESTAURANT_ID","CUISINE_TYPE")VALUES('79356218','International');
INSERT INTO "RESTAURANT_RATING" ("RESTAURANT_ID","SCALE","OVERALL_RATING","SOURCE")VALUES('79356218','5','4.5','Yelp');
INSERT INTO "LOCATION" ("LOCATION_ID","LOCATION_TYPE","ADDRESS","LONGITUDE","LATITUDE")VALUES('357','R','Simplonstr. 1610245 BerlinGermany','13.45816','52.50866');
INSERT INTO "RESTAURANT" ("RESTAURANT_ID","PRICERANGE","PHONE_NUMBER","WEBSITE")VALUES('7757462','€€€','None','None');
INSERT INTO "CUISINE" ("RESTAURANT_ID","CUISINE_TYPE")VALUES('7757462','Modern European');
INSERT INTO "RESTAURANT_RATING" ("RESTAURANT_ID","SCALE","OVERALL_RATING","SOURCE")VALUES('7757462','5','4.0','Yelp');
INSERT INTO "USER_REVIEW" ("RESTAURANT_ID","REVIEW_DATE","COMMENT","REVIEW_RATING")VALUES('7757462','2015-11-20 03:20:02','Great ambience.. Great food.. Love schnitzel and salmon tartare.. Absolutely the spot when you visit Berlin :)) Definitely come back when I''m in Berlin','4');
INSERT INTO "PHOTO" ("RESTAURANT_ID","PICTURE_URL")VALUES('7757462','https://s3-media3.fl.yelpcdn.com/photo/FBBFjbzmEN0qrGFnaswEeA/o.jpg');
INSERT INTO "USER_REVIEW" ("RESTAURANT_ID","REVIEW_DATE","COMMENT","REVIEW_RATING")VALUES('7757462','2016-01-11 14:05:44','Best schnitzel in Berlin! Great quality of food and friendly services. We have really enjoyed our dinner with our friends.','5');
INSERT INTO "PHOTO" ("RESTAURANT_ID","PICTURE_URL")VALUES('7757462','https://s3-media3.fl.yelpcdn.com/photo/yEyIBkF8s3PpVcafXzR-fQ/o.jpg');
INSERT INTO "USER_REVIEW" ("RESTAURANT_ID","REVIEW_DATE","COMMENT","REVIEW_RATING")VALUES('7757462','2013-10-22 02:18:57','A friend told me that I had to try the Wiener Schnitzel here and I''m glad that I listened to her... it was amazing, the plate is big but I didn''t end...','4');
INSERT INTO "PHOTO" ("RESTAURANT_ID","PICTURE_URL")VALUES('7757462','https://s3-media2.fl.yelpcdn.com/photo/Ybvaz6FINKjt9UTB41fuJw/o.jpg');
INSERT INTO "RESTAURANT_RATING" ("RESTAURANT_ID","SCALE","OVERALL_RATING","SOURCE")VALUES('7757462','5','4.1','Google Map');
INSERT INTO "USER_REVIEW" ("RESTAURANT_ID","REVIEW_DATE","COMMENT","REVIEW_RATING")VALUES('7757462','2018-01-16','Astonishing restaurant. Amazing food. Good service. Need reservations for sure.','5');
INSERT INTO "USER_REVIEW" ("RESTAURANT_ID","REVIEW_DATE","COMMENT","REVIEW_RATING")VALUES('7757462','2017-12-31','I was there on 30.12.2017 
Very arrogant waitress, not good service ,very loud , the food was acceptable but for these prices you can have much better experience in Berlin!','2');
INSERT INTO "USER_REVIEW" ("RESTAURANT_ID","REVIEW_DATE","COMMENT","REVIEW_RATING")VALUES('7757462','2017-10-28','For this price you can expect a way much better quality of service. 
The meal was pretty good , but neither for this price. 

I won''t come back - sorry guys.','2');
INSERT INTO "USER_REVIEW" ("RESTAURANT_ID","REVIEW_DATE","COMMENT","REVIEW_RATING")VALUES('7757462','2017-11-22','Great place suitable for corporate meeting only. The items were quite expensive but tasty. I liked all of the dishes but was worried of triple digit bill. We were 13 people and all of them ordered main course, starter, drinks and we see 700 euro bill on Thursday.','4');
INSERT INTO "USER_REVIEW" ("RESTAURANT_ID","REVIEW_DATE","COMMENT","REVIEW_RATING")VALUES('7757462','2017-09-27','I had been there once and loved it. Went back this week and found out that now people can smoke inside (no the same room, but in a connected room) and the cigarette smell in the restaurant is unbearable. Food is not as good as it used to be but still expensive. Slow service.','1');
INSERT INTO "LOCATION" ("LOCATION_ID","LOCATION_TYPE","ADDRESS","LONGITUDE","LATITUDE")VALUES('358','R','Courtyard Berlin City CenterAxel-Springer-Str. 5510117 BerlinGermany','13.3998499','52.5097694');
INSERT INTO "RESTAURANT" ("RESTAURANT_ID","PRICERANGE","PHONE_NUMBER","WEBSITE")VALUES('44287873','€€','None','None');
INSERT INTO "CUISINE" ("RESTAURANT_ID","CUISINE_TYPE")VALUES('44287873','Mediterranean');
INSERT INTO "CUISINE" ("RESTAURANT_ID","CUISINE_TYPE")VALUES('44287873','Bistros');
INSERT INTO "RESTAURANT_RATING" ("RESTAURANT_ID","SCALE","OVERALL_RATING","SOURCE")VALUES('44287873','5','3.5','Yelp');
INSERT INTO "USER_REVIEW" ("RESTAURANT_ID","REVIEW_DATE","COMMENT","REVIEW_RATING")VALUES('44287873','2016-12-20 15:48:30','Drinks & food are ok. Three stars. Maybe four.

Hummus was completely forgettable and this touts itself as a Mediterranean restaurant. What? Odd. Fix that,...','2');
INSERT INTO "PHOTO" ("RESTAURANT_ID","PICTURE_URL")VALUES('44287873','https://s3-media2.fl.yelpcdn.com/photo/GXjCITQTpAPG9KR9NjTIUQ/o.jpg');
INSERT INTO "USER_REVIEW" ("RESTAURANT_ID","REVIEW_DATE","COMMENT","REVIEW_RATING")VALUES('44287873','2016-10-23 09:39:33','I''ve been here three times, and I''ve never been disappointed. Excellent service, attentive staff, and the food is superb. Best recommendation: try the...','5');
INSERT INTO "PHOTO" ("RESTAURANT_ID","PICTURE_URL")VALUES('44287873','https://s3-media2.fl.yelpcdn.com/photo/FiloumbuMC2tZ0w-5KlDpQ/o.jpg');
INSERT INTO "USER_REVIEW" ("RESTAURANT_ID","REVIEW_DATE","COMMENT","REVIEW_RATING")VALUES('44287873','2016-08-17 10:19:50','Food was great! Service was ok, could be better. This was our final dinner before we leave Berlin. We ordered the specialty pasta, club sandwich, and ham...','4');
INSERT INTO "PHOTO" ("RESTAURANT_ID","PICTURE_URL")VALUES('44287873','https://s3-media3.fl.yelpcdn.com/photo/RXjXdVyg06MtPaZ_NSO1Vw/o.jpg');
INSERT INTO "LOCATION" ("LOCATION_ID","LOCATION_TYPE","ADDRESS","LONGITUDE","LATITUDE")VALUES('359','R','Fichtestr. 3110967 BerlinGermany','13.4134102','52.4908218');
INSERT INTO "RESTAURANT" ("RESTAURANT_ID","PRICERANGE","PHONE_NUMBER","WEBSITE")VALUES('37961707','€€€€','None','None');
INSERT INTO "CUISINE" ("RESTAURANT_ID","CUISINE_TYPE")VALUES('37961707','German');
INSERT INTO "RESTAURANT_RATING" ("RESTAURANT_ID","SCALE","OVERALL_RATING","SOURCE")VALUES('37961707','5','4.5','Yelp');
INSERT INTO "USER_REVIEW" ("RESTAURANT_ID","REVIEW_DATE","COMMENT","REVIEW_RATING")VALUES('37961707','2018-01-02 15:41:35','Super quaint and cozy place. Service was very friendly and overall this is a must when in Berlin.
We werent brave enough to do the full offal tasting menu,...','5');
INSERT INTO "PHOTO" ("RESTAURANT_ID","PICTURE_URL")VALUES('37961707','https://s3-media2.fl.yelpcdn.com/photo/2dW1ESUlZOFGXBFeIDkqsw/o.jpg');
INSERT INTO "USER_REVIEW" ("RESTAURANT_ID","REVIEW_DATE","COMMENT","REVIEW_RATING")VALUES('37961707','2015-01-18 04:48:41','Excellent dining experience. Quaint, cellar seating area typical for berlin. Small fireplace at one end of the room and various homemade pantry items...','4');
INSERT INTO "PHOTO" ("RESTAURANT_ID","PICTURE_URL")VALUES('37961707','https://s3-media2.fl.yelpcdn.com/photo/8sDGNDHBdJloDi6coz4WxA/o.jpg');
INSERT INTO "USER_REVIEW" ("RESTAURANT_ID","REVIEW_DATE","COMMENT","REVIEW_RATING")VALUES('37961707','2015-12-17 14:26:03','Wonderful, thoughtfully prepared food. Absolutely delicious and not overly fussy. The service was outstanding and the wine was excellent. Cozy atmosphere...','4');
INSERT INTO "PHOTO" ("RESTAURANT_ID","PICTURE_URL")VALUES('37961707','https://s3-media4.fl.yelpcdn.com/photo/wB_LhjpEE_RAyXzJA0na4g/o.jpg');
INSERT INTO "LOCATION" ("LOCATION_ID","LOCATION_TYPE","ADDRESS","LONGITUDE","LATITUDE")VALUES('360','R','Columbiadamm 16010965 BerlinGermany','13.4179604244','52.4799557286');
INSERT INTO "RESTAURANT" ("RESTAURANT_ID","PRICERANGE","PHONE_NUMBER","WEBSITE")VALUES('48207825','€','None','None');
INSERT INTO "CUISINE" ("RESTAURANT_ID","CUISINE_TYPE")VALUES('48207825','Korean');
INSERT INTO "RESTAURANT_RATING" ("RESTAURANT_ID","SCALE","OVERALL_RATING","SOURCE")VALUES('48207825','5','4.5','Yelp');
INSERT INTO "USER_REVIEW" ("RESTAURANT_ID","REVIEW_DATE","COMMENT","REVIEW_RATING")VALUES('48207825','2015-11-18 08:38:49','I''d never tried Korean food before, but Mmaah was round the corner from where I was staying and caught my interest when I passed.

I had the Mandu Veggie...','5');
INSERT INTO "PHOTO" ("RESTAURANT_ID","PICTURE_URL")VALUES('48207825','https://s3-media3.fl.yelpcdn.com/photo/_h3yi67PooF-kiXn_gmksw/o.jpg');
INSERT INTO "USER_REVIEW" ("RESTAURANT_ID","REVIEW_DATE","COMMENT","REVIEW_RATING")VALUES('48207825','2016-10-05 23:25:49','came here with my uncle a while back. it''s a great option before or after the park. food is tasty. price is ok. not sure if they are catering to german...','5');
INSERT INTO "PHOTO" ("RESTAURANT_ID","PICTURE_URL")VALUES('48207825','https://s3-media4.fl.yelpcdn.com/photo/nADlOBRe7lyhbA45za6-wA/o.jpg');
INSERT INTO "USER_REVIEW" ("RESTAURANT_ID","REVIEW_DATE","COMMENT","REVIEW_RATING")VALUES('48207825','2015-03-15 06:26:14','Tiny Korean BBQ booth just around the corner from Tempelhofer Feld, tasty, good value, clean and stylish. Looking forward to trying the vegetarian offers','4');
INSERT INTO "PHOTO" ("RESTAURANT_ID","PICTURE_URL")VALUES('48207825','https://s3-media2.fl.yelpcdn.com/photo/IgbroidfzKEMfhc8uRIRFA/o.jpg');
INSERT INTO "LOCATION" ("LOCATION_ID","LOCATION_TYPE","ADDRESS","LONGITUDE","LATITUDE")VALUES('361','R','Hasenheide 5810967 BerlinGermany','13.408641254','52.4892097435');
INSERT INTO "RESTAURANT" ("RESTAURANT_ID","PRICERANGE","PHONE_NUMBER","WEBSITE")VALUES('7840161','€€','None','None');
INSERT INTO "CUISINE" ("RESTAURANT_ID","CUISINE_TYPE")VALUES('7840161','Turkish');
INSERT INTO "CUISINE" ("RESTAURANT_ID","CUISINE_TYPE")VALUES('7840161','Barbeque');
INSERT INTO "RESTAURANT_RATING" ("RESTAURANT_ID","SCALE","OVERALL_RATING","SOURCE")VALUES('7840161','5','4.5','Yelp');
INSERT INTO "USER_REVIEW" ("RESTAURANT_ID","REVIEW_DATE","COMMENT","REVIEW_RATING")VALUES('7840161','2017-11-04 05:54:19','We made a booking for an early dinner and I was glad we did as it was totally full outside! Lovely huge terrace with shade from the bright sun. We ordered a...','5');
INSERT INTO "PHOTO" ("RESTAURANT_ID","PICTURE_URL")VALUES('7840161','https://s3-media4.fl.yelpcdn.com/photo/90QF-S96Jvq0PJ37wNAxRw/o.jpg');
INSERT INTO "USER_REVIEW" ("RESTAURANT_ID","REVIEW_DATE","COMMENT","REVIEW_RATING")VALUES('7840161','2017-07-12 16:53:36','As a middle-eastern woman, I know good middle-eastern food, and this is about as good as it gets! I can''t believe restaurants like this don''t exist in other...','5');
INSERT INTO "PHOTO" ("RESTAURANT_ID","PICTURE_URL")VALUES('7840161','https://s3-media4.fl.yelpcdn.com/photo/wAG39wvNYfTabdHdjx9iMg/o.jpg');
INSERT INTO "USER_REVIEW" ("RESTAURANT_ID","REVIEW_DATE","COMMENT","REVIEW_RATING")VALUES('7840161','2017-11-29 01:18:37','This was our best meal in Berlin! The meats and all the mezzes were perfect and delicious. It''s super fun to grill your meat. The place is not very big so I...','5');
INSERT INTO "LOCATION" ("LOCATION_ID","LOCATION_TYPE","ADDRESS","LONGITUDE","LATITUDE")VALUES('362','R','Schloßstr. 48 a12165 BerlinGermany','13.3173675872','52.4542449311');
INSERT INTO "RESTAURANT" ("RESTAURANT_ID","PRICERANGE","PHONE_NUMBER","WEBSITE")VALUES('75626273','€€','None','None');
INSERT INTO "CUISINE" ("RESTAURANT_ID","CUISINE_TYPE")VALUES('75626273','Indian');
INSERT INTO "RESTAURANT_RATING" ("RESTAURANT_ID","SCALE","OVERALL_RATING","SOURCE")VALUES('75626273','5','4.5','Yelp');
INSERT INTO "USER_REVIEW" ("RESTAURANT_ID","REVIEW_DATE","COMMENT","REVIEW_RATING")VALUES('75626273','2017-07-09 14:22:49','This is by far the best Indian restaurant in Berlin! I usually take chicken madras and I''m never disappointed, incl really good service!','5');
INSERT INTO "PHOTO" ("RESTAURANT_ID","PICTURE_URL")VALUES('75626273','https://s3-media3.fl.yelpcdn.com/photo/J9Q3mZyXvW5-TkvlDloWww/o.jpg');
INSERT INTO "USER_REVIEW" ("RESTAURANT_ID","REVIEW_DATE","COMMENT","REVIEW_RATING")VALUES('75626273','2016-04-14 07:17:25','Excellent service and food! Flavor was great and perfectly spicy. They gave me a free mango juice drink after which was delicious! Average price for Indian...','5');
INSERT INTO "PHOTO" ("RESTAURANT_ID","PICTURE_URL")VALUES('75626273','https://s3-media2.fl.yelpcdn.com/photo/-of3CcUR-j7Nx9KFBhokoQ/o.jpg');
INSERT INTO "USER_REVIEW" ("RESTAURANT_ID","REVIEW_DATE","COMMENT","REVIEW_RATING")VALUES('75626273','2015-06-07 13:43:50','After reading few of the reviews, I was little skeptical. Since it was just walkable from my hotel, thought of trying it. 

Wow! Both food and service were...','5');
INSERT INTO "PHOTO" ("RESTAURANT_ID","PICTURE_URL")VALUES('75626273','https://s3-media2.fl.yelpcdn.com/photo/Vozsr57_8YcJIY3XtHUvPg/o.jpg');
INSERT INTO "RESTAURANT_RATING" ("RESTAURANT_ID","SCALE","OVERALL_RATING","SOURCE")VALUES('75626273','5','4.4','Google Map');
INSERT INTO "USER_REVIEW" ("RESTAURANT_ID","REVIEW_DATE","COMMENT","REVIEW_RATING")VALUES('75626273','2017-10-14','The mutton korma was delicious and they were very nice and forthcoming. My brother and I were very satisfied with their cuisine.','5');
INSERT INTO "USER_REVIEW" ("RESTAURANT_ID","REVIEW_DATE","COMMENT","REVIEW_RATING")VALUES('75626273','2018-01-01','Amazing staff, amazing food and beautiful restaurant.','5');
INSERT INTO "USER_REVIEW" ("RESTAURANT_ID","REVIEW_DATE","COMMENT","REVIEW_RATING")VALUES('75626273','2017-11-17','This place is incredible, and the lunch menu deal for weekdays cannot be beat.','5');
INSERT INTO "USER_REVIEW" ("RESTAURANT_ID","REVIEW_DATE","COMMENT","REVIEW_RATING")VALUES('75626273','2017-12-13','Coming regularly here. Tasty Indian with generous and great service.','5');
INSERT INTO "USER_REVIEW" ("RESTAURANT_ID","REVIEW_DATE","COMMENT","REVIEW_RATING")VALUES('75626273','2017-11-01','It might look a bit shabby but the food is delicious and the staff is perfect.','5');
INSERT INTO "LOCATION" ("LOCATION_ID","LOCATION_TYPE","ADDRESS","LONGITUDE","LATITUDE")VALUES('363','R','Oudenarder Str. 1613347 BerlinGermany','13.36059','52.55335');
INSERT INTO "RESTAURANT" ("RESTAURANT_ID","PRICERANGE","PHONE_NUMBER","WEBSITE")VALUES('11123757','€','None','None');
INSERT INTO "CUISINE" ("RESTAURANT_ID","CUISINE_TYPE")VALUES('11123757','Restaurants');
INSERT INTO "RESTAURANT_RATING" ("RESTAURANT_ID","SCALE","OVERALL_RATING","SOURCE")VALUES('11123757','5','4.0','Yelp');
INSERT INTO "USER_REVIEW" ("RESTAURANT_ID","REVIEW_DATE","COMMENT","REVIEW_RATING")VALUES('11123757','2012-11-18 13:21:10','Ausbildungsrestaurant, SOS- Kinderdorf , mo-fr, 11.45-13.45','4');
INSERT INTO "PHOTO" ("RESTAURANT_ID","PICTURE_URL")VALUES('11123757','https://s3-media4.fl.yelpcdn.com/photo/eo8yH8pZgQuXSUBV0OpbOA/o.jpg');
INSERT INTO "LOCATION" ("LOCATION_ID","LOCATION_TYPE","ADDRESS","LONGITUDE","LATITUDE")VALUES('364','R','Potsdamer Str. 13710783 BerlinGermany','13.3620005','52.4969215');
INSERT INTO "RESTAURANT" ("RESTAURANT_ID","PRICERANGE","PHONE_NUMBER","WEBSITE")VALUES('7505045','€','None','None');
INSERT INTO "CUISINE" ("RESTAURANT_ID","CUISINE_TYPE")VALUES('7505045','Turkish');
INSERT INTO "CUISINE" ("RESTAURANT_ID","CUISINE_TYPE")VALUES('7505045','Mediterranean');
INSERT INTO "RESTAURANT_RATING" ("RESTAURANT_ID","SCALE","OVERALL_RATING","SOURCE")VALUES('7505045','5','4.5','Yelp');
INSERT INTO "USER_REVIEW" ("RESTAURANT_ID","REVIEW_DATE","COMMENT","REVIEW_RATING")VALUES('7505045','2017-12-28 10:26:39','So good. Meat was succulent as hell. Ordered lamb chops with fries. We were a table of 7 and couldn''t decide on appetizer. They got a platter of all the...','5');
INSERT INTO "PHOTO" ("RESTAURANT_ID","PICTURE_URL")VALUES('7505045','https://s3-media1.fl.yelpcdn.com/photo/TwxKH7ireb9YHyzA-RHOZw/o.jpg');
INSERT INTO "USER_REVIEW" ("RESTAURANT_ID","REVIEW_DATE","COMMENT","REVIEW_RATING")VALUES('7505045','2017-03-04 16:01:43','Went there late, and they ran out of stews. I was told they only have grills, so I ordered an Adana Kebap.
Was OK, but nothing spectacular, also missed some...','3');
INSERT INTO "PHOTO" ("RESTAURANT_ID","PICTURE_URL")VALUES('7505045','https://s3-media1.fl.yelpcdn.com/photo/QeIjla-35WIOz9op35iIEA/o.jpg');
INSERT INTO "USER_REVIEW" ("RESTAURANT_ID","REVIEW_DATE","COMMENT","REVIEW_RATING")VALUES('7505045','2017-05-30 02:21:08','Everything super delicious! It''s like some lokanta was moved there from one of the streets in Turkey, so authentic. Starter plate with soft white bread is a...','5');
INSERT INTO "PHOTO" ("RESTAURANT_ID","PICTURE_URL")VALUES('7505045','https://s3-media3.fl.yelpcdn.com/photo/V5ow9gJbvzyXZGQ6m0z_YA/o.jpg');
INSERT INTO "LOCATION" ("LOCATION_ID","LOCATION_TYPE","ADDRESS","LONGITUDE","LATITUDE")VALUES('365','R','Knesebeckstr.  9310623 BerlinGermany','13.323209','52.509004');
INSERT INTO "RESTAURANT" ("RESTAURANT_ID","PRICERANGE","PHONE_NUMBER","WEBSITE")VALUES('67146423','€€€','None','None');
INSERT INTO "CUISINE" ("RESTAURANT_ID","CUISINE_TYPE")VALUES('67146423','French');
INSERT INTO "RESTAURANT_RATING" ("RESTAURANT_ID","SCALE","OVERALL_RATING","SOURCE")VALUES('67146423','5','4.5','Yelp');
INSERT INTO "USER_REVIEW" ("RESTAURANT_ID","REVIEW_DATE","COMMENT","REVIEW_RATING")VALUES('67146423','2011-08-14 06:00:59','This is a pretty good bistro with great authentic French food, especially their fish soup which is probably the best I have had in Berlin. Note that there...','4');
INSERT INTO "PHOTO" ("RESTAURANT_ID","PICTURE_URL")VALUES('67146423','https://s3-media2.fl.yelpcdn.com/photo/FLOT1S_CjNJ5D9_ThW-ewg/o.jpg');
INSERT INTO "USER_REVIEW" ("RESTAURANT_ID","REVIEW_DATE","COMMENT","REVIEW_RATING")VALUES('67146423','2015-03-17 14:04:44','My son and our server held a conversation in French.    Food was very good and the beef tartar had great flavor.  a good place to go in berlin','4');
INSERT INTO "RESTAURANT_RATING" ("RESTAURANT_ID","SCALE","OVERALL_RATING","SOURCE")VALUES('67146423','5','0.0','Google Map');
INSERT INTO "LOCATION" ("LOCATION_ID","LOCATION_TYPE","ADDRESS","LONGITUDE","LATITUDE")VALUES('366','R','Alexandrinenstr. 1 a10969 BerlinGermany','13.4001','52.4987');
INSERT INTO "RESTAURANT" ("RESTAURANT_ID","PRICERANGE","PHONE_NUMBER","WEBSITE")VALUES('96746119','€','None','None');
INSERT INTO "CUISINE" ("RESTAURANT_ID","CUISINE_TYPE")VALUES('96746119','German');
INSERT INTO "CUISINE" ("RESTAURANT_ID","CUISINE_TYPE")VALUES('96746119','Cafes');
INSERT INTO "RESTAURANT_RATING" ("RESTAURANT_ID","SCALE","OVERALL_RATING","SOURCE")VALUES('96746119','5','4.5','Yelp');
INSERT INTO "USER_REVIEW" ("RESTAURANT_ID","REVIEW_DATE","COMMENT","REVIEW_RATING")VALUES('96746119','2017-08-21 08:36:20','This cafe looks very cute and is across the street from a new hotel but appears to be closed during the weekend and on Mondays, so one would do well to have...','3');
INSERT INTO "USER_REVIEW" ("RESTAURANT_ID","REVIEW_DATE","COMMENT","REVIEW_RATING")VALUES('96746119','2014-07-07 23:28:40','WOW! 
I won''t even call it a soup, its more like a proper meal turned into a stew, and also the salads are exceptional !
If you like quick and healthy food,...','5');
INSERT INTO "USER_REVIEW" ("RESTAURANT_ID","REVIEW_DATE","COMMENT","REVIEW_RATING")VALUES('96746119','2014-01-28 09:11:24','I was in Berlin for four weeks and visited a lot of cafes all across town.  This unpretentious, yet friendly and unique place was my favorite; luckily, it...','5');
INSERT INTO "LOCATION" ("LOCATION_ID","LOCATION_TYPE","ADDRESS","LONGITUDE","LATITUDE")VALUES('367','R','Wartburgstr. 5410823 BerlinGermany','13.35213','52.48725');
INSERT INTO "RESTAURANT" ("RESTAURANT_ID","PRICERANGE","PHONE_NUMBER","WEBSITE")VALUES('57609201','€€€','None','None');
INSERT INTO "CUISINE" ("RESTAURANT_ID","CUISINE_TYPE")VALUES('57609201','German');
INSERT INTO "CUISINE" ("RESTAURANT_ID","CUISINE_TYPE")VALUES('57609201','French');
INSERT INTO "RESTAURANT_RATING" ("RESTAURANT_ID","SCALE","OVERALL_RATING","SOURCE")VALUES('57609201','5','4.5','Yelp');
INSERT INTO "USER_REVIEW" ("RESTAURANT_ID","REVIEW_DATE","COMMENT","REVIEW_RATING")VALUES('57609201','2015-03-22 11:30:48','I''m so glad I got invited to come here for my last night in Berlin. It feels like an old school, 50s Beer Hall with the tall ceiling and bench/table...','5');
INSERT INTO "PHOTO" ("RESTAURANT_ID","PICTURE_URL")VALUES('57609201','https://s3-media4.fl.yelpcdn.com/photo/eW7eolAFPJnoJY3iZqtzHg/o.jpg');
INSERT INTO "USER_REVIEW" ("RESTAURANT_ID","REVIEW_DATE","COMMENT","REVIEW_RATING")VALUES('57609201','2015-06-22 20:37:06','The Alsatian tart was fabulous as were the wild boar tenderloin. They had a well chosen selection of wines by the glass. The staff were friendly and...','5');
INSERT INTO "PHOTO" ("RESTAURANT_ID","PICTURE_URL")VALUES('57609201','https://s3-media3.fl.yelpcdn.com/photo/8jpSVCZmF-6R4VJeo_451A/o.jpg');
INSERT INTO "USER_REVIEW" ("RESTAURANT_ID","REVIEW_DATE","COMMENT","REVIEW_RATING")VALUES('57609201','2014-06-05 12:25:51','Deliciously rustic German menu using seasonal ingredients. It was time for Asparagus in a summery early June. 

The decor of wood panelling from an old...','5');
INSERT INTO "LOCATION" ("LOCATION_ID","LOCATION_TYPE","ADDRESS","LONGITUDE","LATITUDE")VALUES('368','R','Spreewaldplatz 510999 BerlinGermany','13.43156','52.49866');
INSERT INTO "RESTAURANT" ("RESTAURANT_ID","PRICERANGE","PHONE_NUMBER","WEBSITE")VALUES('22795967','€€','None','None');
INSERT INTO "CUISINE" ("RESTAURANT_ID","CUISINE_TYPE")VALUES('22795967','Vegan');
INSERT INTO "CUISINE" ("RESTAURANT_ID","CUISINE_TYPE")VALUES('22795967','Vegetarian');
INSERT INTO "RESTAURANT_RATING" ("RESTAURANT_ID","SCALE","OVERALL_RATING","SOURCE")VALUES('22795967','5','5.0','Yelp');
INSERT INTO "USER_REVIEW" ("RESTAURANT_ID","REVIEW_DATE","COMMENT","REVIEW_RATING")VALUES('22795967','2018-01-14 07:09:46','Me and my friend called in (both non-vegan) to ask if they have eggs - we were looking for brunch. The friendly waitress explained that it''s a vegan...','5');
INSERT INTO "PHOTO" ("RESTAURANT_ID","PICTURE_URL")VALUES('22795967','https://s3-media3.fl.yelpcdn.com/photo/cBECod6IK9Jsq36KrBE2uA/o.jpg');
INSERT INTO "USER_REVIEW" ("RESTAURANT_ID","REVIEW_DATE","COMMENT","REVIEW_RATING")VALUES('22795967','2017-08-01 13:15:13','Legit the best food I''ve had in Berlin so far. Looks great. The "Patsy''s mix"-dish was delicious. Service was chill. Going to be coming back here while  in...','5');
INSERT INTO "LOCATION" ("LOCATION_ID","LOCATION_TYPE","ADDRESS","LONGITUDE","LATITUDE")VALUES('369','R','Leipziger Str. 4610117 BerlinGermany','13.39734','52.51057');
INSERT INTO "RESTAURANT" ("RESTAURANT_ID","PRICERANGE","PHONE_NUMBER","WEBSITE")VALUES('1764519','€€','None','None');
INSERT INTO "CUISINE" ("RESTAURANT_ID","CUISINE_TYPE")VALUES('1764519','Chinese');
INSERT INTO "CUISINE" ("RESTAURANT_ID","CUISINE_TYPE")VALUES('1764519','Pan Asian');
INSERT INTO "RESTAURANT_RATING" ("RESTAURANT_ID","SCALE","OVERALL_RATING","SOURCE")VALUES('1764519','5','4.0','Yelp');
INSERT INTO "USER_REVIEW" ("RESTAURANT_ID","REVIEW_DATE","COMMENT","REVIEW_RATING")VALUES('1764519','2016-12-31 12:15:12','For Chinese Food in Berlin on New Years Eve, without reservations, this was a solid choice.  Service was fast, the menu was extensive, and the dishes I...','4');
INSERT INTO "PHOTO" ("RESTAURANT_ID","PICTURE_URL")VALUES('1764519','https://s3-media2.fl.yelpcdn.com/photo/58C7N_BpbIHDJXjC5lBzKA/o.jpg');
INSERT INTO "USER_REVIEW" ("RESTAURANT_ID","REVIEW_DATE","COMMENT","REVIEW_RATING")VALUES('1764519','2016-08-04 11:33:35','I am not really a Chinese enthusiast, but the food, service, and location is good. I ordered the mini vegetable egg rolls, fried noodles with chicken, fried...','4');
INSERT INTO "PHOTO" ("RESTAURANT_ID","PICTURE_URL")VALUES('1764519','https://s3-media3.fl.yelpcdn.com/photo/RXjXdVyg06MtPaZ_NSO1Vw/o.jpg');
INSERT INTO "USER_REVIEW" ("RESTAURANT_ID","REVIEW_DATE","COMMENT","REVIEW_RATING")VALUES('1764519','2016-06-04 15:54:38','The most authentic Chinese restaurant I found so far in Berlin, should not be missed for ones looking for real Chinese foods but western Asian.','5');
INSERT INTO "PHOTO" ("RESTAURANT_ID","PICTURE_URL")VALUES('1764519','https://s3-media4.fl.yelpcdn.com/photo/_7bzQeH5Ig21oVhoTJQbmA/o.jpg');
INSERT INTO "LOCATION" ("LOCATION_ID","LOCATION_TYPE","ADDRESS","LONGITUDE","LATITUDE")VALUES('370','R','Jonasstr. 410551 BerlinGermany','13.339334','52.527243');
INSERT INTO "RESTAURANT" ("RESTAURANT_ID","PRICERANGE","PHONE_NUMBER","WEBSITE")VALUES('43520786','€','None','None');
INSERT INTO "CUISINE" ("RESTAURANT_ID","CUISINE_TYPE")VALUES('43520786','Vietnamese');
INSERT INTO "RESTAURANT_RATING" ("RESTAURANT_ID","SCALE","OVERALL_RATING","SOURCE")VALUES('43520786','5','4.5','Yelp');
INSERT INTO "USER_REVIEW" ("RESTAURANT_ID","REVIEW_DATE","COMMENT","REVIEW_RATING")VALUES('43520786','2018-01-02 12:41:15','Excellent food at great prices. I ordered the Vietnamese spring rolls with chicken and Pho Bo (beef noodle soup) and both were delicious. The service and...','5');
INSERT INTO "USER_REVIEW" ("RESTAURANT_ID","REVIEW_DATE","COMMENT","REVIEW_RATING")VALUES('43520786','2015-10-16 13:47:11','You seriously can''t go wrong here. We trusted Yelp in leading us to this place and we weren''t disappointed. They spoke English and the food was amazing. I...','4');
INSERT INTO "PHOTO" ("RESTAURANT_ID","PICTURE_URL")VALUES('43520786','https://s3-media2.fl.yelpcdn.com/photo/Ror8ulfGgYwxstr3HoBY-A/o.jpg');
INSERT INTO "USER_REVIEW" ("RESTAURANT_ID","REVIEW_DATE","COMMENT","REVIEW_RATING")VALUES('43520786','2015-03-12 10:28:03','Really really good!

Also really cheap, its in a corner street of turmstrasse so a bit hidden but totally worth it to visit. The duck was excellent','5');
INSERT INTO "PHOTO" ("RESTAURANT_ID","PICTURE_URL")VALUES('43520786','https://s3-media3.fl.yelpcdn.com/photo/Aazg5E6SWwc4ZQKEF_9wdA/o.jpg');
INSERT INTO "RESTAURANT_RATING" ("RESTAURANT_ID","SCALE","OVERALL_RATING","SOURCE")VALUES('43520786','5','4.6','Google Map');
INSERT INTO "USER_REVIEW" ("RESTAURANT_ID","REVIEW_DATE","COMMENT","REVIEW_RATING")VALUES('43520786','2017-06-09','Great food every time, they do an awesome Vietnamese iced coffee which you can drink at a table out in the sun','5');
INSERT INTO "USER_REVIEW" ("RESTAURANT_ID","REVIEW_DATE","COMMENT","REVIEW_RATING")VALUES('43520786','2016-08-01','Very affordable and good Vietnamian food place, the food was very fresh and the dishes were large. Very fast service and the toilet was very tidy. The only bummer was that the staff did not speak English at all so I had to use my blurred German vocabulary to say something.','5');
INSERT INTO "USER_REVIEW" ("RESTAURANT_ID","REVIEW_DATE","COMMENT","REVIEW_RATING")VALUES('43520786','2017-07-23','Good asian food. Will be back.','5');
INSERT INTO "USER_REVIEW" ("RESTAURANT_ID","REVIEW_DATE","COMMENT","REVIEW_RATING")VALUES('43520786','2017-07-05','Very nice vietnamese restaurant with good prices.','4');
INSERT INTO "USER_REVIEW" ("RESTAURANT_ID","REVIEW_DATE","COMMENT","REVIEW_RATING")VALUES('43520786','2017-03-15','Good Vietnamese food.','4');
INSERT INTO "LOCATION" ("LOCATION_ID","LOCATION_TYPE","ADDRESS","LONGITUDE","LATITUDE")VALUES('371','R','Bleibtreustr. 1710623 BerlinGermany','13.3195','52.50324');
INSERT INTO "RESTAURANT" ("RESTAURANT_ID","PRICERANGE","PHONE_NUMBER","WEBSITE")VALUES('72630801','€€€','None','None');
INSERT INTO "CUISINE" ("RESTAURANT_ID","CUISINE_TYPE")VALUES('72630801','Italian');
INSERT INTO "CUISINE" ("RESTAURANT_ID","CUISINE_TYPE")VALUES('72630801','Wine Bars');
INSERT INTO "RESTAURANT_RATING" ("RESTAURANT_ID","SCALE","OVERALL_RATING","SOURCE")VALUES('72630801','5','4.5','Yelp');
INSERT INTO "USER_REVIEW" ("RESTAURANT_ID","REVIEW_DATE","COMMENT","REVIEW_RATING")VALUES('72630801','2016-03-19 15:20:02','This is by far my favorite restaurant in Berlin ! The best Italian restaurant that serves pasta!! I have been to this restaurant more than 10 times...','5');
INSERT INTO "PHOTO" ("RESTAURANT_ID","PICTURE_URL")VALUES('72630801','https://s3-media3.fl.yelpcdn.com/photo/vvDDVPa2vacgRGoy_aky4Q/o.jpg');
INSERT INTO "USER_REVIEW" ("RESTAURANT_ID","REVIEW_DATE","COMMENT","REVIEW_RATING")VALUES('72630801','2016-09-30 11:39:42','A wonderful and very family-friendly restaurant.  The food is excellent, the service is superb, the staff is warm and kind.  Our new favorite.  We''re going...','5');
INSERT INTO "LOCATION" ("LOCATION_ID","LOCATION_TYPE","ADDRESS","LONGITUDE","LATITUDE")VALUES('372','R','im ELLINGTON HOTEL BERLINNürnberger Str. 50 - 5510789 BerlinGermany','13.3380778','52.5011803');
INSERT INTO "RESTAURANT" ("RESTAURANT_ID","PRICERANGE","PHONE_NUMBER","WEBSITE")VALUES('31293954','€€€','None','None');
INSERT INTO "CUISINE" ("RESTAURANT_ID","CUISINE_TYPE")VALUES('31293954','Modern European');
INSERT INTO "RESTAURANT_RATING" ("RESTAURANT_ID","SCALE","OVERALL_RATING","SOURCE")VALUES('31293954','5','4.0','Yelp');
INSERT INTO "USER_REVIEW" ("RESTAURANT_ID","REVIEW_DATE","COMMENT","REVIEW_RATING")VALUES('31293954','2017-06-29 09:50:27','We decided to go big for our first night in Berlin and sprung for the 10 course chef''s dinner for two people (€130 per person). This dinner was quite the...','4');
INSERT INTO "PHOTO" ("RESTAURANT_ID","PICTURE_URL")VALUES('31293954','https://s3-media2.fl.yelpcdn.com/photo/phr8iLEM8U15wwKp3EMAFw/o.jpg');
INSERT INTO "LOCATION" ("LOCATION_ID","LOCATION_TYPE","ADDRESS","LONGITUDE","LATITUDE")VALUES('373','R','Nostitzstr. 4910961 BerlinGermany','13.39095','52.49169');
INSERT INTO "RESTAURANT" ("RESTAURANT_ID","PRICERANGE","PHONE_NUMBER","WEBSITE")VALUES('49888685','€€','None','None');
INSERT INTO "CUISINE" ("RESTAURANT_ID","CUISINE_TYPE")VALUES('49888685','Italian');
INSERT INTO "RESTAURANT_RATING" ("RESTAURANT_ID","SCALE","OVERALL_RATING","SOURCE")VALUES('49888685','5','4.5','Yelp');
INSERT INTO "USER_REVIEW" ("RESTAURANT_ID","REVIEW_DATE","COMMENT","REVIEW_RATING")VALUES('49888685','2015-03-05 06:59:12','Fantastic little Italian restaurant. The ambiance is cozy and the staff are friendly and very attentive though careful not interrupt conversation. 

Started...','5');
INSERT INTO "PHOTO" ("RESTAURANT_ID","PICTURE_URL")VALUES('49888685','https://s3-media2.fl.yelpcdn.com/photo/8sDGNDHBdJloDi6coz4WxA/o.jpg');
INSERT INTO "USER_REVIEW" ("RESTAURANT_ID","REVIEW_DATE","COMMENT","REVIEW_RATING")VALUES('49888685','2013-02-03 10:44:45','Understatement on the highest level
I found the Maselli by mistake, but it was my luck because it''s my favorite restaurant in Berlin. Delicious and fresh...','5');
INSERT INTO "PHOTO" ("RESTAURANT_ID","PICTURE_URL")VALUES('49888685','https://s3-media1.fl.yelpcdn.com/photo/5jIvKYtIGacgEhkVfVsIFA/o.jpg');
INSERT INTO "USER_REVIEW" ("RESTAURANT_ID","REVIEW_DATE","COMMENT","REVIEW_RATING")VALUES('49888685','2014-06-17 13:31:59','We came to Berlin in the middle of the soccer World Cup, and kreutzberg was almost empty. But read about this place on yelp and decided to try it out. They...','4');
INSERT INTO "PHOTO" ("RESTAURANT_ID","PICTURE_URL")VALUES('49888685','https://s3-media1.fl.yelpcdn.com/photo/5vfXfenjpiPyQYN7uUMgHQ/o.jpg');
INSERT INTO "RESTAURANT_RATING" ("RESTAURANT_ID","SCALE","OVERALL_RATING","SOURCE")VALUES('49888685','5','4.8','Google Map');
INSERT INTO "USER_REVIEW" ("RESTAURANT_ID","REVIEW_DATE","COMMENT","REVIEW_RATING")VALUES('49888685','2018-01-14','Fabulous food and great service. Great recommendations from the staff for wine & food from the menu. Lots of ever-changing specials. Can''t recommend highly enough!','5');
INSERT INTO "USER_REVIEW" ("RESTAURANT_ID","REVIEW_DATE","COMMENT","REVIEW_RATING")VALUES('49888685','2017-12-27','Cosy place with very friendly staff. Plates change every day','5');
INSERT INTO "USER_REVIEW" ("RESTAURANT_ID","REVIEW_DATE","COMMENT","REVIEW_RATING")VALUES('49888685','2017-07-12','Excellent restaurant, wonderful food. Small family run restaurant, and the staff was extremely friendly (including the chef!) The waiter speaks fairly good English, and walked us through the chalkboard menu one by one, making suggestions and recommendations the entire way. Would definitely come again.','5');
INSERT INTO "USER_REVIEW" ("RESTAURANT_ID","REVIEW_DATE","COMMENT","REVIEW_RATING")VALUES('49888685','2017-01-18','Wonderful little Italian restaurant in Kreuzberg. I had Linguica and clams and a wonderful bottle of wine (image attached). Prices were fair, but definitely on the pricier side for the neighborhood. The waitress (I think was the owner) spoke wonderful Italian and German, but English was definitely not a strong suite so I ended up pointing and grunting a lot to order. Read the chalkboard before you sit down since the majority of the menu is on it.','4');
INSERT INTO "USER_REVIEW" ("RESTAURANT_ID","REVIEW_DATE","COMMENT","REVIEW_RATING")VALUES('49888685','2017-03-11','You have to try Focaccia, Burrata di Corato and Purè di Fave with a good APulian wine!! I felt like I was home','5');
INSERT INTO "LOCATION" ("LOCATION_ID","LOCATION_TYPE","ADDRESS","LONGITUDE","LATITUDE")VALUES('374','R','Burgherrenstr, 1112101 BerlinGermany','13.3836894','52.4848444');
INSERT INTO "RESTAURANT" ("RESTAURANT_ID","PRICERANGE","PHONE_NUMBER","WEBSITE")VALUES('59140732','€€','None','None');
INSERT INTO "CUISINE" ("RESTAURANT_ID","CUISINE_TYPE")VALUES('59140732','German');
INSERT INTO "RESTAURANT_RATING" ("RESTAURANT_ID","SCALE","OVERALL_RATING","SOURCE")VALUES('59140732','5','4.0','Yelp');
INSERT INTO "USER_REVIEW" ("RESTAURANT_ID","REVIEW_DATE","COMMENT","REVIEW_RATING")VALUES('59140732','2017-07-12 03:17:28','Had to try a Kartoffelpuffer before leaving Berlin and I''m not sure why this was recommended. I ordered it with smoked salmon, horseradish and a side salad....','3');
INSERT INTO "PHOTO" ("RESTAURANT_ID","PICTURE_URL")VALUES('59140732','https://s3-media2.fl.yelpcdn.com/photo/5RePO1GWSE0j7nyX3OVU7w/o.jpg');
INSERT INTO "USER_REVIEW" ("RESTAURANT_ID","REVIEW_DATE","COMMENT","REVIEW_RATING")VALUES('59140732','2016-02-24 09:39:22','My group stumbled on this place after some difficulty finding somewhere with seats open in the area. We were a little nervous after showing up around 9:30...','5');
INSERT INTO "PHOTO" ("RESTAURANT_ID","PICTURE_URL")VALUES('59140732','https://s3-media4.fl.yelpcdn.com/photo/EPZHIfTmluiZo3yQZNokIA/o.jpg');
INSERT INTO "LOCATION" ("LOCATION_ID","LOCATION_TYPE","ADDRESS","LONGITUDE","LATITUDE")VALUES('375','R','Georgenstr.S-Bahnbogen 20310117 BerlinGermany','13.3888128659','52.5199036536');
INSERT INTO "RESTAURANT" ("RESTAURANT_ID","PRICERANGE","PHONE_NUMBER","WEBSITE")VALUES('98065767','€€','None','None');
INSERT INTO "CUISINE" ("RESTAURANT_ID","CUISINE_TYPE")VALUES('98065767','German');
INSERT INTO "RESTAURANT_RATING" ("RESTAURANT_ID","SCALE","OVERALL_RATING","SOURCE")VALUES('98065767','5','4.0','Yelp');
INSERT INTO "USER_REVIEW" ("RESTAURANT_ID","REVIEW_DATE","COMMENT","REVIEW_RATING")VALUES('98065767','2018-01-04 17:31:10','We were in the area and dying of starvation, and Restaurant Nolle answered our walk-in prays with delicious food, huge portions, and timely delivery! You...','5');
INSERT INTO "PHOTO" ("RESTAURANT_ID","PICTURE_URL")VALUES('98065767','https://s3-media1.fl.yelpcdn.com/photo/KM__IJiceO4dRLikffNe5w/o.jpg');
INSERT INTO "USER_REVIEW" ("RESTAURANT_ID","REVIEW_DATE","COMMENT","REVIEW_RATING")VALUES('98065767','2017-10-23 03:05:28','We were staying on Friedrichstraße and were looking for a quick bite on our way back from Museum Island late afternoon. 

The portion sizes are huge, and...','4');
INSERT INTO "PHOTO" ("RESTAURANT_ID","PICTURE_URL")VALUES('98065767','https://s3-media3.fl.yelpcdn.com/photo/PXXsQUVjsQbwl7MBtm4n0Q/o.jpg');
INSERT INTO "USER_REVIEW" ("RESTAURANT_ID","REVIEW_DATE","COMMENT","REVIEW_RATING")VALUES('98065767','2016-12-28 16:58:09','We wanted a dinner near the hotel after a long day out, and didn''t want to spend a fortune, so after looking at the menu online, ended up at Restaurant...','3');
INSERT INTO "PHOTO" ("RESTAURANT_ID","PICTURE_URL")VALUES('98065767','https://s3-media2.fl.yelpcdn.com/photo/dZeLaY7g6J6e6UgOcTGdCw/o.jpg');
INSERT INTO "LOCATION" ("LOCATION_ID","LOCATION_TYPE","ADDRESS","LONGITUDE","LATITUDE")VALUES('376','R','Boppstr. 110967 BerlinGermany','13.42076','52.49104');
INSERT INTO "RESTAURANT" ("RESTAURANT_ID","PRICERANGE","PHONE_NUMBER","WEBSITE")VALUES('15604382','€€','None','None');
INSERT INTO "CUISINE" ("RESTAURANT_ID","CUISINE_TYPE")VALUES('15604382','International');
INSERT INTO "CUISINE" ("RESTAURANT_ID","CUISINE_TYPE")VALUES('15604382','German');
INSERT INTO "CUISINE" ("RESTAURANT_ID","CUISINE_TYPE")VALUES('15604382','Cocktail Bars');
INSERT INTO "RESTAURANT_RATING" ("RESTAURANT_ID","SCALE","OVERALL_RATING","SOURCE")VALUES('15604382','5','4.0','Yelp');
INSERT INTO "USER_REVIEW" ("RESTAURANT_ID","REVIEW_DATE","COMMENT","REVIEW_RATING")VALUES('15604382','2016-02-04 15:31:54','What an amazing place. If you are a tourist, transient and new to the area, or a local you must eat here. 

They classify their food as German with an...','5');
INSERT INTO "PHOTO" ("RESTAURANT_ID","PICTURE_URL")VALUES('15604382','https://s3-media2.fl.yelpcdn.com/photo/jb0ufPxMc0R3XaeAQVlEKw/o.jpg');
INSERT INTO "USER_REVIEW" ("RESTAURANT_ID","REVIEW_DATE","COMMENT","REVIEW_RATING")VALUES('15604382','2017-01-25 06:24:31','Nice place in "Kreuzkölln" with very good food!
The service was friendly and good.
So, if you are in the area you should try their breakfasts (which you can...','4');
INSERT INTO "PHOTO" ("RESTAURANT_ID","PICTURE_URL")VALUES('15604382','https://s3-media2.fl.yelpcdn.com/photo/thsumXdL75DPlgyA6FLdag/o.jpg');
INSERT INTO "USER_REVIEW" ("RESTAURANT_ID","REVIEW_DATE","COMMENT","REVIEW_RATING")VALUES('15604382','2016-11-10 08:26:56','This place is tasty and trendy. They change the menu weekly so it''s always seasonal food. I had eggplant parmesan with buffalo mozzarella which was very...','4');
INSERT INTO "PHOTO" ("RESTAURANT_ID","PICTURE_URL")VALUES('15604382','https://s3-media1.fl.yelpcdn.com/photo/DS5xpQUHEa5TZPYgXRAVog/o.jpg');
INSERT INTO "LOCATION" ("LOCATION_ID","LOCATION_TYPE","ADDRESS","LONGITUDE","LATITUDE")VALUES('377','R','Pullman Berlin SchweizerhofBudapester Str. 2510787 BerlinGermany','13.3439','52.50606');
INSERT INTO "RESTAURANT" ("RESTAURANT_ID","PRICERANGE","PHONE_NUMBER","WEBSITE")VALUES('20159008','€€€','None','None');
INSERT INTO "CUISINE" ("RESTAURANT_ID","CUISINE_TYPE")VALUES('20159008','Mediterranean');
INSERT INTO "RESTAURANT_RATING" ("RESTAURANT_ID","SCALE","OVERALL_RATING","SOURCE")VALUES('20159008','5','4.5','Yelp');
INSERT INTO "USER_REVIEW" ("RESTAURANT_ID","REVIEW_DATE","COMMENT","REVIEW_RATING")VALUES('20159008','2015-06-14 09:34:09','Awesome place! I was there during Asparagus time. Asparagus soup and asparagus with Salmon was great! The bread at the beginning is very "inventive" a joy...','5');
INSERT INTO "PHOTO" ("RESTAURANT_ID","PICTURE_URL")VALUES('20159008','https://s3-media1.fl.yelpcdn.com/photo/6FAcEBGzIxgVzf-Plf3riA/o.jpg');
INSERT INTO "LOCATION" ("LOCATION_ID","LOCATION_TYPE","ADDRESS","LONGITUDE","LATITUDE")VALUES('378','R','Meinekestr. 710719 BerlinGermany','13.32832','52.50129');
INSERT INTO "RESTAURANT" ("RESTAURANT_ID","PRICERANGE","PHONE_NUMBER","WEBSITE")VALUES('96945626','€€€','None','None');
INSERT INTO "CUISINE" ("RESTAURANT_ID","CUISINE_TYPE")VALUES('96945626','German');
INSERT INTO "CUISINE" ("RESTAURANT_ID","CUISINE_TYPE")VALUES('96945626','French');
INSERT INTO "RESTAURANT_RATING" ("RESTAURANT_ID","SCALE","OVERALL_RATING","SOURCE")VALUES('96945626','5','4.0','Yelp');
INSERT INTO "USER_REVIEW" ("RESTAURANT_ID","REVIEW_DATE","COMMENT","REVIEW_RATING")VALUES('96945626','2013-09-26 13:25:13','A must-go restaurant if you are in Berlin. I loved every second here, at this address.

I can say it is the best food I ever tasted in Germany so far.

The...','5');
INSERT INTO "PHOTO" ("RESTAURANT_ID","PICTURE_URL")VALUES('96945626','https://s3-media1.fl.yelpcdn.com/photo/YB4xp8vBpBS4mhYlmJ8i7w/o.jpg');
INSERT INTO "USER_REVIEW" ("RESTAURANT_ID","REVIEW_DATE","COMMENT","REVIEW_RATING")VALUES('96945626','2016-10-22 12:47:48','Pluses:
They let us in even though the tables were reserved.
Big amount of choices for wine.
Cheap.
Minuses:
Only few fish dishes, no meat.
Conclusion:
Nice...','3');
INSERT INTO "PHOTO" ("RESTAURANT_ID","PICTURE_URL")VALUES('96945626','https://s3-media3.fl.yelpcdn.com/photo/liV1u3ysHP4OX8at4IKppg/o.jpg');
INSERT INTO "USER_REVIEW" ("RESTAURANT_ID","REVIEW_DATE","COMMENT","REVIEW_RATING")VALUES('96945626','2016-01-01 05:17:55','Diekman probably offers the best German food I have tasted here so far. The quality is superb and the price is reasonable (as compare to San Francisco at...','5');
INSERT INTO "PHOTO" ("RESTAURANT_ID","PICTURE_URL")VALUES('96945626','https://s3-media4.fl.yelpcdn.com/photo/QOUGzogKwpzj28Ke_LmDkg/o.jpg');
INSERT INTO "LOCATION" ("LOCATION_ID","LOCATION_TYPE","ADDRESS","LONGITUDE","LATITUDE")VALUES('379','R','Bötzowstr. 3010407 BerlinGermany','13.434512','52.53172');
INSERT INTO "RESTAURANT" ("RESTAURANT_ID","PRICERANGE","PHONE_NUMBER","WEBSITE")VALUES('66178859','€€','None','None');
INSERT INTO "CUISINE" ("RESTAURANT_ID","CUISINE_TYPE")VALUES('66178859','Italian');
INSERT INTO "RESTAURANT_RATING" ("RESTAURANT_ID","SCALE","OVERALL_RATING","SOURCE")VALUES('66178859','5','4.0','Yelp');
INSERT INTO "USER_REVIEW" ("RESTAURANT_ID","REVIEW_DATE","COMMENT","REVIEW_RATING")VALUES('66178859','2017-07-29 11:40:33','I''m calling it - this is the best Italian in Berlin: tasty, well priced and great service. If you''re hungry, the pizza''s are for you - they''re freshly made...','5');
INSERT INTO "PHOTO" ("RESTAURANT_ID","PICTURE_URL")VALUES('66178859','https://s3-media2.fl.yelpcdn.com/photo/v7xohxtFtIcSpQrJNng91Q/o.jpg');
INSERT INTO "USER_REVIEW" ("RESTAURANT_ID","REVIEW_DATE","COMMENT","REVIEW_RATING")VALUES('66178859','2017-05-25 12:45:27','Pepe Nero used to be our favorite pizza location for 5 years (~70 visits incl. a 20p wedding dinner). Today the owner showed his true colours and all the...','1');
INSERT INTO "PHOTO" ("RESTAURANT_ID","PICTURE_URL")VALUES('66178859','https://s3-media3.fl.yelpcdn.com/photo/BfpvAv7jNb7v6YidIKHqgg/o.jpg');
INSERT INTO "USER_REVIEW" ("RESTAURANT_ID","REVIEW_DATE","COMMENT","REVIEW_RATING")VALUES('66178859','2014-09-10 16:55:50','An Italian restaurant in Berlin! 

With REAL Italianos talking loudly in their native tongue. Complete with hand gestures.

I hit the jackpot.

By chance,...','4');
INSERT INTO "PHOTO" ("RESTAURANT_ID","PICTURE_URL")VALUES('66178859','https://s3-media2.fl.yelpcdn.com/photo/Y4YhAVOABdmuykz7IQTXTQ/o.jpg');
INSERT INTO "LOCATION" ("LOCATION_ID","LOCATION_TYPE","ADDRESS","LONGITUDE","LATITUDE")VALUES('380','R','Luitpoldstr. 2610777 BerlinGermany','13.34217','52.49477');
INSERT INTO "RESTAURANT" ("RESTAURANT_ID","PRICERANGE","PHONE_NUMBER","WEBSITE")VALUES('76802998','€€','None','None');
INSERT INTO "CUISINE" ("RESTAURANT_ID","CUISINE_TYPE")VALUES('76802998','Indian');
INSERT INTO "RESTAURANT_RATING" ("RESTAURANT_ID","SCALE","OVERALL_RATING","SOURCE")VALUES('76802998','5','4.5','Yelp');
INSERT INTO "USER_REVIEW" ("RESTAURANT_ID","REVIEW_DATE","COMMENT","REVIEW_RATING")VALUES('76802998','2017-11-02 12:12:09','My girlfriend and I are regulars and visit this place every few months. The hosts are very kind and genuinely welcoming and the food is incredibly...','5');
INSERT INTO "PHOTO" ("RESTAURANT_ID","PICTURE_URL")VALUES('76802998','https://s3-media2.fl.yelpcdn.com/photo/DypfaxTlW0AouI5feLWWJw/o.jpg');
INSERT INTO "USER_REVIEW" ("RESTAURANT_ID","REVIEW_DATE","COMMENT","REVIEW_RATING")VALUES('76802998','2017-09-10 09:23:41','This is by far the best Indian restaurant I''ve ever been to and one of my favorite restaurants in the city. I come here very often - the food is always...','5');
INSERT INTO "PHOTO" ("RESTAURANT_ID","PICTURE_URL")VALUES('76802998','https://s3-media2.fl.yelpcdn.com/photo/KhTNvN-eLKmYDAjw-QzwQA/o.jpg');
INSERT INTO "USER_REVIEW" ("RESTAURANT_ID","REVIEW_DATE","COMMENT","REVIEW_RATING")VALUES('76802998','2017-04-23 13:25:56','We really really enjoyed our meal here. We were doing gluten free searches on Yelp, Trip Advisor and Google, while in Berlin, and this kept coming up. We...','5');
INSERT INTO "PHOTO" ("RESTAURANT_ID","PICTURE_URL")VALUES('76802998','https://s3-media2.fl.yelpcdn.com/photo/YA8ePytywMXvkDwIzxW4gg/o.jpg');
INSERT INTO "RESTAURANT_RATING" ("RESTAURANT_ID","SCALE","OVERALL_RATING","SOURCE")VALUES('76802998','5','4.4','Google Map');
INSERT INTO "USER_REVIEW" ("RESTAURANT_ID","REVIEW_DATE","COMMENT","REVIEW_RATING")VALUES('76802998','2017-12-30','Great little Indian Restaurant . Had a fantastic meal here and food was superb. The service was lovely and the owners we’re genuine. 
New local Indian in Berlin','5');
INSERT INTO "USER_REVIEW" ("RESTAURANT_ID","REVIEW_DATE","COMMENT","REVIEW_RATING")VALUES('76802998','2017-11-18','Amazing food! You can feel like you are visiting your Indian family. Wonderful atmosphere. Mango lassie - the best I ever had !!! 😍','5');
INSERT INTO "USER_REVIEW" ("RESTAURANT_ID","REVIEW_DATE","COMMENT","REVIEW_RATING")VALUES('76802998','2018-01-02','Food: delicious!
Service: great people, nice to kids, super friendly! 
Place: clean, comfortable and cozy','5');
INSERT INTO "USER_REVIEW" ("RESTAURANT_ID","REVIEW_DATE","COMMENT","REVIEW_RATING")VALUES('76802998','2017-10-31','Very delicious food and exactly matching service. Authentic Indian food customised as per your taste. Don''t miss it if you are in Berlin','5');
INSERT INTO "USER_REVIEW" ("RESTAURANT_ID","REVIEW_DATE","COMMENT","REVIEW_RATING")VALUES('76802998','2017-11-11','Great authentic Indian food! I would recommend it to everyone willing to have a great dinner','5');
INSERT INTO "LOCATION" ("LOCATION_ID","LOCATION_TYPE","ADDRESS","LONGITUDE","LATITUDE")VALUES('381','R','Neptunstr. 3013409 BerlinGermany','13.3736897','52.5623016');
INSERT INTO "RESTAURANT" ("RESTAURANT_ID","PRICERANGE","PHONE_NUMBER","WEBSITE")VALUES('43139941','€','None','None');
INSERT INTO "CUISINE" ("RESTAURANT_ID","CUISINE_TYPE")VALUES('43139941','Italian');
INSERT INTO "CUISINE" ("RESTAURANT_ID","CUISINE_TYPE")VALUES('43139941','Pizza');
INSERT INTO "RESTAURANT_RATING" ("RESTAURANT_ID","SCALE","OVERALL_RATING","SOURCE")VALUES('43139941','5','4.5','Yelp');
INSERT INTO "USER_REVIEW" ("RESTAURANT_ID","REVIEW_DATE","COMMENT","REVIEW_RATING")VALUES('43139941','2016-08-08 07:37:03','I live within walking distance and often see a good amount of people there, so I decided to give it a try. 

I ordered the cordon bleu and fries. It was ok,...','3');
INSERT INTO "PHOTO" ("RESTAURANT_ID","PICTURE_URL")VALUES('43139941','https://s3-media1.fl.yelpcdn.com/photo/-SAo9ndcvYxZLCtlUTJwuw/o.jpg');
INSERT INTO "USER_REVIEW" ("RESTAURANT_ID","REVIEW_DATE","COMMENT","REVIEW_RATING")VALUES('43139941','2012-07-29 20:21:54','Nicht Wert bewertet zu werden.','1');
INSERT INTO "PHOTO" ("RESTAURANT_ID","PICTURE_URL")VALUES('43139941','https://s3-media2.fl.yelpcdn.com/photo/DoUM5vUZhz1V0i96cGnTUQ/o.jpg');
INSERT INTO "LOCATION" ("LOCATION_ID","LOCATION_TYPE","ADDRESS","LONGITUDE","LATITUDE")VALUES('382','R','Elbestr. 28/2912045 BerlinGermany','13.4398902979','52.4854191198');
INSERT INTO "RESTAURANT" ("RESTAURANT_ID","PRICERANGE","PHONE_NUMBER","WEBSITE")VALUES('6136243','€€€€','None','None');
INSERT INTO "CUISINE" ("RESTAURANT_ID","CUISINE_TYPE")VALUES('6136243','German');
INSERT INTO "CUISINE" ("RESTAURANT_ID","CUISINE_TYPE")VALUES('6136243','French');
INSERT INTO "RESTAURANT_RATING" ("RESTAURANT_ID","SCALE","OVERALL_RATING","SOURCE")VALUES('6136243','5','4.5','Yelp');
INSERT INTO "USER_REVIEW" ("RESTAURANT_ID","REVIEW_DATE","COMMENT","REVIEW_RATING")VALUES('6136243','2017-09-16 07:18:15','Best meal we had in Berlin. Everything was fresh, creatively presented and perfectly balanced in flavor. The service was also impeccable and friendly; our...','5');
INSERT INTO "PHOTO" ("RESTAURANT_ID","PICTURE_URL")VALUES('6136243','https://s3-media2.fl.yelpcdn.com/photo/-xNidMR8WJ_Fhgh1DhEbgQ/o.jpg');
INSERT INTO "LOCATION" ("LOCATION_ID","LOCATION_TYPE","ADDRESS","LONGITUDE","LATITUDE")VALUES('383','R','Saalestr. 39 A12055 BerlinGermany','13.455159','52.473243');
INSERT INTO "RESTAURANT" ("RESTAURANT_ID","PRICERANGE","PHONE_NUMBER","WEBSITE")VALUES('73150292','€','None','None');
INSERT INTO "CUISINE" ("RESTAURANT_ID","CUISINE_TYPE")VALUES('73150292','Pizza');
INSERT INTO "RESTAURANT_RATING" ("RESTAURANT_ID","SCALE","OVERALL_RATING","SOURCE")VALUES('73150292','5','5.0','Yelp');
INSERT INTO "USER_REVIEW" ("RESTAURANT_ID","REVIEW_DATE","COMMENT","REVIEW_RATING")VALUES('73150292','2017-07-22 09:32:45','I was at the terrible Estrel hotel for a conference. This was a very welcome escape. The person working there was nice but spoke no English. I still got a...','4');
INSERT INTO "PHOTO" ("RESTAURANT_ID","PICTURE_URL")VALUES('73150292','https://s3-media2.fl.yelpcdn.com/photo/1dSpKQEx8zbeCY1bQiGx1A/o.jpg');
INSERT INTO "RESTAURANT_RATING" ("RESTAURANT_ID","SCALE","OVERALL_RATING","SOURCE")VALUES('73150292','5','4.4','Google Map');
INSERT INTO "USER_REVIEW" ("RESTAURANT_ID","REVIEW_DATE","COMMENT","REVIEW_RATING")VALUES('73150292','2018-01-20','Some of the best pizza I''ve ever had. 👍','5');
INSERT INTO "USER_REVIEW" ("RESTAURANT_ID","REVIEW_DATE","COMMENT","REVIEW_RATING")VALUES('73150292','2017-08-22','Fantastic burgers, really good pasta and delicious fries! This place is da bomb. The pizza however I can''t really recommend... It''s pretty basic. But nevertheless, GO THERE! ','5');
INSERT INTO "USER_REVIEW" ("RESTAURANT_ID","REVIEW_DATE","COMMENT","REVIEW_RATING")VALUES('73150292','2017-07-22','I was at the terrible Estrel hotel for a conference. This was a very welcome escape. The person working there was nice but spoke no English. I still got a great pizza and would come back for sure.','4');
INSERT INTO "USER_REVIEW" ("RESTAURANT_ID","REVIEW_DATE","COMMENT","REVIEW_RATING")VALUES('73150292','2017-06-14','Great burgers. But the service can be really slow sometimes. The pizzas are a hit-and-miss. Some are good, others are too oily for my taste.','3');
INSERT INTO "USER_REVIEW" ("RESTAURANT_ID","REVIEW_DATE","COMMENT","REVIEW_RATING")VALUES('73150292','2017-11-03','the dog is out....thank you very much spezial pizza','5');
INSERT INTO "LOCATION" ("LOCATION_ID","LOCATION_TYPE","ADDRESS","LONGITUDE","LATITUDE")VALUES('384','R','Plesser Str. 612435 BerlinGermany','13.45148','52.489243');
INSERT INTO "RESTAURANT" ("RESTAURANT_ID","PRICERANGE","PHONE_NUMBER","WEBSITE")VALUES('69692801','€','None','None');
INSERT INTO "CUISINE" ("RESTAURANT_ID","CUISINE_TYPE")VALUES('69692801','Indian');
INSERT INTO "RESTAURANT_RATING" ("RESTAURANT_ID","SCALE","OVERALL_RATING","SOURCE")VALUES('69692801','5','4.5','Yelp');
INSERT INTO "LOCATION" ("LOCATION_ID","LOCATION_TYPE","ADDRESS","LONGITUDE","LATITUDE")VALUES('385','R','Wichertstr. 5710439 BerlinGermany','13.42284','52.54803');
INSERT INTO "RESTAURANT" ("RESTAURANT_ID","PRICERANGE","PHONE_NUMBER","WEBSITE")VALUES('64838116','€€','None','None');
INSERT INTO "CUISINE" ("RESTAURANT_ID","CUISINE_TYPE")VALUES('64838116','Indian');
INSERT INTO "RESTAURANT_RATING" ("RESTAURANT_ID","SCALE","OVERALL_RATING","SOURCE")VALUES('64838116','5','4.5','Yelp');
INSERT INTO "USER_REVIEW" ("RESTAURANT_ID","REVIEW_DATE","COMMENT","REVIEW_RATING")VALUES('64838116','2017-10-29 05:06:03','A friend recommanded this place and I keep coming back. One of my favorite restaurants!
The service can be a bit chaotic when the place is full, but the...','5');
INSERT INTO "PHOTO" ("RESTAURANT_ID","PICTURE_URL")VALUES('64838116','https://s3-media2.fl.yelpcdn.com/photo/oYAHET3Vq43hCCX04dpZDw/o.jpg');
INSERT INTO "USER_REVIEW" ("RESTAURANT_ID","REVIEW_DATE","COMMENT","REVIEW_RATING")VALUES('64838116','2017-11-01 00:19:41','A very nice overall experience, went here with the family on a public holiday make sure to make reservations beforehand. Friendly and prompt staff, good...','4');
INSERT INTO "PHOTO" ("RESTAURANT_ID","PICTURE_URL")VALUES('64838116','https://s3-media1.fl.yelpcdn.com/photo/wRrL7S0d5nda5d9HjuCpng/o.jpg');
INSERT INTO "USER_REVIEW" ("RESTAURANT_ID","REVIEW_DATE","COMMENT","REVIEW_RATING")VALUES('64838116','2017-01-28 16:17:56','I liked the service and the ambience ! two things i look for as much as the food. And food was amazing too! So I ordered the starters or appetizers and you...','5');
INSERT INTO "PHOTO" ("RESTAURANT_ID","PICTURE_URL")VALUES('64838116','https://s3-media1.fl.yelpcdn.com/photo/anrTtSFwdma5LBfoqdkRDQ/o.jpg');
INSERT INTO "LOCATION" ("LOCATION_ID","LOCATION_TYPE","ADDRESS","LONGITUDE","LATITUDE")VALUES('386','R','Falkenberger Str. 16013088 BerlinGermany','13.4778190032','52.5559428298');
INSERT INTO "RESTAURANT" ("RESTAURANT_ID","PRICERANGE","PHONE_NUMBER","WEBSITE")VALUES('62308744','€€','None','None');
INSERT INTO "CUISINE" ("RESTAURANT_ID","CUISINE_TYPE")VALUES('62308744','Greek');
INSERT INTO "RESTAURANT_RATING" ("RESTAURANT_ID","SCALE","OVERALL_RATING","SOURCE")VALUES('62308744','5','4.5','Yelp');
INSERT INTO "USER_REVIEW" ("RESTAURANT_ID","REVIEW_DATE","COMMENT","REVIEW_RATING")VALUES('62308744','2015-11-22 05:12:49','Would recommend this restaurant to anyone in the area. Great food, very friendly service and decent prices.

We called about 30 minutes in advance on a...','5');
INSERT INTO "PHOTO" ("RESTAURANT_ID","PICTURE_URL")VALUES('62308744','https://s3-media2.fl.yelpcdn.com/photo/a5JrrTqF-6SOhx0PuS-Y0w/o.jpg');
INSERT INTO "LOCATION" ("LOCATION_ID","LOCATION_TYPE","ADDRESS","LONGITUDE","LATITUDE")VALUES('387','R','Richard-Wagner-Str. 1310585 BerlinGermany','13.3067','52.51367');
INSERT INTO "RESTAURANT" ("RESTAURANT_ID","PRICERANGE","PHONE_NUMBER","WEBSITE")VALUES('14969167','€€€','None','None');
INSERT INTO "CUISINE" ("RESTAURANT_ID","CUISINE_TYPE")VALUES('14969167','Italian');
INSERT INTO "CUISINE" ("RESTAURANT_ID","CUISINE_TYPE")VALUES('14969167','Wine Bars');
INSERT INTO "RESTAURANT_RATING" ("RESTAURANT_ID","SCALE","OVERALL_RATING","SOURCE")VALUES('14969167','5','5.0','Yelp');
INSERT INTO "USER_REVIEW" ("RESTAURANT_ID","REVIEW_DATE","COMMENT","REVIEW_RATING")VALUES('14969167','2017-11-26 23:37:10','This place is like home right when you walk in the door.  Our 12 year old son was shown the kitchen and picked out his own pasta.  The owner made us feel...','5');
INSERT INTO "PHOTO" ("RESTAURANT_ID","PICTURE_URL")VALUES('14969167','https://s3-media2.fl.yelpcdn.com/photo/O1atm2eKG4AoNP8cUh5Jzw/o.jpg');
INSERT INTO "USER_REVIEW" ("RESTAURANT_ID","REVIEW_DATE","COMMENT","REVIEW_RATING")VALUES('14969167','2015-02-20 15:06:10','I brought my mother here after singing for the Deutsche Oper Berlin. The food featured a southern Italian flair and a reasonably priced wine list. The...','5');
INSERT INTO "PHOTO" ("RESTAURANT_ID","PICTURE_URL")VALUES('14969167','https://s3-media1.fl.yelpcdn.com/photo/9fium0RdKt_Em283_4zwlw/o.jpg');
INSERT INTO "LOCATION" ("LOCATION_ID","LOCATION_TYPE","ADDRESS","LONGITUDE","LATITUDE")VALUES('388','R','Grunewaldstr. 1610823 BerlinGermany','13.3535517165','52.490010874');
INSERT INTO "RESTAURANT" ("RESTAURANT_ID","PRICERANGE","PHONE_NUMBER","WEBSITE")VALUES('3790625','€€','None','None');
INSERT INTO "CUISINE" ("RESTAURANT_ID","CUISINE_TYPE")VALUES('3790625','Greek');
INSERT INTO "RESTAURANT_RATING" ("RESTAURANT_ID","SCALE","OVERALL_RATING","SOURCE")VALUES('3790625','5','5.0','Yelp');
INSERT INTO "USER_REVIEW" ("RESTAURANT_ID","REVIEW_DATE","COMMENT","REVIEW_RATING")VALUES('3790625','2017-10-21 11:58:03','1. Best greek food ever 
2. Super friendly staff 
3. Starter plate for 1 person = for 2 
4. Main dishes were amazing  
5. Really good meat  
6. Free Ouzo...','5');
INSERT INTO "PHOTO" ("RESTAURANT_ID","PICTURE_URL")VALUES('3790625','https://s3-media4.fl.yelpcdn.com/photo/eSg03FUn8CaTnLndQ7ZYNw/o.jpg');
INSERT INTO "USER_REVIEW" ("RESTAURANT_ID","REVIEW_DATE","COMMENT","REVIEW_RATING")VALUES('3790625','2017-04-20 00:01:19','This place is a hidden gem!!! Inside is so cute and romantic. I felt like I was actually in another country. All the food I had was incredibly delicious. It...','5');
INSERT INTO "PHOTO" ("RESTAURANT_ID","PICTURE_URL")VALUES('3790625','https://s3-media1.fl.yelpcdn.com/photo/ePwPayg3wUXEga-vqcqpqQ/o.jpg');
INSERT INTO "LOCATION" ("LOCATION_ID","LOCATION_TYPE","ADDRESS","LONGITUDE","LATITUDE")VALUES('389','R','Dunckerstr. 3010439 BerlinGermany','13.42527','52.54721');
INSERT INTO "RESTAURANT" ("RESTAURANT_ID","PRICERANGE","PHONE_NUMBER","WEBSITE")VALUES('78198443','€','None','None');
INSERT INTO "CUISINE" ("RESTAURANT_ID","CUISINE_TYPE")VALUES('78198443','Korean');
INSERT INTO "RESTAURANT_RATING" ("RESTAURANT_ID","SCALE","OVERALL_RATING","SOURCE")VALUES('78198443','5','4.5','Yelp');
INSERT INTO "USER_REVIEW" ("RESTAURANT_ID","REVIEW_DATE","COMMENT","REVIEW_RATING")VALUES('78198443','2017-10-29 13:39:18','this is a great place for a super delicious spicy raymeon and a good bier. very happy to live around the corner and have it as a Stammlokal. very friendly...','4');
INSERT INTO "PHOTO" ("RESTAURANT_ID","PICTURE_URL")VALUES('78198443','https://s3-media1.fl.yelpcdn.com/photo/b5BKCKx3cHHz7EvCEo8-2Q/o.jpg');
INSERT INTO "RESTAURANT_RATING" ("RESTAURANT_ID","SCALE","OVERALL_RATING","SOURCE")VALUES('78198443','5','4.6','Google Map');
INSERT INTO "USER_REVIEW" ("RESTAURANT_ID","REVIEW_DATE","COMMENT","REVIEW_RATING")VALUES('78198443','2018-01-03','Quite good and healthy food. Interior clean and nice','4');
INSERT INTO "USER_REVIEW" ("RESTAURANT_ID","REVIEW_DATE","COMMENT","REVIEW_RATING")VALUES('78198443','2017-10-21','Nice Korean bistro with very friendly stuff, who explains all about the food, how and what to eat. 

Food taste great and portions are generous','5');
INSERT INTO "USER_REVIEW" ("RESTAURANT_ID","REVIEW_DATE","COMMENT","REVIEW_RATING")VALUES('78198443','2017-06-29','Fresh and friendly bistro. Had the spicy noodle, kimchi pancake, tuna kimbab and it all tastes really good. Definitely worth trying if you are in the area.','5');
INSERT INTO "USER_REVIEW" ("RESTAURANT_ID","REVIEW_DATE","COMMENT","REVIEW_RATING")VALUES('78198443','2017-07-06','Quiet and family-friendly reataurant. This place is a European version of Korean snack bar with simplified boonshik menu. Gimbap tastes like a homemade one and ramyeon is authentic.','5');
INSERT INTO "USER_REVIEW" ("RESTAURANT_ID","REVIEW_DATE","COMMENT","REVIEW_RATING")VALUES('78198443','2017-06-17','Nice and friendly place, and the food is super fresh and tasty.','5');
INSERT INTO "LOCATION" ("LOCATION_ID","LOCATION_TYPE","ADDRESS","LONGITUDE","LATITUDE")VALUES('390','R','Kantstr. 11810625 BerlinGermany','13.30962','52.50634');
INSERT INTO "RESTAURANT" ("RESTAURANT_ID","PRICERANGE","PHONE_NUMBER","WEBSITE")VALUES('46692637','€€','None','None');
INSERT INTO "CUISINE" ("RESTAURANT_ID","CUISINE_TYPE")VALUES('46692637','Japanese');
INSERT INTO "RESTAURANT_RATING" ("RESTAURANT_ID","SCALE","OVERALL_RATING","SOURCE")VALUES('46692637','5','4.0','Yelp');
INSERT INTO "USER_REVIEW" ("RESTAURANT_ID","REVIEW_DATE","COMMENT","REVIEW_RATING")VALUES('46692637','2017-11-21 11:49:35','This place has quality food at very good prices. The Kara-Age with gravy was quite good, albeit nothing too special. The Udon (with chicken) was...','4');
INSERT INTO "USER_REVIEW" ("RESTAURANT_ID","REVIEW_DATE","COMMENT","REVIEW_RATING")VALUES('46692637','2016-01-30 15:02:41','I love this place since it has some nice authentic atmosphere.
The food is great. Everything except sushi, since they do not specialize on that. And the tea...','5');
INSERT INTO "PHOTO" ("RESTAURANT_ID","PICTURE_URL")VALUES('46692637','https://s3-media1.fl.yelpcdn.com/photo/TNJLZcZfEyv_vDAZDoEYNg/o.jpg');
INSERT INTO "USER_REVIEW" ("RESTAURANT_ID","REVIEW_DATE","COMMENT","REVIEW_RATING")VALUES('46692637','2015-12-14 02:31:59','Udagawa is my homeboy.

I don''t even see why I should justify my love to this place since I am not even willing to accept any other rating for this...','5');
INSERT INTO "PHOTO" ("RESTAURANT_ID","PICTURE_URL")VALUES('46692637','https://s3-media3.fl.yelpcdn.com/photo/9vzac5tVbEM3gkqiT0n4gw/o.jpg');
INSERT INTO "LOCATION" ("LOCATION_ID","LOCATION_TYPE","ADDRESS","LONGITUDE","LATITUDE")VALUES('391','R','Claire-Waldoff-Str. 510117 BerlinGermany','13.38632','52.52454');
INSERT INTO "RESTAURANT" ("RESTAURANT_ID","PRICERANGE","PHONE_NUMBER","WEBSITE")VALUES('22018316','€€','None','None');
INSERT INTO "CUISINE" ("RESTAURANT_ID","CUISINE_TYPE")VALUES('22018316','Lebanese');
INSERT INTO "CUISINE" ("RESTAURANT_ID","CUISINE_TYPE")VALUES('22018316','Arabian');
INSERT INTO "RESTAURANT_RATING" ("RESTAURANT_ID","SCALE","OVERALL_RATING","SOURCE")VALUES('22018316','5','4.0','Yelp');
INSERT INTO "USER_REVIEW" ("RESTAURANT_ID","REVIEW_DATE","COMMENT","REVIEW_RATING")VALUES('22018316','2017-12-10 13:34:28','Terrible service, incredibly disgusting drinks, gross hummus. It smelled like feet. 

I don''t know if management has changed since I see good reviews from a...','1');
INSERT INTO "PHOTO" ("RESTAURANT_ID","PICTURE_URL")VALUES('22018316','https://s3-media2.fl.yelpcdn.com/photo/RViGTOGw54hAp-m8BesA_A/o.jpg');
INSERT INTO "USER_REVIEW" ("RESTAURANT_ID","REVIEW_DATE","COMMENT","REVIEW_RATING")VALUES('22018316','2017-08-18 13:37:28','Very friendly service, and lounge is super cushy and comfortable. Food is very well seasoned, especially the mixed meats platter, and also very fresh. Bread...','5');
INSERT INTO "PHOTO" ("RESTAURANT_ID","PICTURE_URL")VALUES('22018316','https://s3-media4.fl.yelpcdn.com/photo/xtkgkSpJUqjsfz8r9mcC0w/o.jpg');
INSERT INTO "USER_REVIEW" ("RESTAURANT_ID","REVIEW_DATE","COMMENT","REVIEW_RATING")VALUES('22018316','2017-04-15 06:42:31','Fantastic surprise! Stumbled across this restaurant while walking around. Found the last table for 2 and have no regrets! Fantastic, fresh and delicious.','5');
INSERT INTO "PHOTO" ("RESTAURANT_ID","PICTURE_URL")VALUES('22018316','https://s3-media1.fl.yelpcdn.com/photo/00s9hRad2jOwpOx-tPLi0Q/o.jpg');
INSERT INTO "LOCATION" ("LOCATION_ID","LOCATION_TYPE","ADDRESS","LONGITUDE","LATITUDE")VALUES('392','R','Straßmannstr. 3110249 BerlinGermany','13.45196','52.52287');
INSERT INTO "RESTAURANT" ("RESTAURANT_ID","PRICERANGE","PHONE_NUMBER","WEBSITE")VALUES('68173224','€€','None','None');
INSERT INTO "CUISINE" ("RESTAURANT_ID","CUISINE_TYPE")VALUES('68173224','German');
INSERT INTO "CUISINE" ("RESTAURANT_ID","CUISINE_TYPE")VALUES('68173224','Cafes');
INSERT INTO "RESTAURANT_RATING" ("RESTAURANT_ID","SCALE","OVERALL_RATING","SOURCE")VALUES('68173224','5','4.5','Yelp');
INSERT INTO "RESTAURANT_RATING" ("RESTAURANT_ID","SCALE","OVERALL_RATING","SOURCE")VALUES('68173224','5','4.5','Google Map');
INSERT INTO "USER_REVIEW" ("RESTAURANT_ID","REVIEW_DATE","COMMENT","REVIEW_RATING")VALUES('68173224','2017-08-26','Tasty food, good drinks, good price.','4');
INSERT INTO "USER_REVIEW" ("RESTAURANT_ID","REVIEW_DATE","COMMENT","REVIEW_RATING")VALUES('68173224','2017-01-21','Schnitzel was great! Beer not so good. Was sitting outside ','4');
INSERT INTO "USER_REVIEW" ("RESTAURANT_ID","REVIEW_DATE","COMMENT","REVIEW_RATING")VALUES('68173224','2017-11-10','Sehr, sehr uriges, einladendes und super nettes kleines Restaurant & Man wurde sehr lieb empfangen! Das Essen war super, super lecker! Sobald wir mal wieder in Berlin unterwegs sind, kommen wir auf jeden Fall wieder vorbei! Vielen Dank für den tollen Abend!','5');
INSERT INTO "USER_REVIEW" ("RESTAURANT_ID","REVIEW_DATE","COMMENT","REVIEW_RATING")VALUES('68173224','2017-11-15','Un Lugar muy tranquilo muy buena atención','5');
INSERT INTO "USER_REVIEW" ("RESTAURANT_ID","REVIEW_DATE","COMMENT","REVIEW_RATING")VALUES('68173224','2017-05-23','Sehr nette Bedienung, waren samstags zum Frühstück da und der Laden war angenehm leer. Das Käsefrühstück mit zusätzlichem Vanillequark und Ei hat uns zu zweit gut ausgereicht und war sehr lecker. ','4');
INSERT INTO "LOCATION" ("LOCATION_ID","LOCATION_TYPE","ADDRESS","LONGITUDE","LATITUDE")VALUES('393','R','Südwestkorso 1512161 BerlinGermany','13.3213899','52.47326');
INSERT INTO "RESTAURANT" ("RESTAURANT_ID","PRICERANGE","PHONE_NUMBER","WEBSITE")VALUES('9804840','€€','None','None');
INSERT INTO "CUISINE" ("RESTAURANT_ID","CUISINE_TYPE")VALUES('9804840','Greek');
INSERT INTO "RESTAURANT_RATING" ("RESTAURANT_ID","SCALE","OVERALL_RATING","SOURCE")VALUES('9804840','5','4.5','Yelp');
INSERT INTO "LOCATION" ("LOCATION_ID","LOCATION_TYPE","ADDRESS","LONGITUDE","LATITUDE")VALUES('394','R','Waisenstr. 14 - 1610179 BerlinGermany','13.41379','52.517349');
INSERT INTO "RESTAURANT" ("RESTAURANT_ID","PRICERANGE","PHONE_NUMBER","WEBSITE")VALUES('98577751','€€€','None','None');
INSERT INTO "CUISINE" ("RESTAURANT_ID","CUISINE_TYPE")VALUES('98577751','German');
INSERT INTO "RESTAURANT_RATING" ("RESTAURANT_ID","SCALE","OVERALL_RATING","SOURCE")VALUES('98577751','5','3.5','Yelp');
INSERT INTO "USER_REVIEW" ("RESTAURANT_ID","REVIEW_DATE","COMMENT","REVIEW_RATING")VALUES('98577751','2017-08-10 03:25:24','I think the foods and the price are great but the service was not so great.  But maybe just being typical.  It is crowded by tourist, students and locals....','3');
INSERT INTO "PHOTO" ("RESTAURANT_ID","PICTURE_URL")VALUES('98577751','https://s3-media3.fl.yelpcdn.com/photo/RAGuUnZjpeeUQzARc2gzMg/o.jpg');
INSERT INTO "USER_REVIEW" ("RESTAURANT_ID","REVIEW_DATE","COMMENT","REVIEW_RATING")VALUES('98577751','2016-06-09 13:12:09','The food is fantastic. My wife ordered the veal meatballs and I ordered the lamb sausage, and even though it turned out to be a salad, I loved it. 

The...','4');
INSERT INTO "PHOTO" ("RESTAURANT_ID","PICTURE_URL")VALUES('98577751','https://s3-media1.fl.yelpcdn.com/photo/qsVHfJ7on42Xx56vkSn4vw/o.jpg');
INSERT INTO "USER_REVIEW" ("RESTAURANT_ID","REVIEW_DATE","COMMENT","REVIEW_RATING")VALUES('98577751','2016-02-26 15:30:35','Wasn''t sure if Napolean really dine here before but since I saw it online, it''s worth a try. 

Although I was never a big fan of pork knuckle before, I...','4');
INSERT INTO "PHOTO" ("RESTAURANT_ID","PICTURE_URL")VALUES('98577751','https://s3-media3.fl.yelpcdn.com/photo/yW6NRiRyVP1bx44WsSSqnw/o.jpg');
INSERT INTO "RESTAURANT_RATING" ("RESTAURANT_ID","SCALE","OVERALL_RATING","SOURCE")VALUES('98577751','5','4.1','Google Map');
INSERT INTO "USER_REVIEW" ("RESTAURANT_ID","REVIEW_DATE","COMMENT","REVIEW_RATING")VALUES('98577751','2018-01-08','A gorgeous little traditional German restaurant. Wonderful menu full of delicious interpretations of German meals. This is a great restaurant, ideal for couples or small groups. Decor is very pretty, staff are great, and the menu is top notch. Well worth a visit if you''re in the mood for some pork knuckle.','5');
INSERT INTO "USER_REVIEW" ("RESTAURANT_ID","REVIEW_DATE","COMMENT","REVIEW_RATING")VALUES('98577751','2017-11-22','Ancient German cuisine, in the best of ways! This place is the oldest restaurant in Berlin, and they know what they''re doing. I had the roasted pork knuckle with red cabbage which is prepared almost like a jam. This dish was incredible, and also the puree side. For firsts you should try the chicken liver croquet, which is simply amazing. The duck stock is also quite unique but too salty for my palate. I was rewarded with a free Apple tort for dessert which was nice, and the waiter was very friendly and helpful.','5');
INSERT INTO "USER_REVIEW" ("RESTAURANT_ID","REVIEW_DATE","COMMENT","REVIEW_RATING")VALUES('98577751','2017-11-04','Lovely historic pub restaurant serving great beer and good quality traditional German food.

It can get busy, so booking in advance is highly recommended.

Our waiter was (intentionally) very amusing, adding to the enjoyment of our evening.','4');
INSERT INTO "USER_REVIEW" ("RESTAURANT_ID","REVIEW_DATE","COMMENT","REVIEW_RATING")VALUES('98577751','2017-10-07','The steamed pork knuckle was very good. Huge portion — big enough for 2 Asian women! Leave room for the apple tart. DELICIOUS. Though the place smells a little greasy, it goes away soon enough and the authentic unpretentious rustic ambience more than makes up for it. Hey, if it''s good enough for Napoleon, it''s good enough for me.','5');
INSERT INTO "USER_REVIEW" ("RESTAURANT_ID","REVIEW_DATE","COMMENT","REVIEW_RATING")VALUES('98577751','2017-11-14','Maybe next time just told people the restaurant is fully booked instead of making fun of them. What do u think I want when I walk into a restaurant around dinner time? U Just said Hello and nothing else, but after I found a table to sit, then u told me I can’t eat here. Real funny way to waste my time.','1');
INSERT INTO "LOCATION" ("LOCATION_ID","LOCATION_TYPE","ADDRESS","LONGITUDE","LATITUDE")VALUES('395','R','Kronenstr. 7010117 BerlinGermany','13.38801','52.5112499');
INSERT INTO "RESTAURANT" ("RESTAURANT_ID","PRICERANGE","PHONE_NUMBER","WEBSITE")VALUES('96499802','€€','None','None');
INSERT INTO "CUISINE" ("RESTAURANT_ID","CUISINE_TYPE")VALUES('96499802','Vegetarian');
INSERT INTO "CUISINE" ("RESTAURANT_ID","CUISINE_TYPE")VALUES('96499802','Pan Asian');
INSERT INTO "RESTAURANT_RATING" ("RESTAURANT_ID","SCALE","OVERALL_RATING","SOURCE")VALUES('96499802','5','5.0','Yelp');
INSERT INTO "USER_REVIEW" ("RESTAURANT_ID","REVIEW_DATE","COMMENT","REVIEW_RATING")VALUES('96499802','2017-08-26 13:22:47','The food here is amazing and I could not believe the prices! It is very cheap! We had 3 starters, 2 mains and 3 desserts and paid around €50. 
The food is...','5');
INSERT INTO "PHOTO" ("RESTAURANT_ID","PICTURE_URL")VALUES('96499802','https://s3-media2.fl.yelpcdn.com/photo/jfUiFuJeVcf6RVfJhaKwag/o.jpg');
INSERT INTO "USER_REVIEW" ("RESTAURANT_ID","REVIEW_DATE","COMMENT","REVIEW_RATING")VALUES('96499802','2017-05-31 07:09:40','This is my recommendation for this plave that I am writing while waiting for my order. So this a clear 5 Yelp-stars for being the only vegan place to go nearby!','5');
INSERT INTO "PHOTO" ("RESTAURANT_ID","PICTURE_URL")VALUES('96499802','https://s3-media1.fl.yelpcdn.com/photo/xtV-yzy16SoFrqnRQhKzgQ/o.jpg');
INSERT INTO "USER_REVIEW" ("RESTAURANT_ID","REVIEW_DATE","COMMENT","REVIEW_RATING")VALUES('96499802','2017-02-24 23:52:04','Savory Chai is an all vegetarian restaurant in the city center. If you are planning to visit Mitte to site see, this is essentially your only vegan option!...','5');
INSERT INTO "PHOTO" ("RESTAURANT_ID","PICTURE_URL")VALUES('96499802','https://s3-media3.fl.yelpcdn.com/photo/gbdrcWcpSyz6hzWxOFUp6g/o.jpg');
INSERT INTO "LOCATION" ("LOCATION_ID","LOCATION_TYPE","ADDRESS","LONGITUDE","LATITUDE")VALUES('396','R','Warschauer Str. 3310243 BerlinGermany','13.4501','52.50781');
INSERT INTO "RESTAURANT" ("RESTAURANT_ID","PRICERANGE","PHONE_NUMBER","WEBSITE")VALUES('56632104','€€','None','None');
INSERT INTO "CUISINE" ("RESTAURANT_ID","CUISINE_TYPE")VALUES('56632104','Vegan');
INSERT INTO "CUISINE" ("RESTAURANT_ID","CUISINE_TYPE")VALUES('56632104','Gluten-Free');
INSERT INTO "RESTAURANT_RATING" ("RESTAURANT_ID","SCALE","OVERALL_RATING","SOURCE")VALUES('56632104','5','4.0','Yelp');
INSERT INTO "USER_REVIEW" ("RESTAURANT_ID","REVIEW_DATE","COMMENT","REVIEW_RATING")VALUES('56632104','2017-05-30 06:38:12','I love the food at the bowl! 
My favourite bowls are california and falafel.
Drinks are also very nice, fresh lemonades with different tastes...
one on my...','5');
INSERT INTO "PHOTO" ("RESTAURANT_ID","PICTURE_URL")VALUES('56632104','https://s3-media2.fl.yelpcdn.com/photo/Vqh-w0B2FBSql_bdu7nj0Q/o.jpg');
INSERT INTO "USER_REVIEW" ("RESTAURANT_ID","REVIEW_DATE","COMMENT","REVIEW_RATING")VALUES('56632104','2016-07-29 03:32:50','Phenomenal vegan café a meer 10 minute walk up the road from the East Side gallery, right by the tram, underground and train stops. It''s above a large vegan...','5');
INSERT INTO "PHOTO" ("RESTAURANT_ID","PICTURE_URL")VALUES('56632104','https://s3-media3.fl.yelpcdn.com/photo/h2CaQcUuRsbxbnakI71_Uw/o.jpg');
INSERT INTO "USER_REVIEW" ("RESTAURANT_ID","REVIEW_DATE","COMMENT","REVIEW_RATING")VALUES('56632104','2016-08-31 03:18:19','Wanted to love this place. ... Good atmosphere and vibe. Enjoyed the Brussels sprouts with cashew cream sauce but the Mediterranean bowl was average.. Not...','2');
INSERT INTO "PHOTO" ("RESTAURANT_ID","PICTURE_URL")VALUES('56632104','https://s3-media3.fl.yelpcdn.com/photo/JXXuhdKRp9rXl2WWkfvuFA/o.jpg');
INSERT INTO "LOCATION" ("LOCATION_ID","LOCATION_TYPE","ADDRESS","LONGITUDE","LATITUDE")VALUES('397','R','Kollwitzstr. 3710405 BerlinGermany','13.41513','52.534');
INSERT INTO "RESTAURANT" ("RESTAURANT_ID","PRICERANGE","PHONE_NUMBER","WEBSITE")VALUES('33381257','€€','None','None');
INSERT INTO "CUISINE" ("RESTAURANT_ID","CUISINE_TYPE")VALUES('33381257','Indian');
INSERT INTO "CUISINE" ("RESTAURANT_ID","CUISINE_TYPE")VALUES('33381257','Bars');
INSERT INTO "RESTAURANT_RATING" ("RESTAURANT_ID","SCALE","OVERALL_RATING","SOURCE")VALUES('33381257','5','4.0','Yelp');
INSERT INTO "USER_REVIEW" ("RESTAURANT_ID","REVIEW_DATE","COMMENT","REVIEW_RATING")VALUES('33381257','2016-12-28 09:46:11','A nice open air area outside to sit. Fantastic Indian food. Had indian punjabi Thali ( butter chicken, lamb, chutney, sliced onions and very nice chutney (...','5');
INSERT INTO "PHOTO" ("RESTAURANT_ID","PICTURE_URL")VALUES('33381257','https://s3-media1.fl.yelpcdn.com/photo/rEZOz9lxsITNSUbM9psHVg/o.jpg');
INSERT INTO "USER_REVIEW" ("RESTAURANT_ID","REVIEW_DATE","COMMENT","REVIEW_RATING")VALUES('33381257','2017-07-21 15:56:50','Really good food and service. I''d definitely recommend it. I had the chicken tandoori which was very nicely cooked, the spices and the taste, very close to...','4');
INSERT INTO "PHOTO" ("RESTAURANT_ID","PICTURE_URL")VALUES('33381257','https://s3-media2.fl.yelpcdn.com/photo/Fi-U9oAUPOMf9Fyv-yRcPQ/o.jpg');
INSERT INTO "USER_REVIEW" ("RESTAURANT_ID","REVIEW_DATE","COMMENT","REVIEW_RATING")VALUES('33381257','2017-02-05 23:27:31','Vegans be careful! Although they have a vegan menu, when I ordered vegan channa masala for take away, I found chicken in there :/ We took it back to the...','1');
INSERT INTO "PHOTO" ("RESTAURANT_ID","PICTURE_URL")VALUES('33381257','https://s3-media4.fl.yelpcdn.com/photo/UbWRqvDSd4v6_8GDKcVRXQ/o.jpg');
INSERT INTO "RESTAURANT_RATING" ("RESTAURANT_ID","SCALE","OVERALL_RATING","SOURCE")VALUES('33381257','5','4.3','Google Map');
INSERT INTO "USER_REVIEW" ("RESTAURANT_ID","REVIEW_DATE","COMMENT","REVIEW_RATING")VALUES('33381257','2018-01-07','I''ve lived in Germany for 8 years now, and this is first and only restaurant that I''ve truly liked. The service is wonderful and very kind and nice. Of course we visited on 24th December early evening, so maybe that''s why. .  .but still it was very nice. 

The food was amazing and tasty. We got complimentary starter salad and masala papad. The north Indian food was very tasty and authentic. The bhatura was very fresh and very filling. 

Definitely worth visiting. If I''m again in Berlin and wanna eat Indian then I know where to go','5');
INSERT INTO "USER_REVIEW" ("RESTAURANT_ID","REVIEW_DATE","COMMENT","REVIEW_RATING")VALUES('33381257','2017-11-27','One of the best Indian food in town.  Not spicy :-(','5');
INSERT INTO "USER_REVIEW" ("RESTAURANT_ID","REVIEW_DATE","COMMENT","REVIEW_RATING")VALUES('33381257','2017-12-05','The food is tasty and service always friendly!','4');
INSERT INTO "USER_REVIEW" ("RESTAURANT_ID","REVIEW_DATE","COMMENT","REVIEW_RATING")VALUES('33381257','2017-04-24','I loved the place because it was full of very nice waiters and the energy was great. I asked one of the waiters to suggest something for me to eat and he knew what was good. I would advice anyone who likes and loves Indian food to make a turn at this place. The service is great as well. ','5');
INSERT INTO "USER_REVIEW" ("RESTAURANT_ID","REVIEW_DATE","COMMENT","REVIEW_RATING")VALUES('33381257','2017-07-14','Had the lamb curry and it was really tasty. Food comes quickly and friendly staff always nearby to assist. Prices also reasonable. ','5');
INSERT INTO "LOCATION" ("LOCATION_ID","LOCATION_TYPE","ADDRESS","LONGITUDE","LATITUDE")VALUES('398','R','Rochstr. 1410178 BerlinGermany','13.4072685466','52.5231540344');
INSERT INTO "RESTAURANT" ("RESTAURANT_ID","PRICERANGE","PHONE_NUMBER","WEBSITE")VALUES('97562208','€€','None','None');
INSERT INTO "CUISINE" ("RESTAURANT_ID","CUISINE_TYPE")VALUES('97562208','Pubs');
INSERT INTO "CUISINE" ("RESTAURANT_ID","CUISINE_TYPE")VALUES('97562208','Burgers');
INSERT INTO "RESTAURANT_RATING" ("RESTAURANT_ID","SCALE","OVERALL_RATING","SOURCE")VALUES('97562208','5','4.0','Yelp');
INSERT INTO "USER_REVIEW" ("RESTAURANT_ID","REVIEW_DATE","COMMENT","REVIEW_RATING")VALUES('97562208','2017-05-16 12:00:52','Large portions. Kind of expensive. My burger and fries was 12.50 then 6.50 more in fees for using the table tap and having what amounted to 1 full beer....','3');
INSERT INTO "PHOTO" ("RESTAURANT_ID","PICTURE_URL")VALUES('97562208','https://s3-media1.fl.yelpcdn.com/photo/ePwPayg3wUXEga-vqcqpqQ/o.jpg');
INSERT INTO "USER_REVIEW" ("RESTAURANT_ID","REVIEW_DATE","COMMENT","REVIEW_RATING")VALUES('97562208','2017-10-19 11:29:48','This is the best burger I have ever had. Hands down. Restaurant is pug themed and they have beer taps at the table to pour your own. Beer is a little...','5');
INSERT INTO "PHOTO" ("RESTAURANT_ID","PICTURE_URL")VALUES('97562208','https://s3-media1.fl.yelpcdn.com/photo/fWBuGj4LfeEtg_Z6oyNAeA/o.jpg');
INSERT INTO "USER_REVIEW" ("RESTAURANT_ID","REVIEW_DATE","COMMENT","REVIEW_RATING")VALUES('97562208','2017-07-02 15:25:01','Nice idea with the tap at the table. But tapped beer is mostly foam and costs 9.00€ per Liter (which I totally overpriced considering that the waiter...','3');
INSERT INTO "LOCATION" ("LOCATION_ID","LOCATION_TYPE","ADDRESS","LONGITUDE","LATITUDE")VALUES('399','R','Reichenberger Str. 86 a10999 BerlinGermany','13.4370260344','52.4934191937');
INSERT INTO "RESTAURANT" ("RESTAURANT_ID","PRICERANGE","PHONE_NUMBER","WEBSITE")VALUES('73937024','€€','None','None');
INSERT INTO "CUISINE" ("RESTAURANT_ID","CUISINE_TYPE")VALUES('73937024','Breakfast & Brunch');
INSERT INTO "CUISINE" ("RESTAURANT_ID","CUISINE_TYPE")VALUES('73937024','Modern European');
INSERT INTO "CUISINE" ("RESTAURANT_ID","CUISINE_TYPE")VALUES('73937024','Bars');
INSERT INTO "RESTAURANT_RATING" ("RESTAURANT_ID","SCALE","OVERALL_RATING","SOURCE")VALUES('73937024','5','5.0','Yelp');
INSERT INTO "USER_REVIEW" ("RESTAURANT_ID","REVIEW_DATE","COMMENT","REVIEW_RATING")VALUES('73937024','2017-12-21 02:46:51','Came to this place on a whim and it did not disappoint! I had the some avocado toast with goat cheese, poached eggs and a salad. And I got to say that was...','5');
INSERT INTO "USER_REVIEW" ("RESTAURANT_ID","REVIEW_DATE","COMMENT","REVIEW_RATING")VALUES('73937024','2017-05-14 05:02:54','I live right around the corner. I just discovered this place. Today I had the best brunch I have had in Berlin. The details were all perfect...a string of...','5');
INSERT INTO "PHOTO" ("RESTAURANT_ID","PICTURE_URL")VALUES('73937024','https://s3-media1.fl.yelpcdn.com/photo/VFGl2tlBmGfif28bGViuyw/o.jpg');
INSERT INTO "USER_REVIEW" ("RESTAURANT_ID","REVIEW_DATE","COMMENT","REVIEW_RATING")VALUES('73937024','2017-02-26 11:15:50','This place is great. Was in town for an extended work trip and stayed at an Airbnb across the street. Internet in the flat was spotty at best. But as luck...','5');
INSERT INTO "LOCATION" ("LOCATION_ID","LOCATION_TYPE","ADDRESS","LONGITUDE","LATITUDE")VALUES('400','R','Binzstr. 1613189 BerlinGermany','13.4194138','52.5633798');
INSERT INTO "RESTAURANT" ("RESTAURANT_ID","PRICERANGE","PHONE_NUMBER","WEBSITE")VALUES('71240639','Unknown','None','None');
INSERT INTO "CUISINE" ("RESTAURANT_ID","CUISINE_TYPE")VALUES('71240639','Italian');
INSERT INTO "RESTAURANT_RATING" ("RESTAURANT_ID","SCALE","OVERALL_RATING","SOURCE")VALUES('71240639','5','5.0','Yelp');
INSERT INTO "LOCATION" ("LOCATION_ID","LOCATION_TYPE","ADDRESS","LONGITUDE","LATITUDE")VALUES('401','R','Gustav-Müller-Str. 110829 BerlinGermany','13.3626734465','52.4852740439');
INSERT INTO "RESTAURANT" ("RESTAURANT_ID","PRICERANGE","PHONE_NUMBER","WEBSITE")VALUES('63188118','€€','None','None');
INSERT INTO "CUISINE" ("RESTAURANT_ID","CUISINE_TYPE")VALUES('63188118','Italian');
INSERT INTO "CUISINE" ("RESTAURANT_ID","CUISINE_TYPE")VALUES('63188118','Pizza');
INSERT INTO "RESTAURANT_RATING" ("RESTAURANT_ID","SCALE","OVERALL_RATING","SOURCE")VALUES('63188118','5','4.5','Yelp');
INSERT INTO "USER_REVIEW" ("RESTAURANT_ID","REVIEW_DATE","COMMENT","REVIEW_RATING")VALUES('63188118','2017-08-07 12:19:32','Absolutely fantastic and authentic Italian food. My sister and I didn''t speak a word of Italian or German, but the owner worked patiently with us to find...','5');
INSERT INTO "PHOTO" ("RESTAURANT_ID","PICTURE_URL")VALUES('63188118','https://s3-media1.fl.yelpcdn.com/photo/VucVF1lD6apVn4l10dwQdQ/o.jpg');
INSERT INTO "USER_REVIEW" ("RESTAURANT_ID","REVIEW_DATE","COMMENT","REVIEW_RATING")VALUES('63188118','2016-05-17 14:06:15','It''s a shame I didn''t discover this place sooner -- it''s right by the S1 stop Julius-Leber-Brücke, easily within reach of most Berliners!

I had an...','4');
INSERT INTO "PHOTO" ("RESTAURANT_ID","PICTURE_URL")VALUES('63188118','https://s3-media2.fl.yelpcdn.com/photo/_hYAw_NPzBiH1BGf_gU-tw/o.jpg');
INSERT INTO "USER_REVIEW" ("RESTAURANT_ID","REVIEW_DATE","COMMENT","REVIEW_RATING")VALUES('63188118','2015-05-24 23:15:29','We had ordered Vegetale Pizza and found it really yummy. Friendly staff , who can talk good english is additional help as well.','5');
INSERT INTO "LOCATION" ("LOCATION_ID","LOCATION_TYPE","ADDRESS","LONGITUDE","LATITUDE")VALUES('402','R','Möckernstr. 73 a10965 BerlinGermany','13.3794625373','52.4897659617');
INSERT INTO "RESTAURANT" ("RESTAURANT_ID","PRICERANGE","PHONE_NUMBER","WEBSITE")VALUES('66824270','€€','None','None');
INSERT INTO "CUISINE" ("RESTAURANT_ID","CUISINE_TYPE")VALUES('66824270','Italian');
INSERT INTO "RESTAURANT_RATING" ("RESTAURANT_ID","SCALE","OVERALL_RATING","SOURCE")VALUES('66824270','5','4.0','Yelp');
INSERT INTO "USER_REVIEW" ("RESTAURANT_ID","REVIEW_DATE","COMMENT","REVIEW_RATING")VALUES('66824270','2017-11-19 08:22:41','Great selection of Italian food, super tasty pizzas and amazing pasta. The staff is very friendly and helpful. Looking forward to become a regular!','5');
INSERT INTO "PHOTO" ("RESTAURANT_ID","PICTURE_URL")VALUES('66824270','https://s3-media1.fl.yelpcdn.com/photo/CqwVY58eS8MfYgm_chZ45g/o.jpg');
INSERT INTO "USER_REVIEW" ("RESTAURANT_ID","REVIEW_DATE","COMMENT","REVIEW_RATING")VALUES('66824270','2017-12-05 14:22:46','We went there for dinner and we were impressed with the atmosphere, service as well as food :) We had antipasti, quattro pizza and spaghetti vongole, all of...','5');
INSERT INTO "PHOTO" ("RESTAURANT_ID","PICTURE_URL")VALUES('66824270','https://s3-media1.fl.yelpcdn.com/photo/sF2Tz6xQkE_3rnLm9qyvKw/o.jpg');
INSERT INTO "USER_REVIEW" ("RESTAURANT_ID","REVIEW_DATE","COMMENT","REVIEW_RATING")VALUES('66824270','2013-11-25 07:42:53','I was here last night for dinner with my companion. Both of us ordered pizzas; she ordered the terremoto, while I ordered the spinaci. She also ordered a...','4');
INSERT INTO "PHOTO" ("RESTAURANT_ID","PICTURE_URL")VALUES('66824270','https://s3-media1.fl.yelpcdn.com/photo/ToTju2zYCHa7hPAMdeK58w/o.jpg');
INSERT INTO "RESTAURANT_RATING" ("RESTAURANT_ID","SCALE","OVERALL_RATING","SOURCE")VALUES('66824270','5','4.2','Google Map');
INSERT INTO "USER_REVIEW" ("RESTAURANT_ID","REVIEW_DATE","COMMENT","REVIEW_RATING")VALUES('66824270','2017-12-01','Good pizza, but the €2 surcharge for sharing felt a bit rough, considering the size of orders on our table for both food and drinks. Still, friendly Italian staff and a good vibe - very authentic.','4');
INSERT INTO "USER_REVIEW" ("RESTAURANT_ID","REVIEW_DATE","COMMENT","REVIEW_RATING")VALUES('66824270','2017-09-30','This restaurant is simply amazing! Amazing food, good service and best prices!','5');
INSERT INTO "USER_REVIEW" ("RESTAURANT_ID","REVIEW_DATE","COMMENT","REVIEW_RATING")VALUES('66824270','2017-11-22','Great food and athmosphere as well as polite waiter','5');
INSERT INTO "USER_REVIEW" ("RESTAURANT_ID","REVIEW_DATE","COMMENT","REVIEW_RATING")VALUES('66824270','2017-10-13','Simply the real best carbonara in the city!','5');
INSERT INTO "USER_REVIEW" ("RESTAURANT_ID","REVIEW_DATE","COMMENT","REVIEW_RATING")VALUES('66824270','2016-11-11','Tasty,huge pizza was great! Friendly staff, I enjoyed this place very much... Want to come back there again.','4');
INSERT INTO "LOCATION" ("LOCATION_ID","LOCATION_TYPE","ADDRESS","LONGITUDE","LATITUDE")VALUES('403','R','Oranienburger Str. 9313437 BerlinGermany','13.3330685','52.5967981');
INSERT INTO "RESTAURANT" ("RESTAURANT_ID","PRICERANGE","PHONE_NUMBER","WEBSITE")VALUES('37260406','€€','None','None');
INSERT INTO "CUISINE" ("RESTAURANT_ID","CUISINE_TYPE")VALUES('37260406','Vietnamese');
INSERT INTO "RESTAURANT_RATING" ("RESTAURANT_ID","SCALE","OVERALL_RATING","SOURCE")VALUES('37260406','5','4.5','Yelp');
INSERT INTO "RESTAURANT_RATING" ("RESTAURANT_ID","SCALE","OVERALL_RATING","SOURCE")VALUES('37260406','5','4.6','Google Map');
INSERT INTO "USER_REVIEW" ("RESTAURANT_ID","REVIEW_DATE","COMMENT","REVIEW_RATING")VALUES('37260406','2018-01-13','Wenn man mal richtig Lust auf gute Asiatische und besonders Vietnamesische Küche verspürt, ist man hier genau richtig. Das Essen war grandios Optisch wie geschmacklich ein ganz schönes Stück besser als das was man in den meisten kleinen Asiatischen Restaurants aufgetischt bekommt. Von außen macht dieser kleine Familienbetrieb nicht viel her, aber wer den Mut hat mal seiner Nase zu folgen wird hier belohnt. Für Gruppen oder Geburtstage gibt es auch noch das ein oder andere Spezial, das solltet ihr aber selbst herausfinden.
Genug mit Werbung, ein netter Laden mit guten Preisen, ist halt leider ganz schön weit draußen. Das muss man sich schon überlegen.','4');
INSERT INTO "USER_REVIEW" ("RESTAURANT_ID","REVIEW_DATE","COMMENT","REVIEW_RATING")VALUES('37260406','2017-12-30','War heute zum ersten mal hier und muss sagen, dass Essen ist echt lecker und auch die Zutaten wirkten sehr frisch. Geschmacklich zu empfehlen.
Auch die Bedienung war sehr freundlich, gesprächig und gut drauf.
Man darf sich auf den ersten Blick nicht von der Aufmachung abschrecken lassen. Restaurant wirkt wie aus den 80ern. Vermutlich auch seit dem nicht mehr viel an der Einrichtung geändert.
Stört aber beim Essen nicht.','4');
INSERT INTO "USER_REVIEW" ("RESTAURANT_ID","REVIEW_DATE","COMMENT","REVIEW_RATING")VALUES('37260406','2018-01-14','Dieses Restaurant gehört zu den Top 3 in Berlin Wittenau;
sehr schmackhafte asiatische Gerichte, die sich vom allgemeinen überkochten  Einheitsbrei/Geschmack, wie oft bei Asiaten dieser Preisklasse angeboten, deutlich abhebt.
Sehr gerne kommen wir wieder.','5');
INSERT INTO "USER_REVIEW" ("RESTAURANT_ID","REVIEW_DATE","COMMENT","REVIEW_RATING")VALUES('37260406','2017-10-15','Schönes kleines Restaurant. Das Personal ist sehr freundlich, ging auch auf die kleine Tochter unserer Begleitung super ein.
Das Essen hat einen guten Preis und sehr gut, sehr schmackhaft! 
Unsere Weiterempfehlung!','5');
INSERT INTO "USER_REVIEW" ("RESTAURANT_ID","REVIEW_DATE","COMMENT","REVIEW_RATING")VALUES('37260406','2017-11-30','Das "The Vinh" ist ein kleines und gemütliches Restaurant. Die Bedienung ist sehr freundlich und redselig. Die Anzahl der Gerichte ist gering. Geschmacklich entsprechen die Gerichte den Gerichten vietnamesischer Imbisse rund um Berlin. Das bedeutet, dass es allen Freunden der vietnamesischen Küche gefallen wird, jedoch in keinem Fall mit Umami vergleichbar ist.

Kurz gesagt, isst man hier wie in einem Imbiss, hat es jedoch gemütlicher und ist, vor allem in dieser Jahreszeit, im warmem.','4');
INSERT INTO "LOCATION" ("LOCATION_ID","LOCATION_TYPE","ADDRESS","LONGITUDE","LATITUDE")VALUES('404','R','Greifswalderstr. 4110405 BerlinGermany','13.43129','52.53422');
INSERT INTO "RESTAURANT" ("RESTAURANT_ID","PRICERANGE","PHONE_NUMBER","WEBSITE")VALUES('51696258','€','None','None');
INSERT INTO "CUISINE" ("RESTAURANT_ID","CUISINE_TYPE")VALUES('51696258','Vietnamese');
INSERT INTO "RESTAURANT_RATING" ("RESTAURANT_ID","SCALE","OVERALL_RATING","SOURCE")VALUES('51696258','5','4.5','Yelp');
INSERT INTO "USER_REVIEW" ("RESTAURANT_ID","REVIEW_DATE","COMMENT","REVIEW_RATING")VALUES('51696258','2017-11-18 18:36:16','Came here for its Bahn Xeo, beef Pho and its cendol-like dessert. Food were good, price was fine, but I guess you can found some better Vietnamese...','4');
INSERT INTO "PHOTO" ("RESTAURANT_ID","PICTURE_URL")VALUES('51696258','https://s3-media1.fl.yelpcdn.com/photo/M2cku53tvRth0STB-mEZPQ/o.jpg');
INSERT INTO "USER_REVIEW" ("RESTAURANT_ID","REVIEW_DATE","COMMENT","REVIEW_RATING")VALUES('51696258','2017-04-23 12:30:25','Compared to other Vietnamese restaurant, the food here is quite authentic. The date when I dined there, I found there are quite many Vietnamese. The food...','3');
INSERT INTO "PHOTO" ("RESTAURANT_ID","PICTURE_URL")VALUES('51696258','https://s3-media3.fl.yelpcdn.com/photo/8EFSxU5bmm4p09kIDzX_ug/o.jpg');
INSERT INTO "USER_REVIEW" ("RESTAURANT_ID","REVIEW_DATE","COMMENT","REVIEW_RATING")VALUES('51696258','2017-01-09 02:04:38','Fairly priced Thai food with a quick and friendly service.

My favorites are the Noodle salads.','4');
INSERT INTO "PHOTO" ("RESTAURANT_ID","PICTURE_URL")VALUES('51696258','https://s3-media4.fl.yelpcdn.com/photo/FTMK5VlZ3c_UEvWekL91sw/o.jpg');
INSERT INTO "LOCATION" ("LOCATION_ID","LOCATION_TYPE","ADDRESS","LONGITUDE","LATITUDE")VALUES('405','R','Gotenstr. 5510829 BerlinGermany','13.36046','52.47996');
INSERT INTO "RESTAURANT" ("RESTAURANT_ID","PRICERANGE","PHONE_NUMBER","WEBSITE")VALUES('48016192','€','None','None');
INSERT INTO "CUISINE" ("RESTAURANT_ID","CUISINE_TYPE")VALUES('48016192','Cafes');
INSERT INTO "RESTAURANT_RATING" ("RESTAURANT_ID","SCALE","OVERALL_RATING","SOURCE")VALUES('48016192','5','5.0','Yelp');
INSERT INTO "USER_REVIEW" ("RESTAURANT_ID","REVIEW_DATE","COMMENT","REVIEW_RATING")VALUES('48016192','2017-08-01 01:20:16','This is a gem in Berlin! Wonderful vibe, excellent food made with love. The coffee is truly crafted with care. The service is kind and helpful! We enjoyed...','5');
INSERT INTO "PHOTO" ("RESTAURANT_ID","PICTURE_URL")VALUES('48016192','https://s3-media1.fl.yelpcdn.com/photo/sQyIla5lQcLUDp9zMJcvBw/o.jpg');
INSERT INTO "LOCATION" ("LOCATION_ID","LOCATION_TYPE","ADDRESS","LONGITUDE","LATITUDE")VALUES('406','R','Grolmanstr. 2210623 BerlinGermany','13.3215','52.5068');
INSERT INTO "RESTAURANT" ("RESTAURANT_ID","PRICERANGE","PHONE_NUMBER","WEBSITE")VALUES('25616698','€€','None','None');
INSERT INTO "CUISINE" ("RESTAURANT_ID","CUISINE_TYPE")VALUES('25616698','Italian');
INSERT INTO "RESTAURANT_RATING" ("RESTAURANT_ID","SCALE","OVERALL_RATING","SOURCE")VALUES('25616698','5','5.0','Yelp');
INSERT INTO "USER_REVIEW" ("RESTAURANT_ID","REVIEW_DATE","COMMENT","REVIEW_RATING")VALUES('25616698','2017-01-26 10:57:57','Best restaurant in that area. Great Food, nice Staff, very cosy! A recommendation for lunch and Dinner! Love this place! Reservations shall be made.','5');
INSERT INTO "USER_REVIEW" ("RESTAURANT_ID","REVIEW_DATE","COMMENT","REVIEW_RATING")VALUES('25616698','2014-08-18 02:44:23','A very good italian deli style restaurant. They have a huge selection of antipasti that you can either have in house or also take away. We went for the the...','4');
INSERT INTO "PHOTO" ("RESTAURANT_ID","PICTURE_URL")VALUES('25616698','https://s3-media3.fl.yelpcdn.com/photo/yY2Snv5_X-_obmMYdLsHvw/o.jpg');
INSERT INTO "LOCATION" ("LOCATION_ID","LOCATION_TYPE","ADDRESS","LONGITUDE","LATITUDE")VALUES('407','R','Wilhelmstr. 7710117 BerlinGermany','13.381291','52.514596');
INSERT INTO "RESTAURANT" ("RESTAURANT_ID","PRICERANGE","PHONE_NUMBER","WEBSITE")VALUES('70104833','€€','None','None');
INSERT INTO "CUISINE" ("RESTAURANT_ID","CUISINE_TYPE")VALUES('70104833','Vegetarian');
INSERT INTO "CUISINE" ("RESTAURANT_ID","CUISINE_TYPE")VALUES('70104833','Thai');
INSERT INTO "CUISINE" ("RESTAURANT_ID","CUISINE_TYPE")VALUES('70104833','Vietnamese');
INSERT INTO "RESTAURANT_RATING" ("RESTAURANT_ID","SCALE","OVERALL_RATING","SOURCE")VALUES('70104833','5','3.5','Yelp');
INSERT INTO "USER_REVIEW" ("RESTAURANT_ID","REVIEW_DATE","COMMENT","REVIEW_RATING")VALUES('70104833','2017-11-08 05:01:52','I really enjoyed my quick stop here even though the ratings were not that strong. Definitely vegetarian but it was nice to have something warm and spicy on...','4');
INSERT INTO "USER_REVIEW" ("RESTAURANT_ID","REVIEW_DATE","COMMENT","REVIEW_RATING")VALUES('70104833','2017-06-10 07:07:18','the service was inefficient and the food was pretty bland

the server didn''t really care that we didn''t get our drinks until after we finished our meal or...','2');
INSERT INTO "PHOTO" ("RESTAURANT_ID","PICTURE_URL")VALUES('70104833','https://s3-media1.fl.yelpcdn.com/photo/9bwdQVgQOxQ0rD5x1ckUjA/o.jpg');
INSERT INTO "USER_REVIEW" ("RESTAURANT_ID","REVIEW_DATE","COMMENT","REVIEW_RATING")VALUES('70104833','2016-01-09 11:25:39','I luckily just happened to find this veg restaurant while walking around Mitte in Berlin, and boy was I happy! It can be a little difficult to find "safe"...','4');
INSERT INTO "PHOTO" ("RESTAURANT_ID","PICTURE_URL")VALUES('70104833','https://s3-media2.fl.yelpcdn.com/photo/iJDb40Qd6rl42s5TfIDloQ/o.jpg');
INSERT INTO "RESTAURANT_RATING" ("RESTAURANT_ID","SCALE","OVERALL_RATING","SOURCE")VALUES('70104833','5','4','Google Map');
INSERT INTO "USER_REVIEW" ("RESTAURANT_ID","REVIEW_DATE","COMMENT","REVIEW_RATING")VALUES('70104833','2017-09-16','The food was excellent, and the place was nice. The menu has many alternatives and different kind of dishes. The staff was very helpful with the recommendations and the service was diligent.

However, being the only one eating outside, they should have been very busy and forgotten about me. Thus, I had to get inside to pay when I needed to go, missing my dessert.

I was full, anyway: I had the best curry I have ever tried!','4');
INSERT INTO "USER_REVIEW" ("RESTAURANT_ID","REVIEW_DATE","COMMENT","REVIEW_RATING")VALUES('70104833','2018-01-06','Nice and simple vegan asian dishes. Liked it and wanted to go again.','4');
INSERT INTO "USER_REVIEW" ("RESTAURANT_ID","REVIEW_DATE","COMMENT","REVIEW_RATING")VALUES('70104833','2018-01-05','Great selection of South East Asian dishes that come in large portions at a reasonable price.','4');
INSERT INTO "USER_REVIEW" ("RESTAURANT_ID","REVIEW_DATE","COMMENT","REVIEW_RATING")VALUES('70104833','2017-10-09','Well where  should I start. The prices are good but my meal didn''t taste fresh cooked i think the would  improve a lot if they  would focus on presentation. Also they speak poorly English. It''s vegetarian and it''s ok but I think there a much better places and in my opinion it''s not one of the best places to eat vegetarian or vegan. I don''t agree they are on the best vegetarian eating places list/Berlin.','2');
INSERT INTO "USER_REVIEW" ("RESTAURANT_ID","REVIEW_DATE","COMMENT","REVIEW_RATING")VALUES('70104833','2017-11-01','The food was just bad. Bland, uninteresting. The presentation was good, but the taste doesn''t keep up. Poor choice and application of spices and herbs. Quite pricey also, would expect much more for that money (especially given the exceptional quality you can get in the city for half of those prices).','2');
INSERT INTO "LOCATION" ("LOCATION_ID","LOCATION_TYPE","ADDRESS","LONGITUDE","LATITUDE")VALUES('408','R','Krossener Str. 3610245 BerlinGermany','13.46488','52.5093918');
INSERT INTO "RESTAURANT" ("RESTAURANT_ID","PRICERANGE","PHONE_NUMBER","WEBSITE")VALUES('27676886','€','None','None');
INSERT INTO "CUISINE" ("RESTAURANT_ID","CUISINE_TYPE")VALUES('27676886','Wine Bars');
INSERT INTO "CUISINE" ("RESTAURANT_ID","CUISINE_TYPE")VALUES('27676886','Italian');
INSERT INTO "RESTAURANT_RATING" ("RESTAURANT_ID","SCALE","OVERALL_RATING","SOURCE")VALUES('27676886','5','5.0','Yelp');
INSERT INTO "USER_REVIEW" ("RESTAURANT_ID","REVIEW_DATE","COMMENT","REVIEW_RATING")VALUES('27676886','2017-07-16 04:10:48','My favourite hangout in Friedrichshain. I come here at least two times a month and I always bring friends/family to this place. Great place with great food....','5');
INSERT INTO "PHOTO" ("RESTAURANT_ID","PICTURE_URL")VALUES('27676886','https://s3-media3.fl.yelpcdn.com/photo/fMrFJ-0axgtHZo44uZcH3Q/o.jpg');
INSERT INTO "USER_REVIEW" ("RESTAURANT_ID","REVIEW_DATE","COMMENT","REVIEW_RATING")VALUES('27676886','2017-09-02 16:52:59','Nice and easy setting. Wines are good. Had a cheese plate which was nothing special at all. Grocery cheese selection and other canned delicacies. I would...','4');
INSERT INTO "USER_REVIEW" ("RESTAURANT_ID","REVIEW_DATE","COMMENT","REVIEW_RATING")VALUES('27676886','2016-04-01 02:44:03','Wonderful Italian restaurant. Warm place and delicious food. I love simple but tasty food and that was exactly I found there.  If you want to drink a glass...','5');
INSERT INTO "PHOTO" ("RESTAURANT_ID","PICTURE_URL")VALUES('27676886','https://s3-media3.fl.yelpcdn.com/photo/elJcpmZ5FzF5KH2omXwE8w/o.jpg');
INSERT INTO "LOCATION" ("LOCATION_ID","LOCATION_TYPE","ADDRESS","LONGITUDE","LATITUDE")VALUES('409','R','Karl-Kunger-Str. 6912435 BerlinGermany','13.4451198578','52.4930241207');
INSERT INTO "RESTAURANT" ("RESTAURANT_ID","PRICERANGE","PHONE_NUMBER","WEBSITE")VALUES('14675184','€€','None','None');
INSERT INTO "CUISINE" ("RESTAURANT_ID","CUISINE_TYPE")VALUES('14675184','Mediterranean');
INSERT INTO "CUISINE" ("RESTAURANT_ID","CUISINE_TYPE")VALUES('14675184','German');
INSERT INTO "RESTAURANT_RATING" ("RESTAURANT_ID","SCALE","OVERALL_RATING","SOURCE")VALUES('14675184','5','4.5','Yelp');
INSERT INTO "USER_REVIEW" ("RESTAURANT_ID","REVIEW_DATE","COMMENT","REVIEW_RATING")VALUES('14675184','2016-08-21 12:54:37','They have a small menu, but the food is FANTASTIC! I thought it was a reasonable price for the type of food and the presentation. I had the venison prepared...','5');
INSERT INTO "PHOTO" ("RESTAURANT_ID","PICTURE_URL")VALUES('14675184','https://s3-media1.fl.yelpcdn.com/photo/FpALQ-jBqbR4guRa2zO7Ug/o.jpg');
INSERT INTO "USER_REVIEW" ("RESTAURANT_ID","REVIEW_DATE","COMMENT","REVIEW_RATING")VALUES('14675184','2015-01-22 14:08:54','It''s a nice place, pleasant atmosphere. A bit pricey. They offer just a few dishes that they make well, but I had a big disappointment with overcooked...','2');
INSERT INTO "PHOTO" ("RESTAURANT_ID","PICTURE_URL")VALUES('14675184','https://s3-media1.fl.yelpcdn.com/photo/E9QinhX2ankcKYPGjORzTg/o.jpg');
INSERT INTO "LOCATION" ("LOCATION_ID","LOCATION_TYPE","ADDRESS","LONGITUDE","LATITUDE")VALUES('410','R','Waldstr. 5510551 BerlinGermany','13.3306','52.5283');
INSERT INTO "RESTAURANT" ("RESTAURANT_ID","PRICERANGE","PHONE_NUMBER","WEBSITE")VALUES('84055407','€€','None','None');
INSERT INTO "CUISINE" ("RESTAURANT_ID","CUISINE_TYPE")VALUES('84055407','Italian');
INSERT INTO "RESTAURANT_RATING" ("RESTAURANT_ID","SCALE","OVERALL_RATING","SOURCE")VALUES('84055407','5','4.5','Yelp');
INSERT INTO "USER_REVIEW" ("RESTAURANT_ID","REVIEW_DATE","COMMENT","REVIEW_RATING")VALUES('84055407','2017-01-22 16:07:18','My friends and I found this gem wandering the streets our first night in Berlin, and we couldn''t have picked a better place!! The atmosphere is very warm...','5');
INSERT INTO "PHOTO" ("RESTAURANT_ID","PICTURE_URL")VALUES('84055407','https://s3-media2.fl.yelpcdn.com/photo/diCL76DNyHdXuucf_aVKOw/o.jpg');
INSERT INTO "USER_REVIEW" ("RESTAURANT_ID","REVIEW_DATE","COMMENT","REVIEW_RATING")VALUES('84055407','2015-06-20 02:39:22','Very nice and cozy Italian restaurant! The service was awesome and friendly. Food is also great: I had an entrecote and the quality was top.
 I''ll...','5');
INSERT INTO "PHOTO" ("RESTAURANT_ID","PICTURE_URL")VALUES('84055407','https://s3-media3.fl.yelpcdn.com/photo/hL4l6U660xXlZhOtHhU9Lg/o.jpg');
INSERT INTO "USER_REVIEW" ("RESTAURANT_ID","REVIEW_DATE","COMMENT","REVIEW_RATING")VALUES('84055407','2015-11-07 08:44:11','Had a great dinner here late on a weekday night. The host was super friendly and funny; even though he didn''t speak much English (or want to) we got on...','5');
INSERT INTO "PHOTO" ("RESTAURANT_ID","PICTURE_URL")VALUES('84055407','https://s3-media4.fl.yelpcdn.com/photo/zyQiqlDdvrlMEfMlGfzKZA/o.jpg');
INSERT INTO "LOCATION" ("LOCATION_ID","LOCATION_TYPE","ADDRESS","LONGITUDE","LATITUDE")VALUES('411','R','Hannah-Arendt-Str. 110117 BerlinGermany','13.3816461097','52.5138862696');
INSERT INTO "RESTAURANT" ("RESTAURANT_ID","PRICERANGE","PHONE_NUMBER","WEBSITE")VALUES('5756341','€','None','None');
INSERT INTO "CUISINE" ("RESTAURANT_ID","CUISINE_TYPE")VALUES('5756341','Burgers');
INSERT INTO "CUISINE" ("RESTAURANT_ID","CUISINE_TYPE")VALUES('5756341','Diners');
INSERT INTO "RESTAURANT_RATING" ("RESTAURANT_ID","SCALE","OVERALL_RATING","SOURCE")VALUES('5756341','5','4.0','Yelp');
INSERT INTO "USER_REVIEW" ("RESTAURANT_ID","REVIEW_DATE","COMMENT","REVIEW_RATING")VALUES('5756341','2017-04-07 04:43:11','NOTE: This places is now called Curry and Burger. Good and cheap hangover food. I would recommend getting the eggs with salad and potatoes and then just a...','4');
INSERT INTO "PHOTO" ("RESTAURANT_ID","PICTURE_URL")VALUES('5756341','https://s3-media3.fl.yelpcdn.com/photo/dtPp-HBw6_GeRmtOSnPybQ/o.jpg');
INSERT INTO "USER_REVIEW" ("RESTAURANT_ID","REVIEW_DATE","COMMENT","REVIEW_RATING")VALUES('5756341','2016-06-23 05:51:35','In Berlin for a work conference and had a little time for sightseeing in the city, so I had a self-guided tour and decided to walk around the area where the...','4');
INSERT INTO "PHOTO" ("RESTAURANT_ID","PICTURE_URL")VALUES('5756341','https://s3-media4.fl.yelpcdn.com/photo/dzhOqBtYxHRFvPzrAYtxcA/o.jpg');
INSERT INTO "USER_REVIEW" ("RESTAURANT_ID","REVIEW_DATE","COMMENT","REVIEW_RATING")VALUES('5756341','2016-05-25 05:14:30','Renamed to Curry & Burger. Everyone''s consensus was poor burgers, average fries, and expensive. Cashier was nice though.','2');
INSERT INTO "LOCATION" ("LOCATION_ID","LOCATION_TYPE","ADDRESS","LONGITUDE","LATITUDE")VALUES('412','R','Reinickendorfer Str. 1313347 BerlinGermany','13.3700910956','52.5425074955');
INSERT INTO "RESTAURANT" ("RESTAURANT_ID","PRICERANGE","PHONE_NUMBER","WEBSITE")VALUES('72450413','€','None','None');
INSERT INTO "CUISINE" ("RESTAURANT_ID","CUISINE_TYPE")VALUES('72450413','Pan Asian');
INSERT INTO "CUISINE" ("RESTAURANT_ID","CUISINE_TYPE")VALUES('72450413','Sushi Bars');
INSERT INTO "RESTAURANT_RATING" ("RESTAURANT_ID","SCALE","OVERALL_RATING","SOURCE")VALUES('72450413','5','4.5','Yelp');
INSERT INTO "LOCATION" ("LOCATION_ID","LOCATION_TYPE","ADDRESS","LONGITUDE","LATITUDE")VALUES('413','R','Oberbaumstr. 810997 BerlinGermany','13.4421671591','52.501091175');
INSERT INTO "RESTAURANT" ("RESTAURANT_ID","PRICERANGE","PHONE_NUMBER","WEBSITE")VALUES('76516512','€','None','None');
INSERT INTO "CUISINE" ("RESTAURANT_ID","CUISINE_TYPE")VALUES('76516512','Fast Food');
INSERT INTO "CUISINE" ("RESTAURANT_ID","CUISINE_TYPE")VALUES('76516512','Burgers');
INSERT INTO "RESTAURANT_RATING" ("RESTAURANT_ID","SCALE","OVERALL_RATING","SOURCE")VALUES('76516512','5','4.0','Yelp');
INSERT INTO "USER_REVIEW" ("RESTAURANT_ID","REVIEW_DATE","COMMENT","REVIEW_RATING")VALUES('76516512','2017-11-28 12:55:39','legit burger spot here in Berlin! i loved it here so much that during my week long stay, i ate here twice haha. first, the location is super cute and...','5');
INSERT INTO "PHOTO" ("RESTAURANT_ID","PICTURE_URL")VALUES('76516512','https://s3-media2.fl.yelpcdn.com/photo/UwFANktQi0owxv2qeXKcrQ/o.jpg');
INSERT INTO "USER_REVIEW" ("RESTAURANT_ID","REVIEW_DATE","COMMENT","REVIEW_RATING")VALUES('76516512','2017-08-04 00:39:57','This place was amazing! Probably one of the best fast food style burgers I have ever had.

Most burger places make themselves better by providing larger...','5');
INSERT INTO "PHOTO" ("RESTAURANT_ID","PICTURE_URL")VALUES('76516512','https://s3-media2.fl.yelpcdn.com/photo/nAlLyEbAWBQ75p6SMChC2w/o.jpg');
INSERT INTO "USER_REVIEW" ("RESTAURANT_ID","REVIEW_DATE","COMMENT","REVIEW_RATING")VALUES('76516512','2017-05-26 08:58:24','I absolutely love this Burgermeister! I ordered the meisterburger, which had bacon, lettuce, onion, tomato, and a type of barbecue sauce. It came out hot...','5');
INSERT INTO "PHOTO" ("RESTAURANT_ID","PICTURE_URL")VALUES('76516512','https://s3-media4.fl.yelpcdn.com/photo/KP-oerXkEXFcfEsqZkzrfA/o.jpg');
INSERT INTO "LOCATION" ("LOCATION_ID","LOCATION_TYPE","ADDRESS","LONGITUDE","LATITUDE")VALUES('414','R','Torstr. 12510119 BerlinGermany','13.40067','52.52976');
INSERT INTO "RESTAURANT" ("RESTAURANT_ID","PRICERANGE","PHONE_NUMBER","WEBSITE")VALUES('14509518','€','None','None');
INSERT INTO "CUISINE" ("RESTAURANT_ID","CUISINE_TYPE")VALUES('14509518','Food Stands');
INSERT INTO "CUISINE" ("RESTAURANT_ID","CUISINE_TYPE")VALUES('14509518','Vietnamese');
INSERT INTO "CUISINE" ("RESTAURANT_ID","CUISINE_TYPE")VALUES('14509518','Pan Asian');
INSERT INTO "RESTAURANT_RATING" ("RESTAURANT_ID","SCALE","OVERALL_RATING","SOURCE")VALUES('14509518','5','4.0','Yelp');
INSERT INTO "USER_REVIEW" ("RESTAURANT_ID","REVIEW_DATE","COMMENT","REVIEW_RATING")VALUES('14509518','2018-01-06 09:23:31','This place is GREAT!

Service: I was immediately greeted and seated, and the waiter did not seem to rush me even though I took a long time reading the menu....','5');
INSERT INTO "PHOTO" ("RESTAURANT_ID","PICTURE_URL")VALUES('14509518','https://s3-media2.fl.yelpcdn.com/photo/jqrjUvG8U1wFY0d4g-qhfg/o.jpg');
INSERT INTO "USER_REVIEW" ("RESTAURANT_ID","REVIEW_DATE","COMMENT","REVIEW_RATING")VALUES('14509518','2017-10-30 07:41:31','The food is good tasting although I wouldn''t go as far as to say they are keen cooking free range chicken or anything.  The atmosphere can feel a little...','3');
INSERT INTO "PHOTO" ("RESTAURANT_ID","PICTURE_URL")VALUES('14509518','https://s3-media1.fl.yelpcdn.com/photo/TnOmlZzRqb-hcnG48km27g/o.jpg');
INSERT INTO "USER_REVIEW" ("RESTAURANT_ID","REVIEW_DATE","COMMENT","REVIEW_RATING")VALUES('14509518','2016-10-29 23:35:59','A really cool Vietnamese restaurant ejer you can get autentic and tasty Vietnamese food for s really good price. The atmosphere is cosy and relaxed....','4');
INSERT INTO "PHOTO" ("RESTAURANT_ID","PICTURE_URL")VALUES('14509518','https://s3-media1.fl.yelpcdn.com/photo/AEA9WQzFjkHrP07BDM5Cog/o.jpg');
INSERT INTO "LOCATION" ("LOCATION_ID","LOCATION_TYPE","ADDRESS","LONGITUDE","LATITUDE")VALUES('415','R','Ackerstr. 15710115 BerlinGermany','13.396','52.53084');
INSERT INTO "RESTAURANT" ("RESTAURANT_ID","PRICERANGE","PHONE_NUMBER","WEBSITE")VALUES('95938482','€','None','None');
INSERT INTO "CUISINE" ("RESTAURANT_ID","CUISINE_TYPE")VALUES('95938482','German');
INSERT INTO "RESTAURANT_RATING" ("RESTAURANT_ID","SCALE","OVERALL_RATING","SOURCE")VALUES('95938482','5','5.0','Yelp');
INSERT INTO "USER_REVIEW" ("RESTAURANT_ID","REVIEW_DATE","COMMENT","REVIEW_RATING")VALUES('95938482','2013-04-12 08:52:25','Lucky me! Or We, as the case may be WIR. MIR Whatever. Stumbled into the Ribo by accident, and had a transformational lunch of Flammkuchen und Maultaschen...','5');
INSERT INTO "PHOTO" ("RESTAURANT_ID","PICTURE_URL")VALUES('95938482','https://s3-media4.fl.yelpcdn.com/photo/9Erao-7sdeQnSFsUzr-GPQ/o.jpg');
INSERT INTO "LOCATION" ("LOCATION_ID","LOCATION_TYPE","ADDRESS","LONGITUDE","LATITUDE")VALUES('416','R','Holzmarktstr. 2510243 BerlinGermany','13.4254990686','52.512341557');
INSERT INTO "RESTAURANT" ("RESTAURANT_ID","PRICERANGE","PHONE_NUMBER","WEBSITE")VALUES('98821182','€€€','None','None');
INSERT INTO "CUISINE" ("RESTAURANT_ID","CUISINE_TYPE")VALUES('98821182','German');
INSERT INTO "CUISINE" ("RESTAURANT_ID","CUISINE_TYPE")VALUES('98821182','Modern European');
INSERT INTO "CUISINE" ("RESTAURANT_ID","CUISINE_TYPE")VALUES('98821182','International');
INSERT INTO "RESTAURANT_RATING" ("RESTAURANT_ID","SCALE","OVERALL_RATING","SOURCE")VALUES('98821182','5','4.0','Yelp');
INSERT INTO "USER_REVIEW" ("RESTAURANT_ID","REVIEW_DATE","COMMENT","REVIEW_RATING")VALUES('98821182','2015-10-24 06:50:59','This place is very popular so make a reservation if you want to dine here on the weekend. Though, I wonder why it only has 5 reviews if it''s full every...','4');
INSERT INTO "PHOTO" ("RESTAURANT_ID","PICTURE_URL")VALUES('98821182','https://s3-media2.fl.yelpcdn.com/photo/8sDGNDHBdJloDi6coz4WxA/o.jpg');
INSERT INTO "USER_REVIEW" ("RESTAURANT_ID","REVIEW_DATE","COMMENT","REVIEW_RATING")VALUES('98821182','2016-09-23 15:22:05','Awesome place tucked into a residential neighborhood. Maybe the best dinner I had in Berlin.','5');
INSERT INTO "PHOTO" ("RESTAURANT_ID","PICTURE_URL")VALUES('98821182','https://s3-media4.fl.yelpcdn.com/photo/hbEZMmXKUnH-uAB8VP2w_w/o.jpg');
INSERT INTO "USER_REVIEW" ("RESTAURANT_ID","REVIEW_DATE","COMMENT","REVIEW_RATING")VALUES('98821182','2015-04-13 09:28:33','A handful of us found this place by accident and it ended up being a great local spot to hang out at.  We were due to go to the club down the block, but...','4');
INSERT INTO "PHOTO" ("RESTAURANT_ID","PICTURE_URL")VALUES('98821182','https://s3-media2.fl.yelpcdn.com/photo/JSv3DI7KDa2nTryX2TunDw/o.jpg');
INSERT INTO "LOCATION" ("LOCATION_ID","LOCATION_TYPE","ADDRESS","LONGITUDE","LATITUDE")VALUES('417','R','Schloßstr. 3914059 BerlinGermany','13.2976316353','52.5129643979');
INSERT INTO "RESTAURANT" ("RESTAURANT_ID","PRICERANGE","PHONE_NUMBER","WEBSITE")VALUES('43318296','€','None','None');
INSERT INTO "CUISINE" ("RESTAURANT_ID","CUISINE_TYPE")VALUES('43318296','Burgers');
INSERT INTO "RESTAURANT_RATING" ("RESTAURANT_ID","SCALE","OVERALL_RATING","SOURCE")VALUES('43318296','5','4.5','Yelp');
INSERT INTO "USER_REVIEW" ("RESTAURANT_ID","REVIEW_DATE","COMMENT","REVIEW_RATING")VALUES('43318296','2017-10-22 11:54:01','One of my favorite burger places in Charlottenburg. The bun and the patty are just perfect! You can basically build your own burger here by deciding what...','5');
INSERT INTO "PHOTO" ("RESTAURANT_ID","PICTURE_URL")VALUES('43318296','https://s3-media2.fl.yelpcdn.com/photo/OEGIVlYAl3GyC3coAwmfWw/o.jpg');
INSERT INTO "USER_REVIEW" ("RESTAURANT_ID","REVIEW_DATE","COMMENT","REVIEW_RATING")VALUES('43318296','2016-07-21 09:46:45','Probably the best burger in town. The customer can combine his burger with different ingredients. French fries are well prepared. Alioli is almost...','5');
INSERT INTO "PHOTO" ("RESTAURANT_ID","PICTURE_URL")VALUES('43318296','https://s3-media1.fl.yelpcdn.com/photo/6FDvz206Q7M1IgQmAvcKIw/o.jpg');
INSERT INTO "USER_REVIEW" ("RESTAURANT_ID","REVIEW_DATE","COMMENT","REVIEW_RATING")VALUES('43318296','2017-04-10 03:14:38','Best burger place in charlottenburg. one star short  for only accepting cash though. Common guys, debit should be minimum.','4');
INSERT INTO "PHOTO" ("RESTAURANT_ID","PICTURE_URL")VALUES('43318296','https://s3-media2.fl.yelpcdn.com/photo/j5K5Cof7QGaCtnji2z0e4Q/o.jpg');
INSERT INTO "LOCATION" ("LOCATION_ID","LOCATION_TYPE","ADDRESS","LONGITUDE","LATITUDE")VALUES('418','R','Goltzstr. 2410781 BerlinGermany','13.353793','52.496652');
INSERT INTO "RESTAURANT" ("RESTAURANT_ID","PRICERANGE","PHONE_NUMBER","WEBSITE")VALUES('39318907','€','None','None');
INSERT INTO "CUISINE" ("RESTAURANT_ID","CUISINE_TYPE")VALUES('39318907','Falafel');
INSERT INTO "CUISINE" ("RESTAURANT_ID","CUISINE_TYPE")VALUES('39318907','Lebanese');
INSERT INTO "RESTAURANT_RATING" ("RESTAURANT_ID","SCALE","OVERALL_RATING","SOURCE")VALUES('39318907','5','4.0','Yelp');
INSERT INTO "USER_REVIEW" ("RESTAURANT_ID","REVIEW_DATE","COMMENT","REVIEW_RATING")VALUES('39318907','2017-08-26 11:11:54','Super yummy and filling food! And the prices? VERY reasonable for what you got. I had a schwarma "sandwich" and a Coke and didn''t even spend €5! A nice...','5');
INSERT INTO "PHOTO" ("RESTAURANT_ID","PICTURE_URL")VALUES('39318907','https://s3-media2.fl.yelpcdn.com/photo/7gw4leqMmnRAe2YV-jKVSQ/o.jpg');
INSERT INTO "USER_REVIEW" ("RESTAURANT_ID","REVIEW_DATE","COMMENT","REVIEW_RATING")VALUES('39318907','2014-06-30 10:12:00','Doner sandwich run strikes again- this time at Habibi''s.

After touring the city of Berlin on foot one must rehydrate with a huge meal, Habibi''s will do...','4');
INSERT INTO "PHOTO" ("RESTAURANT_ID","PICTURE_URL")VALUES('39318907','https://s3-media2.fl.yelpcdn.com/photo/WBibs06RPIpDZIQsVK0Jpw/o.jpg');
INSERT INTO "USER_REVIEW" ("RESTAURANT_ID","REVIEW_DATE","COMMENT","REVIEW_RATING")VALUES('39318907','2016-08-13 23:14:12','the best 3 euro lunch of my life, hands down. i had the meat sandwich with all the toppings, and it was simply unforgettably delicious. 

service was quick,...','5');
INSERT INTO "PHOTO" ("RESTAURANT_ID","PICTURE_URL")VALUES('39318907','https://s3-media4.fl.yelpcdn.com/photo/NRz5FkEcSAOcP9fIyALc2A/o.jpg');
INSERT INTO "RESTAURANT_RATING" ("RESTAURANT_ID","SCALE","OVERALL_RATING","SOURCE")VALUES('39318907','5','4.5','Google Map');
INSERT INTO "USER_REVIEW" ("RESTAURANT_ID","REVIEW_DATE","COMMENT","REVIEW_RATING")VALUES('39318907','2017-07-24','I would honestly eat here on a regular basis if I lived in Berlin: fabulous and authentic Middle Eastern/Mediterranean cuisine at rock bottom prices. Freshly made to order falafel and maybe the best tabbouleh salad I''ve ever had for €3! Several varieties of handmade baklava. Open late. Avoid the cheap fast food kebab shops near the metro and walk an extra few hundred metres for the real thing.','5');
INSERT INTO "USER_REVIEW" ("RESTAURANT_ID","REVIEW_DATE","COMMENT","REVIEW_RATING")VALUES('39318907','2018-01-01','Food ok poor service. Ordered tea didnt get it. Food was served without a fork. What??','2');
INSERT INTO "USER_REVIEW" ("RESTAURANT_ID","REVIEW_DATE","COMMENT","REVIEW_RATING")VALUES('39318907','2017-12-09','We are regulars here, the chicken shawarma is great. After two, you are on top of the world.','5');
INSERT INTO "USER_REVIEW" ("RESTAURANT_ID","REVIEW_DATE","COMMENT","REVIEW_RATING")VALUES('39318907','2017-06-20','The falafel at this place is AWESOME! We went here on our first night in Berlin. We were having trouble finding an ATM that would take our American debit card. The owner told us we could come back the next day and pay for our meals! Great service, and wonderful food. Highly recommended for a quick lunch or dinner.','5');
INSERT INTO "USER_REVIEW" ("RESTAURANT_ID","REVIEW_DATE","COMMENT","REVIEW_RATING")VALUES('39318907','2017-11-05','Tiny little restaurant. Very casual and cozy with good middle eastern dishes like Falafel, Shawarma, Hummus, Dolma, Halloumi...etc as well as a few nice desserts.','4');
INSERT INTO "LOCATION" ("LOCATION_ID","LOCATION_TYPE","ADDRESS","LONGITUDE","LATITUDE")VALUES('419','R','Blücherplatz 210961 BerlinGermany','13.3904561','52.4963064');
INSERT INTO "RESTAURANT" ("RESTAURANT_ID","PRICERANGE","PHONE_NUMBER","WEBSITE")VALUES('97458926','€€','None','None');
INSERT INTO "CUISINE" ("RESTAURANT_ID","CUISINE_TYPE")VALUES('97458926','Barbeque');
INSERT INTO "CUISINE" ("RESTAURANT_ID","CUISINE_TYPE")VALUES('97458926','Serbo Croatian');
INSERT INTO "RESTAURANT_RATING" ("RESTAURANT_ID","SCALE","OVERALL_RATING","SOURCE")VALUES('97458926','5','4.0','Yelp');
INSERT INTO "USER_REVIEW" ("RESTAURANT_ID","REVIEW_DATE","COMMENT","REVIEW_RATING")VALUES('97458926','2015-09-29 08:39:14','Restaurant Split located right behind Poco, quite easy to spot. It is quite close the U-Bahn station Hallesches Tor. From there to this place it took about...','4');
INSERT INTO "PHOTO" ("RESTAURANT_ID","PICTURE_URL")VALUES('97458926','https://s3-media3.fl.yelpcdn.com/photo/IdlBt1_4j25nOKLWw0f-dw/o.jpg');
INSERT INTO "USER_REVIEW" ("RESTAURANT_ID","REVIEW_DATE","COMMENT","REVIEW_RATING")VALUES('97458926','2015-04-21 16:55:20','Being half-Croatian and having visited the country several years back, I realized I had never eaten an authentic Croatian meal. So when I passed this...','5');
INSERT INTO "PHOTO" ("RESTAURANT_ID","PICTURE_URL")VALUES('97458926','https://s3-media2.fl.yelpcdn.com/photo/FmETzrIXkbExUnGMMpyAWQ/o.jpg');
INSERT INTO "USER_REVIEW" ("RESTAURANT_ID","REVIEW_DATE","COMMENT","REVIEW_RATING")VALUES('97458926','2013-03-15 05:07:56','We visited Restaurant Split, no knowing much about Croatian food while spending a weekend in Berlin based on the great reviews, and novelty of it. The staff...','5');
INSERT INTO "PHOTO" ("RESTAURANT_ID","PICTURE_URL")VALUES('97458926','https://s3-media2.fl.yelpcdn.com/photo/zQDE4qq5aPurpSrvqRresQ/o.jpg');
INSERT INTO "LOCATION" ("LOCATION_ID","LOCATION_TYPE","ADDRESS","LONGITUDE","LATITUDE")VALUES('420','R','Kurfürstendamm 4710707 BerlinGermany','13.318892','52.501755');
INSERT INTO "RESTAURANT" ("RESTAURANT_ID","PRICERANGE","PHONE_NUMBER","WEBSITE")VALUES('99295176','€€€','None','None');
INSERT INTO "CUISINE" ("RESTAURANT_ID","CUISINE_TYPE")VALUES('99295176','German');
INSERT INTO "CUISINE" ("RESTAURANT_ID","CUISINE_TYPE")VALUES('99295176','Modern European');
INSERT INTO "RESTAURANT_RATING" ("RESTAURANT_ID","SCALE","OVERALL_RATING","SOURCE")VALUES('99295176','5','4.5','Yelp');
INSERT INTO "LOCATION" ("LOCATION_ID","LOCATION_TYPE","ADDRESS","LONGITUDE","LATITUDE")VALUES('421','R','Wilmersdorfer Str. 7210629 BerlinGermany','13.3071','52.50392');
INSERT INTO "RESTAURANT" ("RESTAURANT_ID","PRICERANGE","PHONE_NUMBER","WEBSITE")VALUES('62570561','€€','None','None');
INSERT INTO "CUISINE" ("RESTAURANT_ID","CUISINE_TYPE")VALUES('62570561','Korean');
INSERT INTO "RESTAURANT_RATING" ("RESTAURANT_ID","SCALE","OVERALL_RATING","SOURCE")VALUES('62570561','5','4.5','Yelp');
INSERT INTO "USER_REVIEW" ("RESTAURANT_ID","REVIEW_DATE","COMMENT","REVIEW_RATING")VALUES('62570561','2017-10-13 19:50:42','Adorable little Mom and Pop spot! The atmosphere is cozy and chic, totally down to earth! The food was simple and delicious ! Can''t go wrong with the...','4');
INSERT INTO "PHOTO" ("RESTAURANT_ID","PICTURE_URL")VALUES('62570561','https://s3-media1.fl.yelpcdn.com/photo/jQVELJFx70F0l07znc5PoQ/o.jpg');
INSERT INTO "USER_REVIEW" ("RESTAURANT_ID","REVIEW_DATE","COMMENT","REVIEW_RATING")VALUES('62570561','2016-12-21 09:43:08','Could be Berlin''s best and rather underhyped Korean restaurant. You must try the bibimbap served on a hot stone!','5');
INSERT INTO "PHOTO" ("RESTAURANT_ID","PICTURE_URL")VALUES('62570561','https://s3-media3.fl.yelpcdn.com/photo/z5P7jGgIPOXFpNXs05xSxA/o.jpg');
INSERT INTO "USER_REVIEW" ("RESTAURANT_ID","REVIEW_DATE","COMMENT","REVIEW_RATING")VALUES('62570561','2016-03-09 12:17:08','Decent korean food with a wide variety and also a very nice setting/atmosphere. Very reasonably priced :) i got the tofu soup and my friend got the...','5');
INSERT INTO "PHOTO" ("RESTAURANT_ID","PICTURE_URL")VALUES('62570561','https://s3-media4.fl.yelpcdn.com/photo/eLmr4Vz1nLQkuKXVkd8EQQ/o.jpg');
INSERT INTO "LOCATION" ("LOCATION_ID","LOCATION_TYPE","ADDRESS","LONGITUDE","LATITUDE")VALUES('422','R','Goebenstr. 1610783 BerlinGermany','13.367','52.4935');
INSERT INTO "RESTAURANT" ("RESTAURANT_ID","PRICERANGE","PHONE_NUMBER","WEBSITE")VALUES('67192089','€€','None','None');
INSERT INTO "CUISINE" ("RESTAURANT_ID","CUISINE_TYPE")VALUES('67192089','Korean');
INSERT INTO "RESTAURANT_RATING" ("RESTAURANT_ID","SCALE","OVERALL_RATING","SOURCE")VALUES('67192089','5','4.0','Yelp');
INSERT INTO "USER_REVIEW" ("RESTAURANT_ID","REVIEW_DATE","COMMENT","REVIEW_RATING")VALUES('67192089','2017-07-31 03:10:17','By the smells on arrival and a quick look around to see many Koreans here, there was a sense of comfort that this would be good food. And it is. They bring...','3');
INSERT INTO "PHOTO" ("RESTAURANT_ID","PICTURE_URL")VALUES('67192089','https://s3-media2.fl.yelpcdn.com/photo/7s89pVXO2aOg43EtgK6PsA/o.jpg');
INSERT INTO "USER_REVIEW" ("RESTAURANT_ID","REVIEW_DATE","COMMENT","REVIEW_RATING")VALUES('67192089','2017-02-26 05:55:13','By far, Hodori is my favourite Korean restaurant in Berlin. Thanks for the recommendation by a Korean friend. 
Don''t be put off by their exterior nor...','5');
INSERT INTO "PHOTO" ("RESTAURANT_ID","PICTURE_URL")VALUES('67192089','https://s3-media4.fl.yelpcdn.com/photo/F7GZaaxfgWCY8L0WUEB0NA/o.jpg');
INSERT INTO "USER_REVIEW" ("RESTAURANT_ID","REVIEW_DATE","COMMENT","REVIEW_RATING")VALUES('67192089','2016-09-12 00:35:29','I haven''t been to Hodori for a long while now, my partner wanted to pay a visit, so we decided to come here at the weekend. And I have to say, it was really...','1');
INSERT INTO "PHOTO" ("RESTAURANT_ID","PICTURE_URL")VALUES('67192089','https://s3-media3.fl.yelpcdn.com/photo/IdlBt1_4j25nOKLWw0f-dw/o.jpg');
INSERT INTO "LOCATION" ("LOCATION_ID","LOCATION_TYPE","ADDRESS","LONGITUDE","LATITUDE")VALUES('423','R','Reinickendorfer Str. 1313347 BerlinGermany','13.37013','52.54239');
INSERT INTO "RESTAURANT" ("RESTAURANT_ID","PRICERANGE","PHONE_NUMBER","WEBSITE")VALUES('52191417','€','None','None');
INSERT INTO "CUISINE" ("RESTAURANT_ID","CUISINE_TYPE")VALUES('52191417','Food Stands');
INSERT INTO "RESTAURANT_RATING" ("RESTAURANT_ID","SCALE","OVERALL_RATING","SOURCE")VALUES('52191417','5','5.0','Yelp');
INSERT INTO "USER_REVIEW" ("RESTAURANT_ID","REVIEW_DATE","COMMENT","REVIEW_RATING")VALUES('52191417','2017-04-16 01:54:20','The first place I went when I arrived in Berlin. Ordered the Shwarma Teller. Words cannot even describe how amazing this shwarma is. I''ve had it many times...','5');
INSERT INTO "PHOTO" ("RESTAURANT_ID","PICTURE_URL")VALUES('52191417','https://s3-media1.fl.yelpcdn.com/photo/CGldhcRmWjXCYbvgq-FfHA/o.jpg');
INSERT INTO "RESTAURANT_RATING" ("RESTAURANT_ID","SCALE","OVERALL_RATING","SOURCE")VALUES('52191417','5','3.9','Google Map');
INSERT INTO "USER_REVIEW" ("RESTAURANT_ID","REVIEW_DATE","COMMENT","REVIEW_RATING")VALUES('52191417','2017-11-30','Worst halloumi and hummus I have ever eaten. Not sure it was even halloumi, since it was deep fried.','1');
INSERT INTO "USER_REVIEW" ("RESTAURANT_ID","REVIEW_DATE","COMMENT","REVIEW_RATING")VALUES('52191417','2017-03-22','Nice little Arabic falafel & fast food restaurant.','4');
INSERT INTO "USER_REVIEW" ("RESTAURANT_ID","REVIEW_DATE","COMMENT","REVIEW_RATING")VALUES('52191417','2017-04-22','Best in Berlin','5');
INSERT INTO "USER_REVIEW" ("RESTAURANT_ID","REVIEW_DATE","COMMENT","REVIEW_RATING")VALUES('52191417','2018-01-13','Eine sehr nette Familie die mit Herzen dabei ist.sehr gute Qualität .
Lg 
Falafel Dream 2010','5');
INSERT INTO "USER_REVIEW" ("RESTAURANT_ID","REVIEW_DATE","COMMENT","REVIEW_RATING")VALUES('52191417','2017-11-30','Trockene kartoffel, halloumi schlechteste qualität, kleiner salat katastrophe :/','1');
INSERT INTO "LOCATION" ("LOCATION_ID","LOCATION_TYPE","ADDRESS","LONGITUDE","LATITUDE")VALUES('424','R','Bochumer Str. 510555 BerlinGermany','13.33777','52.52404');
INSERT INTO "RESTAURANT" ("RESTAURANT_ID","PRICERANGE","PHONE_NUMBER","WEBSITE")VALUES('18248388','€€','None','None');
INSERT INTO "CUISINE" ("RESTAURANT_ID","CUISINE_TYPE")VALUES('18248388','Bars');
INSERT INTO "CUISINE" ("RESTAURANT_ID","CUISINE_TYPE")VALUES('18248388','Mexican');
INSERT INTO "RESTAURANT_RATING" ("RESTAURANT_ID","SCALE","OVERALL_RATING","SOURCE")VALUES('18248388','5','4.5','Yelp');
INSERT INTO "USER_REVIEW" ("RESTAURANT_ID","REVIEW_DATE","COMMENT","REVIEW_RATING")VALUES('18248388','2016-03-20 04:18:28','This is not Mexican food. I''m not sure what it is. Germany does Tex-Mex? :( My burrito had BBQ sauce drizzled over it.   But we were a big group and the...','2');
INSERT INTO "USER_REVIEW" ("RESTAURANT_ID","REVIEW_DATE","COMMENT","REVIEW_RATING")VALUES('18248388','2012-03-02 05:06:41','The place doesn''t look like very much, but don''t be fooled by the exterior. Me and my husband went here for an evening and had the best time ever. The food...','5');
INSERT INTO "LOCATION" ("LOCATION_ID","LOCATION_TYPE","ADDRESS","LONGITUDE","LATITUDE")VALUES('425','R','Rixdorfer Str. 8912109 BerlinGermany','13.4020881653','52.4466247559');
INSERT INTO "RESTAURANT" ("RESTAURANT_ID","PRICERANGE","PHONE_NUMBER","WEBSITE")VALUES('98399817','€€','None','None');
INSERT INTO "CUISINE" ("RESTAURANT_ID","CUISINE_TYPE")VALUES('98399817','International');
INSERT INTO "RESTAURANT_RATING" ("RESTAURANT_ID","SCALE","OVERALL_RATING","SOURCE")VALUES('98399817','5','4.5','Yelp');
INSERT INTO "LOCATION" ("LOCATION_ID","LOCATION_TYPE","ADDRESS","LONGITUDE","LATITUDE")VALUES('426','R','Pariser Str. 5810719 BerlinGermany','13.32791','52.496');
INSERT INTO "RESTAURANT" ("RESTAURANT_ID","PRICERANGE","PHONE_NUMBER","WEBSITE")VALUES('65054746','€','None','None');
INSERT INTO "CUISINE" ("RESTAURANT_ID","CUISINE_TYPE")VALUES('65054746','Chinese');
INSERT INTO "CUISINE" ("RESTAURANT_ID","CUISINE_TYPE")VALUES('65054746','Korean');
INSERT INTO "RESTAURANT_RATING" ("RESTAURANT_ID","SCALE","OVERALL_RATING","SOURCE")VALUES('65054746','5','4.0','Yelp');
INSERT INTO "USER_REVIEW" ("RESTAURANT_ID","REVIEW_DATE","COMMENT","REVIEW_RATING")VALUES('65054746','2018-01-05 13:24:00','It''s time to face the fact that Lon Men is not the only place that serves killer noodle soup. Shaniu''s noodle house is one serious rival in the game of...','5');
INSERT INTO "PHOTO" ("RESTAURANT_ID","PICTURE_URL")VALUES('65054746','https://s3-media3.fl.yelpcdn.com/photo/9vzac5tVbEM3gkqiT0n4gw/o.jpg');
INSERT INTO "USER_REVIEW" ("RESTAURANT_ID","REVIEW_DATE","COMMENT","REVIEW_RATING")VALUES('65054746','2017-10-17 13:57:00','xiaolongbao is legit! My favorite is 卤肉饭! It''s better to make a reservation before coming!','4');
INSERT INTO "PHOTO" ("RESTAURANT_ID","PICTURE_URL")VALUES('65054746','https://s3-media3.fl.yelpcdn.com/photo/hjeGwTHLzT3xgOgbkcYTiA/o.jpg');
INSERT INTO "USER_REVIEW" ("RESTAURANT_ID","REVIEW_DATE","COMMENT","REVIEW_RATING")VALUES('65054746','2016-02-18 06:47:45','This place has potential but I guess I ordered the wrong thing. It is also not super chinese chinese but rather the lighter, softer less oily korean and...','3');
INSERT INTO "PHOTO" ("RESTAURANT_ID","PICTURE_URL")VALUES('65054746','https://s3-media4.fl.yelpcdn.com/photo/eLmr4Vz1nLQkuKXVkd8EQQ/o.jpg');
INSERT INTO "LOCATION" ("LOCATION_ID","LOCATION_TYPE","ADDRESS","LONGITUDE","LATITUDE")VALUES('427','R','Alte Schönhauser Str. 1310119 BerlinGermany','13.40773','52.52687');
INSERT INTO "RESTAURANT" ("RESTAURANT_ID","PRICERANGE","PHONE_NUMBER","WEBSITE")VALUES('61147383','€€','None','None');
INSERT INTO "CUISINE" ("RESTAURANT_ID","CUISINE_TYPE")VALUES('61147383','Ramen');
INSERT INTO "RESTAURANT_RATING" ("RESTAURANT_ID","SCALE","OVERALL_RATING","SOURCE")VALUES('61147383','5','4.0','Yelp');
INSERT INTO "USER_REVIEW" ("RESTAURANT_ID","REVIEW_DATE","COMMENT","REVIEW_RATING")VALUES('61147383','2017-05-21 09:37:05','Great ramen for a fair price!

I had a very simple one my friend had a one of the top ramens. Both tasted nice, I was starving but departed with...','5');
INSERT INTO "PHOTO" ("RESTAURANT_ID","PICTURE_URL")VALUES('61147383','https://s3-media3.fl.yelpcdn.com/photo/g4TyD547kC6AJCss0cview/o.jpg');
INSERT INTO "USER_REVIEW" ("RESTAURANT_ID","REVIEW_DATE","COMMENT","REVIEW_RATING")VALUES('61147383','2018-01-16 11:04:22','I don''t understand why this place has such a high rating on Yelp. My coworkers and I went here once for lunch, and were thoroughly disappointed. The ramen...','1');
INSERT INTO "PHOTO" ("RESTAURANT_ID","PICTURE_URL")VALUES('61147383','https://s3-media2.fl.yelpcdn.com/photo/H33NrMCPXyuWQEHAqUGxGw/o.jpg');
INSERT INTO "USER_REVIEW" ("RESTAURANT_ID","REVIEW_DATE","COMMENT","REVIEW_RATING")VALUES('61147383','2017-10-09 05:18:01','This place is nice, but service is totally confused.we waited 1 hour for three soups at lunchtime. They were not capable of giving any updates or the food....','1');
INSERT INTO "PHOTO" ("RESTAURANT_ID","PICTURE_URL")VALUES('61147383','https://s3-media2.fl.yelpcdn.com/photo/NAxu2EVwqjDBniuGoU9wxQ/o.jpg');
INSERT INTO "RESTAURANT_RATING" ("RESTAURANT_ID","SCALE","OVERALL_RATING","SOURCE")VALUES('61147383','5','4','Google Map');
INSERT INTO "USER_REVIEW" ("RESTAURANT_ID","REVIEW_DATE","COMMENT","REVIEW_RATING")VALUES('61147383','2018-01-03','Authentic and delicious Ramen. Nice variety of styles with homemade noodles that were cooked perfectly. Had to wait at the door but service was good once they could accommodate seating. Staff was pleasant and attentive as Japanese typically are.','5');
INSERT INTO "USER_REVIEW" ("RESTAURANT_ID","REVIEW_DATE","COMMENT","REVIEW_RATING")VALUES('61147383','2017-12-30','A nice ramen place but not the best in Berlin. I went their three times and the place was closed for the first two visits because of the wrong information from google map, but now it seems to be corrected. They have variety of menus but the taste did not fulfill my expectation.','3');
INSERT INTO "USER_REVIEW" ("RESTAURANT_ID","REVIEW_DATE","COMMENT","REVIEW_RATING")VALUES('61147383','2017-10-31','Good food and friendly staff. Food doesn''t feel that authentic but it is still good. I had the noodles wrapped in egg omelette. Not bad.','3');
INSERT INTO "USER_REVIEW" ("RESTAURANT_ID","REVIEW_DATE","COMMENT","REVIEW_RATING")VALUES('61147383','2018-01-16','I don''t understand why this place has such a high rating. My coworkers and I went here once for lunch, and were thoroughly disappointed. The ramen here was NOT good at all - Cocolo Ramen is much better. Another coworker had the yakisoba and was also very disappointed.

Not the best place. Slow service as well.','1');
INSERT INTO "USER_REVIEW" ("RESTAURANT_ID","REVIEW_DATE","COMMENT","REVIEW_RATING")VALUES('61147383','2018-01-07','Nice place. Good ramen. I had a tonkotsu ramen. Good service.','4');
INSERT INTO "LOCATION" ("LOCATION_ID","LOCATION_TYPE","ADDRESS","LONGITUDE","LATITUDE")VALUES('428','R','Rosenthaler Str. 40/4110178 BerlinGermany','13.40249','52.5240099');
INSERT INTO "RESTAURANT" ("RESTAURANT_ID","PRICERANGE","PHONE_NUMBER","WEBSITE")VALUES('29347076','€€','None','None');
INSERT INTO "CUISINE" ("RESTAURANT_ID","CUISINE_TYPE")VALUES('29347076','German');
INSERT INTO "CUISINE" ("RESTAURANT_ID","CUISINE_TYPE")VALUES('29347076','Modern European');
INSERT INTO "RESTAURANT_RATING" ("RESTAURANT_ID","SCALE","OVERALL_RATING","SOURCE")VALUES('29347076','5','4.0','Yelp');
INSERT INTO "USER_REVIEW" ("RESTAURANT_ID","REVIEW_DATE","COMMENT","REVIEW_RATING")VALUES('29347076','2017-04-06 06:17:24','We tried their lunch menu, both 2 courses and 3 courses. The price is very reasonable for the quality. I had the potato pasta with artichoke and potato leek...','5');
INSERT INTO "USER_REVIEW" ("RESTAURANT_ID","REVIEW_DATE","COMMENT","REVIEW_RATING")VALUES('29347076','2017-08-23 08:24:01','We really came for the gorgeous setting in one of Berlin''s prettiest courtyards. It was way too much to expect that the food would be delicious, but it was!...','5');
INSERT INTO "USER_REVIEW" ("RESTAURANT_ID","REVIEW_DATE","COMMENT","REVIEW_RATING")VALUES('29347076','2014-04-22 05:53:11','I had just wanted to rest my feet and get a hot chocolate. Saw some bread at a nearby table and asked for that, too. I can''t say much about the food, but...','3');
INSERT INTO "PHOTO" ("RESTAURANT_ID","PICTURE_URL")VALUES('29347076','https://s3-media4.fl.yelpcdn.com/photo/ePFTQTwbdzw01ABxeC91AQ/o.jpg');
INSERT INTO "RESTAURANT_RATING" ("RESTAURANT_ID","SCALE","OVERALL_RATING","SOURCE")VALUES('29347076','5','0.0','Google Map');
INSERT INTO "LOCATION" ("LOCATION_ID","LOCATION_TYPE","ADDRESS","LONGITUDE","LATITUDE")VALUES('429','R','Charlottenstr. 1610117 BerlinGermany','13.392441608','52.5078620676');
INSERT INTO "RESTAURANT" ("RESTAURANT_ID","PRICERANGE","PHONE_NUMBER","WEBSITE")VALUES('78774287','€€','None','None');
INSERT INTO "CUISINE" ("RESTAURANT_ID","CUISINE_TYPE")VALUES('78774287','Sushi Bars');
INSERT INTO "RESTAURANT_RATING" ("RESTAURANT_ID","SCALE","OVERALL_RATING","SOURCE")VALUES('78774287','5','4.0','Yelp');
INSERT INTO "USER_REVIEW" ("RESTAURANT_ID","REVIEW_DATE","COMMENT","REVIEW_RATING")VALUES('78774287','2016-09-24 05:40:13','Cash only! Be ready to hustle searching for an ATM in the area. 

The place is good, always fresh food, friendly staff, free green tea and classical music...','4');
INSERT INTO "PHOTO" ("RESTAURANT_ID","PICTURE_URL")VALUES('78774287','https://s3-media2.fl.yelpcdn.com/photo/jRf6iXybRgcLH_Ed3t_M7w/o.jpg');
INSERT INTO "USER_REVIEW" ("RESTAURANT_ID","REVIEW_DATE","COMMENT","REVIEW_RATING")VALUES('78774287','2017-04-17 06:53:02','I used to come here nearly 10 years ago when I was a student and lived in Berlin.

It hasn''t changed much. It still has very decent sushi for unbeatable...','5');
INSERT INTO "PHOTO" ("RESTAURANT_ID","PICTURE_URL")VALUES('78774287','https://s3-media3.fl.yelpcdn.com/photo/dWuOwXpKPiVdIhQcPcW5Vw/o.jpg');
INSERT INTO "USER_REVIEW" ("RESTAURANT_ID","REVIEW_DATE","COMMENT","REVIEW_RATING")VALUES('78774287','2017-02-27 15:00:48','One of my 2 favourite sushi places to go in Berlin. I visit here at least once every two weeks (since a year), and can say their freshness, quality &...','4');
INSERT INTO "PHOTO" ("RESTAURANT_ID","PICTURE_URL")VALUES('78774287','https://s3-media2.fl.yelpcdn.com/photo/2jHjkzMvDf5Cj30W6UtSqw/o.jpg');
INSERT INTO "LOCATION" ("LOCATION_ID","LOCATION_TYPE","ADDRESS","LONGITUDE","LATITUDE")VALUES('430','R','Rathausstr. 1310178 BerlinGermany','13.4093311141','52.5190410665');
INSERT INTO "RESTAURANT" ("RESTAURANT_ID","PRICERANGE","PHONE_NUMBER","WEBSITE")VALUES('20879652','€€','None','None');
INSERT INTO "CUISINE" ("RESTAURANT_ID","CUISINE_TYPE")VALUES('20879652','Italian');
INSERT INTO "CUISINE" ("RESTAURANT_ID","CUISINE_TYPE")VALUES('20879652','Pizza');
INSERT INTO "RESTAURANT_RATING" ("RESTAURANT_ID","SCALE","OVERALL_RATING","SOURCE")VALUES('20879652','5','4.0','Yelp');
INSERT INTO "USER_REVIEW" ("RESTAURANT_ID","REVIEW_DATE","COMMENT","REVIEW_RATING")VALUES('20879652','2014-09-01 05:53:04','English: 
My friends and I found this place while being on an interrail and absolutely loved it. We only stayed 4 days in Berlin and we had dinner here two...','4');
INSERT INTO "PHOTO" ("RESTAURANT_ID","PICTURE_URL")VALUES('20879652','https://s3-media2.fl.yelpcdn.com/photo/fSjxnFT_gfnRrAe8rF0GdQ/o.jpg');
INSERT INTO "USER_REVIEW" ("RESTAURANT_ID","REVIEW_DATE","COMMENT","REVIEW_RATING")VALUES('20879652','2018-01-16 04:46:07','Microwave heated pizza? No thank you..
Funny that the stuff wear suits and ties..
I would not recommend this place it''s a classic tourist trap.','1');
INSERT INTO "PHOTO" ("RESTAURANT_ID","PICTURE_URL")VALUES('20879652','https://s3-media1.fl.yelpcdn.com/photo/EDk8JPhm45EYqES-5saI3Q/o.jpg');
INSERT INTO "USER_REVIEW" ("RESTAURANT_ID","REVIEW_DATE","COMMENT","REVIEW_RATING")VALUES('20879652','2017-07-22 14:43:21','WORST experience I ever had. When we were seated I had to ask a waiter for a menu after waiting 10 minutes.  Then I had to flag down another waiter to...','1');
INSERT INTO "PHOTO" ("RESTAURANT_ID","PICTURE_URL")VALUES('20879652','https://s3-media2.fl.yelpcdn.com/photo/9eF1ECoY1IUc8a_6c0vLDQ/o.jpg');
INSERT INTO "LOCATION" ("LOCATION_ID","LOCATION_TYPE","ADDRESS","LONGITUDE","LATITUDE")VALUES('431','R','Bleibtreustr. 610623 BerlinGermany','13.31983','52.50546');
INSERT INTO "RESTAURANT" ("RESTAURANT_ID","PRICERANGE","PHONE_NUMBER","WEBSITE")VALUES('66508611','€€€','None','None');
INSERT INTO "CUISINE" ("RESTAURANT_ID","CUISINE_TYPE")VALUES('66508611','Japanese');
INSERT INTO "RESTAURANT_RATING" ("RESTAURANT_ID","SCALE","OVERALL_RATING","SOURCE")VALUES('66508611','5','4.5','Yelp');
INSERT INTO "USER_REVIEW" ("RESTAURANT_ID","REVIEW_DATE","COMMENT","REVIEW_RATING")VALUES('66508611','2016-10-22 00:46:49','Wonderful service. Went with Omakase. Crispy deep fried morsels of meat, vegetable and cheese with savoury dips. A selection of sake to go with it. After 12...','4');
INSERT INTO "PHOTO" ("RESTAURANT_ID","PICTURE_URL")VALUES('66508611','https://s3-media2.fl.yelpcdn.com/photo/LDv6i3sDz32e8QVR_DJyJA/o.jpg');
INSERT INTO "USER_REVIEW" ("RESTAURANT_ID","REVIEW_DATE","COMMENT","REVIEW_RATING")VALUES('66508611','2013-08-14 00:21:00','The course menu is quite nice, you can choose how many skewers you want, around 20 are sufficient if you are not too hungry. Take a shiro gohan and miso...','5');
INSERT INTO "PHOTO" ("RESTAURANT_ID","PICTURE_URL")VALUES('66508611','https://s3-media1.fl.yelpcdn.com/photo/WYZuaS4i5oSKBS-dYXNK8Q/o.jpg');
INSERT INTO "USER_REVIEW" ("RESTAURANT_ID","REVIEW_DATE","COMMENT","REVIEW_RATING")VALUES('66508611','2011-12-25 05:22:09','Great food and atmosphere in this place.
I took a set menu of 10 Kushi yaki that offered a selection of meat, veggies and fish.
I really liked the choice of...','3');
INSERT INTO "PHOTO" ("RESTAURANT_ID","PICTURE_URL")VALUES('66508611','https://s3-media2.fl.yelpcdn.com/photo/e9pmMEKZlKtj1KiAZ1nX0w/o.jpg');
INSERT INTO "LOCATION" ("LOCATION_ID","LOCATION_TYPE","ADDRESS","LONGITUDE","LATITUDE")VALUES('432','R','Hanseatenweg 1010557 BerlinGermany','13.3463549703','52.5183570118');
INSERT INTO "RESTAURANT" ("RESTAURANT_ID","PRICERANGE","PHONE_NUMBER","WEBSITE")VALUES('48099932','€€','None','None');
INSERT INTO "CUISINE" ("RESTAURANT_ID","CUISINE_TYPE")VALUES('48099932','Wine Bars');
INSERT INTO "CUISINE" ("RESTAURANT_ID","CUISINE_TYPE")VALUES('48099932','Bistros');
INSERT INTO "CUISINE" ("RESTAURANT_ID","CUISINE_TYPE")VALUES('48099932','Cafes');
INSERT INTO "RESTAURANT_RATING" ("RESTAURANT_ID","SCALE","OVERALL_RATING","SOURCE")VALUES('48099932','5','5.0','Yelp');
INSERT INTO "LOCATION" ("LOCATION_ID","LOCATION_TYPE","ADDRESS","LONGITUDE","LATITUDE")VALUES('433','R','Skalitzer Str. 6410997 BerlinGermany','13.4387734','52.5001388');
INSERT INTO "RESTAURANT" ("RESTAURANT_ID","PRICERANGE","PHONE_NUMBER","WEBSITE")VALUES('54113159','€€€','None','None');
INSERT INTO "CUISINE" ("RESTAURANT_ID","CUISINE_TYPE")VALUES('54113159','German');
INSERT INTO "CUISINE" ("RESTAURANT_ID","CUISINE_TYPE")VALUES('54113159','Cocktail Bars');
INSERT INTO "RESTAURANT_RATING" ("RESTAURANT_ID","SCALE","OVERALL_RATING","SOURCE")VALUES('54113159','5','4.0','Yelp');
INSERT INTO "USER_REVIEW" ("RESTAURANT_ID","REVIEW_DATE","COMMENT","REVIEW_RATING")VALUES('54113159','2016-04-16 11:57:21','Why to choose this restaurant in a city full of great food? It is relatively small, so is the menu. One fish, one wienerschnitzel, ribs and salad. Even...','3');
INSERT INTO "PHOTO" ("RESTAURANT_ID","PICTURE_URL")VALUES('54113159','https://s3-media3.fl.yelpcdn.com/photo/eIFhnFr6o0-GQ7DKW9M6zA/o.jpg');
INSERT INTO "USER_REVIEW" ("RESTAURANT_ID","REVIEW_DATE","COMMENT","REVIEW_RATING")VALUES('54113159','2016-05-16 04:11:22','Popped into the bar with a friend for a pre-game cocktail. Mixology establishments are less the norm in Berlin, so I was instantly intrigued by their menu...','4');
INSERT INTO "PHOTO" ("RESTAURANT_ID","PICTURE_URL")VALUES('54113159','https://s3-media4.fl.yelpcdn.com/photo/fbG63X-qmDh--CEJYbLsGA/o.jpg');
INSERT INTO "USER_REVIEW" ("RESTAURANT_ID","REVIEW_DATE","COMMENT","REVIEW_RATING")VALUES('54113159','2015-10-06 16:04:35','This bar had a great interior and great bar backs, however the main bartenders are complete assholes. I''ve never been treated with such disrespect in my...','1');
INSERT INTO "PHOTO" ("RESTAURANT_ID","PICTURE_URL")VALUES('54113159','https://s3-media2.fl.yelpcdn.com/photo/0bQ49mo6HpNo3eo47UmssQ/o.jpg');
INSERT INTO "LOCATION" ("LOCATION_ID","LOCATION_TYPE","ADDRESS","LONGITUDE","LATITUDE")VALUES('434','R','Kollwitzstr. 2610405 BerlinGermany','13.41494','52.53317');
INSERT INTO "RESTAURANT" ("RESTAURANT_ID","PRICERANGE","PHONE_NUMBER","WEBSITE")VALUES('28794747','€','None','None');
INSERT INTO "CUISINE" ("RESTAURANT_ID","CUISINE_TYPE")VALUES('28794747','German');
INSERT INTO "RESTAURANT_RATING" ("RESTAURANT_ID","SCALE","OVERALL_RATING","SOURCE")VALUES('28794747','5','4.5','Yelp');
INSERT INTO "USER_REVIEW" ("RESTAURANT_ID","REVIEW_DATE","COMMENT","REVIEW_RATING")VALUES('28794747','2017-07-24 23:33:40','Discovered this place in a lunch break. It''s a German kitchen place in a very quiet street

Owners are really welcoming and funny, probably husband and...','4');
INSERT INTO "PHOTO" ("RESTAURANT_ID","PICTURE_URL")VALUES('28794747','https://s3-media4.fl.yelpcdn.com/photo/oIPsT4O_7ev0vIZLmeqtRw/o.jpg');
INSERT INTO "USER_REVIEW" ("RESTAURANT_ID","REVIEW_DATE","COMMENT","REVIEW_RATING")VALUES('28794747','2016-12-17 13:23:32','Delicious homemade food
Affordable prices (most dishes under 10€)
Great service & friendly owners','5');
INSERT INTO "PHOTO" ("RESTAURANT_ID","PICTURE_URL")VALUES('28794747','https://s3-media4.fl.yelpcdn.com/photo/hVVgEt_4uegalNnRYCM78Q/o.jpg');
INSERT INTO "USER_REVIEW" ("RESTAURANT_ID","REVIEW_DATE","COMMENT","REVIEW_RATING")VALUES('28794747','2016-02-25 03:38:59','I love this place! One of my favorite lunch spots.

It´s a very nice concept of "home made foods" in a nice home-y atmosphere, located in the pretty...','5');
INSERT INTO "PHOTO" ("RESTAURANT_ID","PICTURE_URL")VALUES('28794747','https://s3-media1.fl.yelpcdn.com/photo/sab6Tkjm7MFs6BY43B7ISQ/o.jpg');
INSERT INTO "RESTAURANT_RATING" ("RESTAURANT_ID","SCALE","OVERALL_RATING","SOURCE")VALUES('28794747','5','4.7','Google Map');
INSERT INTO "USER_REVIEW" ("RESTAURANT_ID","REVIEW_DATE","COMMENT","REVIEW_RATING")VALUES('28794747','2017-10-03','Fantastic food and a great owner. He was kind enough to guide us in our travels about Berlin while eating delicious genuine German food. I can''t recommend it enough.','5');
INSERT INTO "USER_REVIEW" ("RESTAURANT_ID","REVIEW_DATE","COMMENT","REVIEW_RATING")VALUES('28794747','2017-10-26','Nice little restaurant where you can feel *zu hause*(at home)
Fresh self made food, nice people, good tea.
You enter the restaurant, take a seat, and serve yourself - just as at home - go to the fridge and take a drink. Go to the counter and say what you wanna eat and they bring it. Nice concept! And really good food!','5');
INSERT INTO "USER_REVIEW" ("RESTAURANT_ID","REVIEW_DATE","COMMENT","REVIEW_RATING")VALUES('28794747','2017-09-20','GREAT!!! If you are anywhere in the vicinity, you must come in!! Traditional German food that is absolutely superb! And if you still aren''t convinced, the owner must be one of the nicest, smiling lady in town! A must visit, careful, it might become your everyday lunch!','5');
INSERT INTO "USER_REVIEW" ("RESTAURANT_ID","REVIEW_DATE","COMMENT","REVIEW_RATING")VALUES('28794747','2017-11-27','The best home food restaurant in Berlin.  Very very nice service.','5');
INSERT INTO "USER_REVIEW" ("RESTAURANT_ID","REVIEW_DATE","COMMENT","REVIEW_RATING")VALUES('28794747','2017-08-13','delicious food, you can choose from many home-made stuff, has german good','5');
INSERT INTO "LOCATION" ("LOCATION_ID","LOCATION_TYPE","ADDRESS","LONGITUDE","LATITUDE")VALUES('435','R','Lui­sen­str. 1910117 BerlinGermany','13.3796','52.52172');
INSERT INTO "RESTAURANT" ("RESTAURANT_ID","PRICERANGE","PHONE_NUMBER","WEBSITE")VALUES('4384375','€€','None','None');
INSERT INTO "CUISINE" ("RESTAURANT_ID","CUISINE_TYPE")VALUES('4384375','German');
INSERT INTO "CUISINE" ("RESTAURANT_ID","CUISINE_TYPE")VALUES('4384375','Wine Bars');
INSERT INTO "CUISINE" ("RESTAURANT_ID","CUISINE_TYPE")VALUES('4384375','Venues & Event Spaces');
INSERT INTO "RESTAURANT_RATING" ("RESTAURANT_ID","SCALE","OVERALL_RATING","SOURCE")VALUES('4384375','5','4.5','Yelp');
INSERT INTO "USER_REVIEW" ("RESTAURANT_ID","REVIEW_DATE","COMMENT","REVIEW_RATING")VALUES('4384375','2017-09-11 21:14:57','quite an upmarket place with cool interior design. We had the set dinner for about 40 euros per person with wine pairing. Gazpacho and dessert were really...','4');
INSERT INTO "PHOTO" ("RESTAURANT_ID","PICTURE_URL")VALUES('4384375','https://s3-media4.fl.yelpcdn.com/photo/g7PWj6apFlTUZ9CRpGqxfQ/o.jpg');
INSERT INTO "RESTAURANT_RATING" ("RESTAURANT_ID","SCALE","OVERALL_RATING","SOURCE")VALUES('4384375','5','4.4','Google Map');
INSERT INTO "USER_REVIEW" ("RESTAURANT_ID","REVIEW_DATE","COMMENT","REVIEW_RATING")VALUES('4384375','2017-12-19','Really nice restaurant with a good food and nice collection of wine. Very warm atmosphere and professional service.
I''ll Definitely do again!','5');
INSERT INTO "USER_REVIEW" ("RESTAURANT_ID","REVIEW_DATE","COMMENT","REVIEW_RATING")VALUES('4384375','2017-03-14','Really nice and sophisticated restaurant in the government district of Berlin. Fine wine and dining, hospitality and service. 
Try Wiener Schnitzel. It''s great. ','4');
INSERT INTO "USER_REVIEW" ("RESTAURANT_ID","REVIEW_DATE","COMMENT","REVIEW_RATING")VALUES('4384375','2017-03-29','Good wine, great dessert.','5');
INSERT INTO "USER_REVIEW" ("RESTAURANT_ID","REVIEW_DATE","COMMENT","REVIEW_RATING")VALUES('4384375','2017-05-21','Fantastic Place','5');
INSERT INTO "USER_REVIEW" ("RESTAURANT_ID","REVIEW_DATE","COMMENT","REVIEW_RATING")VALUES('4384375','2018-01-04','Angenehme und entspannte Atmosphäre, der Service war super und das Essen ausgezeichnet. Nur zu Empfehlen. Freue mich auf das nächste Mal.','5');
INSERT INTO "LOCATION" ("LOCATION_ID","LOCATION_TYPE","ADDRESS","LONGITUDE","LATITUDE")VALUES('436','R','Scandic Berlin Potsdamer PlatzGabriele-Tergit-Promenade 1910963 BerlinGermany','13.3752','52.5045');
INSERT INTO "RESTAURANT" ("RESTAURANT_ID","PRICERANGE","PHONE_NUMBER","WEBSITE")VALUES('37093289','Unknown','None','None');
INSERT INTO "CUISINE" ("RESTAURANT_ID","CUISINE_TYPE")VALUES('37093289','International');
INSERT INTO "CUISINE" ("RESTAURANT_ID","CUISINE_TYPE")VALUES('37093289','Bars');
INSERT INTO "RESTAURANT_RATING" ("RESTAURANT_ID","SCALE","OVERALL_RATING","SOURCE")VALUES('37093289','5','4.0','Yelp');
INSERT INTO "LOCATION" ("LOCATION_ID","LOCATION_TYPE","ADDRESS","LONGITUDE","LATITUDE")VALUES('437','R','Brüsseler Str. 1013353 BerlinGermany','13.3507','52.5479');
INSERT INTO "RESTAURANT" ("RESTAURANT_ID","PRICERANGE","PHONE_NUMBER","WEBSITE")VALUES('96228110','€€','None','None');
INSERT INTO "CUISINE" ("RESTAURANT_ID","CUISINE_TYPE")VALUES('96228110','Pizza');
INSERT INTO "CUISINE" ("RESTAURANT_ID","CUISINE_TYPE")VALUES('96228110','Italian');
INSERT INTO "RESTAURANT_RATING" ("RESTAURANT_ID","SCALE","OVERALL_RATING","SOURCE")VALUES('96228110','5','4.5','Yelp');
INSERT INTO "USER_REVIEW" ("RESTAURANT_ID","REVIEW_DATE","COMMENT","REVIEW_RATING")VALUES('96228110','2017-06-03 02:15:52','Great service & amazing food
We, 3 persons, ordered 2 pizzas and 1 pasta. It was enough to feed cows!!! 
Tastes really good as well!!!','5');
INSERT INTO "PHOTO" ("RESTAURANT_ID","PICTURE_URL")VALUES('96228110','https://s3-media3.fl.yelpcdn.com/photo/yYLavSjF0UnzGwgShcEk-w/o.jpg');
INSERT INTO "USER_REVIEW" ("RESTAURANT_ID","REVIEW_DATE","COMMENT","REVIEW_RATING")VALUES('96228110','2016-09-25 00:50:50','This is the real Italian style! Family run business, here since the ~80s.
Don''t go anywhere else in Berlin: the best pizza is here. Huge sizes and fair...','5');
INSERT INTO "PHOTO" ("RESTAURANT_ID","PICTURE_URL")VALUES('96228110','https://s3-media3.fl.yelpcdn.com/photo/IZ3Uo9vRZ4WZeaPTxEYs7w/o.jpg');
INSERT INTO "USER_REVIEW" ("RESTAURANT_ID","REVIEW_DATE","COMMENT","REVIEW_RATING")VALUES('96228110','2012-04-27 11:55:13','Went here with a friend and we each ordered a pizza, thinking they were personal-sized. The pizzas are actually quite huge and both barely fit on the table....','5');
INSERT INTO "PHOTO" ("RESTAURANT_ID","PICTURE_URL")VALUES('96228110','https://s3-media3.fl.yelpcdn.com/photo/2MLohjYkLd8M90A4dqdQYA/o.jpg');
INSERT INTO "LOCATION" ("LOCATION_ID","LOCATION_TYPE","ADDRESS","LONGITUDE","LATITUDE")VALUES('438','R','Mulackstr. 2010119 BerlinGermany','13.40353','52.52785');
INSERT INTO "RESTAURANT" ("RESTAURANT_ID","PRICERANGE","PHONE_NUMBER","WEBSITE")VALUES('27304065','€','None','None');
INSERT INTO "CUISINE" ("RESTAURANT_ID","CUISINE_TYPE")VALUES('27304065','German');
INSERT INTO "CUISINE" ("RESTAURANT_ID","CUISINE_TYPE")VALUES('27304065','Mediterranean');
INSERT INTO "RESTAURANT_RATING" ("RESTAURANT_ID","SCALE","OVERALL_RATING","SOURCE")VALUES('27304065','5','4.0','Yelp');
INSERT INTO "USER_REVIEW" ("RESTAURANT_ID","REVIEW_DATE","COMMENT","REVIEW_RATING")VALUES('27304065','2017-02-27 14:41:36','Such a great spot! We went at 10 pm for drinks, a small dinner and dessert. I would highly recommend the apfelkuchen (apple cake) for dessert - truly one of...','5');
INSERT INTO "USER_REVIEW" ("RESTAURANT_ID","REVIEW_DATE","COMMENT","REVIEW_RATING")VALUES('27304065','2015-07-06 10:35:00','Amazing pizza, great wine and cocktail selection. Nice attention and a very cool place. Come hungry!!','5');
INSERT INTO "PHOTO" ("RESTAURANT_ID","PICTURE_URL")VALUES('27304065','https://s3-media3.fl.yelpcdn.com/photo/zGrKKR3iAYf6GWjSoQD-Xw/o.jpg');
INSERT INTO "USER_REVIEW" ("RESTAURANT_ID","REVIEW_DATE","COMMENT","REVIEW_RATING")VALUES('27304065','2014-10-11 11:40:12','Service is meh. Took a while for menus to come, also hard to get attention of the waitress. 
Food is ok, not the best we have ever had. Soup was excellent...','3');
INSERT INTO "PHOTO" ("RESTAURANT_ID","PICTURE_URL")VALUES('27304065','https://s3-media1.fl.yelpcdn.com/photo/cqbxm58EULYEOD-gNRkJ0Q/o.jpg');
INSERT INTO "RESTAURANT_RATING" ("RESTAURANT_ID","SCALE","OVERALL_RATING","SOURCE")VALUES('27304065','5','4.6','Google Map');
INSERT INTO "USER_REVIEW" ("RESTAURANT_ID","REVIEW_DATE","COMMENT","REVIEW_RATING")VALUES('27304065','2018-01-07','Stumbled upon this place as wandering tourists. Wow, what a find so close to the centre of Berlin. Food was amazing and service was quick. Main dude was very friendly and helpful. Our German is not that good and he knew we spoke English but he kept speaking to us on German. Very helpful and friendly chap.','5');
INSERT INTO "USER_REVIEW" ("RESTAURANT_ID","REVIEW_DATE","COMMENT","REVIEW_RATING")VALUES('27304065','2017-10-20','Nice atmosphere and reasonable prices. The food was good when it arrived. We were 5 people together and we waited over 50 minutes for the food- or until the first person got their food. The last person who received their food, waited 65 minutes!!!','3');
INSERT INTO "USER_REVIEW" ("RESTAURANT_ID","REVIEW_DATE","COMMENT","REVIEW_RATING")VALUES('27304065','2017-04-17','One of the finest places to dine in the center of the city. This place has friendly staff who can speak very good English, so if you don''t speak German, here it won''t be a problem. 

Sisal has great atmosphere, and just the right ambience with soft music and apt lighting. 

Food was also great, as be seen in the photos. Prices are on the lower side, which is great, especially for customers on a budget!

Recommended!','5');
INSERT INTO "USER_REVIEW" ("RESTAURANT_ID","REVIEW_DATE","COMMENT","REVIEW_RATING")VALUES('27304065','2018-01-17','The best Omelette in Mitte','4');
INSERT INTO "USER_REVIEW" ("RESTAURANT_ID","REVIEW_DATE","COMMENT","REVIEW_RATING")VALUES('27304065','2017-09-12','Excellent food and service.','5');
INSERT INTO "LOCATION" ("LOCATION_ID","LOCATION_TYPE","ADDRESS","LONGITUDE","LATITUDE")VALUES('439','R','Friesenstr. 2210965 BerlinGermany','13.39467','52.4878799');
INSERT INTO "RESTAURANT" ("RESTAURANT_ID","PRICERANGE","PHONE_NUMBER","WEBSITE")VALUES('39033633','€€','None','None');
INSERT INTO "CUISINE" ("RESTAURANT_ID","CUISINE_TYPE")VALUES('39033633','Thai');
INSERT INTO "RESTAURANT_RATING" ("RESTAURANT_ID","SCALE","OVERALL_RATING","SOURCE")VALUES('39033633','5','4.5','Yelp');
INSERT INTO "USER_REVIEW" ("RESTAURANT_ID","REVIEW_DATE","COMMENT","REVIEW_RATING")VALUES('39033633','2017-10-08 19:58:16','Great Thai food. Upscale and cozy atmosphere. Really friendly staff and I found the prices to be relatively cheap. Most appetizers around 4.5 euro most main...','5');
INSERT INTO "PHOTO" ("RESTAURANT_ID","PICTURE_URL")VALUES('39033633','https://s3-media3.fl.yelpcdn.com/photo/wbBETL5HG5voOUkNOYqqcQ/o.jpg');
INSERT INTO "USER_REVIEW" ("RESTAURANT_ID","REVIEW_DATE","COMMENT","REVIEW_RATING")VALUES('39033633','2017-07-25 00:10:58','3.5 stars. Service was great! Super friendly staff!
However, I rate thai restaurants based on their pad see ew''s and unfortunately, this restaurant like a...','3');
INSERT INTO "PHOTO" ("RESTAURANT_ID","PICTURE_URL")VALUES('39033633','https://s3-media4.fl.yelpcdn.com/photo/5LErmrFbm2JqA71-IhLLFQ/o.jpg');
INSERT INTO "USER_REVIEW" ("RESTAURANT_ID","REVIEW_DATE","COMMENT","REVIEW_RATING")VALUES('39033633','2017-07-24 12:55:06','Like this Thai Restaurant ! I was here several times for lunch ! 
Good food , Nice dessert and midday Cocktail','5');
INSERT INTO "PHOTO" ("RESTAURANT_ID","PICTURE_URL")VALUES('39033633','https://s3-media2.fl.yelpcdn.com/photo/ptt-9XZY40-9NCZSTdPVtA/o.jpg');
INSERT INTO "LOCATION" ("LOCATION_ID","LOCATION_TYPE","ADDRESS","LONGITUDE","LATITUDE")VALUES('440','R','Wittenbergplatz 210789 BerlinGermany','13.3425590576','52.5009600112');
INSERT INTO "RESTAURANT" ("RESTAURANT_ID","PRICERANGE","PHONE_NUMBER","WEBSITE")VALUES('3375355','€€€','None','None');
INSERT INTO "CUISINE" ("RESTAURANT_ID","CUISINE_TYPE")VALUES('3375355','Steakhouses');
INSERT INTO "CUISINE" ("RESTAURANT_ID","CUISINE_TYPE")VALUES('3375355','Cocktail Bars');
INSERT INTO "RESTAURANT_RATING" ("RESTAURANT_ID","SCALE","OVERALL_RATING","SOURCE")VALUES('3375355','5','4.5','Yelp');
INSERT INTO "USER_REVIEW" ("RESTAURANT_ID","REVIEW_DATE","COMMENT","REVIEW_RATING")VALUES('3375355','2017-10-25 11:03:15','Top shelf steak house with great wine selections.   Medallions and sauce was best I''ve had!   What an amazing meal.','5');
INSERT INTO "USER_REVIEW" ("RESTAURANT_ID","REVIEW_DATE","COMMENT","REVIEW_RATING")VALUES('3375355','2017-04-06 14:37:33','I was a bit hesitated before I came to this restaurant. I thought the restaurant was somehow belong to the Ibis hotel next to it. But my friends and I was...','5');
INSERT INTO "PHOTO" ("RESTAURANT_ID","PICTURE_URL")VALUES('3375355','https://s3-media3.fl.yelpcdn.com/photo/IdlBt1_4j25nOKLWw0f-dw/o.jpg');
INSERT INTO "USER_REVIEW" ("RESTAURANT_ID","REVIEW_DATE","COMMENT","REVIEW_RATING")VALUES('3375355','2017-05-02 11:13:00','The steakhouse feels more like a family place. I had one of their dry-aged steaks, which was not tasty. The side dishes also were mediocre, nothing more or...','3');
INSERT INTO "LOCATION" ("LOCATION_ID","LOCATION_TYPE","ADDRESS","LONGITUDE","LATITUDE")VALUES('441','R','Uhlandstr. 14210719 BerlinGermany','13.32414','52.49496');
INSERT INTO "RESTAURANT" ("RESTAURANT_ID","PRICERANGE","PHONE_NUMBER","WEBSITE")VALUES('34025250','€€','None','None');
INSERT INTO "CUISINE" ("RESTAURANT_ID","CUISINE_TYPE")VALUES('34025250','Chinese');
INSERT INTO "RESTAURANT_RATING" ("RESTAURANT_ID","SCALE","OVERALL_RATING","SOURCE")VALUES('34025250','5','4.0','Yelp');
INSERT INTO "USER_REVIEW" ("RESTAURANT_ID","REVIEW_DATE","COMMENT","REVIEW_RATING")VALUES('34025250','2017-08-02 11:30:52','This is the most authentic Chinese restaurant we''ve found in Germany. 真的超级好吃！我们已经第二次来啦！309 sichuan style chilli chicken is just so good, crispy and tasty....','5');
INSERT INTO "PHOTO" ("RESTAURANT_ID","PICTURE_URL")VALUES('34025250','https://s3-media2.fl.yelpcdn.com/photo/fKBJAkS-XNrivM3XAWfV1g/o.jpg');
INSERT INTO "USER_REVIEW" ("RESTAURANT_ID","REVIEW_DATE","COMMENT","REVIEW_RATING")VALUES('34025250','2017-07-19 12:40:38','Very nice place with great food. I said I wanna spicy so the waiter asked for extra spicy for me. Very thoughtful. If you are looking for a place that down...','5');
INSERT INTO "PHOTO" ("RESTAURANT_ID","PICTURE_URL")VALUES('34025250','https://s3-media4.fl.yelpcdn.com/photo/jXk173mtHgcQWAfc0ynGCQ/o.jpg');
INSERT INTO "USER_REVIEW" ("RESTAURANT_ID","REVIEW_DATE","COMMENT","REVIEW_RATING")VALUES('34025250','2015-12-29 02:09:56','It indeed is a place that you can take a look if you really want some Chinese food in Berlin.

But the service here is extremely bad. A fat short-hair...','1');
INSERT INTO "PHOTO" ("RESTAURANT_ID","PICTURE_URL")VALUES('34025250','https://s3-media2.fl.yelpcdn.com/photo/kG6bAucKqbFLTag9gRQPRw/o.jpg');
INSERT INTO "LOCATION" ("LOCATION_ID","LOCATION_TYPE","ADDRESS","LONGITUDE","LATITUDE")VALUES('442','R','Großbeerenstr. 5112277 BerlinGermany','13.3779358864','52.4350179416');
INSERT INTO "RESTAURANT" ("RESTAURANT_ID","PRICERANGE","PHONE_NUMBER","WEBSITE")VALUES('45374975','€€','None','None');
INSERT INTO "CUISINE" ("RESTAURANT_ID","CUISINE_TYPE")VALUES('45374975','Sushi Bars');
INSERT INTO "CUISINE" ("RESTAURANT_ID","CUISINE_TYPE")VALUES('45374975','Pan Asian');
INSERT INTO "RESTAURANT_RATING" ("RESTAURANT_ID","SCALE","OVERALL_RATING","SOURCE")VALUES('45374975','5','4.0','Yelp');
INSERT INTO "LOCATION" ("LOCATION_ID","LOCATION_TYPE","ADDRESS","LONGITUDE","LATITUDE")VALUES('443','R','Nürnberger Str. 6510787 BerlinGermany','13.340446','52.504089');
INSERT INTO "RESTAURANT" ("RESTAURANT_ID","PRICERANGE","PHONE_NUMBER","WEBSITE")VALUES('79765607','€€€€','None','None');
INSERT INTO "CUISINE" ("RESTAURANT_ID","CUISINE_TYPE")VALUES('79765607','Steakhouses');
INSERT INTO "CUISINE" ("RESTAURANT_ID","CUISINE_TYPE")VALUES('79765607','American (Traditional)');
INSERT INTO "CUISINE" ("RESTAURANT_ID","CUISINE_TYPE")VALUES('79765607','German');
INSERT INTO "RESTAURANT_RATING" ("RESTAURANT_ID","SCALE","OVERALL_RATING","SOURCE")VALUES('79765607','5','4.0','Yelp');
INSERT INTO "USER_REVIEW" ("RESTAURANT_ID","REVIEW_DATE","COMMENT","REVIEW_RATING")VALUES('79765607','2011-11-20 17:01:07','My ex-boss recommended this place and he likes his food so I had to check this place out. Firstly, don''t think this is a cheap rib joint like Tony Roma''s....','4');
INSERT INTO "PHOTO" ("RESTAURANT_ID","PICTURE_URL")VALUES('79765607','https://s3-media2.fl.yelpcdn.com/photo/FLOT1S_CjNJ5D9_ThW-ewg/o.jpg');
INSERT INTO "LOCATION" ("LOCATION_ID","LOCATION_TYPE","ADDRESS","LONGITUDE","LATITUDE")VALUES('444','R','Hilton HotelMohrenstr. 3010117 BerlinGermany','13.3922185741','52.5121552419');
INSERT INTO "RESTAURANT" ("RESTAURANT_ID","PRICERANGE","PHONE_NUMBER","WEBSITE")VALUES('25000140','€€€','None','None');
INSERT INTO "CUISINE" ("RESTAURANT_ID","CUISINE_TYPE")VALUES('25000140','German');
INSERT INTO "RESTAURANT_RATING" ("RESTAURANT_ID","SCALE","OVERALL_RATING","SOURCE")VALUES('25000140','5','4.0','Yelp');
INSERT INTO "USER_REVIEW" ("RESTAURANT_ID","REVIEW_DATE","COMMENT","REVIEW_RATING")VALUES('25000140','2017-11-06 16:12:35','Enjoyable traditional German meal in an appropriately dark wood-paneled, elegant but relaxed setting. We had pumpkin soup, wiener schnitzel, locally raised...','4');
INSERT INTO "PHOTO" ("RESTAURANT_ID","PICTURE_URL")VALUES('25000140','https://s3-media4.fl.yelpcdn.com/photo/z3G-LQllGHeZ1AJi8gICJQ/o.jpg');
INSERT INTO "USER_REVIEW" ("RESTAURANT_ID","REVIEW_DATE","COMMENT","REVIEW_RATING")VALUES('25000140','2017-08-10 00:49:31','Restaurant Mark Brandenburg is the place I went for my very late evening meal in Berlin, with it being late and around 9pm, I wanted to grab something I...','2');
INSERT INTO "PHOTO" ("RESTAURANT_ID","PICTURE_URL")VALUES('25000140','https://s3-media2.fl.yelpcdn.com/photo/J7w0PgyzqC0tt3kyp-uizg/o.jpg');
INSERT INTO "USER_REVIEW" ("RESTAURANT_ID","REVIEW_DATE","COMMENT","REVIEW_RATING")VALUES('25000140','2017-10-06 17:19:33','GOOD HOTEL RESTAURANT
This restaurant is located in the downtown Hilton, just across from the central city subway station. Very good German food in an...','3');
INSERT INTO "LOCATION" ("LOCATION_ID","LOCATION_TYPE","ADDRESS","LONGITUDE","LATITUDE")VALUES('445','R','Torstr. 16710115 BerlinGermany','13.39541','52.52908');
INSERT INTO "RESTAURANT" ("RESTAURANT_ID","PRICERANGE","PHONE_NUMBER","WEBSITE")VALUES('66250197','€€€','None','None');
INSERT INTO "CUISINE" ("RESTAURANT_ID","CUISINE_TYPE")VALUES('66250197','French');
INSERT INTO "RESTAURANT_RATING" ("RESTAURANT_ID","SCALE","OVERALL_RATING","SOURCE")VALUES('66250197','5','4.0','Yelp');
INSERT INTO "USER_REVIEW" ("RESTAURANT_ID","REVIEW_DATE","COMMENT","REVIEW_RATING")VALUES('66250197','2015-09-01 06:31:49','Well where to start, it''s one of the gems around Torstraße for sure. Had the boudin noir "house style" with fine wine accompaniment and a classic dessert....','4');
INSERT INTO "PHOTO" ("RESTAURANT_ID","PICTURE_URL")VALUES('66250197','https://s3-media1.fl.yelpcdn.com/photo/MC_wxicor4JjewNn88L2dg/o.jpg');
INSERT INTO "USER_REVIEW" ("RESTAURANT_ID","REVIEW_DATE","COMMENT","REVIEW_RATING")VALUES('66250197','2016-06-04 05:14:17','I was not impressed at all.  After reading the excellent reviews, we gave it a shot.  Came in on a hot day,  all patio tables were reserved.  Inside was a...','2');
INSERT INTO "PHOTO" ("RESTAURANT_ID","PICTURE_URL")VALUES('66250197','https://s3-media3.fl.yelpcdn.com/photo/PXpXKLblrIr3fJy6xdaT7Q/o.jpg');
INSERT INTO "USER_REVIEW" ("RESTAURANT_ID","REVIEW_DATE","COMMENT","REVIEW_RATING")VALUES('66250197','2014-09-11 14:55:12','Food was only OK.  Service was fine but on the slow side.

Word to the wise, don''t get too comfortable and watch out for vagrants.  One walked right up to...','2');
INSERT INTO "RESTAURANT_RATING" ("RESTAURANT_ID","SCALE","OVERALL_RATING","SOURCE")VALUES('66250197','5','3.8','Google Map');
INSERT INTO "USER_REVIEW" ("RESTAURANT_ID","REVIEW_DATE","COMMENT","REVIEW_RATING")VALUES('66250197','2017-10-04','I found the service very very poor and the prices very high.  A poor reflection on berlin where there are many far better restaurants. Being seriously verbally abused by the co-waiter when I politely asked why my complaint had been ignored was not ok. The staff need customer interaction training and to cease being arrogant under performers.

Avoid this place
 .','1');
INSERT INTO "USER_REVIEW" ("RESTAURANT_ID","REVIEW_DATE","COMMENT","REVIEW_RATING")VALUES('66250197','2017-12-17','Great food, good and friendly service.','5');
INSERT INTO "USER_REVIEW" ("RESTAURANT_ID","REVIEW_DATE","COMMENT","REVIEW_RATING")VALUES('66250197','2017-12-19','Good food, nice service!','4');
INSERT INTO "USER_REVIEW" ("RESTAURANT_ID","REVIEW_DATE","COMMENT","REVIEW_RATING")VALUES('66250197','2017-09-09','The worst place I''ve been in Berlin. Service is horrible and the food is also very poor. ','1');
INSERT INTO "USER_REVIEW" ("RESTAURANT_ID","REVIEW_DATE","COMMENT","REVIEW_RATING")VALUES('66250197','2017-08-10','A lovely atmosphere with a jung and creative staff, always ready to help with the choise of dishes to match with the suitable wine!!! The oysters are delicious!!! an ideal dish for the warm summer in Berlin. I'' ve visited this restaurant already three times with a group of friends and we think we will have dinner there more times in the future.','5');
INSERT INTO "LOCATION" ("LOCATION_ID","LOCATION_TYPE","ADDRESS","LONGITUDE","LATITUDE")VALUES('446','R','Breite Str. 413187 BerlinGermany','13.411876133','52.5717145794');
INSERT INTO "RESTAURANT" ("RESTAURANT_ID","PRICERANGE","PHONE_NUMBER","WEBSITE")VALUES('56198632','€€','None','None');
INSERT INTO "CUISINE" ("RESTAURANT_ID","CUISINE_TYPE")VALUES('56198632','Chinese');
INSERT INTO "RESTAURANT_RATING" ("RESTAURANT_ID","SCALE","OVERALL_RATING","SOURCE")VALUES('56198632','5','4.5','Yelp');
INSERT INTO "RESTAURANT_RATING" ("RESTAURANT_ID","SCALE","OVERALL_RATING","SOURCE")VALUES('56198632','5','4.4','Google Map');
INSERT INTO "USER_REVIEW" ("RESTAURANT_ID","REVIEW_DATE","COMMENT","REVIEW_RATING")VALUES('56198632','2017-10-27','I have frequently eaten here over last few years and have found quality of food always to be excelent.','5');
INSERT INTO "USER_REVIEW" ("RESTAURANT_ID","REVIEW_DATE","COMMENT","REVIEW_RATING")VALUES('56198632','2017-08-27','I''m from Hong Kong. They make GREAT FOOD. Love the service and people working there.','5');
INSERT INTO "USER_REVIEW" ("RESTAURANT_ID","REVIEW_DATE","COMMENT","REVIEW_RATING")VALUES('56198632','2017-03-31','Overall service from the waiters comes across as a "don''t give a s**t" attitude. ','2');
INSERT INTO "USER_REVIEW" ("RESTAURANT_ID","REVIEW_DATE","COMMENT","REVIEW_RATING")VALUES('56198632','2018-01-10','Wir waren bisher zwei Mal im Hey Cheuk Lau und beide Male sehr zufrieden. Das Essen ist wirklich lecker (aber Achtung, "scharf" heißt hier auch "scharf", zumindest für den europäischen Gaumen!). Die Portionen sind reichlich und hübsch angerichtet, keine Beanstandungen an dieser Stelle. Das Personal ist sehr nett und freundlich und hilfsbereit.
Vom Ambiente her entspricht der Laden ziemlich genau dem, was man sich unter einem chinesischen Restaurant in Deutschland vorstellt. Der kleine Schrein im Eingangsbereich ist ein schönes Detail, das man nicht unbedingt auf den ersten Blick wahrnimmt, das mir aber sehr gut gefallen hat.
Mein einziger Kritikpunkt ist, dass die Tische etwas eng beieinander stehen und manchmal etwas klein für die Warmhalteplatten und das Geschirr sind. Das kann man aber verschmerzen, weil ansonsten alles stimmt!','4');
INSERT INTO "USER_REVIEW" ("RESTAURANT_ID","REVIEW_DATE","COMMENT","REVIEW_RATING")VALUES('56198632','2017-10-03','Nettes kleines chinesisches Restaurant. Schöne Atmosphäre - nette Mitarbeiter. 
Auf die Holzschnitzereien und Glasbilder hat man verzichtet und damit den Laden moderner gemacht. 
Die Tische stehen leider etwas eng und sind für die obligatorischen Speisenwärmer und Teller dann einfach etwas zu klein. 
Die Speisen sind sehr ordentlich gemacht - natürlich für den einheimischen Kunden ausgerichtet.... 

Die Preise sind meiner Meinung nach auch sehr erträglich... Mehr gibt die Gegend wohl auch nicht her. 
Der Laden war angenehm gefüllt.

Gerne wieder.','4');
INSERT INTO "LOCATION" ("LOCATION_ID","LOCATION_TYPE","ADDRESS","LONGITUDE","LATITUDE")VALUES('447','R','Weserstr. 3212045 BerlinGermany','13.4353751659','52.4860528807');
INSERT INTO "RESTAURANT" ("RESTAURANT_ID","PRICERANGE","PHONE_NUMBER","WEBSITE")VALUES('80088955','€€','None','None');
INSERT INTO "CUISINE" ("RESTAURANT_ID","CUISINE_TYPE")VALUES('80088955','International');
INSERT INTO "RESTAURANT_RATING" ("RESTAURANT_ID","SCALE","OVERALL_RATING","SOURCE")VALUES('80088955','5','4.0','Yelp');
INSERT INTO "USER_REVIEW" ("RESTAURANT_ID","REVIEW_DATE","COMMENT","REVIEW_RATING")VALUES('80088955','2017-11-30 21:03:53','Excellent food and drinks, there isn''t an English menu but one of the employees was kind enough to translate it for us. Reasonably priced and delicious.','5');
INSERT INTO "PHOTO" ("RESTAURANT_ID","PICTURE_URL")VALUES('80088955','https://s3-media2.fl.yelpcdn.com/photo/e7U3x9JZTX4n8FK6fPW74g/o.jpg');
INSERT INTO "USER_REVIEW" ("RESTAURANT_ID","REVIEW_DATE","COMMENT","REVIEW_RATING")VALUES('80088955','2017-09-09 04:04:21','This is my new favorite tartar! I have been to many places - Montréal, NYC etc. and this one actually tops it off. Very cozy atmosphere and great service....','5');
INSERT INTO "USER_REVIEW" ("RESTAURANT_ID","REVIEW_DATE","COMMENT","REVIEW_RATING")VALUES('80088955','2016-07-01 03:04:26','I really really like this place.  The food is really well done.  I''ve had their moules frites, schnitzel, and creme brulee there before and all the food was...','4');
INSERT INTO "PHOTO" ("RESTAURANT_ID","PICTURE_URL")VALUES('80088955','https://s3-media3.fl.yelpcdn.com/photo/E2T0i-l3rMEVC72f6GcSBA/o.jpg');
INSERT INTO "LOCATION" ("LOCATION_ID","LOCATION_TYPE","ADDRESS","LONGITUDE","LATITUDE")VALUES('448','R','Stresemannstr. 7610963 BerlinGermany','13.3835382278','52.5043964983');
INSERT INTO "RESTAURANT" ("RESTAURANT_ID","PRICERANGE","PHONE_NUMBER","WEBSITE")VALUES('83075660','€€€','None','None');
INSERT INTO "CUISINE" ("RESTAURANT_ID","CUISINE_TYPE")VALUES('83075660','Bars');
INSERT INTO "CUISINE" ("RESTAURANT_ID","CUISINE_TYPE")VALUES('83075660','International');
INSERT INTO "RESTAURANT_RATING" ("RESTAURANT_ID","SCALE","OVERALL_RATING","SOURCE")VALUES('83075660','5','3.5','Yelp');
INSERT INTO "USER_REVIEW" ("RESTAURANT_ID","REVIEW_DATE","COMMENT","REVIEW_RATING")VALUES('83075660','2016-10-23 00:57:35','Found this place in the hotel guide book and decided to give it a try. Started off with a friendly greeting, free cloak room and a glass elevator ride to...','5');
INSERT INTO "PHOTO" ("RESTAURANT_ID","PICTURE_URL")VALUES('83075660','https://s3-media4.fl.yelpcdn.com/photo/yM0mTDjl7SgQmFGeiRxNFw/o.jpg');
INSERT INTO "USER_REVIEW" ("RESTAURANT_ID","REVIEW_DATE","COMMENT","REVIEW_RATING")VALUES('83075660','2017-03-31 02:42:46','I''ve been to Solar a few times already. A great place to take my guests as it''s a short walk from my flat. This time around I got the disturbing feeling...','3');
INSERT INTO "PHOTO" ("RESTAURANT_ID","PICTURE_URL")VALUES('83075660','https://s3-media3.fl.yelpcdn.com/photo/ZU17LKpDKsMoBE4VWtRYzQ/o.jpg');
INSERT INTO "USER_REVIEW" ("RESTAURANT_ID","REVIEW_DATE","COMMENT","REVIEW_RATING")VALUES('83075660','2016-01-18 14:11:56','This place is so beautiful, specially at nighttime! The bar is a kinda of fancy and was glad a could just keep my jacket for a while, I felt a little...','4');
INSERT INTO "PHOTO" ("RESTAURANT_ID","PICTURE_URL")VALUES('83075660','https://s3-media1.fl.yelpcdn.com/photo/3wb0qo_FVlx3rN0KNVk7kA/o.jpg');
INSERT INTO "LOCATION" ("LOCATION_ID","LOCATION_TYPE","ADDRESS","LONGITUDE","LATITUDE")VALUES('449','R','Smetanastr. 913088 BerlinGermany','13.459016718','52.5489630856');
INSERT INTO "RESTAURANT" ("RESTAURANT_ID","PRICERANGE","PHONE_NUMBER","WEBSITE")VALUES('7794752','€€','None','None');
INSERT INTO "CUISINE" ("RESTAURANT_ID","CUISINE_TYPE")VALUES('7794752','German');
INSERT INTO "CUISINE" ("RESTAURANT_ID","CUISINE_TYPE")VALUES('7794752','Cafes');
INSERT INTO "RESTAURANT_RATING" ("RESTAURANT_ID","SCALE","OVERALL_RATING","SOURCE")VALUES('7794752','5','4.5','Yelp');
INSERT INTO "LOCATION" ("LOCATION_ID","LOCATION_TYPE","ADDRESS","LONGITUDE","LATITUDE")VALUES('450','R','Seestr. 4113353 BerlinGermany','13.35152','52.54953');
INSERT INTO "RESTAURANT" ("RESTAURANT_ID","PRICERANGE","PHONE_NUMBER","WEBSITE")VALUES('71679811','€','None','None');
INSERT INTO "CUISINE" ("RESTAURANT_ID","CUISINE_TYPE")VALUES('71679811','Chinese');
INSERT INTO "CUISINE" ("RESTAURANT_ID","CUISINE_TYPE")VALUES('71679811','Fast Food');
INSERT INTO "RESTAURANT_RATING" ("RESTAURANT_ID","SCALE","OVERALL_RATING","SOURCE")VALUES('71679811','5','4.0','Yelp');
INSERT INTO "USER_REVIEW" ("RESTAURANT_ID","REVIEW_DATE","COMMENT","REVIEW_RATING")VALUES('71679811','2017-10-17 01:19:42','Now this doesn''t look like much from the outside, but it has really good quality tasting Chinese food.  I brought my friend who lived in China for 5 years...','5');
INSERT INTO "PHOTO" ("RESTAURANT_ID","PICTURE_URL")VALUES('71679811','https://s3-media1.fl.yelpcdn.com/photo/TnOmlZzRqb-hcnG48km27g/o.jpg');
INSERT INTO "USER_REVIEW" ("RESTAURANT_ID","REVIEW_DATE","COMMENT","REVIEW_RATING")VALUES('71679811','2015-10-26 00:20:44','It doesn''t look like that but this place serves pretty authentic chinese dishes BUT MAKE SURE YOU GET THE RED MENU CARD NOT THE PAPER ONE. I REPEAT...','3');
INSERT INTO "PHOTO" ("RESTAURANT_ID","PICTURE_URL")VALUES('71679811','https://s3-media3.fl.yelpcdn.com/photo/9vzac5tVbEM3gkqiT0n4gw/o.jpg');
INSERT INTO "USER_REVIEW" ("RESTAURANT_ID","REVIEW_DATE","COMMENT","REVIEW_RATING")VALUES('71679811','2017-02-11 03:03:15','This is straight-up some of the best Chinese food in Berlin. The outside can be severely misleading and the staff barely speaks German, which pays homage to...','5');
INSERT INTO "PHOTO" ("RESTAURANT_ID","PICTURE_URL")VALUES('71679811','https://s3-media1.fl.yelpcdn.com/photo/onw_5e2yZqDbJwnu9nc2wQ/o.jpg');
INSERT INTO "LOCATION" ("LOCATION_ID","LOCATION_TYPE","ADDRESS","LONGITUDE","LATITUDE")VALUES('451','R','Kastanienallee 2310435 BerlinGermany','13.40865','52.53783');
INSERT INTO "RESTAURANT" ("RESTAURANT_ID","PRICERANGE","PHONE_NUMBER","WEBSITE")VALUES('42054322','€€','None','None');
INSERT INTO "CUISINE" ("RESTAURANT_ID","CUISINE_TYPE")VALUES('42054322','Japanese');
INSERT INTO "CUISINE" ("RESTAURANT_ID","CUISINE_TYPE")VALUES('42054322','Barbeque');
INSERT INTO "RESTAURANT_RATING" ("RESTAURANT_ID","SCALE","OVERALL_RATING","SOURCE")VALUES('42054322','5','4.5','Yelp');
INSERT INTO "USER_REVIEW" ("RESTAURANT_ID","REVIEW_DATE","COMMENT","REVIEW_RATING")VALUES('42054322','2017-05-30 15:02:18','We stumbled upon this restaurant as we were strolling on Kastanienallee on a very warm day. We saw a couple sitting outdoors enjoying some of the grills. We...','5');
INSERT INTO "PHOTO" ("RESTAURANT_ID","PICTURE_URL")VALUES('42054322','https://s3-media2.fl.yelpcdn.com/photo/yWAGzIsS_HnbTXHvKRhSYA/o.jpg');
INSERT INTO "USER_REVIEW" ("RESTAURANT_ID","REVIEW_DATE","COMMENT","REVIEW_RATING")VALUES('42054322','2017-01-14 03:37:41','Meatheaven!
I really like the big range of meat, fish and vegetables you can get. 
I had a mixed plate with fish and meat, it was really delicious....','5');
INSERT INTO "USER_REVIEW" ("RESTAURANT_ID","REVIEW_DATE","COMMENT","REVIEW_RATING")VALUES('42054322','2014-04-02 10:49:43','We were surprised not to find this place on yelp, but it looked promising and we were both intrigued by the thought of Japanese yakitori.

Every order comes...','5');
INSERT INTO "PHOTO" ("RESTAURANT_ID","PICTURE_URL")VALUES('42054322','https://s3-media2.fl.yelpcdn.com/photo/eVyOPYZLBrmmaq1aQD16BQ/o.jpg');
INSERT INTO "RESTAURANT_RATING" ("RESTAURANT_ID","SCALE","OVERALL_RATING","SOURCE")VALUES('42054322','5','4.7','Google Map');
INSERT INTO "USER_REVIEW" ("RESTAURANT_ID","REVIEW_DATE","COMMENT","REVIEW_RATING")VALUES('42054322','2017-11-06','Great grilled skewers, great presentation but the sauce/seasoning they use on every dish is the same.  Average service and bit pricey compared to other countries.','3');
INSERT INTO "USER_REVIEW" ("RESTAURANT_ID","REVIEW_DATE","COMMENT","REVIEW_RATING")VALUES('42054322','2017-10-26','The best japanese grill. The menu is smal and they have only grill stuff (and some starters). However everything tasts delicious! an very good place to grab a bite!','5');
INSERT INTO "USER_REVIEW" ("RESTAURANT_ID","REVIEW_DATE","COMMENT","REVIEW_RATING")VALUES('42054322','2017-08-14','If you want to enjoy some Japanese BBQ for a reasonable price this is the place to go. It is small, but I never failed to get a table.','5');
INSERT INTO "USER_REVIEW" ("RESTAURANT_ID","REVIEW_DATE","COMMENT","REVIEW_RATING")VALUES('42054322','2017-12-18','Great food, nice and cozy.','4');
INSERT INTO "USER_REVIEW" ("RESTAURANT_ID","REVIEW_DATE","COMMENT","REVIEW_RATING")VALUES('42054322','2017-05-11','One of my favourites! This restaurant is owned by Japanese and the service is flawless. Awesome cost benefit and one of the few restaurants with true teryiaki sauce. No sushi (as states the sign by the entrance)','5');
INSERT INTO "LOCATION" ("LOCATION_ID","LOCATION_TYPE","ADDRESS","LONGITUDE","LATITUDE")VALUES('452','R','Kopenhagener Str. 1410437 BerlinGermany','13.408964','52.549174');
INSERT INTO "RESTAURANT" ("RESTAURANT_ID","PRICERANGE","PHONE_NUMBER","WEBSITE")VALUES('32147778','€€','None','None');
INSERT INTO "CUISINE" ("RESTAURANT_ID","CUISINE_TYPE")VALUES('32147778','Sushi Bars');
INSERT INTO "RESTAURANT_RATING" ("RESTAURANT_ID","SCALE","OVERALL_RATING","SOURCE")VALUES('32147778','5','4.0','Yelp');
INSERT INTO "USER_REVIEW" ("RESTAURANT_ID","REVIEW_DATE","COMMENT","REVIEW_RATING")VALUES('32147778','2016-05-06 18:19:51','Small but amazing Japanese Korean restaurant in Pberg. I was blown away by avocado maki price - 2.30 only! Definitely my favorite spot so far. 

Omoni...','5');
INSERT INTO "PHOTO" ("RESTAURANT_ID","PICTURE_URL")VALUES('32147778','https://s3-media2.fl.yelpcdn.com/photo/jRf6iXybRgcLH_Ed3t_M7w/o.jpg');
INSERT INTO "USER_REVIEW" ("RESTAURANT_ID","REVIEW_DATE","COMMENT","REVIEW_RATING")VALUES('32147778','2017-04-12 00:00:23','A friend of mine has been raving about this place for the longest time. So happy I finally tried it out. The sushi was melt in your mouth delicious and I...','4');
INSERT INTO "PHOTO" ("RESTAURANT_ID","PICTURE_URL")VALUES('32147778','https://s3-media3.fl.yelpcdn.com/photo/Cm3gXle5H8pffT7O28MPPg/o.jpg');
INSERT INTO "USER_REVIEW" ("RESTAURANT_ID","REVIEW_DATE","COMMENT","REVIEW_RATING")VALUES('32147778','2017-03-04 09:02:12','I''ve been wanting to check this place because of the good reviews and because it''s around the corner. The thing that struck me most was the rude service. I...','2');
INSERT INTO "RESTAURANT_RATING" ("RESTAURANT_ID","SCALE","OVERALL_RATING","SOURCE")VALUES('32147778','5','4.4','Google Map');
INSERT INTO "USER_REVIEW" ("RESTAURANT_ID","REVIEW_DATE","COMMENT","REVIEW_RATING")VALUES('32147778','2017-07-21','Not only a Korean restaurant... This is an experience worth to live. In an very pleasant environment that will make your meal special. People are nice... And pay attention... Remember to make a reservation if you want to be sure to find a spot. I love it','5');
INSERT INTO "USER_REVIEW" ("RESTAURANT_ID","REVIEW_DATE","COMMENT","REVIEW_RATING")VALUES('32147778','2017-10-13','Best Sushi in Berlin. Period. 
But you need a reservation. And you need a lot of patience... it takes forever.

Service is not really friendly, nor good. 
Basically worst service we had in a Long time and even for Berlin extremely unfriendly ...

Within two hours, she never asked once whether we want something ... we received our food over time from three different waiters - not once a smile.','4');
INSERT INTO "USER_REVIEW" ("RESTAURANT_ID","REVIEW_DATE","COMMENT","REVIEW_RATING")VALUES('32147778','2017-11-25','sushi was great and the restaurant was beautiful but It seemed very weird when they served the food with a full of mouth chewing something even it wasn''t that busy they never came back to our table after serving food for 1 and half hours but I can''t be bothered to stand up and ask so I ended up to have only a drink and calculate the bill by ourself.','1');
INSERT INTO "USER_REVIEW" ("RESTAURANT_ID","REVIEW_DATE","COMMENT","REVIEW_RATING")VALUES('32147778','2017-10-07','great food and reasonable prices. the quality hasn''t gone down as the popularity has gone up. the only problem is that it tends to be overcrowded, and the staff is not especially friendly','5');
INSERT INTO "USER_REVIEW" ("RESTAURANT_ID","REVIEW_DATE","COMMENT","REVIEW_RATING")VALUES('32147778','2017-04-09','Maybe the fish quality and preparation is good, I wasn''t able to find out. I drove there to visit the restaurant, it was just 6pm and there were just about 8 customers at 3 tables, all other tables were reserved. I asked the waitress if it would be possible to get a table for just an hour, since ALL other tables were empty. No discussion no and that''s it.
At other places I have experienced similar situations and there was always a deal to get a table for one hour. VERY DISAPPOINTING. So if you don''t have a reservation don''t even think going there, you will be kicked out kindly!','2');
INSERT INTO "LOCATION" ("LOCATION_ID","LOCATION_TYPE","ADDRESS","LONGITUDE","LATITUDE")VALUES('453','R','Belziger Str. 3810823 BerlinGermany','13.35161','52.48656');
INSERT INTO "RESTAURANT" ("RESTAURANT_ID","PRICERANGE","PHONE_NUMBER","WEBSITE")VALUES('85201439','€€€','None','None');
INSERT INTO "CUISINE" ("RESTAURANT_ID","CUISINE_TYPE")VALUES('85201439','Italian');
INSERT INTO "RESTAURANT_RATING" ("RESTAURANT_ID","SCALE","OVERALL_RATING","SOURCE")VALUES('85201439','5','4.5','Yelp');
INSERT INTO "USER_REVIEW" ("RESTAURANT_ID","REVIEW_DATE","COMMENT","REVIEW_RATING")VALUES('85201439','2013-03-21 10:42:16','I just tried this incredible Sardinian trattoria for brunch. The buffet was quite extensive. They had a roasted beef stew that was to die for. There were...','5');
INSERT INTO "PHOTO" ("RESTAURANT_ID","PICTURE_URL")VALUES('85201439','https://s3-media2.fl.yelpcdn.com/photo/TJGmZRrf_FW3IHzpGYhA-g/o.jpg');
INSERT INTO "USER_REVIEW" ("RESTAURANT_ID","REVIEW_DATE","COMMENT","REVIEW_RATING")VALUES('85201439','2012-08-04 15:46:41','Wow, wow, wow! If I could only go to one Italian restaurant in Berlin... This would definetely be it! This food is wonderful!','5');
INSERT INTO "PHOTO" ("RESTAURANT_ID","PICTURE_URL")VALUES('85201439','https://s3-media3.fl.yelpcdn.com/photo/RiHSCpcnI3cfFsNkOFW44Q/o.jpg');
INSERT INTO "USER_REVIEW" ("RESTAURANT_ID","REVIEW_DATE","COMMENT","REVIEW_RATING")VALUES('85201439','2013-11-04 04:12:10','Well made food from fresh ingridients. Visit if your in this area! Very tasty food, nice atmosphere. A must when in Berlin.','5');
INSERT INTO "PHOTO" ("RESTAURANT_ID","PICTURE_URL")VALUES('85201439','https://s3-media1.fl.yelpcdn.com/photo/lZRNLzq4xqNghL3HtuD67w/o.jpg');
INSERT INTO "RESTAURANT_RATING" ("RESTAURANT_ID","SCALE","OVERALL_RATING","SOURCE")VALUES('85201439','5','4.1','Google Map');
INSERT INTO "USER_REVIEW" ("RESTAURANT_ID","REVIEW_DATE","COMMENT","REVIEW_RATING")VALUES('85201439','2017-09-07','Very friendly service. Lovely atmosphere. Moderately priced.','4');
INSERT INTO "USER_REVIEW" ("RESTAURANT_ID","REVIEW_DATE","COMMENT","REVIEW_RATING")VALUES('85201439','2017-07-28','Yummy Italian food, good service, reasonable prices.','4');
INSERT INTO "USER_REVIEW" ("RESTAURANT_ID","REVIEW_DATE","COMMENT","REVIEW_RATING")VALUES('85201439','2017-01-29','Incredibly unfriendly and rude staff, do not understand German. Incredibly noisy and cramped. Was served cold coffees, simple meals took absolutely forever to be served. Extortionate prices. ','1');
INSERT INTO "USER_REVIEW" ("RESTAURANT_ID","REVIEW_DATE","COMMENT","REVIEW_RATING")VALUES('85201439','2017-02-19','Honnestly the pizzas are not good, normally I think they should be tasty in an italian restaurant ....we tried also lammekotelett for over 20€ really it was a joke : 4 very small kotelett and the same quantity for vegetables...we took also scampi on pellicia : we were happy to eat some bread, just to have the idea to eat something in our stomac... So sorry but this experience was extremely unconfortable and for sure we will not return in this kind of places. We are just wondering why so many people are going there, really. It looks like they never tried good food in their life...','2');
INSERT INTO "USER_REVIEW" ("RESTAURANT_ID","REVIEW_DATE","COMMENT","REVIEW_RATING")VALUES('85201439','2016-08-21','Unbeatable atmosphere, great staff.
Sometimes the food can be pretty average. But if you are lucky ;)

True recommendation!','4');
INSERT INTO "LOCATION" ("LOCATION_ID","LOCATION_TYPE","ADDRESS","LONGITUDE","LATITUDE")VALUES('454','R','Otto-Suhr-Allee 9410585 BerlinGermany','13.309331','52.5171196');
INSERT INTO "RESTAURANT" ("RESTAURANT_ID","PRICERANGE","PHONE_NUMBER","WEBSITE")VALUES('59340499','€','None','None');
INSERT INTO "CUISINE" ("RESTAURANT_ID","CUISINE_TYPE")VALUES('59340499','Italian');
INSERT INTO "CUISINE" ("RESTAURANT_ID","CUISINE_TYPE")VALUES('59340499','Pizza');
INSERT INTO "RESTAURANT_RATING" ("RESTAURANT_ID","SCALE","OVERALL_RATING","SOURCE")VALUES('59340499','5','4.5','Yelp');
INSERT INTO "USER_REVIEW" ("RESTAURANT_ID","REVIEW_DATE","COMMENT","REVIEW_RATING")VALUES('59340499','2018-01-07 18:02:50','Best pizza in Berlin. The Prosciutto Pizza is amazing! The wine and beer are also great. Very cheap but doesn''t feel that way from the atmosphere and food....','5');
INSERT INTO "USER_REVIEW" ("RESTAURANT_ID","REVIEW_DATE","COMMENT","REVIEW_RATING")VALUES('59340499','2016-04-06 03:04:29','INSANE. I got the rathaus pizza to share with a friend ( you have to get atleast two people to get the rathaus pizza). It was enormous and DELICIOUS. A MUST...','5');
INSERT INTO "PHOTO" ("RESTAURANT_ID","PICTURE_URL")VALUES('59340499','https://s3-media1.fl.yelpcdn.com/photo/UmO9St22RRhD-5W0FIC-3g/o.jpg');
INSERT INTO "USER_REVIEW" ("RESTAURANT_ID","REVIEW_DATE","COMMENT","REVIEW_RATING")VALUES('59340499','2017-04-08 08:57:50','Amazing food, 3 euros for a massive pizza. Everything tastes amazing and the atmosphere is great. They had to hurry us out so they gave us complimentary grapa','5');
INSERT INTO "PHOTO" ("RESTAURANT_ID","PICTURE_URL")VALUES('59340499','https://s3-media4.fl.yelpcdn.com/photo/VexPqCp1KkxafH741jmN2g/o.jpg');
INSERT INTO "LOCATION" ("LOCATION_ID","LOCATION_TYPE","ADDRESS","LONGITUDE","LATITUDE")VALUES('455','R','Mohrenstr. 3010117 BerlinGermany','13.392809','52.511899');
INSERT INTO "RESTAURANT" ("RESTAURANT_ID","PRICERANGE","PHONE_NUMBER","WEBSITE")VALUES('89936046','Unknown','None','None');
INSERT INTO "CUISINE" ("RESTAURANT_ID","CUISINE_TYPE")VALUES('89936046','Social Clubs');
INSERT INTO "CUISINE" ("RESTAURANT_ID","CUISINE_TYPE")VALUES('89936046','Lounges');
INSERT INTO "CUISINE" ("RESTAURANT_ID","CUISINE_TYPE")VALUES('89936046','German');
INSERT INTO "RESTAURANT_RATING" ("RESTAURANT_ID","SCALE","OVERALL_RATING","SOURCE")VALUES('89936046','5','5.0','Yelp');
INSERT INTO "USER_REVIEW" ("RESTAURANT_ID","REVIEW_DATE","COMMENT","REVIEW_RATING")VALUES('89936046','2015-12-21 14:19:47','Fabulously executed Capital Club with first class service, cuisine and their many member amenities.  Best seat in the city on a beautiful night, when you...','5');
INSERT INTO "USER_REVIEW" ("RESTAURANT_ID","REVIEW_DATE","COMMENT","REVIEW_RATING")VALUES('89936046','2012-11-05 00:37:45','Without doubt one of the most pleasant places in the city of Berlin. I love to start the day with an appointment in the BCC. As a member of the...','5');
INSERT INTO "PHOTO" ("RESTAURANT_ID","PICTURE_URL")VALUES('89936046','https://s3-media3.fl.yelpcdn.com/photo/LYFN5kItbIqAfnEIs9xGYQ/o.jpg');
INSERT INTO "RESTAURANT_RATING" ("RESTAURANT_ID","SCALE","OVERALL_RATING","SOURCE")VALUES('89936046','5','0.0','Google Map');
INSERT INTO "LOCATION" ("LOCATION_ID","LOCATION_TYPE","ADDRESS","LONGITUDE","LATITUDE")VALUES('456','R','Belziger Str. 2010823 BerlinGermany','13.35403','52.4874');
INSERT INTO "RESTAURANT" ("RESTAURANT_ID","PRICERANGE","PHONE_NUMBER","WEBSITE")VALUES('8032163','€€','None','None');
INSERT INTO "CUISINE" ("RESTAURANT_ID","CUISINE_TYPE")VALUES('8032163','Italian');
INSERT INTO "RESTAURANT_RATING" ("RESTAURANT_ID","SCALE","OVERALL_RATING","SOURCE")VALUES('8032163','5','4.5','Yelp');
INSERT INTO "USER_REVIEW" ("RESTAURANT_ID","REVIEW_DATE","COMMENT","REVIEW_RATING")VALUES('8032163','2016-12-21 13:32:34','In a place with some major players (Schiller burger $, Gott Lob $$, Martha''s $$$), with commensurate pricing...this restaurant is now under new...','2');
INSERT INTO "PHOTO" ("RESTAURANT_ID","PICTURE_URL")VALUES('8032163','https://s3-media2.fl.yelpcdn.com/photo/VfdwAvvG4Zy20cRxvaXqLw/o.jpg');
INSERT INTO "USER_REVIEW" ("RESTAURANT_ID","REVIEW_DATE","COMMENT","REVIEW_RATING")VALUES('8032163','2016-02-27 15:17:58','A very cosy italian restaurant! We tasted pasta vongole and gnocchi with butter and sage and both dishes were delicious!
We also had pasta with truffles and...','5');
INSERT INTO "PHOTO" ("RESTAURANT_ID","PICTURE_URL")VALUES('8032163','https://s3-media2.fl.yelpcdn.com/photo/IwCxbzVupvto-R_zOAYi9w/o.jpg');
INSERT INTO "USER_REVIEW" ("RESTAURANT_ID","REVIEW_DATE","COMMENT","REVIEW_RATING")VALUES('8032163','2014-01-01 08:13:28','"Good? I could die happy!" was my answer to the waiters question "Was the food good?". Just to create an image the flambé trufflepasta - that was skillfully...','5');
INSERT INTO "PHOTO" ("RESTAURANT_ID","PICTURE_URL")VALUES('8032163','https://s3-media2.fl.yelpcdn.com/photo/WnD-7eEYOuOlNtLH3UgS8A/o.jpg');
INSERT INTO "RESTAURANT_RATING" ("RESTAURANT_ID","SCALE","OVERALL_RATING","SOURCE")VALUES('8032163','5','4.2','Google Map');
INSERT INTO "USER_REVIEW" ("RESTAURANT_ID","REVIEW_DATE","COMMENT","REVIEW_RATING")VALUES('8032163','2017-08-02','Okay but could much better ','3');
INSERT INTO "USER_REVIEW" ("RESTAURANT_ID","REVIEW_DATE","COMMENT","REVIEW_RATING")VALUES('8032163','2018-01-13','Die Pizza schmeckt ausgezeichnet, sehr nettes Personal und tolles Ambiente!!! Komme auf jeden Fall wieder! 

La Pizza é buonissima!! Il personale é molto gentile ed amichevole. Torneró du sicuro! :)','5');
INSERT INTO "USER_REVIEW" ("RESTAURANT_ID","REVIEW_DATE","COMMENT","REVIEW_RATING")VALUES('8032163','2017-08-19','War schon lange nicht mehr bei so einem guten Italiener. Sei es Pizza oder Pasta, einfach perfekt. Da gibt´s beim Preis-Leistungsverhältnis nichts zu meckern.
Auch der Rotwein war super und nicht vom Supermarkt.
Service war auch voll in Ordnung und kinderfreundlich (Kinderteller nett gestaltet). Als Abschiedstrunk wurden mehrere Alternative angeboten. :)','5');
INSERT INTO "USER_REVIEW" ("RESTAURANT_ID","REVIEW_DATE","COMMENT","REVIEW_RATING")VALUES('8032163','2017-11-11','Einfach himmlisch: frisch flambierte Nudeln mit schwarzem Trüffel, sehr guter Rotwein, Digestiv vom Haus, freundlich, gemütlich und vor Allem nicht hektisch bei super Lage mitten im Akazienkiez - der perfekte Abend!','5');
INSERT INTO "USER_REVIEW" ("RESTAURANT_ID","REVIEW_DATE","COMMENT","REVIEW_RATING")VALUES('8032163','2018-01-06','Sehr leckeres Essen und auch eine sehr nette Bedienung ; machen dort auch Schinken Pizza obwohl sie   nicht auf der Karte steht','5');
INSERT INTO "LOCATION" ("LOCATION_ID","LOCATION_TYPE","ADDRESS","LONGITUDE","LATITUDE")VALUES('457','R','Rosa-Luxemburg-Str. 310178 BerlinGermany','13.4089877','52.5234297');
INSERT INTO "RESTAURANT" ("RESTAURANT_ID","PRICERANGE","PHONE_NUMBER","WEBSITE")VALUES('81022474','€€','None','None');
INSERT INTO "CUISINE" ("RESTAURANT_ID","CUISINE_TYPE")VALUES('81022474','Vietnamese');
INSERT INTO "RESTAURANT_RATING" ("RESTAURANT_ID","SCALE","OVERALL_RATING","SOURCE")VALUES('81022474','5','4.0','Yelp');
INSERT INTO "USER_REVIEW" ("RESTAURANT_ID","REVIEW_DATE","COMMENT","REVIEW_RATING")VALUES('81022474','2017-12-15 09:09:46','"Mom''s kitchen."

Well then. Mom apparently has some pretty tough love. She''s raised the prices of her dishes by 2 euros in the span of a year. Others in...','2');
INSERT INTO "PHOTO" ("RESTAURANT_ID","PICTURE_URL")VALUES('81022474','https://s3-media4.fl.yelpcdn.com/photo/XYXtGwQzQgg5rX7YnCubgQ/o.jpg');
INSERT INTO "USER_REVIEW" ("RESTAURANT_ID","REVIEW_DATE","COMMENT","REVIEW_RATING")VALUES('81022474','2017-08-07 11:16:26','Visited with the family today largely due to the large number of reviews on TripAdvisor. Everything started out ok, we each ordered a different soup as an...','1');
INSERT INTO "PHOTO" ("RESTAURANT_ID","PICTURE_URL")VALUES('81022474','https://s3-media4.fl.yelpcdn.com/photo/2gTlbaPAILTwaRxf6z4pRw/o.jpg');
INSERT INTO "USER_REVIEW" ("RESTAURANT_ID","REVIEW_DATE","COMMENT","REVIEW_RATING")VALUES('81022474','2017-05-09 13:26:47','OMG! Try their "bulked up" spring rolls. I''m sorry I don''t know their actual name, but they''re a more complex version of summer roll. Let me just say they...','5');
INSERT INTO "PHOTO" ("RESTAURANT_ID","PICTURE_URL")VALUES('81022474','https://s3-media1.fl.yelpcdn.com/photo/6YEdODZn0AidD4DsD43QqQ/o.jpg');
INSERT INTO "RESTAURANT_RATING" ("RESTAURANT_ID","SCALE","OVERALL_RATING","SOURCE")VALUES('81022474','5','4.5','Google Map');
INSERT INTO "USER_REVIEW" ("RESTAURANT_ID","REVIEW_DATE","COMMENT","REVIEW_RATING")VALUES('81022474','2018-01-20','Ate at their other restaurant around the corner. The food was OK, but far from great. The service was not great either. If you happen to walk by this is fine, but there are plenty of better places nearby','3');
INSERT INTO "USER_REVIEW" ("RESTAURANT_ID","REVIEW_DATE","COMMENT","REVIEW_RATING")VALUES('81022474','2017-12-29','Berlin has the tastiest Vietnamese restaurants and Madami is definitely one of them! The portions are very big and the prices are quite low for the amount of food you get. And when they say it''s spicy, it IS spicy! Love it!','5');
INSERT INTO "USER_REVIEW" ("RESTAURANT_ID","REVIEW_DATE","COMMENT","REVIEW_RATING")VALUES('81022474','2018-01-01','Not really cheap (main dish between 10 and 15 Euro), but possibly the best Vietnamese restaurant I''ve ever been. It''s kind of modern, and also offers other vegetarian food (e.g. A burger), but all was really delicious. Many dishes oder a choice between different tykes of meat, seafood or tofu. The options are many fold, so it''s hard to decide. I think you can''t go wrong if you like Asian food in general, and Vietnamese in specific','5');
INSERT INTO "USER_REVIEW" ("RESTAURANT_ID","REVIEW_DATE","COMMENT","REVIEW_RATING")VALUES('81022474','2017-12-12','Best vietnamese food I’ve had so far! Very good for for an extremæy low price - value is skyhigh. Definitely a place I will revisit.
Service is great as well','5');
INSERT INTO "USER_REVIEW" ("RESTAURANT_ID","REVIEW_DATE","COMMENT","REVIEW_RATING")VALUES('81022474','2017-10-05','Great soup. Excellent shake. Main dish was good and very big. Service was helpful and in English. 
However, the menu is too long and there is a difficulty to choose from largely similar sounding dishes.','4');
INSERT INTO "LOCATION" ("LOCATION_ID","LOCATION_TYPE","ADDRESS","LONGITUDE","LATITUDE")VALUES('458','R','Bismarckstr. 3510627 BerlinGermany','13.3083856','52.5119932');
INSERT INTO "RESTAURANT" ("RESTAURANT_ID","PRICERANGE","PHONE_NUMBER","WEBSITE")VALUES('48070977','€€','None','None');
INSERT INTO "CUISINE" ("RESTAURANT_ID","CUISINE_TYPE")VALUES('48070977','Restaurants');
INSERT INTO "RESTAURANT_RATING" ("RESTAURANT_ID","SCALE","OVERALL_RATING","SOURCE")VALUES('48070977','5','4.5','Yelp');
INSERT INTO "LOCATION" ("LOCATION_ID","LOCATION_TYPE","ADDRESS","LONGITUDE","LATITUDE")VALUES('459','R','Invalidenstr. 11210115 BerlinGermany','13.3836','52.53056');
INSERT INTO "RESTAURANT" ("RESTAURANT_ID","PRICERANGE","PHONE_NUMBER","WEBSITE")VALUES('67556448','€','None','None');
INSERT INTO "CUISINE" ("RESTAURANT_ID","CUISINE_TYPE")VALUES('67556448','German');
INSERT INTO "CUISINE" ("RESTAURANT_ID","CUISINE_TYPE")VALUES('67556448','Soup');
INSERT INTO "RESTAURANT_RATING" ("RESTAURANT_ID","SCALE","OVERALL_RATING","SOURCE")VALUES('67556448','5','4.5','Yelp');
INSERT INTO "USER_REVIEW" ("RESTAURANT_ID","REVIEW_DATE","COMMENT","REVIEW_RATING")VALUES('67556448','2018-01-01 20:14:06','Cash only - but best soup I''ve ever had !!!!
My kids loved it and wanted to go back 
Prices very good and staff very friendly !','5');
INSERT INTO "PHOTO" ("RESTAURANT_ID","PICTURE_URL")VALUES('67556448','https://s3-media2.fl.yelpcdn.com/photo/c5ixhATP6dcaTFwxMtd--A/o.jpg');
INSERT INTO "USER_REVIEW" ("RESTAURANT_ID","REVIEW_DATE","COMMENT","REVIEW_RATING")VALUES('67556448','2017-07-12 12:06:08','I was visiting Berlin from Florida and spent the morning riding a rented bike around town, mostly in the rain. I went back to my hotel at about noon to...','4');
INSERT INTO "PHOTO" ("RESTAURANT_ID","PICTURE_URL")VALUES('67556448','https://s3-media1.fl.yelpcdn.com/photo/G3S6GIjR4mUSWn8SgYrw2A/o.jpg');
INSERT INTO "USER_REVIEW" ("RESTAURANT_ID","REVIEW_DATE","COMMENT","REVIEW_RATING")VALUES('67556448','2017-01-31 03:43:28','This is my favorite soup place in Berlin. It''s very central near Naturkundemuseum (U6, M5, M8, M10, M12) and Nordbahnhof (S-Bahn). I come here literally...','5');
INSERT INTO "LOCATION" ("LOCATION_ID","LOCATION_TYPE","ADDRESS","LONGITUDE","LATITUDE")VALUES('460','R','Lindenstr. 29a10969 BerlinGermany','13.39711','52.50508');
INSERT INTO "RESTAURANT" ("RESTAURANT_ID","PRICERANGE","PHONE_NUMBER","WEBSITE")VALUES('41890526','€','None','None');
INSERT INTO "CUISINE" ("RESTAURANT_ID","CUISINE_TYPE")VALUES('41890526','Chinese');
INSERT INTO "RESTAURANT_RATING" ("RESTAURANT_ID","SCALE","OVERALL_RATING","SOURCE")VALUES('41890526','5','4.5','Yelp');
INSERT INTO "USER_REVIEW" ("RESTAURANT_ID","REVIEW_DATE","COMMENT","REVIEW_RATING")VALUES('41890526','2017-07-24 12:07:29','The food and service were both outstanding  I highly recommend this place. 

It is a quiet little restaurant with a relaxing atmosphere. The service was...','5');
INSERT INTO "PHOTO" ("RESTAURANT_ID","PICTURE_URL")VALUES('41890526','https://s3-media2.fl.yelpcdn.com/photo/MPsaNbpZ_KrNDNq1hPz9JQ/o.jpg');
INSERT INTO "USER_REVIEW" ("RESTAURANT_ID","REVIEW_DATE","COMMENT","REVIEW_RATING")VALUES('41890526','2015-03-31 02:31:26','Good pricess and good chinese food. I have only went there for a take-away meal. Perfect for that.','4');
INSERT INTO "PHOTO" ("RESTAURANT_ID","PICTURE_URL")VALUES('41890526','https://s3-media3.fl.yelpcdn.com/photo/-EpEmoC1xxm5yYsaFHQ9pA/o.jpg');
INSERT INTO "USER_REVIEW" ("RESTAURANT_ID","REVIEW_DATE","COMMENT","REVIEW_RATING")VALUES('41890526','2013-03-08 11:26:54','We go here almost every week since we have moved in this neighborhood. The typical decorated spacy place is purely family-driven, owner Si Mei is very very...','5');
INSERT INTO "RESTAURANT_RATING" ("RESTAURANT_ID","SCALE","OVERALL_RATING","SOURCE")VALUES('41890526','5','4.3','Google Map');
INSERT INTO "USER_REVIEW" ("RESTAURANT_ID","REVIEW_DATE","COMMENT","REVIEW_RATING")VALUES('41890526','2017-07-01','Unexpected discovery thanks to the rain. Everything that we ordered was very tasty, friendly service and pleasant traditional atmosphere. The place has a Croatian and international menu (mostly German and Austrian) with a great selection of meat dishes.','5');
INSERT INTO "USER_REVIEW" ("RESTAURANT_ID","REVIEW_DATE","COMMENT","REVIEW_RATING")VALUES('41890526','2017-07-13','Hearty food with non English speaking staff. I would give it a pass. Not that good.','3');
INSERT INTO "USER_REVIEW" ("RESTAURANT_ID","REVIEW_DATE","COMMENT","REVIEW_RATING")VALUES('41890526','2017-03-28','Amazing place. Very pleasant authentic interior, delicious food  (we had mixed fish plate and "Gurman" meat plate)  , friendly and accommodating staff. Also, we don''t speak any German.
I will be coming back here whenever possible.','5');
INSERT INTO "USER_REVIEW" ("RESTAURANT_ID","REVIEW_DATE","COMMENT","REVIEW_RATING")VALUES('41890526','2017-06-04','Excellent service. Nice and big meals the Budweiser 🍺 is the best

','5');
INSERT INTO "USER_REVIEW" ("RESTAURANT_ID","REVIEW_DATE","COMMENT","REVIEW_RATING")VALUES('41890526','2016-10-23','Decent place to have a bite to eat. The meat was good, honest and reasonable, with a great portion size! I 
It isn''t high end in any way, but more authentic than a lot of the touristy restaurants that are about','4');
INSERT INTO "LOCATION" ("LOCATION_ID","LOCATION_TYPE","ADDRESS","LONGITUDE","LATITUDE")VALUES('461','R','BerlinGermany','13.354471','52.496415');
INSERT INTO "RESTAURANT" ("RESTAURANT_ID","PRICERANGE","PHONE_NUMBER","WEBSITE")VALUES('62945173','€€','None','None');
INSERT INTO "CUISINE" ("RESTAURANT_ID","CUISINE_TYPE")VALUES('62945173','Seafood');
INSERT INTO "CUISINE" ("RESTAURANT_ID","CUISINE_TYPE")VALUES('62945173','Food Trucks');
INSERT INTO "RESTAURANT_RATING" ("RESTAURANT_ID","SCALE","OVERALL_RATING","SOURCE")VALUES('62945173','5','5.0','Yelp');
INSERT INTO "USER_REVIEW" ("RESTAURANT_ID","REVIEW_DATE","COMMENT","REVIEW_RATING")VALUES('62945173','2014-06-28 04:20:08','Prefect place for the fish lover!! I ordered half of the makrele fish, it was 4 euro. and I can say that was the best makrele I have tried so far in the...','5');
INSERT INTO "PHOTO" ("RESTAURANT_ID","PICTURE_URL")VALUES('62945173','https://s3-media3.fl.yelpcdn.com/photo/IdlBt1_4j25nOKLWw0f-dw/o.jpg');
INSERT INTO "USER_REVIEW" ("RESTAURANT_ID","REVIEW_DATE","COMMENT","REVIEW_RATING")VALUES('62945173','2012-03-25 12:51:24','I am a little bit surprised that this grilled fish stand isn''t in Yelp yet, since most of Berlin seems to know about it already.  Here is the drill: show up...','5');
INSERT INTO "PHOTO" ("RESTAURANT_ID","PICTURE_URL")VALUES('62945173','https://s3-media3.fl.yelpcdn.com/photo/vye_eDl0OJDCt1aLKpiQlQ/o.jpg');
INSERT INTO "LOCATION" ("LOCATION_ID","LOCATION_TYPE","ADDRESS","LONGITUDE","LATITUDE")VALUES('462','R','Bänschstr. 6710247 BerlinGermany','13.4679005205','52.5179373331');
INSERT INTO "RESTAURANT" ("RESTAURANT_ID","PRICERANGE","PHONE_NUMBER","WEBSITE")VALUES('53528975','€€','None','None');
INSERT INTO "CUISINE" ("RESTAURANT_ID","CUISINE_TYPE")VALUES('53528975','Italian');
INSERT INTO "CUISINE" ("RESTAURANT_ID","CUISINE_TYPE")VALUES('53528975','Pizza');
INSERT INTO "RESTAURANT_RATING" ("RESTAURANT_ID","SCALE","OVERALL_RATING","SOURCE")VALUES('53528975','5','4.5','Yelp');
INSERT INTO "USER_REVIEW" ("RESTAURANT_ID","REVIEW_DATE","COMMENT","REVIEW_RATING")VALUES('53528975','2016-07-02 14:06:14','Grrat neighbourhood Italian with good atmosphere and delicious pizzas. The service can be hit or miss but is usually friendly and quick.','5');
INSERT INTO "USER_REVIEW" ("RESTAURANT_ID","REVIEW_DATE","COMMENT","REVIEW_RATING")VALUES('53528975','2015-08-05 14:41:08','Typical italien food from typical italiens. Fast, fresh with the real italien flair :)','4');
INSERT INTO "LOCATION" ("LOCATION_ID","LOCATION_TYPE","ADDRESS","LONGITUDE","LATITUDE")VALUES('463','R','Badensche Str. 3510715 BerlinGermany','13.3297','52.486');
INSERT INTO "RESTAURANT" ("RESTAURANT_ID","PRICERANGE","PHONE_NUMBER","WEBSITE")VALUES('58078074','€€','None','None');
INSERT INTO "CUISINE" ("RESTAURANT_ID","CUISINE_TYPE")VALUES('58078074','Latin American');
INSERT INTO "CUISINE" ("RESTAURANT_ID","CUISINE_TYPE")VALUES('58078074','Peruvian');
INSERT INTO "CUISINE" ("RESTAURANT_ID","CUISINE_TYPE")VALUES('58078074','Cocktail Bars');
INSERT INTO "RESTAURANT_RATING" ("RESTAURANT_ID","SCALE","OVERALL_RATING","SOURCE")VALUES('58078074','5','4.0','Yelp');
INSERT INTO "USER_REVIEW" ("RESTAURANT_ID","REVIEW_DATE","COMMENT","REVIEW_RATING")VALUES('58078074','2017-02-26 20:17:14','Everybody needs some saborrr in their life. 

How bad did we need this? We drove all the way to Charlottenburg from Pankow. ''Twas a rainy night and nothing...','5');
INSERT INTO "PHOTO" ("RESTAURANT_ID","PICTURE_URL")VALUES('58078074','https://s3-media2.fl.yelpcdn.com/photo/Y4YhAVOABdmuykz7IQTXTQ/o.jpg');
INSERT INTO "USER_REVIEW" ("RESTAURANT_ID","REVIEW_DATE","COMMENT","REVIEW_RATING")VALUES('58078074','2015-04-01 07:00:42','Soooooooo goooooooood!!!! I have no words. Definitely an original peruvian restaurant. Great prices, great portions and amazing taste!!!
I had the...','5');
INSERT INTO "PHOTO" ("RESTAURANT_ID","PICTURE_URL")VALUES('58078074','https://s3-media2.fl.yelpcdn.com/photo/lCm9Y9C-XLvvjVuC4chu-w/o.jpg');
INSERT INTO "RESTAURANT_RATING" ("RESTAURANT_ID","SCALE","OVERALL_RATING","SOURCE")VALUES('58078074','5','0.0','Google Map');
INSERT INTO "LOCATION" ("LOCATION_ID","LOCATION_TYPE","ADDRESS","LONGITUDE","LATITUDE")VALUES('464','R','Schloßstr. 7/814059 BerlinGermany','13.2959961916','52.5167695083');
INSERT INTO "RESTAURANT" ("RESTAURANT_ID","PRICERANGE","PHONE_NUMBER","WEBSITE")VALUES('89642961','€€€','None','None');
INSERT INTO "CUISINE" ("RESTAURANT_ID","CUISINE_TYPE")VALUES('89642961','Italian');
INSERT INTO "RESTAURANT_RATING" ("RESTAURANT_ID","SCALE","OVERALL_RATING","SOURCE")VALUES('89642961','5','4.5','Yelp');
INSERT INTO "USER_REVIEW" ("RESTAURANT_ID","REVIEW_DATE","COMMENT","REVIEW_RATING")VALUES('89642961','2017-09-21 01:25:08','Have been coming here for the last six months, once or twice a month.  Absolutely the best Italian restaurant I have been. The service is terrific, the wine...','5');
INSERT INTO "USER_REVIEW" ("RESTAURANT_ID","REVIEW_DATE","COMMENT","REVIEW_RATING")VALUES('89642961','2016-10-28 14:01:49','The best dinner and experience I have had anywhere in the world. Fresh linguine with fresh grated truffle!! Most delicious thing I''ve ever tasted! Best...','5');
INSERT INTO "PHOTO" ("RESTAURANT_ID","PICTURE_URL")VALUES('89642961','https://s3-media3.fl.yelpcdn.com/photo/gXFnhoCOUOMNV7eDFPwV3A/o.jpg');
INSERT INTO "USER_REVIEW" ("RESTAURANT_ID","REVIEW_DATE","COMMENT","REVIEW_RATING")VALUES('89642961','2013-10-21 18:43:04','All great things- was in town for 4 nights and came here 2x.  Learned about this place via trip advisor(which seems more popular than yelp overseas).  This...','5');
INSERT INTO "PHOTO" ("RESTAURANT_ID","PICTURE_URL")VALUES('89642961','https://s3-media2.fl.yelpcdn.com/photo/SYwiW9qkq0WldyE4-Ts7Cg/o.jpg');
INSERT INTO "LOCATION" ("LOCATION_ID","LOCATION_TYPE","ADDRESS","LONGITUDE","LATITUDE")VALUES('465','R','Erkelenzdamm 4710999 BerlinGermany','13.4131','52.4977');
INSERT INTO "RESTAURANT" ("RESTAURANT_ID","PRICERANGE","PHONE_NUMBER","WEBSITE")VALUES('20690748','€€','None','None');
INSERT INTO "CUISINE" ("RESTAURANT_ID","CUISINE_TYPE")VALUES('20690748','Spanish');
INSERT INTO "CUISINE" ("RESTAURANT_ID","CUISINE_TYPE")VALUES('20690748','Portuguese');
INSERT INTO "RESTAURANT_RATING" ("RESTAURANT_ID","SCALE","OVERALL_RATING","SOURCE")VALUES('20690748','5','4.5','Yelp');
INSERT INTO "USER_REVIEW" ("RESTAURANT_ID","REVIEW_DATE","COMMENT","REVIEW_RATING")VALUES('20690748','2016-10-08 15:35:46','Tapas were great. Paella was nice. Prices are very fair and service is super-friendly.','4');
INSERT INTO "PHOTO" ("RESTAURANT_ID","PICTURE_URL")VALUES('20690748','https://s3-media1.fl.yelpcdn.com/photo/QeIjla-35WIOz9op35iIEA/o.jpg');
INSERT INTO "USER_REVIEW" ("RESTAURANT_ID","REVIEW_DATE","COMMENT","REVIEW_RATING")VALUES('20690748','2015-01-17 07:38:26','Not very impressed.
Food was OK, but nothing more. Very spicy. 
Tried a fish grill plate and an entrecôte. 
A bit pricey too. 
Staff was friendly though!','2');
INSERT INTO "PHOTO" ("RESTAURANT_ID","PICTURE_URL")VALUES('20690748','https://s3-media1.fl.yelpcdn.com/photo/q8NSVMTRPgx52yvUNOSqrQ/o.jpg');
INSERT INTO "USER_REVIEW" ("RESTAURANT_ID","REVIEW_DATE","COMMENT","REVIEW_RATING")VALUES('20690748','2015-08-23 04:38:16','Excellent! 
The food is expertly prepared. 
Lovely wine, including the house wine.
The staff is friendly & good natured. 
The atmosphere is very pleasant &...','5');
INSERT INTO "PHOTO" ("RESTAURANT_ID","PICTURE_URL")VALUES('20690748','https://s3-media2.fl.yelpcdn.com/photo/bWZw3XCa6K8eiwRJdE-rrA/o.jpg');
INSERT INTO "LOCATION" ("LOCATION_ID","LOCATION_TYPE","ADDRESS","LONGITUDE","LATITUDE")VALUES('466','R','Brandenburgische Str. 2210707 BerlinGermany','13.3087234725','52.495856865');
INSERT INTO "RESTAURANT" ("RESTAURANT_ID","PRICERANGE","PHONE_NUMBER","WEBSITE")VALUES('16533321','€€','None','None');
INSERT INTO "CUISINE" ("RESTAURANT_ID","CUISINE_TYPE")VALUES('16533321','Indian');
INSERT INTO "CUISINE" ("RESTAURANT_ID","CUISINE_TYPE")VALUES('16533321','Singaporean');
INSERT INTO "CUISINE" ("RESTAURANT_ID","CUISINE_TYPE")VALUES('16533321','Cocktail Bars');
INSERT INTO "RESTAURANT_RATING" ("RESTAURANT_ID","SCALE","OVERALL_RATING","SOURCE")VALUES('16533321','5','4.5','Yelp');
INSERT INTO "USER_REVIEW" ("RESTAURANT_ID","REVIEW_DATE","COMMENT","REVIEW_RATING")VALUES('16533321','2016-12-26 10:46:05','Ich bin wieder da! A cozy place with amazing food. Nice service and exotic atmosphere. It''s always my favorite Indian restaurant here in Berlin BTW, the...','5');
INSERT INTO "PHOTO" ("RESTAURANT_ID","PICTURE_URL")VALUES('16533321','https://s3-media3.fl.yelpcdn.com/photo/PWjWkkrpOD4AG0c8rrhClA/o.jpg');
INSERT INTO "USER_REVIEW" ("RESTAURANT_ID","REVIEW_DATE","COMMENT","REVIEW_RATING")VALUES('16533321','2015-12-01 03:25:39','I had the Amma chicken for lunch. Delicious! Accompanied with soup + salad (with a killer dressing!) followed by a complimentary mango nectar. The service...','5');
INSERT INTO "PHOTO" ("RESTAURANT_ID","PICTURE_URL")VALUES('16533321','https://s3-media2.fl.yelpcdn.com/photo/qQAJH4BbenFUhe8aQKb3-g/o.jpg');
INSERT INTO "USER_REVIEW" ("RESTAURANT_ID","REVIEW_DATE","COMMENT","REVIEW_RATING")VALUES('16533321','2015-07-05 01:17:49','This place has authentic Indian dishes and genuinely makes good Indian curries. They actually have different gravies for different dishes (unlike in many...','5');
INSERT INTO "LOCATION" ("LOCATION_ID","LOCATION_TYPE","ADDRESS","LONGITUDE","LATITUDE")VALUES('467','R','Torstr. 110119 BerlinGermany','13.415343','52.527509');
INSERT INTO "RESTAURANT" ("RESTAURANT_ID","PRICERANGE","PHONE_NUMBER","WEBSITE")VALUES('338430','€€€','None','None');
INSERT INTO "CUISINE" ("RESTAURANT_ID","CUISINE_TYPE")VALUES('338430','Italian');
INSERT INTO "RESTAURANT_RATING" ("RESTAURANT_ID","SCALE","OVERALL_RATING","SOURCE")VALUES('338430','5','4.0','Yelp');
INSERT INTO "USER_REVIEW" ("RESTAURANT_ID","REVIEW_DATE","COMMENT","REVIEW_RATING")VALUES('338430','2017-05-27 08:16:01','Good Italian restaurant, our waiter was absolutely welcoming!
A bit expensive but good food and very beautiful decoration.','4');
INSERT INTO "PHOTO" ("RESTAURANT_ID","PICTURE_URL")VALUES('338430','https://s3-media3.fl.yelpcdn.com/photo/JQ2ocd32iJh-VuXTywADyA/o.jpg');
INSERT INTO "USER_REVIEW" ("RESTAURANT_ID","REVIEW_DATE","COMMENT","REVIEW_RATING")VALUES('338430','2016-08-15 05:15:49','Cecconi''s Berlin is the latest restaurant to open after it had started in London and came to West Hollywood & Miami. The Berlin version is placed at the...','5');
INSERT INTO "PHOTO" ("RESTAURANT_ID","PICTURE_URL")VALUES('338430','https://s3-media2.fl.yelpcdn.com/photo/6mqKrBDm8Pz4owROM3Nd0w/o.jpg');
INSERT INTO "USER_REVIEW" ("RESTAURANT_ID","REVIEW_DATE","COMMENT","REVIEW_RATING")VALUES('338430','2016-12-19 05:25:29','Very bad hygiene conditions! Sat by the open kitchen and was able to see the chefs and kitchen staff work and prepare food. The one guy was preparing...','1');
INSERT INTO "RESTAURANT_RATING" ("RESTAURANT_ID","SCALE","OVERALL_RATING","SOURCE")VALUES('338430','5','4.2','Google Map');
INSERT INTO "USER_REVIEW" ("RESTAURANT_ID","REVIEW_DATE","COMMENT","REVIEW_RATING")VALUES('338430','2017-12-09','Beautiful location. Excellent service. Great food!','5');
INSERT INTO "USER_REVIEW" ("RESTAURANT_ID","REVIEW_DATE","COMMENT","REVIEW_RATING")VALUES('338430','2017-10-18','Very good Italian food, but pricey for Germany. One star is out because of rude hostess','4');
INSERT INTO "USER_REVIEW" ("RESTAURANT_ID","REVIEW_DATE","COMMENT","REVIEW_RATING")VALUES('338430','2017-12-12','Pretty good. The host was a bit snobby and frosty, but the food was decent','4');
INSERT INTO "USER_REVIEW" ("RESTAURANT_ID","REVIEW_DATE","COMMENT","REVIEW_RATING")VALUES('338430','2017-09-13','i was the first guest at the berlin chapter, met the md - great guy. such attention to detail. id go as far as saying its the only restaurant in berlin with an international high standard. besides grill maybe (too many posers), keep it up.','5');
INSERT INTO "USER_REVIEW" ("RESTAURANT_ID","REVIEW_DATE","COMMENT","REVIEW_RATING")VALUES('338430','2017-10-13','Amazing Italian food. The service is great.','4');
INSERT INTO "LOCATION" ("LOCATION_ID","LOCATION_TYPE","ADDRESS","LONGITUDE","LATITUDE")VALUES('468','R','Mohrenstr. 4210117 BerlinGermany','13.3956191181','52.5125160152');
INSERT INTO "RESTAURANT" ("RESTAURANT_ID","PRICERANGE","PHONE_NUMBER","WEBSITE")VALUES('11250689','€€€','None','None');
INSERT INTO "CUISINE" ("RESTAURANT_ID","CUISINE_TYPE")VALUES('11250689','Sushi Bars');
INSERT INTO "RESTAURANT_RATING" ("RESTAURANT_ID","SCALE","OVERALL_RATING","SOURCE")VALUES('11250689','5','4.5','Yelp');
INSERT INTO "USER_REVIEW" ("RESTAURANT_ID","REVIEW_DATE","COMMENT","REVIEW_RATING")VALUES('11250689','2016-01-14 11:30:15','There is little to say thank simply a stunning and impressive Wow!  Maybe the best sushi place in Berlin. Great service, outstanding quality and very nice...','5');
INSERT INTO "PHOTO" ("RESTAURANT_ID","PICTURE_URL")VALUES('11250689','https://s3-media1.fl.yelpcdn.com/photo/OK-K8iOFh-WyLSUSdxeH5w/o.jpg');
INSERT INTO "USER_REVIEW" ("RESTAURANT_ID","REVIEW_DATE","COMMENT","REVIEW_RATING")VALUES('11250689','2017-10-17 14:07:33','I didn''t love Sushi Club. We have much better sushi in the states. The shrimp gyoza starter and salmon nigiri were good, but anything with tuna tasted off....','3');
INSERT INTO "PHOTO" ("RESTAURANT_ID","PICTURE_URL")VALUES('11250689','https://s3-media2.fl.yelpcdn.com/photo/QtXUmdC7GOHBsSL40L0Inw/o.jpg');
INSERT INTO "USER_REVIEW" ("RESTAURANT_ID","REVIEW_DATE","COMMENT","REVIEW_RATING")VALUES('11250689','2017-04-15 13:57:09','The sushi was good, but I was more impressed with the starters. The grilled salmon was cooked perfectly and the seaweed salad tasted so fresh.  Fun...','4');
INSERT INTO "PHOTO" ("RESTAURANT_ID","PICTURE_URL")VALUES('11250689','https://s3-media4.fl.yelpcdn.com/photo/fbG63X-qmDh--CEJYbLsGA/o.jpg');
INSERT INTO "LOCATION" ("LOCATION_ID","LOCATION_TYPE","ADDRESS","LONGITUDE","LATITUDE")VALUES('469','R','Mehringdamm 4010961 BerlinGermany','13.38717','52.49264');
INSERT INTO "RESTAURANT" ("RESTAURANT_ID","PRICERANGE","PHONE_NUMBER","WEBSITE")VALUES('70595795','€€','None','None');
INSERT INTO "CUISINE" ("RESTAURANT_ID","CUISINE_TYPE")VALUES('70595795','Italian');
INSERT INTO "CUISINE" ("RESTAURANT_ID","CUISINE_TYPE")VALUES('70595795','Pizza');
INSERT INTO "RESTAURANT_RATING" ("RESTAURANT_ID","SCALE","OVERALL_RATING","SOURCE")VALUES('70595795','5','4.0','Yelp');
INSERT INTO "USER_REVIEW" ("RESTAURANT_ID","REVIEW_DATE","COMMENT","REVIEW_RATING")VALUES('70595795','2016-10-01 12:52:25','Amici Amici is run by true Italians. I need to mention this because there are so many fake Italian restaurants run by people with a different cultural...','4');
INSERT INTO "PHOTO" ("RESTAURANT_ID","PICTURE_URL")VALUES('70595795','https://s3-media1.fl.yelpcdn.com/photo/Guj0AE2ZzYBpn8LjKpxFZA/o.jpg');
INSERT INTO "USER_REVIEW" ("RESTAURANT_ID","REVIEW_DATE","COMMENT","REVIEW_RATING")VALUES('70595795','2017-03-20 06:40:49','Their takeout pizza counter which is adjacent to their sit-down restaurant serves piping hot margherita pizza for 2€ a slice and it''s pretty good. When we...','4');
INSERT INTO "PHOTO" ("RESTAURANT_ID","PICTURE_URL")VALUES('70595795','https://s3-media2.fl.yelpcdn.com/photo/QqgPrIqcTTPh0kfOfAEVFg/o.jpg');
INSERT INTO "USER_REVIEW" ("RESTAURANT_ID","REVIEW_DATE","COMMENT","REVIEW_RATING")VALUES('70595795','2017-11-05 05:27:52','We stumbled into this restaurant while looking for a place to celebrate a birthday, and are so happy we did! Food was delicious, everything tastes fresh and...','5');
INSERT INTO "LOCATION" ("LOCATION_ID","LOCATION_TYPE","ADDRESS","LONGITUDE","LATITUDE")VALUES('470','R','Zabel-Krüger-Damm 237Lübars13469 BerlinGermany','13.3543744','52.6181938');
INSERT INTO "RESTAURANT" ("RESTAURANT_ID","PRICERANGE","PHONE_NUMBER","WEBSITE")VALUES('3234861','€€','None','None');
INSERT INTO "CUISINE" ("RESTAURANT_ID","CUISINE_TYPE")VALUES('3234861','German');
INSERT INTO "RESTAURANT_RATING" ("RESTAURANT_ID","SCALE","OVERALL_RATING","SOURCE")VALUES('3234861','5','4.5','Yelp');
INSERT INTO "LOCATION" ("LOCATION_ID","LOCATION_TYPE","ADDRESS","LONGITUDE","LATITUDE")VALUES('471','R','Muskauer Str. 110997 BerlinGermany','13.4339569112','52.5006464101');
INSERT INTO "RESTAURANT" ("RESTAURANT_ID","PRICERANGE","PHONE_NUMBER","WEBSITE")VALUES('75411064','€€€','None','None');
INSERT INTO "CUISINE" ("RESTAURANT_ID","CUISINE_TYPE")VALUES('75411064','Modern European');
INSERT INTO "CUISINE" ("RESTAURANT_ID","CUISINE_TYPE")VALUES('75411064','Austrian');
INSERT INTO "RESTAURANT_RATING" ("RESTAURANT_ID","SCALE","OVERALL_RATING","SOURCE")VALUES('75411064','5','4.0','Yelp');
INSERT INTO "USER_REVIEW" ("RESTAURANT_ID","REVIEW_DATE","COMMENT","REVIEW_RATING")VALUES('75411064','2016-07-23 09:21:14','This was the one fancy meal we had while in Berlin - solid food and beer in a quaint little area of Kruezberg a short walk from the main street. Their...','3');
INSERT INTO "PHOTO" ("RESTAURANT_ID","PICTURE_URL")VALUES('75411064','https://s3-media4.fl.yelpcdn.com/photo/4k7o-JKmHaiynEZFwqZ3GA/o.jpg');
INSERT INTO "USER_REVIEW" ("RESTAURANT_ID","REVIEW_DATE","COMMENT","REVIEW_RATING")VALUES('75411064','2017-06-23 23:09:47','good meal and quiet atmosphere away from the main street.','3');
INSERT INTO "PHOTO" ("RESTAURANT_ID","PICTURE_URL")VALUES('75411064','https://s3-media4.fl.yelpcdn.com/photo/hbEZMmXKUnH-uAB8VP2w_w/o.jpg');
INSERT INTO "USER_REVIEW" ("RESTAURANT_ID","REVIEW_DATE","COMMENT","REVIEW_RATING")VALUES('75411064','2015-12-30 08:14:03','Arriving without a reservation, they found space for us with a table in what seemed to be the wine room. It even had a separate entrance from the street. It...','4');
INSERT INTO "PHOTO" ("RESTAURANT_ID","PICTURE_URL")VALUES('75411064','https://s3-media3.fl.yelpcdn.com/photo/qKlCLFs_Jck7-uQp0QAZBg/o.jpg');
INSERT INTO "RESTAURANT_RATING" ("RESTAURANT_ID","SCALE","OVERALL_RATING","SOURCE")VALUES('75411064','5','4','Google Map');
INSERT INTO "USER_REVIEW" ("RESTAURANT_ID","REVIEW_DATE","COMMENT","REVIEW_RATING")VALUES('75411064','2017-12-14','One of the best Schnitzel in Berlin, probably number 2! We enjoyed the great vibe of the place, really beautiful. The owner is a super nice lady... I’ll go again, and recommend it to other too.','5');
INSERT INTO "USER_REVIEW" ("RESTAURANT_ID","REVIEW_DATE","COMMENT","REVIEW_RATING")VALUES('75411064','2018-01-04','Always amazing schnitzel. The atmosphere here is very cosy, Berlin vibe too. Jolesch never disappoints!','5');
INSERT INTO "USER_REVIEW" ("RESTAURANT_ID","REVIEW_DATE","COMMENT","REVIEW_RATING")VALUES('75411064','2018-01-08','Food was very tasty, but when we had company christmas dinner there it took them too long and some dishes already cold.','3');
INSERT INTO "USER_REVIEW" ("RESTAURANT_ID","REVIEW_DATE","COMMENT","REVIEW_RATING")VALUES('75411064','2017-10-23','A gluten free weiner schnitzel is available here and it''s delicious. The service is fast too. The only downside is that the gluten free version costs €25, a massive €7 more than the regular version','4');
INSERT INTO "USER_REVIEW" ("RESTAURANT_ID","REVIEW_DATE","COMMENT","REVIEW_RATING")VALUES('75411064','2017-11-19','Austrian from tip to toe - even the waiters have the Austrian accent and slightly snobbish attitude. Fantastic
The Menu is brief but well organized. One can create individual explorations of delightful interpretations of Austrian classics. The wine pairing is mandatory - the Rotgifpler we were served was the surprise of the evening. 
The atmosphere is cozy in the front room with a Brüning oven and more mondän in the larger room. This is completed by a copy of the famous Russian marine painting “the wave “ by Aivazovsky (somehow the left the shipwreck put ;-) )','5');
INSERT INTO "LOCATION" ("LOCATION_ID","LOCATION_TYPE","ADDRESS","LONGITUDE","LATITUDE")VALUES('472','R','Huttenstr. 6810553 BerlinGermany','13.3268553','52.5276463');
INSERT INTO "RESTAURANT" ("RESTAURANT_ID","PRICERANGE","PHONE_NUMBER","WEBSITE")VALUES('16528294','€','None','None');
INSERT INTO "CUISINE" ("RESTAURANT_ID","CUISINE_TYPE")VALUES('16528294','Vietnamese');
INSERT INTO "RESTAURANT_RATING" ("RESTAURANT_ID","SCALE","OVERALL_RATING","SOURCE")VALUES('16528294','5','4.5','Yelp');
INSERT INTO "USER_REVIEW" ("RESTAURANT_ID","REVIEW_DATE","COMMENT","REVIEW_RATING")VALUES('16528294','2017-04-14 04:57:27','One of the dopest curries I had in Berlin for a ridiculous price. The venue is small and not very cozy (also the interior is a terrible accident of neon...','5');
INSERT INTO "PHOTO" ("RESTAURANT_ID","PICTURE_URL")VALUES('16528294','https://s3-media3.fl.yelpcdn.com/photo/9vzac5tVbEM3gkqiT0n4gw/o.jpg');
INSERT INTO "USER_REVIEW" ("RESTAURANT_ID","REVIEW_DATE","COMMENT","REVIEW_RATING")VALUES('16528294','2016-04-02 00:36:17','This place is rather tiny so I wouldn''t recommend it to larger groups BUT I would definitely recommend it to everyone else! 
My girlfriend loves this place...','5');
INSERT INTO "PHOTO" ("RESTAURANT_ID","PICTURE_URL")VALUES('16528294','https://s3-media2.fl.yelpcdn.com/photo/0sz0PfgH1WWMqoPyQORlBQ/o.jpg');
INSERT INTO "USER_REVIEW" ("RESTAURANT_ID","REVIEW_DATE","COMMENT","REVIEW_RATING")VALUES('16528294','2016-05-30 09:35:49','Good and cheap, but was not blown away. Expected more since it had a five star rating. I got the curry and it was pretty good but definitely not the best...','3');
INSERT INTO "PHOTO" ("RESTAURANT_ID","PICTURE_URL")VALUES('16528294','https://s3-media2.fl.yelpcdn.com/photo/YO2ohJt6VtJWYX_wN205CA/o.jpg');
INSERT INTO "LOCATION" ("LOCATION_ID","LOCATION_TYPE","ADDRESS","LONGITUDE","LATITUDE")VALUES('473','R','Dominicusstr. 3310827 BerlinGermany','13.34938','52.4816');
INSERT INTO "RESTAURANT" ("RESTAURANT_ID","PRICERANGE","PHONE_NUMBER","WEBSITE")VALUES('19267846','€','None','None');
INSERT INTO "CUISINE" ("RESTAURANT_ID","CUISINE_TYPE")VALUES('19267846','Vietnamese');
INSERT INTO "CUISINE" ("RESTAURANT_ID","CUISINE_TYPE")VALUES('19267846','Sushi Bars');
INSERT INTO "CUISINE" ("RESTAURANT_ID","CUISINE_TYPE")VALUES('19267846','Pan Asian');
INSERT INTO "RESTAURANT_RATING" ("RESTAURANT_ID","SCALE","OVERALL_RATING","SOURCE")VALUES('19267846','5','5.0','Yelp');
INSERT INTO "USER_REVIEW" ("RESTAURANT_ID","REVIEW_DATE","COMMENT","REVIEW_RATING")VALUES('19267846','2015-12-08 08:19:25','Walking into the authentically and homesy decorated place, I was greeted by a friendly chef who immediately prepared my food quickly. I ordered a dish with...','5');
INSERT INTO "PHOTO" ("RESTAURANT_ID","PICTURE_URL")VALUES('19267846','https://s3-media2.fl.yelpcdn.com/photo/7L1MwtTdswk9g0ESAQMiUw/o.jpg');
INSERT INTO "LOCATION" ("LOCATION_ID","LOCATION_TYPE","ADDRESS","LONGITUDE","LATITUDE")VALUES('474','R','Zur Alten Flussbadeanstalt 510317 BerlinGermany','13.4889815064','52.4913253003');
INSERT INTO "RESTAURANT" ("RESTAURANT_ID","PRICERANGE","PHONE_NUMBER","WEBSITE")VALUES('37192500','€€','None','None');
INSERT INTO "CUISINE" ("RESTAURANT_ID","CUISINE_TYPE")VALUES('37192500','Beer Garden');
INSERT INTO "CUISINE" ("RESTAURANT_ID","CUISINE_TYPE")VALUES('37192500','International');
INSERT INTO "RESTAURANT_RATING" ("RESTAURANT_ID","SCALE","OVERALL_RATING","SOURCE")VALUES('37192500','5','4.0','Yelp');
INSERT INTO "USER_REVIEW" ("RESTAURANT_ID","REVIEW_DATE","COMMENT","REVIEW_RATING")VALUES('37192500','2017-10-14 05:10:27','Except for the gorgeous location, this place seriously sucks. The hostess yelled at people for coming without a reservation. The prices are insanely high...','1');
INSERT INTO "PHOTO" ("RESTAURANT_ID","PICTURE_URL")VALUES('37192500','https://s3-media3.fl.yelpcdn.com/photo/Tf7GSGpVFlPw7aPnedKTPw/o.jpg');
INSERT INTO "USER_REVIEW" ("RESTAURANT_ID","REVIEW_DATE","COMMENT","REVIEW_RATING")VALUES('37192500','2015-08-23 10:23:51','The food is ok. Nothing too crazy. The burger is decent and the schnitzel a little on the dry side, but acceptable. Just that the dish we ordered for our...','4');
INSERT INTO "PHOTO" ("RESTAURANT_ID","PICTURE_URL")VALUES('37192500','https://s3-media4.fl.yelpcdn.com/photo/h0YAPbrt1CErXXfKXPU8FQ/o.jpg');
INSERT INTO "USER_REVIEW" ("RESTAURANT_ID","REVIEW_DATE","COMMENT","REVIEW_RATING")VALUES('37192500','2015-08-07 01:18:00','The food isn''t anything special but you do get pretty quickly and there is a nice view.','3');
INSERT INTO "PHOTO" ("RESTAURANT_ID","PICTURE_URL")VALUES('37192500','https://s3-media3.fl.yelpcdn.com/photo/ZsMrJAQNSt2ROH3bxFxtxg/o.jpg');
INSERT INTO "LOCATION" ("LOCATION_ID","LOCATION_TYPE","ADDRESS","LONGITUDE","LATITUDE")VALUES('475','R','Tempelhofer Damm 21412099 BerlinGermany','13.3837368234','52.4571668676');
INSERT INTO "RESTAURANT" ("RESTAURANT_ID","PRICERANGE","PHONE_NUMBER","WEBSITE")VALUES('10980486','€€','None','None');
INSERT INTO "CUISINE" ("RESTAURANT_ID","CUISINE_TYPE")VALUES('10980486','Indian');
INSERT INTO "CUISINE" ("RESTAURANT_ID","CUISINE_TYPE")VALUES('10980486','Singaporean');
INSERT INTO "CUISINE" ("RESTAURANT_ID","CUISINE_TYPE")VALUES('10980486','Cocktail Bars');
INSERT INTO "RESTAURANT_RATING" ("RESTAURANT_ID","SCALE","OVERALL_RATING","SOURCE")VALUES('10980486','5','4.0','Yelp');
INSERT INTO "USER_REVIEW" ("RESTAURANT_ID","REVIEW_DATE","COMMENT","REVIEW_RATING")VALUES('10980486','2016-07-25 05:31:17','I started Rassam, hoping to enjoy a light soup of wich i have fond memories from my trips to India. Sadly what they call Rassam is a thick, bland, fatty/...','2');
INSERT INTO "USER_REVIEW" ("RESTAURANT_ID","REVIEW_DATE","COMMENT","REVIEW_RATING")VALUES('10980486','2013-07-27 02:43:17','I have been coming to this place once a week for about three years now and usually everything is great. Yesterday I had dinner with a friend and in the food...','1');
INSERT INTO "RESTAURANT_RATING" ("RESTAURANT_ID","SCALE","OVERALL_RATING","SOURCE")VALUES('10980486','5','4.2','Google Map');
INSERT INTO "USER_REVIEW" ("RESTAURANT_ID","REVIEW_DATE","COMMENT","REVIEW_RATING")VALUES('10980486','2018-01-16','Nice place, friendly staff and good food.','5');
INSERT INTO "USER_REVIEW" ("RESTAURANT_ID","REVIEW_DATE","COMMENT","REVIEW_RATING")VALUES('10980486','2016-11-09','As an Indian myself, I usually have high expectations from Indian restaurants. Amma at Tempelhof was by far, the best Indian experience I''ve had. I liked it so much that I came here twice during my 3 week visit to Berlin. Great Punjabi food selection as well. Great service, and even tastier food. Highly recommend!','5');
INSERT INTO "USER_REVIEW" ("RESTAURANT_ID","REVIEW_DATE","COMMENT","REVIEW_RATING")VALUES('10980486','2017-09-16','Awesome cocktails','5');
INSERT INTO "USER_REVIEW" ("RESTAURANT_ID","REVIEW_DATE","COMMENT","REVIEW_RATING")VALUES('10980486','2017-04-13','Great food, good service - limited lunch menu. Onlyz 2 vegetarian lunch options','4');
INSERT INTO "USER_REVIEW" ("RESTAURANT_ID","REVIEW_DATE","COMMENT","REVIEW_RATING")VALUES('10980486','2016-08-09','Very tasty and authentic Indian food. It has a very big range of dishes and there is always plenty of space to sit. Staff are friendly, prices are reasonable.','5');
INSERT INTO "LOCATION" ("LOCATION_ID","LOCATION_TYPE","ADDRESS","LONGITUDE","LATITUDE")VALUES('476','R','Boxhagener Str. 10810245 BerlinGermany','13.45755','52.513');
INSERT INTO "RESTAURANT" ("RESTAURANT_ID","PRICERANGE","PHONE_NUMBER","WEBSITE")VALUES('83963654','€€','None','None');
INSERT INTO "CUISINE" ("RESTAURANT_ID","CUISINE_TYPE")VALUES('83963654','Laotian');
INSERT INTO "CUISINE" ("RESTAURANT_ID","CUISINE_TYPE")VALUES('83963654','Thai');
INSERT INTO "RESTAURANT_RATING" ("RESTAURANT_ID","SCALE","OVERALL_RATING","SOURCE")VALUES('83963654','5','4.0','Yelp');
INSERT INTO "USER_REVIEW" ("RESTAURANT_ID","REVIEW_DATE","COMMENT","REVIEW_RATING")VALUES('83963654','2017-09-02 07:54:22','Service: 1/5 
Food: 4/5
The food was pretty good, and the atmosphere fit, but the service was truly nonexistent. We sat ourselves after waiting for 10...','2');
INSERT INTO "PHOTO" ("RESTAURANT_ID","PICTURE_URL")VALUES('83963654','https://s3-media4.fl.yelpcdn.com/photo/eTn3LMFTcfrOmYFA-FQecQ/o.jpg');
INSERT INTO "USER_REVIEW" ("RESTAURANT_ID","REVIEW_DATE","COMMENT","REVIEW_RATING")VALUES('83963654','2017-09-02 07:33:19','Went and the service was largely unfriendly and never came to see us- we waited 40 minutes before someone came to see us about our order, and our food took...','2');
INSERT INTO "PHOTO" ("RESTAURANT_ID","PICTURE_URL")VALUES('83963654','https://s3-media1.fl.yelpcdn.com/photo/YCgk4O9A375c2T1P5hCCOw/o.jpg');
INSERT INTO "USER_REVIEW" ("RESTAURANT_ID","REVIEW_DATE","COMMENT","REVIEW_RATING")VALUES('83963654','2017-02-14 13:31:57','Really cool restaurant, with tasty food. The tapas concept, allows you to taste a lot of different food, which is nice, but make sure you order enough. The...','5');
INSERT INTO "PHOTO" ("RESTAURANT_ID","PICTURE_URL")VALUES('83963654','https://s3-media3.fl.yelpcdn.com/photo/GyLvzXoMQw5Rhx8ODQCMaA/o.jpg');
INSERT INTO "LOCATION" ("LOCATION_ID","LOCATION_TYPE","ADDRESS","LONGITUDE","LATITUDE")VALUES('477','R','Bernhard-Weiß-Str. 610178 BerlinGermany','13.4169046','52.5239665');
INSERT INTO "RESTAURANT" ("RESTAURANT_ID","PRICERANGE","PHONE_NUMBER","WEBSITE")VALUES('26953175','€','None','None');
INSERT INTO "CUISINE" ("RESTAURANT_ID","CUISINE_TYPE")VALUES('26953175','Canteen');
INSERT INTO "CUISINE" ("RESTAURANT_ID","CUISINE_TYPE")VALUES('26953175','International');
INSERT INTO "RESTAURANT_RATING" ("RESTAURANT_ID","SCALE","OVERALL_RATING","SOURCE")VALUES('26953175','5','4.0','Yelp');
INSERT INTO "USER_REVIEW" ("RESTAURANT_ID","REVIEW_DATE","COMMENT","REVIEW_RATING")VALUES('26953175','2016-05-09 03:31:28','No fancy restaurant, but great for people that work in the area around Alexanderplatz. For around 5 EUR, you can get a full meal. Most of the time, quality...','4');
INSERT INTO "PHOTO" ("RESTAURANT_ID","PICTURE_URL")VALUES('26953175','https://s3-media1.fl.yelpcdn.com/photo/lQmMgXpmcAOnbUic7LXyxg/o.jpg');
INSERT INTO "USER_REVIEW" ("RESTAURANT_ID","REVIEW_DATE","COMMENT","REVIEW_RATING")VALUES('26953175','2012-01-01 12:56:45','Delicious food & excellent service, we had a great meal and can recommend the experience. What was slightly peculiar was that we were the only customers in...','4');
INSERT INTO "PHOTO" ("RESTAURANT_ID","PICTURE_URL")VALUES('26953175','https://s3-media3.fl.yelpcdn.com/photo/KYsaDAHfG2F_ytYQKvS9TQ/o.jpg');
INSERT INTO "USER_REVIEW" ("RESTAURANT_ID","REVIEW_DATE","COMMENT","REVIEW_RATING")VALUES('26953175','2011-04-21 00:57:35','Wandel is a school-cantine-style restaurant. So you can expect mass cooked food served at fair prices. They always have several options of plating, with the...','3');
INSERT INTO "PHOTO" ("RESTAURANT_ID","PICTURE_URL")VALUES('26953175','https://s3-media3.fl.yelpcdn.com/photo/fq_s4CcWbNqi1ctUHYOvTQ/o.jpg');
INSERT INTO "LOCATION" ("LOCATION_ID","LOCATION_TYPE","ADDRESS","LONGITUDE","LATITUDE")VALUES('478','R','Martin-Luther-Str. 2110777 BerlinGermany','13.3463999','52.4975');
INSERT INTO "RESTAURANT" ("RESTAURANT_ID","PRICERANGE","PHONE_NUMBER","WEBSITE")VALUES('37762620','€€','None','None');
INSERT INTO "CUISINE" ("RESTAURANT_ID","CUISINE_TYPE")VALUES('37762620','Italian');
INSERT INTO "CUISINE" ("RESTAURANT_ID","CUISINE_TYPE")VALUES('37762620','Pizza');
INSERT INTO "RESTAURANT_RATING" ("RESTAURANT_ID","SCALE","OVERALL_RATING","SOURCE")VALUES('37762620','5','4.0','Yelp');
INSERT INTO "USER_REVIEW" ("RESTAURANT_ID","REVIEW_DATE","COMMENT","REVIEW_RATING")VALUES('37762620','2016-02-14 16:36:58','Such amazing pizza, delivery service was so quick and efficient! Not to mention the incredibly gorgeous delivery guys. Cheap and delicious pizza which is...','5');
INSERT INTO "PHOTO" ("RESTAURANT_ID","PICTURE_URL")VALUES('37762620','https://s3-media3.fl.yelpcdn.com/photo/JySGZ2q5SRklFdCYDNjaIQ/o.jpg');
INSERT INTO "USER_REVIEW" ("RESTAURANT_ID","REVIEW_DATE","COMMENT","REVIEW_RATING")VALUES('37762620','2014-12-30 11:16:27','Even though it''s an italian restaurant... The Hawaiian Curry Schnitzel with fries dish was the best!!! Heavy for the tummy :-) really affordable also!','5');
INSERT INTO "PHOTO" ("RESTAURANT_ID","PICTURE_URL")VALUES('37762620','https://s3-media2.fl.yelpcdn.com/photo/QTULC1WkIOovYqLEzEbVng/o.jpg');
INSERT INTO "USER_REVIEW" ("RESTAURANT_ID","REVIEW_DATE","COMMENT","REVIEW_RATING")VALUES('37762620','2015-09-26 11:34:57','This place is fantastic. It''s become a real staple in the years that we''ve lived in Berlin. The staff are super friendly, they even gave us a gift when we...','5');
INSERT INTO "PHOTO" ("RESTAURANT_ID","PICTURE_URL")VALUES('37762620','https://s3-media3.fl.yelpcdn.com/photo/nSjO5CVq1iR0_wLKpmkvyg/o.jpg');
INSERT INTO "LOCATION" ("LOCATION_ID","LOCATION_TYPE","ADDRESS","LONGITUDE","LATITUDE")VALUES('479','R','Pariser Str. 1610719 BerlinGermany','13.32312','52.4974');
INSERT INTO "RESTAURANT" ("RESTAURANT_ID","PRICERANGE","PHONE_NUMBER","WEBSITE")VALUES('53600724','€€','None','None');
INSERT INTO "CUISINE" ("RESTAURANT_ID","CUISINE_TYPE")VALUES('53600724','German');
INSERT INTO "RESTAURANT_RATING" ("RESTAURANT_ID","SCALE","OVERALL_RATING","SOURCE")VALUES('53600724','5','4.0','Yelp');
INSERT INTO "USER_REVIEW" ("RESTAURANT_ID","REVIEW_DATE","COMMENT","REVIEW_RATING")VALUES('53600724','2014-07-07 00:57:31','My companion and I were here last Saturday for an impromptu lunch. After coming from the airport, we were tired and not in the mood to cook, so we just went...','4');
INSERT INTO "PHOTO" ("RESTAURANT_ID","PICTURE_URL")VALUES('53600724','https://s3-media1.fl.yelpcdn.com/photo/ToTju2zYCHa7hPAMdeK58w/o.jpg');
INSERT INTO "LOCATION" ("LOCATION_ID","LOCATION_TYPE","ADDRESS","LONGITUDE","LATITUDE")VALUES('480','R','Waldorf AstoriaHardenbergstr. 2810623 BerlinGermany','13.3331199','52.50551');
INSERT INTO "RESTAURANT" ("RESTAURANT_ID","PRICERANGE","PHONE_NUMBER","WEBSITE")VALUES('60331788','Unknown','None','None');
INSERT INTO "CUISINE" ("RESTAURANT_ID","CUISINE_TYPE")VALUES('60331788','Mediterranean');
INSERT INTO "RESTAURANT_RATING" ("RESTAURANT_ID","SCALE","OVERALL_RATING","SOURCE")VALUES('60331788','5','4.5','Yelp');
INSERT INTO "USER_REVIEW" ("RESTAURANT_ID","REVIEW_DATE","COMMENT","REVIEW_RATING")VALUES('60331788','2017-09-11 09:29:46','Great spot for breakfast & lunch!! I did the salad and sandwich twice and both days the meal was delicious!','5');
INSERT INTO "PHOTO" ("RESTAURANT_ID","PICTURE_URL")VALUES('60331788','https://s3-media4.fl.yelpcdn.com/photo/92ArVJVp5cRSqmkD0HKHAQ/o.jpg');
INSERT INTO "USER_REVIEW" ("RESTAURANT_ID","REVIEW_DATE","COMMENT","REVIEW_RATING")VALUES('60331788','2016-10-04 06:10:05','Great coffee shop: Good quality food, fantastic desserts. A bit over pricy, though. conveniently located at the Waldorf-Astoria.','5');
INSERT INTO "PHOTO" ("RESTAURANT_ID","PICTURE_URL")VALUES('60331788','https://s3-media1.fl.yelpcdn.com/photo/9tPHTu2so3j8nIlQyCZLoA/o.jpg');
INSERT INTO "LOCATION" ("LOCATION_ID","LOCATION_TYPE","ADDRESS","LONGITUDE","LATITUDE")VALUES('481','R','Bülowstr. 910783 BerlinGermany','13.3570010559','52.4986491697');
INSERT INTO "RESTAURANT" ("RESTAURANT_ID","PRICERANGE","PHONE_NUMBER","WEBSITE")VALUES('39069008','€€','None','None');
INSERT INTO "CUISINE" ("RESTAURANT_ID","CUISINE_TYPE")VALUES('39069008','Vietnamese');
INSERT INTO "CUISINE" ("RESTAURANT_ID","CUISINE_TYPE")VALUES('39069008','Pan Asian');
INSERT INTO "RESTAURANT_RATING" ("RESTAURANT_ID","SCALE","OVERALL_RATING","SOURCE")VALUES('39069008','5','4.5','Yelp');
INSERT INTO "USER_REVIEW" ("RESTAURANT_ID","REVIEW_DATE","COMMENT","REVIEW_RATING")VALUES('39069008','2017-12-29 16:56:55','Can''t say I''d come to Berlin for Vietnamese food, but if I''m craving Vietnamese food in Berlin, I''d only come here.

5/5 service! Our waiter was so kind,...','5');
INSERT INTO "PHOTO" ("RESTAURANT_ID","PICTURE_URL")VALUES('39069008','https://s3-media1.fl.yelpcdn.com/photo/KM__IJiceO4dRLikffNe5w/o.jpg');
INSERT INTO "USER_REVIEW" ("RESTAURANT_ID","REVIEW_DATE","COMMENT","REVIEW_RATING")VALUES('39069008','2017-12-29 10:32:12','Hands down, amazing Vietnamese food. VERY delicious egg rolls (they use banh trang for the skin, not wonton wrappers), lat lot, banh tom chien, and banh...','5');
INSERT INTO "PHOTO" ("RESTAURANT_ID","PICTURE_URL")VALUES('39069008','https://s3-media2.fl.yelpcdn.com/photo/18xHJqngqF0Rg9ObE1_Rmg/o.jpg');
INSERT INTO "USER_REVIEW" ("RESTAURANT_ID","REVIEW_DATE","COMMENT","REVIEW_RATING")VALUES('39069008','2017-04-28 04:02:30','Free wifi and clean environment. Once we placed our orders our spring rolls came out quickly but with nuc mam (fish sauce based sauce) instead of the peanut...','4');
INSERT INTO "PHOTO" ("RESTAURANT_ID","PICTURE_URL")VALUES('39069008','https://s3-media1.fl.yelpcdn.com/photo/Rueps6orPw7P4K3mdmFmDw/o.jpg');
INSERT INTO "LOCATION" ("LOCATION_ID","LOCATION_TYPE","ADDRESS","LONGITUDE","LATITUDE")VALUES('482','R','Park Plaza Wallstreet Berlin MitteWallstr. 23 - 2410179 BerlinGermany','13.4078','52.5115');
INSERT INTO "LOCATION" ("LOCATION_ID","LOCATION_TYPE","ADDRESS","LONGITUDE","LATITUDE")VALUES('484','R','Schlesische Str. 3510997 BerlinGermany','13.445394','52.499555');
INSERT INTO "RESTAURANT" ("RESTAURANT_ID","PRICERANGE","PHONE_NUMBER","WEBSITE")VALUES('59240437','€€','None','None');
INSERT INTO "CUISINE" ("RESTAURANT_ID","CUISINE_TYPE")VALUES('59240437','Italian');
INSERT INTO "CUISINE" ("RESTAURANT_ID","CUISINE_TYPE")VALUES('59240437','Mediterranean');
INSERT INTO "RESTAURANT_RATING" ("RESTAURANT_ID","SCALE","OVERALL_RATING","SOURCE")VALUES('59240437','5','4.5','Yelp');
INSERT INTO "USER_REVIEW" ("RESTAURANT_ID","REVIEW_DATE","COMMENT","REVIEW_RATING")VALUES('59240437','2017-06-06 13:59:13','Came here for a team lunch with 18 people.  The staff was great and quite nice.. cracked some good jokes with our group too. 

The menu is extensive and...','4');
INSERT INTO "PHOTO" ("RESTAURANT_ID","PICTURE_URL")VALUES('59240437','https://s3-media3.fl.yelpcdn.com/photo/5HSVSQtL62kECOGSvVp7_w/o.jpg');
INSERT INTO "USER_REVIEW" ("RESTAURANT_ID","REVIEW_DATE","COMMENT","REVIEW_RATING")VALUES('59240437','2016-05-01 14:07:16','This place is awesome
Most friendly staff
Good food and vibe 
And fresh ingredients 

They have natural tea from fresh mint and ginger , if you are into that','5');
INSERT INTO "PHOTO" ("RESTAURANT_ID","PICTURE_URL")VALUES('59240437','https://s3-media2.fl.yelpcdn.com/photo/3RT1m9Qi1hRCZv1gaOeMFg/o.jpg');
INSERT INTO "USER_REVIEW" ("RESTAURANT_ID","REVIEW_DATE","COMMENT","REVIEW_RATING")VALUES('59240437','2016-04-16 04:51:23','We were 13 people, eating breakfast and burgers. 9 out of 11 had finished eating when the last two got their food. The service was ok, and the portions were...','2');
INSERT INTO "PHOTO" ("RESTAURANT_ID","PICTURE_URL")VALUES('59240437','https://s3-media1.fl.yelpcdn.com/photo/u15io2ZPm93naeosUvlhHQ/o.jpg');
INSERT INTO "LOCATION" ("LOCATION_ID","LOCATION_TYPE","ADDRESS","LONGITUDE","LATITUDE")VALUES('485','R','Südwestkorso 1412161 BerlinGermany','13.3218','52.4735');
INSERT INTO "RESTAURANT" ("RESTAURANT_ID","PRICERANGE","PHONE_NUMBER","WEBSITE")VALUES('29010420','€€','None','None');
INSERT INTO "CUISINE" ("RESTAURANT_ID","CUISINE_TYPE")VALUES('29010420','Austrian');
INSERT INTO "RESTAURANT_RATING" ("RESTAURANT_ID","SCALE","OVERALL_RATING","SOURCE")VALUES('29010420','5','4.5','Yelp');
INSERT INTO "LOCATION" ("LOCATION_ID","LOCATION_TYPE","ADDRESS","LONGITUDE","LATITUDE")VALUES('486','R','Wilhelmstr. 7710117 BerlinGermany','13.3812','52.5144');
INSERT INTO "RESTAURANT" ("RESTAURANT_ID","PRICERANGE","PHONE_NUMBER","WEBSITE")VALUES('76031206','€€','None','None');
INSERT INTO "CUISINE" ("RESTAURANT_ID","CUISINE_TYPE")VALUES('76031206','German');
INSERT INTO "RESTAURANT_RATING" ("RESTAURANT_ID","SCALE","OVERALL_RATING","SOURCE")VALUES('76031206','5','3.5','Yelp');
INSERT INTO "USER_REVIEW" ("RESTAURANT_ID","REVIEW_DATE","COMMENT","REVIEW_RATING")VALUES('76031206','2017-08-14 08:31:13','After a long day walking around, we stopped in initially just to grab a beer. Snooped through the menu and spotted a strudel and made sure to order 1...','4');
INSERT INTO "PHOTO" ("RESTAURANT_ID","PICTURE_URL")VALUES('76031206','https://s3-media1.fl.yelpcdn.com/photo/5jIOwTrMpwNOOEBrVg36ow/o.jpg');
INSERT INTO "USER_REVIEW" ("RESTAURANT_ID","REVIEW_DATE","COMMENT","REVIEW_RATING")VALUES('76031206','2017-08-13 09:53:59','THE SERVICE HERE IS EXTREMELY BAAAAAAD!!!! Please be patient when customers have problems or questions. Nobody owns you anything!','1');
INSERT INTO "PHOTO" ("RESTAURANT_ID","PICTURE_URL")VALUES('76031206','https://s3-media1.fl.yelpcdn.com/photo/bOcW9fxcE0s4RNezQQ1jFg/o.jpg');
INSERT INTO "USER_REVIEW" ("RESTAURANT_ID","REVIEW_DATE","COMMENT","REVIEW_RATING")VALUES('76031206','2016-10-02 08:23:10','Came here today, mid-afternoon. It was one of few places still open and less than 5 minutes of walking from the Brandenburg gate.

Service is ok. Only 1...','3');
INSERT INTO "PHOTO" ("RESTAURANT_ID","PICTURE_URL")VALUES('76031206','https://s3-media1.fl.yelpcdn.com/photo/9F33DCCiGNauLwMH-Oc6Mg/o.jpg');
INSERT INTO "LOCATION" ("LOCATION_ID","LOCATION_TYPE","ADDRESS","LONGITUDE","LATITUDE")VALUES('487','R','Monbijouplatz 1210178 BerlinGermany','13.39972','52.52269');
INSERT INTO "RESTAURANT" ("RESTAURANT_ID","PRICERANGE","PHONE_NUMBER","WEBSITE")VALUES('14778849','€€','None','None');
INSERT INTO "CUISINE" ("RESTAURANT_ID","CUISINE_TYPE")VALUES('14778849','Italian');
INSERT INTO "CUISINE" ("RESTAURANT_ID","CUISINE_TYPE")VALUES('14778849','Pizza');
INSERT INTO "RESTAURANT_RATING" ("RESTAURANT_ID","SCALE","OVERALL_RATING","SOURCE")VALUES('14778849','5','4.0','Yelp');
INSERT INTO "USER_REVIEW" ("RESTAURANT_ID","REVIEW_DATE","COMMENT","REVIEW_RATING")VALUES('14778849','2015-10-28 15:43:44','This place was near our hotel and we walked there for dinner our first night in Berlin. The staff was really sweet and helpful. They helped use translate...','4');
INSERT INTO "PHOTO" ("RESTAURANT_ID","PICTURE_URL")VALUES('14778849','https://s3-media4.fl.yelpcdn.com/photo/kj8exR4DHYv63qTjAVkHVw/o.jpg');
INSERT INTO "USER_REVIEW" ("RESTAURANT_ID","REVIEW_DATE","COMMENT","REVIEW_RATING")VALUES('14778849','2015-06-14 10:48:21','Came here a few days ago and had a delicious meal with friends. The spargel, proscuitto and potato plate was delicious. The waiters here were all so nice...','4');
INSERT INTO "PHOTO" ("RESTAURANT_ID","PICTURE_URL")VALUES('14778849','https://s3-media4.fl.yelpcdn.com/photo/xrspX0O4ILNl2at7ImlT1A/o.jpg');
INSERT INTO "USER_REVIEW" ("RESTAURANT_ID","REVIEW_DATE","COMMENT","REVIEW_RATING")VALUES('14778849','2014-08-18 21:15:09','Came here for lunch and was surprised at what I found...in a good way. I was expecting a small restaurant but it turned out to be a nice sit down place with...','4');
INSERT INTO "PHOTO" ("RESTAURANT_ID","PICTURE_URL")VALUES('14778849','https://s3-media3.fl.yelpcdn.com/photo/ZSQcuXvxt2BsPRvD6UoMtQ/o.jpg');
INSERT INTO "LOCATION" ("LOCATION_ID","LOCATION_TYPE","ADDRESS","LONGITUDE","LATITUDE")VALUES('488','R','Eichhorster Weg 913435 BerlinGermany','13.34576','52.59735');
INSERT INTO "RESTAURANT" ("RESTAURANT_ID","PRICERANGE","PHONE_NUMBER","WEBSITE")VALUES('7495887','€€','None','None');
INSERT INTO "CUISINE" ("RESTAURANT_ID","CUISINE_TYPE")VALUES('7495887','Italian');
INSERT INTO "RESTAURANT_RATING" ("RESTAURANT_ID","SCALE","OVERALL_RATING","SOURCE")VALUES('7495887','5','5.0','Yelp');
INSERT INTO "LOCATION" ("LOCATION_ID","LOCATION_TYPE","ADDRESS","LONGITUDE","LATITUDE")VALUES('489','R','Friedrichstr. 21110969 BerlinGermany','13.390327','52.506259');
INSERT INTO "RESTAURANT" ("RESTAURANT_ID","PRICERANGE","PHONE_NUMBER","WEBSITE")VALUES('72382268','€€','None','None');
INSERT INTO "CUISINE" ("RESTAURANT_ID","CUISINE_TYPE")VALUES('72382268','Spanish');
INSERT INTO "CUISINE" ("RESTAURANT_ID","CUISINE_TYPE")VALUES('72382268','Tapas Bars');
INSERT INTO "RESTAURANT_RATING" ("RESTAURANT_ID","SCALE","OVERALL_RATING","SOURCE")VALUES('72382268','5','4.0','Yelp');
INSERT INTO "LOCATION" ("LOCATION_ID","LOCATION_TYPE","ADDRESS","LONGITUDE","LATITUDE")VALUES('491','R','Birkenstr. 4610551 BerlinGermany','13.3414424942','52.5321986693');
INSERT INTO "RESTAURANT" ("RESTAURANT_ID","PRICERANGE","PHONE_NUMBER","WEBSITE")VALUES('51035904','€','None','None');
INSERT INTO "CUISINE" ("RESTAURANT_ID","CUISINE_TYPE")VALUES('51035904','Cafes');
INSERT INTO "CUISINE" ("RESTAURANT_ID","CUISINE_TYPE")VALUES('51035904','Bars');
INSERT INTO "RESTAURANT_RATING" ("RESTAURANT_ID","SCALE","OVERALL_RATING","SOURCE")VALUES('51035904','5','4.5','Yelp');
INSERT INTO "USER_REVIEW" ("RESTAURANT_ID","REVIEW_DATE","COMMENT","REVIEW_RATING")VALUES('51035904','2016-07-25 04:05:27','We were here this morning for breakfast after an early appointment with the German bureaucrats in an office nearby. Since we both left the house without...','3');
INSERT INTO "PHOTO" ("RESTAURANT_ID","PICTURE_URL")VALUES('51035904','https://s3-media1.fl.yelpcdn.com/photo/ToTju2zYCHa7hPAMdeK58w/o.jpg');
INSERT INTO "USER_REVIEW" ("RESTAURANT_ID","REVIEW_DATE","COMMENT","REVIEW_RATING")VALUES('51035904','2016-02-04 15:32:08','One of (yet) not so many hipster cafes/bars in Moabit. They have everything necessary to be one for sure: all different and old chairs, old lamp stoves,...','4');
INSERT INTO "PHOTO" ("RESTAURANT_ID","PICTURE_URL")VALUES('51035904','https://s3-media1.fl.yelpcdn.com/photo/TNJLZcZfEyv_vDAZDoEYNg/o.jpg');
INSERT INTO "USER_REVIEW" ("RESTAURANT_ID","REVIEW_DATE","COMMENT","REVIEW_RATING")VALUES('51035904','2017-05-27 05:00:56','Delicious vegan options. I tried the vegan quiche with salad. The coffee was also great. The staff were accommodating despite my only knowing English.','5');
INSERT INTO "PHOTO" ("RESTAURANT_ID","PICTURE_URL")VALUES('51035904','https://s3-media2.fl.yelpcdn.com/photo/wW8WMkrEhC2sxfm65RKsDA/o.jpg');
INSERT INTO "LOCATION" ("LOCATION_ID","LOCATION_TYPE","ADDRESS","LONGITUDE","LATITUDE")VALUES('492','R','Schöneberger Str. 310963 BerlinGermany','13.3805033','52.5037395');
INSERT INTO "RESTAURANT" ("RESTAURANT_ID","PRICERANGE","PHONE_NUMBER","WEBSITE")VALUES('58002653','€€€','None','None');
INSERT INTO "CUISINE" ("RESTAURANT_ID","CUISINE_TYPE")VALUES('58002653','Breakfast & Brunch');
INSERT INTO "CUISINE" ("RESTAURANT_ID","CUISINE_TYPE")VALUES('58002653','German');
INSERT INTO "CUISINE" ("RESTAURANT_ID","CUISINE_TYPE")VALUES('58002653','Swiss Food');
INSERT INTO "RESTAURANT_RATING" ("RESTAURANT_ID","SCALE","OVERALL_RATING","SOURCE")VALUES('58002653','5','4.0','Yelp');
INSERT INTO "USER_REVIEW" ("RESTAURANT_ID","REVIEW_DATE","COMMENT","REVIEW_RATING")VALUES('58002653','2016-02-14 16:10:03','Very good food, people are so friendly and the price was very normal we had the special menu for valentines appetites, soup, main dish, dessert witch was so...','4');
INSERT INTO "PHOTO" ("RESTAURANT_ID","PICTURE_URL")VALUES('58002653','https://s3-media1.fl.yelpcdn.com/photo/KJbbo0-n-j9RGTYLXI7JzA/o.jpg');
INSERT INTO "RESTAURANT_RATING" ("RESTAURANT_ID","SCALE","OVERALL_RATING","SOURCE")VALUES('58002653','5','3.9','Google Map');
INSERT INTO "USER_REVIEW" ("RESTAURANT_ID","REVIEW_DATE","COMMENT","REVIEW_RATING")VALUES('58002653','2017-07-26','Tasty food and very friendly staff. Had one rösti with mushrooms and spinache and loved the plain but delicious cooking. Not that expensive either. Recommended.','5');
INSERT INTO "USER_REVIEW" ("RESTAURANT_ID","REVIEW_DATE","COMMENT","REVIEW_RATING")VALUES('58002653','2017-07-07','Experienced poor table service one evening.
Food is really superb.  Chefs deserve better!','4');
INSERT INTO "USER_REVIEW" ("RESTAURANT_ID","REVIEW_DATE","COMMENT","REVIEW_RATING")VALUES('58002653','2017-10-18','Perfekter und freundlicher Service. Sehr gute Auswahl an Weinen.

Speisen geschmacklich überzeugend.','4');
INSERT INTO "USER_REVIEW" ("RESTAURANT_ID","REVIEW_DATE","COMMENT","REVIEW_RATING")VALUES('58002653','2018-01-14','Großartiger Brunch und super Service!!','5');
INSERT INTO "USER_REVIEW" ("RESTAURANT_ID","REVIEW_DATE","COMMENT","REVIEW_RATING")VALUES('58002653','2017-01-28','Man muss sich auf derart kühles Ambiente einlassen. Hat man das getan wird man von besonders serviceorientiertem Personal, einer grandiosen Küche und einer auf den zweiten Blick extravaganten Location begeistert. Das ganze zu einem fairen Preis.','5');
INSERT INTO "LOCATION" ("LOCATION_ID","LOCATION_TYPE","ADDRESS","LONGITUDE","LATITUDE")VALUES('494','R','Uhlandstr. 6110719 BerlinGermany','13.32352','52.49456');
INSERT INTO "RESTAURANT" ("RESTAURANT_ID","PRICERANGE","PHONE_NUMBER","WEBSITE")VALUES('8856762','€','None','None');
INSERT INTO "CUISINE" ("RESTAURANT_ID","CUISINE_TYPE")VALUES('8856762','Japanese');
INSERT INTO "CUISINE" ("RESTAURANT_ID","CUISINE_TYPE")VALUES('8856762','Food Stands');
INSERT INTO "CUISINE" ("RESTAURANT_ID","CUISINE_TYPE")VALUES('8856762','International Grocery');
INSERT INTO "RESTAURANT_RATING" ("RESTAURANT_ID","SCALE","OVERALL_RATING","SOURCE")VALUES('8856762','5','4.5','Yelp');
INSERT INTO "USER_REVIEW" ("RESTAURANT_ID","REVIEW_DATE","COMMENT","REVIEW_RATING")VALUES('8856762','2015-04-28 11:28:19','As someone who has lived in Japan for 5 years, I have rather high standards for what counts as good Japanese food. So whenever someone tells me that there...','5');
INSERT INTO "PHOTO" ("RESTAURANT_ID","PICTURE_URL")VALUES('8856762','https://s3-media1.fl.yelpcdn.com/photo/ToTju2zYCHa7hPAMdeK58w/o.jpg');
INSERT INTO "USER_REVIEW" ("RESTAURANT_ID","REVIEW_DATE","COMMENT","REVIEW_RATING")VALUES('8856762','2016-09-24 12:01:13','I went here today and got an ebi bento and some tsukemono on the side.  It was delicious.  Everything tasted perfect.  As somebody else mentioned here, it...','5');
INSERT INTO "USER_REVIEW" ("RESTAURANT_ID","REVIEW_DATE","COMMENT","REVIEW_RATING")VALUES('8856762','2016-03-16 10:16:15','This is really a great little place. I always get the prawn bento box and every part of it is delicious and has been made with such care. They sell Japanese...','5');
INSERT INTO "PHOTO" ("RESTAURANT_ID","PICTURE_URL")VALUES('8856762','https://s3-media2.fl.yelpcdn.com/photo/Zui4c6uM1jBOsoGC5q5EBw/o.jpg');
INSERT INTO "LOCATION" ("LOCATION_ID","LOCATION_TYPE","ADDRESS","LONGITUDE","LATITUDE")VALUES('495','R','Albrechtstr. 810117 BerlinGermany','13.38437','52.52212');
INSERT INTO "RESTAURANT" ("RESTAURANT_ID","PRICERANGE","PHONE_NUMBER","WEBSITE")VALUES('48966425','€€','None','None');
INSERT INTO "CUISINE" ("RESTAURANT_ID","CUISINE_TYPE")VALUES('48966425','German');
INSERT INTO "RESTAURANT_RATING" ("RESTAURANT_ID","SCALE","OVERALL_RATING","SOURCE")VALUES('48966425','5','4.0','Yelp');
INSERT INTO "LOCATION" ("LOCATION_ID","LOCATION_TYPE","ADDRESS","LONGITUDE","LATITUDE")VALUES('497','R','Neue Bahnhofstr. 310245 BerlinGermany','13.46951','52.50505');
INSERT INTO "RESTAURANT" ("RESTAURANT_ID","PRICERANGE","PHONE_NUMBER","WEBSITE")VALUES('3482926','€','None','None');
INSERT INTO "CUISINE" ("RESTAURANT_ID","CUISINE_TYPE")VALUES('3482926','Japanese');
INSERT INTO "RESTAURANT_RATING" ("RESTAURANT_ID","SCALE","OVERALL_RATING","SOURCE")VALUES('3482926','5','4.0','Yelp');
INSERT INTO "USER_REVIEW" ("RESTAURANT_ID","REVIEW_DATE","COMMENT","REVIEW_RATING")VALUES('3482926','2016-09-10 11:03:38','Harapeco just keeps getting better and better. They revamped their interior, finally gave their menu the much needed face lift and I''m happy to see people...','5');
INSERT INTO "PHOTO" ("RESTAURANT_ID","PICTURE_URL")VALUES('3482926','https://s3-media4.fl.yelpcdn.com/photo/WiuTvfX-iQoLeCbD5YA-2w/o.jpg');
INSERT INTO "USER_REVIEW" ("RESTAURANT_ID","REVIEW_DATE","COMMENT","REVIEW_RATING")VALUES('3482926','2016-09-09 10:01:35','I''m really happy that Berlin has a dedicated Okonomiyaki place now, and I hope this store will make it! I suppose the average German who never heard of this...','4');
INSERT INTO "PHOTO" ("RESTAURANT_ID","PICTURE_URL")VALUES('3482926','https://s3-media3.fl.yelpcdn.com/photo/71rCmNgRl-BDvVPYRXFXkg/o.jpg');
INSERT INTO "USER_REVIEW" ("RESTAURANT_ID","REVIEW_DATE","COMMENT","REVIEW_RATING")VALUES('3482926','2016-07-10 12:14:21','Killer good.

Love that this place is really 100% Japanese- the people, the decor, the food the drinks, the menus have real Japanese fonts, wow finally some...','5');
INSERT INTO "PHOTO" ("RESTAURANT_ID","PICTURE_URL")VALUES('3482926','https://s3-media4.fl.yelpcdn.com/photo/_0oOOqx0YusrKhOLreoRiQ/o.jpg');
INSERT INTO "LOCATION" ("LOCATION_ID","LOCATION_TYPE","ADDRESS","LONGITUDE","LATITUDE")VALUES('498','R','Brunowstr. 813507 BerlinGermany','13.2861499','52.58796');
INSERT INTO "RESTAURANT" ("RESTAURANT_ID","PRICERANGE","PHONE_NUMBER","WEBSITE")VALUES('93812752','€€','None','None');
INSERT INTO "CUISINE" ("RESTAURANT_ID","CUISINE_TYPE")VALUES('93812752','Thai');
INSERT INTO "RESTAURANT_RATING" ("RESTAURANT_ID","SCALE","OVERALL_RATING","SOURCE")VALUES('93812752','5','4.5','Yelp');
INSERT INTO "USER_REVIEW" ("RESTAURANT_ID","REVIEW_DATE","COMMENT","REVIEW_RATING")VALUES('93812752','2016-12-28 12:52:04','Amazing Thai food and brilliant, friendly customer service. We arrived without a booking and they were kind enough to fit us in with only a half hour wait....','5');
INSERT INTO "LOCATION" ("LOCATION_ID","LOCATION_TYPE","ADDRESS","LONGITUDE","LATITUDE")VALUES('499','R','Schwedter Str. 26910119 BerlinGermany','13.4121112987','52.532713019');
INSERT INTO "RESTAURANT" ("RESTAURANT_ID","PRICERANGE","PHONE_NUMBER","WEBSITE")VALUES('9755693','€','None','None');
INSERT INTO "CUISINE" ("RESTAURANT_ID","CUISINE_TYPE")VALUES('9755693','Vietnamese');
INSERT INTO "CUISINE" ("RESTAURANT_ID","CUISINE_TYPE")VALUES('9755693','Sushi Bars');
INSERT INTO "RESTAURANT_RATING" ("RESTAURANT_ID","SCALE","OVERALL_RATING","SOURCE")VALUES('9755693','5','4.5','Yelp');
